Date,APA,BKR,COP,CVX,DVN,EOG,FANG,HAL,KMI,MPC,OKE,OXY,PSX,SLB,VLO,WMB,XOM
2019-08-28,0.031965494117129456,0.016439796536550144,0.019026999473465978,0.0086330498123115,0.027178710748123835,0.012140707525042371,0.046118667528231905,0.039861397480390526,0.010977664906547613,0.02206021457480989,0.017710690364352688,0.01794564393186837,0.017456394911313566,0.011839934017686016,0.014642251850433441,0.017888710447081513,0.007292590953717815
2019-08-29,0.018954904918172977,0.011090157759149788,0.006544899875801091,0.005906169953896256,0.02828487098168142,0.02688541366948871,0.02018021295984762,0.02944468746212925,0.0069098487234957595,0.048133397544139145,0.01855313307855133,0.006030968867575481,0.02027672286910631,0.0202400147200108,0.03408467573787366,0.01628773442740017,0.011081720723078448
2019-08-30,-0.021324567649781523,-0.008683557041396672,-0.002103704610159296,0.0017018510845072665,-0.02440119474162583,-0.003893768690819255,-0.005072060950765289,0.016729342147635107,-0.00637216197534507,0.013385456316007183,0.006495525148019654,0.0025366562233155587,0.005197776374708862,0.005269993705576459,0.0005315820481242017,-0.004639251238314213,0.00073071962804927
2019-09-03,-0.0074180513766621825,0.021208220827914515,-0.0026834105283408682,-0.012317457883620597,0.004547529823662799,-0.0008086080099121151,-0.011011234723449448,0.005359051054358188,-0.007399851814568592,0.008737796975418322,-0.009399471709689355,-0.018399531061907726,0.008516775148043498,-0.006576908215650268,-0.009431496151921959,-0.0021186540359818817,0.0011680697611107238
2019-09-04,0.02942554478034487,0.020767669286727353,0.024212385154434912,0.008428580584515455,0.03395234833409244,0.01942542370596878,0.008453510617532967,0.0,0.010436996650319719,0.02054809149512926,0.006089756064635132,0.021087164015314297,0.0022113764142894787,0.03972241633694917,0.002816148612996061,0.006369456783266392,0.01064789917611808
2019-09-05,0.02858463992036886,0.04024742752130828,0.0026266569425228425,0.0033262697987730405,0.028896375209732206,0.0003965800744512027,-0.001738116695608194,0.012793024071307668,0.008854022764703595,0.035925661733309466,-0.0002817593481860836,0.03464883035963795,0.0011036014843908148,0.03274717217402756,0.0268787846154237,0.015612028043320514,0.014143065291761792
2019-09-06,-0.014115515631702436,0.0004249500747335322,0.003555619106694774,0.005270410181406726,-0.00638301848181233,0.011111421461062365,-0.020993108009583983,0.004737043991059897,-0.004875901522115256,-0.00019058255778059419,0.01140532241072556,0.008206029806446136,0.01112227073355987,0.004110296421833137,0.01745049743787641,0.002077283910921768,0.009392566124562851
2019-09-09,0.05816553962434279,0.02762441596632237,0.024986050396267334,0.009555501119226761,0.0548179485509368,0.04657269649003837,0.00983244709624298,0.04505007882937062,0.0,0.021155120052793963,0.025615847724473673,0.006715944560441667,0.012486117707493527,0.059356819709780684,0.015998935801239123,0.023216844382808022,0.007895164052465597
2019-09-10,0.0021140567017270406,-0.0028946956434159343,0.024558782997441186,0.020604443236180492,-0.002841899255372593,0.0012497828829767244,0.03024651837914094,0.004009866613476687,-0.00881910974200184,0.01679731076320734,-0.002035926586356651,0.032466062590187805,0.007732432259297983,0.0339500581106964,0.02897439804209534,0.006888337000094502,0.008113022912380918
2019-09-11,0.012236260563552204,-0.07548746054932876,0.015624690555036125,-0.004677799884753808,0.016693986285860163,0.011610665313144697,-0.007440141977021253,0.0009985444595181914,0.010875060733182007,-0.006791738866152586,0.007344939664938321,-0.003015613469505185,-0.0047590213857651165,-0.003737774563839613,0.012120550905476923,0.004426535441215851,-0.0019424612720655432
2019-09-12,-0.006252953724231958,0.015701942692514015,-0.01485987341551298,0.0011543794563979581,-0.012861851498813914,-0.016660622080118315,-0.02583063783119688,-0.014962791163771305,-0.0014671388694739163,-0.017002297340623196,-0.0017554202328735613,-0.019226359584198494,-0.002732668814314887,-0.011253816410888406,0.012459087592582296,-0.011797968492188393,0.0006950915138723701
2019-09-13,0.020973530785092898,0.0035335728602228222,0.017568853375560467,0.00065882391449823,0.020765490933918107,-0.003639527804442433,0.005822809547527896,0.026329018772116353,0.0024485218329031166,0.0018801213395756022,0.007439700892616807,-0.006828475468278583,0.005675898446162231,0.011653178722571322,0.021863708497239953,0.016878799603757377,0.009169066123220437
2019-09-16,0.16885813636709757,0.04797538027694248,0.09051228345583384,0.021563917255290832,0.12165937095898616,0.07872494851652867,0.08590939430656452,0.10952150007485262,0.009770652138805458,-0.01651343841210129,0.018125345981024887,0.06010235161565536,0.012260134293686331,0.0530407707561964,-0.036712254191852645,0.011741207569037515,0.0150054475009187
2019-09-17,-0.08541307817839627,-0.01805968265912039,-0.020949543766760503,-0.0018531761491292764,-0.051209092233938214,-0.05161125930002897,-0.04369786013625632,-0.06491788629823814,0.0033864283252766914,0.01908021889337408,0.0048794557989857434,-0.05543917157708966,-0.017590992440804976,-0.02900076824371467,0.02330372688971738,0.0004001518783127711,-0.007595475911315264
2019-09-18,-0.022675216321575986,-0.006415476216637961,-0.019764869800025897,0.002340653759014044,-0.006746750074049457,0.001231390821024192,-0.021901062400021543,-0.010461070908426517,-0.0033749991326161854,0.006553275878167009,0.003937208645028001,-0.011739013874004334,0.00772996417152072,-0.0036677752088957183,-0.008421043536392059,-0.006399869133348557,-0.004783114330669025
2019-09-19,0.012976984670843406,-0.0008612043649959267,-0.0006667573176187824,-0.00418763582270576,-0.020377532341462,0.0035661917824321154,-0.009364003208130023,0.005286040117543411,0.0009676592785992089,0.0029761941121515534,-0.01843161220214773,0.02622163658973764,0.0008739788489895428,-0.007099580718280096,-0.0005980894441242057,-0.0012079247168843565,-0.006729129373916232
2019-09-20,0.0015526446921847459,0.016372221988941726,0.014173906382699553,0.005337408124283183,0.0057783988907118555,-0.007474772335712476,-0.005239784149366544,-0.022944481829331842,0.011116325311759212,0.0218839733878744,0.00905619280923542,-0.0019654088050314877,0.0018432819254790012,-0.012182336050452935,-0.008378322887825917,-0.004030440463819618,-0.003456310788565564
2019-09-23,0.014728766044472597,0.013141103338158766,-0.01052290280738899,0.004665449243050901,-0.01072403427235813,-0.010740715943028056,0.015182593121515264,0.008317057588075771,-0.0066919196133224945,0.012341429325047226,-0.012670295195064463,-0.004376605339479256,0.009586141951460014,0.0008045438578079267,0.015569986406863245,-0.004047303803562885,0.0006938617847824791
2019-09-24,-0.030557867504206304,-0.010460239550340589,-0.014622917168126581,-0.00928756780989326,-0.04297318622495594,-0.01959297058457732,-0.03866106133924252,-0.0543428412454211,-0.010106121787335498,-0.005378383808701481,-0.00895594802718469,-0.0006591542327213373,-0.0061384106148014705,-0.04741482551448295,-0.012359903833415675,-0.013002359339384983,-0.01372543149637706
2019-09-25,0.0055161627643958155,0.02706153792047461,0.003035466324184277,-0.0018585331723496301,-0.0004044062691066497,-0.022785392022460993,-0.013229068109900322,-0.0025649688802763526,-0.0029168136953571233,0.08417452074154763,-0.0068788325827162655,-0.003078808054012616,0.01389689749798606,-0.008999233896416103,0.0067388940492265625,0.004528181189371594,0.0029520387506192236
2019-09-26,-0.00979591990436568,-0.014820833511580811,-0.030262225797592857,-0.027123517140272613,-0.012140875399819118,-0.021883484870196757,-0.033461767999803604,-0.008745224156696985,0.0004874998358674887,0.01147140548446468,-0.0019012300421670236,0.0004410523510998132,-0.00475892135071454,-0.019863582314466943,-0.006454923929648859,-0.011065685485095234,-0.005325901923682319
2019-09-27,0.017016205996707834,0.00459657609431896,0.0038139872718383483,-0.012982602236323748,-0.00655485923808119,-0.001465045696942724,-0.0014423619654738706,-0.028022668104491277,0.007310045477814331,0.025969731948778607,-0.0025854816414834225,-0.00463085959791254,-0.008607499319478795,-0.006079861804874853,0.01588066137957589,0.0029011212502827455,0.007186294294360351
2019-09-30,-0.003891029798108736,-0.034941800564503356,-0.015889546692383627,0.0,-0.007834621720487767,-0.010136010918789795,-0.0008892553528990765,0.0064066401075382196,-0.002902702090473608,-0.026754176779587135,0.005320535838855056,-0.01484274442531397,-0.012155163066196573,-0.004661195694240727,0.009474118863337377,-0.00578489337523469,-0.012171273381006431
2019-10-01,-0.051953364787665435,-0.022845026336804186,-0.03211619773450958,-0.021838123829363454,-0.03823826854112744,-0.03556957803806671,-0.054610279836082576,-0.014323292285469913,-0.015526652595901358,-0.0060906872378974075,-0.013298911550464698,-0.015740695284404915,-0.013379025457447291,-0.04301976009059383,-0.000234492500513106,-0.009975084444633353,-0.023509421874347125
2019-10-02,-0.044086955660947,-0.023378614853403645,-0.037715383419920756,-0.032066147318727034,-0.04796889277056693,-0.024867251167575932,-0.02211769880837766,-0.022066849031058378,-0.005914061030710904,-0.01954286367817093,-0.014853690188179836,-0.0189630677835525,-0.02761577716871788,-0.028746329530983217,-0.028396933996951756,-0.01889164386210651,-0.02610615652419601
2019-10-03,0.007327269585607921,0.024841861595803483,0.0111173241211171,0.007658873653194398,0.029051564819950526,0.01489954568221008,0.03332537724836748,0.025866709317001524,0.010411338104381329,0.01351361096259418,0.00502579938212544,0.006055421876433709,0.006413146161624583,0.009131160301966146,0.008936897566901747,0.008129913923650367,0.012360625365398947
2019-10-04,-0.05177556997586963,-0.009696063684699219,-0.0029818192625687967,0.006186342153237101,-0.0030877724352788016,0.001129225836151937,-0.005472012350100308,-0.004828530864654623,0.006869512542320821,0.012333329215447275,0.0005557498064607813,-0.0030096367384205847,0.020127500506652574,-0.0053042634387024945,0.011730999062891323,0.0038201880065311666,0.01456310456677401
2019-10-07,-0.03429621432795249,-0.02536716113664861,0.020560711771106632,-0.005182133765668673,-0.03141594085205612,-0.016356612971536566,-0.02399867801818334,-0.010242437165163376,-0.010721367628673484,-0.005597539720875289,-0.01818683137382815,-0.02066375891974659,0.0049572900732388625,-0.0025094221404426964,-0.013014627080696228,-0.007188475137053785,-0.013774216911099035
2019-10-08,-0.05373814313613012,-0.02374421575872243,-0.012820499036193533,-0.01368552122991129,-0.04476929587256484,-0.014764793365097395,-0.030586897719221295,-0.005991006169386526,-0.014285362318850803,-0.00960279611650483,-0.035633452030510826,-0.03200592268212887,-0.0053276063284567465,-0.0342768117540434,-0.0011991787518612629,-0.024275604197757206,-0.019405979826538244
2019-10-09,0.013827288887322098,0.010757648841891898,0.019294935997128393,0.012801324817461435,0.007651464027114141,-0.0020369626708213184,0.009032630192587598,0.0010956384215483617,0.008495505397546399,0.01237059815718533,0.006011722841983147,0.0002447783948738014,0.018746496100862098,0.0061871700216538095,0.021003727612363354,-0.008293448802485615,0.011094449124587902
2019-10-10,-0.004870893568902468,0.008792582876128163,0.017109815863187716,0.012815893145545765,-0.011390203797941756,0.004665600315249874,0.012139648158142835,0.008757540020221999,0.002973537339422627,0.0226220932727641,0.005247106001908808,0.0046526035949474576,0.03787333451708519,0.005501597421147197,0.008581182280063215,0.0008800831509827578,0.012010660780770177
2019-10-11,0.04845781230732937,0.019724285297720634,0.009842413354922197,0.013613477074049474,0.020643353411710308,0.004933847769712285,0.01332699771097512,0.028214646089126827,-0.0004944253419493227,0.02405944275860472,0.007829489572631854,0.0021934211219527544,-0.0006565108218183902,0.045381304176509873,0.025640822850140577,0.015391308560561923,0.01069611058286668
2019-10-14,0.024276377815991346,0.0040489770129916725,-0.0053161538967688715,0.0002585025830208476,-0.014581465318454057,-0.015306673032950302,0.0038258827046679933,-0.010026238162471723,-0.004448789231452088,-0.004415127464826862,-0.005323104895581965,-0.014834763336814882,0.0011265504933295478,0.002770975043727475,0.006022955565323063,0.0012993558391629634,0.002899422446333233
2019-10-15,0.010939012847194896,-0.0008965226996759945,-0.0032070710526125312,0.0011188193449289674,0.0009544875016578303,0.015544609284696254,0.010481137343660851,-0.0031980819630776924,0.0019861067334268068,0.014412742879110096,0.001590920211077762,0.007158793124505847,0.006094834087481127,0.0073688478896696274,0.010391881185016327,0.0012977879431528283,0.0034691277788128083
2019-10-16,-0.01893620728482781,-0.013901183872618184,-0.016567234232457206,-0.010316979725097042,-0.015259654525106137,-0.011339496580167752,-0.016619729778692194,-0.021390463350032918,-0.0079287503397234,-0.021233726339708547,-0.011552272843603384,-0.011274206790254704,-0.009692809304976957,-0.02621179485222469,-0.004024662492736031,-0.014687054670255884,-0.017141912734411013
2019-10-17,0.016544411647523294,0.0040927482853980734,-0.0014652230899954155,0.0020847260503991105,-0.013075363980652344,-0.020680841857509957,0.0073119479908803076,0.011475419976342494,0.0024975145850865133,0.02249179627630893,0.0032140018972783846,-0.0002481785561985195,0.008940217458151434,-0.0018779610218914167,0.011337241114885988,-0.00043833538019677487,-0.0013194556875426589
2019-10-18,0.01446659212731638,0.0,-0.01063614008213376,-0.005288276003898029,-0.02845922786953603,-0.034895557442791936,-0.024631065849776812,-0.0043220534922771,-0.0024912925456181956,0.01622474146826991,0.007717997214730543,0.00297546533019144,-9.321345120738567e-05,0.013170460765197456,0.01065448707213923,0.004824822760511882,-0.007777984207159583
2019-10-21,0.02613775488718484,0.0018119095172206556,0.03725653602123935,0.016297896833447068,0.02222239439831819,0.04996895137136881,0.009393790647669098,0.06402604276229895,0.006993112012781744,-0.007215353691902071,0.005780439847111296,0.009147098968915524,0.009328591446277734,0.03961591162020528,0.023610887368535227,0.005674260865892178,0.016713479935812625
2019-10-22,0.007905146980644151,0.023055793040118955,0.010364430935433822,0.01020478534536906,0.021244980647584955,0.028229196830195313,0.03565337858607642,0.014788223326271721,0.007936828241515315,0.007885919988695145,0.010488520876045904,0.03429699008114584,0.005267710390403524,0.03661809580751951,0.010299425481726354,0.007378439418595173,0.0050918193519866595
2019-10-23,0.02570795743007781,0.02165277570476154,-0.005128755163942178,0.0015281484004039392,0.030478484323677613,0.03406635865895513,0.017154845739749902,0.015577895988599932,0.003936394153562395,0.010586292081473658,0.008247040541699002,0.01657965190696431,0.0021146399580067587,0.014647094637208147,-0.0033982135535820523,0.010770880779120695,0.009552906129363548
2019-10-24,-0.013168929331481283,-0.03416951288869452,-0.0016004029966836253,-0.003390430910539699,0.007512310450378479,0.0004170686447935168,-0.0028682531408708023,-0.014843906433799181,0.0019610735697350723,0.007287161110223206,0.00535885091510413,-0.01467833522667017,0.014954332519103719,-0.006226918779417834,0.03260534277971927,-0.010229856274428739,-0.009462511643881455
2019-10-25,-0.04993554513910026,0.0022390135628505003,0.003383343134486738,0.009270196284615562,0.0004657154889873283,0.007086213411070075,0.006328445544924177,0.028628619741802863,-0.0009785479316297696,0.025018745605255965,0.0036471708830370098,0.00567502275201992,0.03425830471310465,-0.0005698181708668759,0.02435256588280632,0.0008613087985118728,0.0023158149526034677
2019-10-28,-0.015405374898774249,-0.017426319827274828,-0.011890089438039597,-0.0016011084086797744,-0.019562004992119353,-0.01972932730077248,-0.009833041011883648,-0.008788904723923352,-0.011753100182845366,-0.006322409425899345,-0.005171417970037284,-0.005878195265065056,0.02473331068709661,-0.0019951135204752113,0.00805857219370898,-0.011617780013235546,-0.008808692274926755
2019-10-29,0.014725956863890888,-0.0040927482853980734,0.02532350128699412,-0.002954020585721806,0.016627032473633063,0.010696282320927564,0.015242430195329781,0.00394073192374611,-0.0004954012626660065,0.006510496750339767,0.006181551391322149,0.0011829368262847861,0.01458447590070322,-0.006567360264098654,0.007494946378409972,0.01088365635442079,-0.0029136330220232987
2019-10-30,-0.03129245292602534,-0.01278529839025977,-0.035908013557504614,-0.014983572715190685,-0.053738180705200866,-0.030496848144780375,-0.04026403387604449,-0.04612326154160351,0.004015968361118061,-0.026903794550534266,-0.022759073344935432,-0.022915450625701994,-0.021099570409132684,-0.048577359162501055,-0.01993662153339626,-0.01421188949912,-0.01052021607892506
2019-10-31,0.01404464240222092,-0.01017593442182696,0.002906581573724809,-0.0018906631694971532,0.0014816184060866266,-0.004452808721649881,0.016354827064688715,-0.00977407405748476,-0.001000064170725623,-0.033841802732074155,-0.0022859234134813278,-0.020793159488731505,0.003177307795843465,-0.012386654891090365,-0.0185202653202573,-0.025338653954246504,-0.00221506533324789
2019-11-01,0.09926142151705264,0.023364569999772877,0.03532640580753932,0.0006028681015490811,0.04388563917031352,0.026547531147312453,0.012010033878442794,0.04363652277477259,0.026026359578458003,0.039405574906655305,0.019371588628207537,0.04419765264859832,0.013524948096159228,0.053533070889429046,0.02969651519728944,0.025997392896565108,0.030042729412141478
2019-11-04,0.029819602608025075,0.020548154176857736,0.014872941582268373,0.0461231060395213,0.0661309282446374,0.03569912461692937,0.041133969560995576,0.0487803873786361,0.0029267417356872993,0.02211534959826067,0.02377224310642556,0.04587344846904218,0.00118241771603933,0.05226496229681277,0.013819447997544199,0.019222392133312338,0.0297417607112771
2019-11-05,-0.022838495119963942,0.0125277706217517,0.008792920391912151,0.0030436741832391423,0.018166266154316713,0.004342665044970717,-0.0014386411137389254,-0.0009492572021067014,-0.0019455813537399003,-0.022078418521110144,-0.0011122988887938279,-0.05245241409497259,0.0032056775868796183,0.013244782789010978,-0.0014815870595775715,-0.01628805867717864,0.019812822752250492
2019-11-06,-0.014190365200123956,-0.03004833855190414,-0.015039910643972476,-0.01672960014775393,-0.03916496193079044,-0.03499532815816753,-0.14440885778062118,-0.02137744327561264,-0.015107460057206312,-0.032510580584765525,-0.01503341393826818,-0.05487984931873069,-0.00420435830929522,-0.03158998399718038,-0.00732031078251294,-0.030936721363260977,-0.021890702180548782
2019-11-07,0.019475268314551597,0.014239349039135707,0.033142453609183775,0.016597310509564034,0.027174132380658023,0.046485249209268664,-0.021243542156600514,0.017475515785291273,-0.008411347903913846,0.03064742207489002,-0.013990954397872901,-0.01464290047184802,0.009711166138835825,0.014622887548320751,0.010463588210638086,-0.0049460642504058905,0.021261594750615398
2019-11-08,0.014534866512687206,0.007699459849711765,-0.006382468098056759,-0.007876081713031668,0.010140912404495994,-0.0005349155029080732,-0.0017206267584369828,0.015267304799288395,-0.0004992094738146546,-0.00030208187948466136,0.010176212423797404,0.027414853528695993,0.0010870173900920932,0.007206352615015454,-0.00532553270827163,-0.0018077110103299487,-0.01899101024477612
2019-11-11,-0.023741633853481936,-0.001797698896115918,-0.004225845464549183,-0.0009921974747705287,-0.016586431216700448,-0.011780550100929599,0.017897489108362086,-0.001409731845086415,-0.004493091815128469,-0.00785147303749123,-0.007945424244187427,-0.030423890769810114,-0.010776647313435195,0.0019261129994185833,-0.0017846819515305867,-0.00045256055905651404,-0.006075917439123835
2019-11-12,-0.002096027745662088,-0.005403015086958174,-0.011542848156778973,0.0012415428886158875,-0.007101883323893388,-0.007179868632165576,0.016020071292944138,-0.010353276744940576,0.0065195878401524965,-0.012326720967569704,0.004004318531868112,-0.011317178476838552,-0.002618164898709141,-0.0054928049534679335,-0.001986305001890676,-0.001811495179013467,-0.013790053274751135
2019-11-13,-0.021008676182266872,-0.02037132169096234,-0.011506124737388546,0.010912833974997094,-0.033527047175730185,-0.009277883810002496,-0.012818709987788224,-0.019495754479197824,0.013951011766860644,-0.010015231062027397,0.0065528029335089055,-0.00832428868392543,0.0027941038636729587,-0.03258766001068247,-0.0022890949439594577,0.0,-0.008216716709186667
2019-11-14,0.005579243977190895,0.011552862967448396,-0.0053857394143286275,-0.0026170999891320657,0.010175902852925356,-0.003580887982520098,-0.006925415972205529,-0.014064084533360277,-0.00638830493472009,0.003112515220132339,-0.007075959058216896,-0.009443787645303181,0.008528399829503375,-0.009135327214460087,0.005685847376407427,-0.004083524529550631,-0.004360636293909037
2019-11-15,0.020486583395016966,0.03654662653590757,0.01746740334265584,-0.0010764036102801633,0.03296672018304503,0.01561850472494486,0.010486437763072898,0.007378251146644699,0.010880528269635814,0.003723822096235452,0.01610608168332739,0.03151476862777747,-0.0015184976839122122,0.018726707075804372,-0.0020829217441430403,0.018678680735664477,0.010072999581645758
2019-11-18,-0.03889572174219813,-0.022918098644989726,-0.026609544087399573,-0.017324271514739586,-0.026595431413490744,-0.03021206026860701,-0.01764175628068887,-0.015624920281561261,-0.014677492689033844,-0.002318509429990123,-0.007013757800316878,0.008986063823683388,0.0024502359316287414,-0.018947997555501916,0.004472592538517839,-0.002683308362231962,-0.009683495435785505
2019-11-19,-0.026544688846874775,-0.007216538730994482,0.008289171516145943,-0.017714156974502404,-0.02140258370074255,-0.012068471253800839,-0.020335500651729732,-0.012896940766609966,-0.006454498455061075,-0.03374481337150692,-0.014550053439261412,-0.02951658282141234,-0.010366584062080242,-0.010954103526753967,-0.025359318229731587,-0.007174863594968439,-0.010216223143556746
2019-11-20,0.022351656514393303,0.018628060375003086,0.038306923853425934,0.0076428148659917206,0.021405172728448774,0.023579485992164972,0.014826812057724403,0.031658216533935635,0.0024985943297071156,-0.0008083050884177823,0.014764883280010022,0.008913958857192483,-0.011582508612186793,0.05333711599051005,-0.004404910992490962,0.010839886217742567,0.0030964939125737168
2019-11-21,0.01530357338958055,0.007582285306009684,0.014319380964977313,0.01218672629800266,0.037357806961205275,0.017485146479667923,0.0037191036139918587,0.029225709038625425,0.004985224897039453,0.023300954646876315,0.00889961532412964,0.016632390728241075,0.01990377088650197,0.013281495608900462,0.012552930134715368,0.018320167782898578,0.024107371870687233
2019-11-22,0.008182545014813636,-0.007525226888746794,-0.005148537558414601,-0.0011785781470314838,0.0,-0.0045004271264615925,-0.00317602880107537,-0.006625519872335728,-0.009920851812249554,-0.013915467026996309,0.002940204804124269,0.011758703699423112,-0.014699748666624823,-0.00027260473858636836,-0.009145722835413261,0.013602418111703596,-0.004306109298563121
2019-11-25,0.00598022815216992,0.005351895622288216,0.01919849440992616,-0.002107408092799523,-0.0013172346836023419,0.007260879549406907,0.02389459478609335,0.016674690258585034,0.0,0.001122820138598879,0.005026022697368626,0.008842705480573532,-0.010374853823032937,0.012837809881768303,-0.0016410015271994816,-0.0004331282522339608,-0.006631063142362947
2019-11-26,-0.028025704865212386,0.0031059027054383126,-0.015397403873194215,-0.004984031412003431,-0.02110865692459163,-0.021898455386773485,-0.0003886844543985468,-0.023898872835371177,-0.013026043626815142,-0.01217402891717545,-0.0025003619787382636,-0.03405982311943756,-0.009443894146639153,-0.018608555729677567,0.0009248155347065801,-0.009527682080598399,-0.00246736142140791
2019-11-27,0.014417192650259425,-0.0026539160649395876,0.0038266736153944603,0.0023772894636620023,0.011231108320078897,0.00611848703156781,0.018417656819299077,0.02784448406122464,0.0015231191296747326,-0.0032427335562603687,-0.0052918007329146866,0.004666972342581621,0.003148915120587459,0.01044255793609028,-0.0034893917031485477,-0.006996339656234252,-0.0005815868525470558
2019-11-29,-0.040482126352807346,-0.005764591146327325,-0.006629368439339589,-0.007961637614762096,-0.027543369790593797,-0.020041600951851146,-0.015027938757883552,-0.01961701773746871,-0.006082212506259732,-0.013502702970281333,-0.005319787413661126,-0.004645292889144836,0.0002616076315304916,-0.015501679725795525,-0.016580854570931503,0.0004406266829699579,-0.00829692558450712
2019-12-02,-0.12298038927353472,-0.012489183379555624,0.007173966998650139,-0.0028172494380944713,-0.0027410481884303506,-0.0015514667462595,0.006981942899139559,0.014292399048452475,-0.01070889869524494,0.003792703011581633,-0.003237203589699811,0.0028522309262080103,-0.0033997488110272256,0.004419910098180546,0.0011520477200268608,-0.007482541668589304,0.004256444017026739
2019-12-03,-0.059365598968043165,-0.03703675033582743,-0.024515681343594053,-0.007791195162370701,-0.01923946421132605,-0.028393494797875674,-0.01245474405707847,-0.023484973892689998,-0.012886373404373042,-0.01379968654587127,-0.008896011475645338,-0.017062820538082613,-0.01381949676005867,-0.024261192043676605,-0.017887039298662644,-0.015520869423750194,-0.007892650455809669
2019-12-04,0.017410208550364903,0.03986810169224486,0.029546867020630252,0.009060330125000737,0.0457728712639085,0.0475426744950469,0.04745770699444485,0.04172682480320722,0.007832627637248013,0.0,0.009118304083499451,0.011309731177705284,-0.0015965649207934085,0.03429569238802643,-0.0072426525619845306,-0.0031531498805493774,0.01134382601705175
2019-12-05,-0.00641705969551587,-0.0013529335187681957,-0.013030112339683209,-0.005216395990003453,-0.014292046760560395,-0.020263717408332993,-0.007696263059176145,-0.002328366285939687,0.019689363151732975,-0.0029984312606959884,0.0021180929638335844,-0.012223866614927137,-0.00026635716643486074,-0.009394779420720756,-0.0023598191555136427,0.0027112576951091594,-0.003495817435935189
2019-12-06,0.07588826277918748,0.0031617065350502127,0.03559524674035952,0.014441697812230814,0.0484818713628441,0.04774031255546918,0.04115611267618591,0.04248312314355074,0.003556959439307228,0.005847834560614329,0.008593490821558136,0.027119615645206485,0.009063344197040246,0.029009554264506354,0.00666704884627678,0.009012883520307158,0.016079349863803438
2019-12-09,0.0320157375772574,0.0018009364375617398,-0.002259056675973592,-0.006016299957288251,0.00043248042106602824,0.0074365227111889975,0.006608052373338502,0.010747855072595458,0.009620191471836348,-0.029402060513886497,0.008520932262657821,-0.023024744287249543,-0.014089457197451583,0.00731911725315193,-0.011644290650420275,0.02277811089016213,0.0021581218881030484
2019-12-10,0.014542276332972559,0.004045438729319395,-0.0011324391558369395,0.005029832822955438,0.011662818935997965,0.00442896366848311,-0.0038195299649089742,0.009747707354031299,0.009026882757797061,0.00410767630220743,0.004154985339943407,0.006159786342332607,-0.000267897485987989,0.004843777727179699,0.0221575629919728,0.0017468681924770468,-0.008613381078105609
2019-12-11,0.016722387056754773,0.015218771307947021,-0.0012952005332059757,-0.014080893677029471,0.0,-0.0022711239541625128,0.004433602861835251,0.025888585584538104,0.003976118668061801,-0.026589361590765304,0.001241549771654471,-0.0007985120792497469,0.0025014922839825537,0.02838829098416884,-0.017764766034916946,0.010898008431025064,-0.0014480484065512167
2019-12-12,0.035713928762891145,0.04761923473549046,0.014753577401867446,0.022197285514109266,0.028289596446823717,0.0273200577467001,0.029106224398657288,0.03934994985286289,-0.002475302015966352,0.03309399149162484,0.0044082107514333835,0.018913259105603597,0.01354625496798123,0.017447420767263244,0.017655272865106264,-0.007014553799287726,0.020011539455686345
2019-12-13,-0.03130665204246863,-0.005050353015944253,0.0017572744241596272,-0.007154229082322883,-0.02125850481443259,-0.015904255674790257,-0.013677802278705187,-0.012757227959120598,0.002481444340143968,-0.006610199779097492,0.003565845396231726,-0.014117802511576683,-0.006506784506158603,-0.0017918106878563878,-0.0076164100643288934,0.0026487575579576816,-0.015780474227732433
2019-12-16,0.03372369390048324,0.01311316374770577,0.0019140228405021276,0.011868447211779376,0.015758128679065342,0.03205733577885117,0.030555531242614897,0.015006133066493677,0.018812044523808025,0.03651252166805685,0.003006930541229025,0.016176209490253335,0.01017773145702483,0.010256904727522942,0.014177577970036825,0.004843897927085061,0.01112224480894941
2019-12-17,0.018124103142105108,0.01753667527444147,0.0111429922008639,-0.006367362695987144,0.013417010704011467,0.011551520334988963,-0.012315967680748274,0.013963264232504269,-0.0034015442853781996,0.0075721300763094135,-0.0004088579666232661,0.0,-0.009724901850568068,0.0015222125255340835,0.005675811266047104,0.005258522210092265,-0.004571222502174899
2019-12-18,0.012016136576262992,0.014772002489724434,-0.0050378642415288555,-0.00042153641467979064,0.021928179987451335,0.02258612082397038,0.005426689530207529,-0.0060753433828935055,0.010238913938356076,-0.004901223013970557,0.007224474044580154,0.009133567791042019,8.880692835289139e-05,0.004055138750054255,-0.012228306795202482,0.006102850603000309,0.002726892540748427
2019-12-19,-0.0013194616564601302,0.009704891032964458,-0.00015825921014822608,-0.0035428141044461237,0.016598960968420062,0.008189716564591887,0.004593565473246519,-0.002445114629312961,0.005791809978482387,0.003612040041808262,0.001218034296890158,0.000775470434426051,-0.0020346985347540203,-0.00025238733734744834,0.000846597921659642,0.018197728219841558,-0.006870067462274365
2019-12-20,-0.0039627181293308,0.004805897210630405,0.008387529044393327,0.013121181708012797,0.014336913769053217,0.01735402734671565,0.006172764531037878,0.00040832697893566916,0.006237896295353984,0.007851655550103365,0.01635616529171191,0.008010437409934124,0.004786438938961135,-0.004544457205431063,0.0071887405917867575,0.012765900479982717,0.007926056860063202
2019-12-23,0.17285578591608353,0.016739596610658936,0.013810337312895937,0.005431206374880926,0.029838867797381985,0.008710211831279624,0.011474766592162178,0.01633346204364594,0.01096804751453817,-0.015419136963320756,0.010639250125406896,0.017944251737766814,-0.005999023768894718,0.03449155434506457,-0.0003147599690513925,0.0058823270226302515,0.005004291104091063
2019-12-24,-0.013569643856655045,-0.001175974117820111,0.0010835054558213653,8.304407025305771e-05,0.01181883673967743,0.005157292754084164,0.012916822586788612,-0.0012052358615628478,-0.003301865970474882,0.00511034066611149,-0.005131897367340432,0.004532878508529237,0.004704271198400667,-0.0034319626139982518,-0.0014699308026570046,-0.004176978825326527,-0.0038411907954781777
2019-12-26,0.0038212026123582987,0.0031398024623907617,0.0051029406100688846,0.002160499531201898,-0.006782112591120271,-0.0019092063978914942,0.012530554202974331,-0.012872114536003232,0.003312804406611969,-0.008200936606697407,0.0070104146759819574,0.006517981374960069,-0.01007096879625946,-0.014268429065406374,-0.007150397013171328,-0.00125849637316644,0.0015709340416230066
2019-12-27,-0.00571011410323341,-0.0027387504399711826,-0.0003075291915567435,-0.0024876993875380116,-0.02389998717515429,-0.006097136641355805,-0.005913957036483231,-0.005705062279852791,-0.005660540803189451,-0.0014883838885522138,-0.005516757044739529,0.00024882164353212666,-0.013028626542653354,-0.0017468708074627193,-0.012921299766047167,-0.009239887439584815,-0.0034219699148451133
2019-12-30,-0.02373651633545426,0.005492364290434315,-0.005694141100466732,-0.0037405570231756613,-0.007772795154981749,-0.009020812290744917,0.003305393817642388,0.006557482020299599,-0.002371835183189841,-0.011758837718438109,-0.0038304541317986107,0.013446157644136036,-0.00207931680621698,0.010000145148090223,-0.0034332480353773676,-0.01653269933897239,-0.005866704604964412
2019-12-31,0.003529416149015363,0.0,0.006500551888987349,0.005506965244668205,0.017234731133364045,0.016628348989090602,0.019654714938811102,-0.0036646412597642897,0.0066573826799243285,0.009720145609587227,0.003314842587872846,0.012531068529365141,0.009422619022865453,-0.00495051092009835,0.00829030937319808,0.02241416578244504,0.004317960351631678
2020-01-02,-0.008988044381950555,-0.0007803120980918177,0.006612298612605816,0.007634341516251197,-0.0069312740674213336,0.004536873856818557,-0.002261186564199491,0.008581810241554688,-0.006140725638363764,0.027551857184017425,0.0005285881542371751,0.03324409056734812,0.007091072401106624,-0.0007465710226234323,0.015803669682139754,-0.00969652917579733,0.01605064024186964
2020-01-03,0.01301281492513695,0.0011713821908327926,0.0036663457717864834,-0.003458787383579298,0.012020162454235539,0.010102064831914781,0.018996177978036766,0.0032414560819031824,0.007604379631467095,-0.059440895790831005,0.011491206298809509,0.024189812108460274,-0.03306605340351709,0.009708894379445665,-0.037948413196786546,0.004257112176107691,-0.008039764318129028
2020-01-06,-0.001946167511147956,-0.004680135763418747,0.01187213349809424,-0.003388299399099015,0.011877088759951304,0.04059318007539359,0.005190285396277083,0.0254443287972963,0.0037732955897566978,-0.00017171102081925405,0.0043091674477993,0.03302035370458012,-0.00626794304578937,0.006410211942422084,0.00010947121620241695,0.013141104589578179,0.007678304790307289
2020-01-07,0.2679404797717757,-0.01684947055342967,0.0,-0.012769504662024977,0.0030293674445696084,0.009611012858603551,0.016016787344364847,-0.02835756908992504,0.0023498083113764334,0.015801965050286748,-0.0007800604471936978,0.004883165599379513,0.003061048641926911,-0.005144434202500547,0.013110579650934095,0.0,-0.008184194875766604
2020-01-08,0.006767458793715431,-0.012754247264159413,-0.02316492341935361,-0.011422816727134966,-0.03548543060556564,-0.021839157047275903,-0.032047445717420686,-0.02513161861017954,-0.007969681983311938,-0.010483529944429137,-0.015614926140891883,-0.006405781372155195,-0.037359192785887396,-0.029549359916550832,0.0038823923412316663,-0.015481105362825986,-0.015080309091661803
2020-01-09,-0.00397205637806497,0.010900509304843764,0.017400612441625274,-0.0016143133051321756,0.011742167658053138,0.010419003356377132,0.008786186308049393,0.005821029607903094,0.018430881765933993,0.014866737464819257,-0.0005286498456347211,0.00867064113258964,0.014601493303826985,0.011418629361043653,0.022451210493139806,0.005949711142181124,0.007655566279980874
2020-01-10,-0.006748427637598531,-0.007188828815181125,-0.009837943485323963,-0.009105671826535766,-0.02901364385733407,-0.02243616976884666,-0.020074684678460852,-0.00454722861438972,-0.0018564631220187033,0.01397521318453765,-0.0010583278373279548,0.01168142218320889,-0.007100594399163107,-0.0007527149783894682,0.017965865095313838,-0.007181829644969717,-0.008887577702647476
2020-01-13,-0.011426702718528858,-0.018101378418596936,-0.0044328087369237545,0.0018897653319864816,0.01035857299295495,-0.008693463327446471,-0.01929282565031898,-0.013704449158143506,0.0018599159874594928,-0.009963211533105198,0.009400322247139936,0.014596783725868256,0.00409994187522944,-0.015064294153587676,-0.006605396029780275,0.011914840447983854,0.009545943258541412
2020-01-14,0.04935960041672849,-0.01597695591752024,0.00015327129473918788,-0.0030860073327265702,0.03430564664421021,0.009471264213403385,0.008620314991325317,0.00800022025206859,-0.004176829793892001,0.0036898813965580146,-0.0035413145484233244,0.014387235922223462,0.01025666051373797,0.007647348991496994,-0.008831333400330044,0.002523230626219064,-0.008596032437235612
2020-01-15,-0.0014890561178678707,-0.02914245937317783,-0.0021490470572880227,-0.0014618143735445344,0.0003814848627008427,0.004749244184582002,0.0005479773422902845,-0.015455461378293234,-0.002329705645393476,-0.028576162616928857,-0.0007895567872637788,0.00042322253012061495,-0.014006590641581607,-0.030356565650973777,-0.03291363432743988,-0.00125849637316644,-0.0015897719667584687
2020-01-16,-0.013118458883640494,0.008147563330115126,0.001076912400940877,0.0065441974259183855,0.007622027337931936,0.006570091979159143,-0.006242606874001688,0.01018269093609847,-0.0018681429697925411,-0.010321826511385468,0.01146069464128896,-0.01248420170470721,-0.01048719814690624,0.01174024692036979,-0.003035354401612289,0.009659877189982957,-0.003907684206907458
2020-01-17,-0.012990702489931394,0.004253867797584077,0.0,-0.011206997988444822,-0.022314559160978242,-0.01965064630011526,-0.013224306301465538,0.006299520754249555,-0.00046761353193613964,-0.01112451748966281,0.005079631925051453,-0.017998594868268047,-0.0046248250441001115,-0.010572481145494361,-0.008262290075843448,-0.007487711000125685,-0.0037781599881248074
2020-01-21,-0.02097459968934212,-0.037272568103383974,-0.015982895982946776,-0.01964009257898769,-0.033268989256509784,-0.014886789489575891,-0.013625111096274845,-0.007929741497794573,-0.02013134880906675,-0.012480198874493809,-0.016327529481814262,-0.03294783619047126,-0.009389016592941668,-0.037008170961659315,-0.010633892951992463,-0.03562443624731959,-0.01429400912929868
2020-01-22,-0.027410369546008284,-0.00219987097548624,-0.015929930961477767,-0.0036181907020403914,-0.027610802732684347,-0.011304269862595695,-0.03260881908528768,0.006731100339986806,0.0014334074365331961,-0.00373817425671108,-0.004083936477600081,-0.02324011642523105,-0.0046903512162134176,-0.007306808479366711,-0.006980475752441095,-0.016080129421641165,-0.00577077043722285
2020-01-23,-0.019436303273653754,0.012345813352355961,0.0020631881917363426,0.0017712739882713713,0.004114883370076594,-0.015164383459669306,-0.008661016395610899,-0.014625687495417705,0.03816789690478983,-0.011434664558067964,0.00912703763063294,-0.017787206663899546,0.0021598707976240306,-0.0068160879912816386,-0.001227394943071003,-0.008833885540254771,-0.006251130073777755
2020-01-24,-0.00958062396853876,-0.004355568365692952,-0.008235530148844261,-0.011052156930406731,-0.018442671609169348,-0.024196592748024992,-0.0219597725601266,-0.020356281835146817,-0.009191247561721516,-0.01518148329441471,-0.006834699431542912,-0.007055428807628661,-0.017241237746235982,-0.018117044041233266,-0.002793042387550737,-0.01114047367727955,-0.0067396660481574555
2020-01-27,-0.03769180187413124,-0.03543281151678335,-0.02523166717401326,-0.013053372805485575,-0.055532424504985634,-0.0402003690260373,-0.04188806992459104,-0.06277062545483758,-0.012523112623552324,-0.032850088426782054,-0.01122355672589459,-0.023211561154104943,-0.03389209801372428,-0.05060109368761112,-0.04716562800413249,-0.02613802353311545,-0.023823737967953007
2020-01-28,-0.004159374621324097,-0.006803034104502781,0.0022938733504780373,0.006612915624815585,0.0044212050530205715,0.00535003043162896,-0.003149896028346033,0.019861250242961592,0.007984522205043865,0.004364480132897031,0.014189285062736978,-0.0009701057459251539,-0.0023724989028028887,0.0,0.010581790928315238,0.0013883644779022486,-0.001390135682960425
2020-01-29,-0.02227624598856337,-0.0191777185616534,-0.011278363460368923,-0.00674914193433962,-0.023327465355084454,-0.024789362798082637,-0.019590588264234765,-0.0203803725028483,-0.012581210507892515,0.012469212864620882,-0.0014658029980368914,-0.01771796095329181,-0.009204835082188056,-0.0067727228372381765,0.005933909540559279,-0.022181356065409163,-0.008352663674489724
2020-01-30,0.0032037721717603773,0.04050242065580889,0.006612688408924594,0.009332298505777326,0.013519616190147188,0.009049750360393904,-0.013922805071703848,0.014794205552109752,0.010854374384202448,0.014181690318155526,0.0070719311058189405,0.0029646468031820916,0.006367470376446915,0.009190782047991286,0.02000924277850724,0.005198274641721623,0.010606861817206159
2020-01-31,-0.02625976384004458,-0.023003578902510813,-0.02397786690335435,-0.03824059797728363,-0.03423741364010924,-0.03838017709291408,-0.02732390833540832,-0.006378038328004987,-0.014171333966224609,0.0027597969882446893,-0.007950081180569835,-0.02143350846832237,-0.052276797223512195,-0.015569994849690127,-0.04399588196768378,-0.027267961936681573,-0.041210208868845855
2020-02-03,0.004373349008994332,-0.006925527504007545,-0.004206646419644744,-0.008027137337476398,-0.02486217016404979,-0.02112185619932372,-0.017742129661514228,-0.014213594453995948,-0.0028750228417069312,-0.04477044157133814,-0.005743225018234099,0.009063153383427558,-0.02626675108871024,-0.0014921635425103608,-0.04815554419493573,0.020782761105399672,-0.02237605844592072
2020-02-04,0.021045066053928307,-0.009297976581234546,-0.045454612581001475,0.005363324051639973,0.03210593267527995,0.03152569412974393,0.0019159905962167212,0.007906902188821618,0.009130478225113148,0.025547246287283665,0.0063138017325437,0.010478971952779359,-0.002809915890935155,0.01823097241151661,0.012336536227171457,0.01704550699036389,-0.012514383278215746
2020-02-05,0.027007857919445932,0.02534056371859439,0.04053836506918618,0.032100931063972826,0.07090582738399287,0.046590773139243424,0.05708818049119002,0.041993316481633514,0.013809797496747711,0.04026984662172772,0.015485539355284184,0.0400001375026211,0.04418403834098372,0.029351035338839537,0.031265004562847976,0.007914303749257945,0.04602295991325467
2020-02-06,0.0013840073422157761,0.017390972379849323,-0.006294748461996846,-0.007163648124191457,-0.011960795510858713,-0.015314835244011116,-0.015116139211172608,-0.01417149030496967,0.0018786953865739253,-0.001440555956082279,-0.0028922971488515303,0.0,-0.02612282388786069,-0.01596778807860655,-0.006087014212280417,-0.009699664187698742,-0.013549988243093614
2020-02-07,-0.028680206806772857,0.009896479334818187,-0.0071903951396483645,-0.0050232713830227205,-0.0069175609160279095,-0.02003443202188815,-0.02610506010737046,-0.02066510132698407,-0.009845209914927322,-0.013883885568473864,-0.006460214859817737,-0.005460540068316644,0.00121921115799406,-0.0026081550934408115,0.009246835382147989,-0.017724364939577852,-0.006625617075291856
2020-02-10,-0.004980242773855448,-0.013363044694260418,-0.0020696483255641107,0.0078026878998220806,-0.01871968546938929,-0.008742254109020298,-0.03017275625926441,-0.018348325972878277,0.009469351113627011,0.0069486509185350265,0.0027868761931626462,-0.033182318904042885,-0.0007748867328787323,-0.002033747175927858,0.003927024125619516,0.01756929095238391,-0.010561157685949563
2020-02-11,0.007150529175282916,-0.0004512972493381229,0.014515570957481128,0.012933760951843176,0.007098513123146466,0.014789671492146939,0.00708346271881144,0.015420401522577842,0.006566510068011677,0.030687869131960976,0.0048960530978316985,0.01654312785337475,0.00011065761020900844,0.012998743252425227,0.010192549377579185,0.0018664711799873945,0.009506429969992292
2020-02-12,0.011004451947383309,0.0009033091645491709,0.01788425524102366,0.00746315767452721,0.02466932665724797,0.007888673178442884,0.02537572001018895,0.028531843768933918,0.016309569631928866,0.038230982383533174,0.0061889341942686915,0.03206249894964741,0.009637863573931593,0.022163812036026576,0.009497200610100842,0.0037263010086254766,0.012225293059533682
2020-02-13,-0.019662953902155444,-0.0036102826003813204,-0.008762914950692258,-0.0033915468375307345,0.0017194104506288443,0.003979956518793681,0.0025554697952112626,-0.007158662458555121,0.005960537465506732,0.009672612350657195,-0.002486424766993678,-0.01059086052007674,-0.008777642935303476,-0.010841614511806541,-0.01575780496089685,0.0032480579061788806,-0.005549344854189009
2020-02-14,-0.020057099205627704,-0.004528717328128651,-0.003400254289579352,-0.002627489844016506,-0.020600703670688003,-0.010042398325411317,0.005768938839110227,-0.003154429943471926,0.0027345559901241767,-0.01966372352943757,0.009971255700215176,-0.010466090400977568,0.00033543411326264483,-0.007211078601213727,-0.012663811609685216,-0.0037002614136685263,-0.004595316124924476
2020-02-18,0.027412054482717885,-0.04868083747746943,-0.00545885360208842,0.001453408248324184,-0.028921776494386764,-0.0052054584033437434,-0.005468951425355972,-0.011754254483258286,0.00045473769922832474,-0.022164595880656,-0.0005198211772691197,-0.000961609158916521,-0.01643009763965364,-0.022370551842875286,-0.0014523441731579823,-0.0023211902090201075,-0.01269575148320734
2020-02-19,0.012806931922836995,-0.004782334198827898,0.016466531435801013,0.004535481423594501,0.025270778472479494,0.036897537164617855,0.06343909968293593,0.01921318585767362,0.0068150583285302435,0.02160450170056949,-0.00246960032376764,0.02285822062226117,0.004090964147626774,0.019019428801768656,0.008604014314278485,0.002792108998229681,0.007681850923591194
2020-02-20,0.0038638603776746105,-0.00720808115487892,-0.006412384726486753,-0.008397696492769224,-0.02508797580719402,-0.016691953596757902,-0.010216225957760172,-0.01481162997861274,0.0036101910054082698,0.04454840749683808,0.010032669847464648,0.010821584337269874,0.020710903949774373,-0.013415033436829704,0.011294094046549796,0.02320150093302975,-0.007954832290561153
2020-02-21,-0.006298237563496789,-0.006292615508070476,-0.007472625442889069,-0.007285461467758769,-0.053273513072088496,-0.02342427357023258,-0.026503462216134643,-0.03143499668582683,-0.004496302266981056,-0.018752078302408215,-0.0059338183979466,-0.019781563454440043,-0.01042271937705963,-0.01300597041216045,-0.01508855418902233,-0.02403605811134646,-0.012195240698704146
2020-02-24,-0.058098624119766296,-0.05114451704892686,-0.03524991403667288,-0.03944598804411892,-0.08535990926462289,-0.057943631802797047,-0.06963321418194213,-0.06726252841380287,-0.016711860201054418,-0.05513293840592326,-0.02582418531263231,-0.06267806952675692,-0.03013999903704656,-0.07367487501755521,-0.05790120057567261,-0.052044753657652376,-0.046845623017676474
2020-02-25,-0.046728900577332366,-0.04414751086699009,-0.04522878412555731,-0.03820067160721441,-0.07299266886947697,-0.04176832529728358,-0.05514918289396209,-0.04135139188127113,-0.033073086001472185,-0.04922125679830147,-0.01944828848421576,-0.08333332442833952,-0.04332255356095971,-0.05140647269779508,-0.046862982248037865,-0.056372571149138406,-0.03832514877620141
2020-02-26,-0.04196065085592249,-0.04618713993618129,-0.04941481408172044,-0.026511743235637764,-0.05961748450094728,-0.05657522014362004,-0.05985722183475062,-0.03208854759508162,-0.025178085464637068,-0.01600142634190216,-0.004347212098294584,-0.054434853992815335,-0.02994808589670539,-0.03271998885778249,-0.03653944440709167,-0.0015582253956167857,-0.021955837519732624
2020-02-27,0.02619724321391237,-0.06137392310077039,-0.07895264966609583,-0.039881604038978336,-0.062798909918371,-0.05063297896605512,-0.05796654704259718,-0.054890961296543805,-0.04873300107545164,-0.08303029635390613,-0.078319271382706,-0.07042683718036469,-0.07556309282354168,-0.054263630206372704,-0.0771053923010121,-0.01664938898565327,-0.06017733823601268
2020-02-28,-0.0059832332261732235,-0.03479292454372751,0.027371219653912426,-0.008392621699310543,0.036375161867803874,0.05433311471677915,0.042367317535133564,-0.024727307789506825,-0.017930068706338953,-0.010640731253779512,-0.012287137366143397,0.029236322073812993,0.008079649538200728,0.009314677469115962,0.0009064240989626882,0.007936330664889635,0.03251707379603408
2020-03-02,0.024076810957362804,0.06712236791463488,0.01672845185997307,0.03481882677315684,0.004310215386392979,-0.0063227373375962515,0.00835713107362901,0.015330501978843447,0.05581630452061104,0.006537365477752077,0.036121064307758965,0.006413999503765755,0.0033395273447802687,0.025840011996167922,0.02445283673666787,0.028871409970041118,0.04743367655554298
2020-03-03,-0.020768169773035305,-0.037274270303081725,-0.02254724866530511,-0.022776712472296845,-0.031882305187001525,-0.006840811444609796,-0.006115218499536668,-0.06396720245029197,-0.019268875334272795,-0.05363506556238695,-0.012729279081135969,0.0012139859788877772,-0.02995636580335803,-0.035264822106844895,-0.0505376406808985,-0.03163244993909542,-0.047884100136043606
2020-03-04,0.00560229601323492,0.04537223771840493,0.027223591615266773,0.043860318498825324,0.029765710933798317,0.026429621613760945,-0.011172287077020893,-0.03510971375530658,0.01914360870045928,0.015718610429680924,0.035311134755933615,-0.0018188669173965222,0.024293417819602148,0.010070871282992222,-0.0045003922882144165,0.023182122867354993,0.021832277977629655
2020-03-05,-0.03143629513769075,-0.018519016501006846,-0.03499886565558186,-0.013599441747280783,-0.01906543763917934,-0.03448827945261779,-0.046831520484380995,-0.04223543802294605,-0.026198922221779886,-0.10178748818511996,-0.027879877716863843,-0.044032651160937464,-0.03550839308063092,-0.04615964567677755,-0.03819175076286585,-0.04428398373987119,-0.0440669119813335
2020-03-06,-0.14954829664668623,-0.05188630954417539,-0.04968531769631612,-0.019240984169763165,-0.16175535384405437,-0.1061903068933241,-0.16577870614082313,-0.1132970723747736,-0.018781617514890714,-0.049987676200983544,-0.10889497975453244,-0.14675986689243037,-0.03723259459284756,-0.07665482280683211,0.022528299994557743,-0.05980612374176841,-0.048294020385355685
2020-03-09,-0.538647357929271,-0.22263720787005437,-0.24840074867488626,-0.15369285458760673,-0.3739714100420177,-0.320072347858368,-0.44645837385752274,-0.37643454985628255,-0.1670978137808543,-0.1361432819032088,-0.37755289927009417,-0.5201380418157366,-0.10404053550127834,-0.27421381564561165,-0.07433837231039375,-0.1409742754809017,-0.12224769035819738
2020-03-10,0.12984328607969742,0.10080050585942657,0.023774690730625103,0.05342793920662392,0.07646356194683768,0.10638300186439587,0.10416680436371117,0.06257671781919405,-0.003726641969820421,0.020698011622562573,-0.0018372322241310135,0.14628293339318876,0.02045432687163684,0.05083756338240608,0.03510280314073344,0.08672437092199892,0.03702818911532613
2020-03-11,-0.2354029859815311,-0.07630821286239609,-0.06651384769853752,-0.02294695060703189,-0.06659288351470138,-0.0658654464102929,-0.11725069189378745,-0.09584285774171042,-0.033665756269695035,-0.09154111624513162,-0.054956512370542776,-0.1771270570015704,-0.1295770541477802,-0.04452978723687384,-0.09975175944194625,-0.016574349439617886,-0.03294151616826679
2020-03-12,-0.059394220293772615,-0.15814309134335225,-0.13390664627623972,-0.08153672185964156,-0.12620194244833938,-0.1636644879936422,-0.02213732995463702,-0.18007683629255178,-0.10580656311070247,-0.2700894604741524,-0.20812449174221936,0.007627421030153458,-0.15865820148543996,-0.1703107405668347,-0.19220912495347642,-0.14916803250828947,-0.11434029358866615
2020-03-13,0.03994844484592397,0.18971951787096186,0.11276571773236421,0.09388936553249261,0.19669908850206275,0.07076941298081629,0.061280188002330815,0.1137072992981154,0.0663782253715548,0.0886850980651801,0.0794094436676418,0.19932717365063657,0.1715515213320744,0.1206655924904414,0.1351234877914247,0.18961630982126754,0.025282315520631204
2020-03-16,-0.32342010486146944,-0.08798129502500518,-0.1688971410376121,-0.16446902036115119,-0.1298852671992481,-0.10632203725815048,-0.1360794648353275,-0.16923050158280173,-0.13870111352806935,-0.1857946098522536,-0.18587238652535798,-0.15708282657501638,-0.11203104372786421,-0.10829191484905687,-0.16573154383715172,-0.14674253532225578,-0.09522560956638493
2020-03-17,-0.1831501759951245,-0.03100769064215725,0.006518426279124023,0.01420393826956734,-0.1466315006884944,-0.006752403225032344,-0.13878227302340695,0.03366993169020138,-0.007069733699559211,0.0004932265073205322,-0.1407438990323726,-0.05657256613615802,-0.033146744838459585,-0.028452590100657704,-0.06269508727018358,-0.10081523838398265,0.06726587516771221
2020-03-18,-0.004484249340851454,-0.13777786329746844,-0.136380813215358,-0.2212478327206039,-0.1625386329054367,-0.03658113992010692,-0.23084526267731786,-0.24918573317576065,-0.2104431591512076,-0.1748770803585561,-0.2847836200989319,-0.07142842312423614,-0.07927984411029965,-0.13928580747197528,-0.10251145932348049,-0.23742789121380514,-0.10024452183853272
2020-03-19,0.11486460390039133,0.045360918456158084,0.12880444843931294,0.04250683901603547,0.2107211205910402,0.11626302534786004,0.20115699573756363,0.04121468548061813,0.12224459594282333,-0.0017910933754984315,0.33311669115046105,0.028490083606907746,0.06306710693019646,0.15103752875886345,0.06824648895555896,0.16972984478774822,0.03955322444531628
2020-03-20,-0.024242128030124266,-0.013806758803377672,0.04884697531491633,0.03484929737775255,-0.07175591318299712,0.05027105326268355,-0.005350671438104526,0.052083383150999696,0.10267849880481927,0.13337313488759595,0.008784834367844496,-0.05540167173783794,0.058450207978786084,0.02956017699536262,0.03341342056851593,0.06561884922860872,-0.04908499187947546
2020-03-23,-0.10766050192500964,-0.06699992735163385,-0.08532027751399951,-0.08705178475860287,0.016447417142621212,-0.01003139265120545,0.09575019991442613,0.03762380926757691,-0.10688277470093821,-0.12295501090847216,-0.05176580231377925,-0.052786103639711146,-0.12947263339239368,-0.10154064975345978,-0.15623393584325052,-0.03295713673562217,-0.03940141553434262
2020-03-24,0.29466364288855806,0.20578776338315063,0.2521382934088021,0.2274070361476399,0.19902929143720693,0.15228739520273926,0.1840943955918295,0.2652668668166094,0.16772463564993267,0.052948119033557894,0.12500013958743605,0.10629555749517272,0.08291757975204761,0.1418549291564064,0.06223186705040873,0.15874427610284614,0.12686807280132406
2020-03-25,0.05555513640563525,0.032888992497561276,0.006506120259005765,0.04087132446430264,-0.03373841836937452,-0.0027643773825303253,0.0020729507194663377,0.021116220135238173,0.06599371319785718,0.2062861530101041,0.0480726662571771,0.1194027057215763,0.10794204281856179,-0.0034127947244642076,0.14372298994859678,0.036377621338891775,0.052200767021288064
2020-03-26,-0.02207106346459997,0.06712561555718533,0.0371687202117279,0.102641903969108,0.027933136810099235,-0.004030876122136706,0.07364511948585517,0.041359171423961616,0.05462490386773822,0.09616257466697453,0.05408876200376467,0.06916658342103621,0.0770295894553179,0.06301359973165432,0.15064370120996173,0.06422697536685584,0.041029763248999096
2020-03-27,-0.15625006395311836,-0.04193558824384269,-0.08850070665469356,-0.09950251329696136,-0.1453805708104443,-0.08929920005379532,-0.08015403855318859,-0.09361722363907554,-0.05041406434674345,0.00043237953367714077,-0.14039405429407337,-0.09508964679296816,-0.03805839074418138,-0.11340198072979335,-0.01228113990003843,-0.023859536280444682,-0.04817099844688233
2020-03-30,-0.15432079301692347,-0.07744100709513768,0.0013669971596095287,0.04608919550130386,0.009539104728043979,-0.028333393089850945,-0.01173053662007928,-0.0031298067769147675,-0.03490937214595824,0.050971572885800454,-0.042979824093185126,-0.051679604562415826,0.03516834310066552,-0.0348835619368455,0.047735803274048916,-0.006470206066125694,0.01488485134798423
2020-03-31,0.01703145089411917,-0.04197081329832186,0.05155367499001273,0.007088048995910867,0.08818883406494415,0.02687233196362282,0.11064015219822587,0.07535329254598166,0.04898282982279367,-0.029181819627634775,0.08832344812350912,0.05177130818894571,-0.009416471168469442,0.01581308512495405,-0.03877959145710286,0.023878366971629372,0.012533795740359732
2020-04-01,-0.03827730763768844,-0.066666702646341,-0.038311531982289315,-0.05382286016151916,-0.01736594041356465,-0.036748293964151024,-0.04312970679141703,-0.0364964601576796,-0.08548865870730737,-0.11642696394088692,-0.11966994890419291,-0.07253871444766535,-0.07716719780480297,-0.0667160878034545,-0.09611981485881393,-0.05795066431592788,-0.011588405920914702
2020-04-02,0.16666649212514018,0.057142843925833464,0.14314652218023327,0.11026863371417583,0.14727513654182345,0.10693656029669385,0.15875562440975388,0.1393939281186587,0.05655939917970643,0.01677048156863825,0.12656245368896157,0.18901302331202774,0.04463745121194118,0.10246236202146175,0.012195285503698416,0.07876988017659503,0.07647229663358424
2020-04-03,0.1471215933652985,0.003861190555086935,-0.028056827580943522,-0.013268481379495656,0.07573829488761619,0.041514520876314354,0.08743517424119185,0.011968119752757467,-0.0029742005013598805,-0.054665417867716726,0.00046230154527315825,0.018010869032828003,-0.0019335037444803138,0.029538876914674272,-0.027951725325430776,-0.05076504178337726,-0.029455667361657945
2020-04-06,0.09107820945478906,0.1298075969529191,-0.003342395619631233,0.07029665632440074,0.05011934933960771,-0.011531828374284903,0.016144557477341337,0.039421809255112406,0.043251236084456135,0.15104690521133302,0.0780958929870994,0.03384583280836595,0.11235960539283707,0.09657102621286828,0.14278622848845002,-0.010988954001431517,0.03213491266512847
2020-04-07,0.11073231465977651,0.05617007764526627,0.014328978103418155,0.006592898786102586,-0.010227249469773159,0.04818668877175458,0.02834885007700083,0.01643505960671998,0.015010906421501824,-0.02511885263071789,0.04072047575061233,0.02976209563322163,0.02107291607796502,0.05105266199319325,0.04143136120452651,0.12222235816456095,0.019026184478375674
2020-04-08,0.16257669477513437,0.03948439342508836,0.07243781319464726,0.06253131748811103,0.08036731815949705,0.0958142489484417,0.13541338463046126,0.08830846745678822,0.04436624463845518,0.07996426555347314,0.08937395269805526,0.12427733565132293,0.08647433243177094,0.049180741838315445,0.07477614272705013,0.012541371435562665,0.06328802002170075
2020-04-09,0.08179425445439303,-0.003100837034470283,-0.026625480119176204,-0.019423465878282586,0.027630064780743036,-0.010377303546710182,-0.069903806456043,-0.06171445180791513,0.03573828121776157,0.05429850749096854,0.0737238444604893,-0.012853453186264518,-0.03422282637815233,-0.046875376069278385,-0.029069638575352497,0.08148609159424969,-0.016419313186505136
2020-04-13,0.021951254073290016,0.033437110077084276,-0.012381324814248917,0.007116832229232539,0.00413657143389301,-0.034137005830945366,-0.05106138849200692,-0.04384896040026631,-0.026692493574889564,-0.01170472370362019,0.028873165190831607,-0.0019530023812713848,0.0006501681742117071,-0.03157245325849434,-0.007984080033770824,0.030741343046168934,-0.008579033210893261
2020-04-14,-0.035799443858967384,0.004514762585451804,-0.006413540648046112,-0.0035332107674043156,-0.06179208047402429,-0.024485845655569105,-0.04322862788894266,-0.028025406840440303,0.011371111693904812,0.03829428818210423,0.042779084458160366,-0.02804968132161212,-0.0079597462541533,-0.02570537927947869,0.025150775429136907,0.012280883046707158,-0.007717332759317186
2020-04-15,-0.017326827422058932,-0.03295894547131162,-0.055164811146489745,-0.02505610184868945,-0.048298489516839016,-0.04694756431445968,-0.04486578971742139,-0.08912194166624632,-0.05092601833777455,-0.0882127588656898,-0.10042656907175973,-0.08657696605908227,-0.0753232010140299,-0.05212363399754383,-0.08341501843118948,-0.028885083749294882,-0.04595796117642581
2020-04-16,-0.05667529251143577,-0.02478686735415636,-0.03509307400628103,-0.03030691553163567,-0.06689721189529074,-0.08448277340208832,-0.07277526539833568,-0.04028761151337101,-0.01672444338519652,-0.08465413269160305,-0.030645956371247896,-0.103600157231025,-0.05206306822127793,-0.04616398067405947,-0.036402608364832,-0.013087513172084342,-0.032855862234198674
2020-04-17,0.1335114387168319,0.034948075206106655,0.1348565419408918,0.08976135607782632,0.13967853000501718,0.14567376677586186,0.12450958599977913,0.13643146575204534,0.060949408070172684,0.1594532838394369,0.10575841416252674,0.1172127571791668,0.1120867373010146,0.08754440338939973,0.1502221557015655,0.08981309834238238,0.1039592481777123
2020-04-20,-0.0011779905584886619,-0.0038371583578684643,-0.019568894321749353,-0.04129848121357882,-0.0065078391646969935,-0.016013512314875133,-0.0209394056915716,0.006596482143824245,-0.018703898620608728,-0.023575558496620297,-0.039822887104683735,-0.07630213432286204,-0.023685507281609564,-0.004581176054809677,-0.028013765190061712,0.02267686266434854,-0.04720053644662514
2020-04-21,0.013601823567368276,-0.017719355322608488,-0.03991867959992479,-0.023094762270621016,-0.012008534560946083,-0.01627387198204877,0.01749852156027276,-0.022280223034525926,-0.015656992475137854,-0.04547294775998356,-0.045374151158824705,-0.019856997742929816,-0.022711792069318615,-0.03418813311273894,-0.017094232155129396,-0.025419020217287258,-0.00534245215550766
2020-04-22,0.09918278936215574,0.018823190580404603,0.053931559936169604,0.03429719841790768,0.07624283156386746,0.06543210363033825,0.09044600382608725,0.10321657713541255,0.014522803616999314,0.04089411836446444,0.014110611144469987,0.05510527545296062,0.02429581249354329,0.04424792017585766,0.02264926265282874,-0.01997771225678202,0.02856486140426795
2020-04-23,0.11464971255968037,0.04465001776382427,0.034305621703208056,0.027948824124724325,0.08521574896844708,0.024797201017094705,0.08352785073631708,0.08383991124040224,-0.03135658452817036,0.050627550386918685,0.06920547744369854,0.06528423380403248,0.0307665428109567,0.07692317623551381,0.029662012952871075,-0.00849365169570182,0.03133135097882689
2020-04-24,0.01809538561483781,-0.011053889118845861,-0.0024878250549748016,0.0024190679556534977,-0.004730290131301995,-0.01944843956823561,-0.035579400520363014,-0.006726815290013177,0.028852687117289832,-0.006939012781368548,-0.021404691700221412,-0.0043260533748811225,0.009338192398934186,-0.024818578441421657,0.008258076724944496,0.04397486119801597,0.006444251867082196
2020-04-27,-0.01777376252806595,0.013412999568191752,0.029371159707475947,0.031030971009918362,0.02281380605165695,0.02721430945911285,0.012297515773264989,0.005644034811539633,0.02735984215713505,0.026785592143386605,0.031091975939440575,0.024620072145819183,0.04890137813664652,-0.0037244635920075098,0.05847604722853017,0.013128801879222829,0.004801894331666778
2020-04-28,0.016190692342732182,0.04411735170886866,0.03580086767448276,0.0022295937236214147,0.019516949363766578,0.00987855757862266,0.049143773147998226,0.06846209730209063,0.011318398873114033,0.07485843580490004,0.0704771471900889,0.07208467123966322,0.06063924425581435,0.006230759385539741,0.041389295999714415,0.021058475892506534,0.023441521926574005
2020-04-29,0.22305518343248654,0.04295760938977433,0.09693325278777687,0.052385706683444555,0.15132147949906494,0.060916156172906355,0.16289516454178687,0.15756282163379987,0.034232961438623644,0.1621524141697921,0.012774055760159442,0.1061306543921452,0.09147612136445482,0.12693473183388937,0.14532569086869618,0.029085078257561348,0.055369988332482745
2020-04-30,0.0022988103499903545,-0.05806851279602432,-0.0026059192230145634,-0.027689636332626333,-0.012668141329013505,-0.004400551236779182,-0.014709360800813198,-0.04718683367410914,-0.0305535151526366,-0.029055506765899186,-0.03201806084709691,-0.010727355451874643,-0.004489845263234038,-0.07582425155836547,-0.04420639764837042,-0.004624901162500139,-0.020859555866731383
2020-05-01,-0.13761458704165186,-0.017921460865501615,-0.0703086019152217,-0.027825980289329588,-0.1058540508183784,-0.06188172976394668,-0.07487379550621553,-0.07047602719492974,-0.027193471747654296,-0.0885285877079518,-0.06648836591866492,-0.08192750102399504,-0.09307082905159414,-0.06361467516505548,-0.07245479035383529,-0.04233340193363522,-0.07165917611738182
2020-05-04,0.06914891241777488,0.019708218563409208,0.03116994745390378,0.022361310333391726,0.024215249597619115,0.048687383228351644,0.0556107809532842,0.027663241612628786,0.0061813455670409745,0.0783173737304037,0.04473857338812248,0.018372889234297363,0.10729356800848877,0.030476196863254756,0.08339036038127534,0.03126674586550471,0.04033383779170596
2020-05-05,-0.02321742764723589,-0.026485163615925233,0.01387488692829919,0.0158573946796432,-0.021015751539409933,-0.014762626321204175,-0.05150529236582457,-0.016948759208690323,0.020478090816319128,-0.01236954260553269,0.025351179546951652,-0.012886970913456697,0.023407700245277052,0.0012323313359188237,-0.01005359244101045,-0.006795568908076088,-0.0011142057506388081
2020-05-06,-0.014430957231071462,-0.04926513720358383,-0.01050804247517434,-0.03057387719998328,0.027727792737033408,-0.004560247326497402,-0.03496154279850805,-0.030425907697438914,-0.015384799642051084,-0.051701618457083764,-0.042766601917263114,-0.12532638366762627,-0.04374992733928584,-0.02646149750278981,-0.033481199355900215,-0.020526124895932196,-0.01873741078446356
2020-05-07,0.023255692878153766,0.0843004219202168,0.047666245312153244,0.028761876069370862,0.04525679249484038,0.053883003632615445,0.03725584948112104,0.04707137574385789,0.014945591743126485,0.042329636923169156,0.03839456695594978,0.035820937938456865,0.019468727608020098,0.05752187554704946,0.00574588634098383,0.0322405547109903,0.0056831654557558675
2020-05-08,0.047979805117727814,0.07061356065628477,0.025714009047774322,0.03054823403359319,0.057452313536588084,0.06499678928894626,0.04235859051349533,0.06893107170159651,0.027443162767123885,0.0730993430012421,0.05310911934848317,0.08213271404713507,0.05115250577322472,0.07890014122675626,0.07606926489544397,0.013534741396452388,0.04385157210309676
2020-05-11,-0.03373488776465239,-0.025983077983891656,-0.018802252795495522,-0.02199659040964108,-0.018897732996646766,-0.03129216812983271,-0.025190268971336693,-0.011215148927949503,0.000651527925144002,-0.009990945341871726,0.0015960067821947366,0.0006657370338716273,-0.005061006540292845,-0.03822673487417305,-0.005309341607385387,0.00308145889923761,-0.009527699022656044
2020-05-12,-0.01994995994376314,-0.0034198477685173367,-0.0163233123904315,-0.024311603598247133,-0.004815539544905656,-0.0024076826270730267,-0.0036568417005194975,-0.008506640199052118,-0.024088523765374514,-0.01498456619687194,0.04971307572773509,-0.029940142599610864,-0.04095472354519569,-0.016129369601555976,-0.034009482850126616,-0.023041421761814118,-0.016714878471346895
2020-05-13,-0.08990703485623253,-0.06588888779986779,-0.04064470793312369,-0.026344775175513035,-0.07016112966866639,-0.03057152974323829,-0.06679823610495539,-0.0905624034509851,-0.01734509039641885,-0.036013588025627485,-0.07468108381420602,-0.07818950700151095,-0.03399980009087267,-0.07201394433372299,-0.05307904252184903,-0.03144678761000108,-0.0496372768894785
2020-05-14,-0.03448261113535367,0.028655601987318757,0.0010028001218915783,0.015219865212807049,0.011274688322435722,-0.013277680834270278,0.01032003535029724,0.04297673612778263,0.0074679091747247295,-0.0051531678444700635,0.007545940850092636,0.023809706973447753,0.01013676951413145,0.01577303555702958,0.006096843455786205,0.0005412315976822679,0.00882366926661593
2020-05-15,0.024131427124866267,-0.017142793767234155,0.0235412981536538,-0.009883688684956149,0.024871562957546,0.002522999036671081,0.015714982424711144,-0.0130651391936899,0.0,-0.01910001805905026,0.05470528114921014,0.004360414185410555,0.0011292551005446239,-0.009316907078251058,-0.010604334135423055,0.014602795994387074,-0.007091722574041559
2020-05-18,0.12346821133672359,0.11482538972621037,0.06679683243316359,0.0532608699357231,0.09790801239174818,0.09983216315080612,0.12016534468381068,0.17209775878835742,0.04380056980529301,0.15346545604058925,0.08274160072269021,0.09044879551628182,0.07542622139872157,0.12539163977094758,0.09476018410562226,0.04370990563186661,0.07952335871178962
2020-05-19,-0.04697995148330136,-0.05410692207996204,-0.02133030779813594,-0.03165873938727848,-0.061737817708721665,-0.033943491087043864,-0.036832733423632136,-0.03127714522661451,-0.009683707326766489,0.003782251249085933,0.0011404968197141763,-0.04644989645278008,-0.013896172702011822,-0.04679642845036802,-0.004662119532871212,-0.008171662967591642,-0.030877821325724253
2020-05-20,0.05193706225215111,0.07580989923798542,0.03468503803116785,0.037715052421812834,0.008935834422906463,0.03928160391906954,0.04349929721089674,0.07174867538085761,0.020208571381729712,0.06724664612046638,0.039874811367420104,0.043145503116651884,0.040281941102437546,0.0642898101031677,0.051365826597210784,0.015447978205225033,0.03254453504081023
2020-05-21,0.00836798920037074,-0.012171673282529882,-0.009739829017801127,-0.010322854779225121,-0.010466865493183763,-0.006267772875557132,-0.017636245204857848,0.002510527318849265,-0.0185302846381048,-0.030690265218886625,-0.013420841384886528,-0.0493662738665267,-0.014824528614595711,-0.023064194171291574,-0.02390806247009436,-0.01267730764590358,-0.01785298041912442
2020-05-22,0.009958516553899566,-0.007874056838208743,-0.01006392764060593,-0.019122218118291956,-0.01220531917954737,-0.000764809468221106,0.0011657261242472572,-0.03255405511271714,0.003255162624208774,-0.003361919656504675,0.004997150434547848,-0.008421168630480591,-0.008172140130562444,-0.011804076707047528,-0.0007610113844960242,0.009244915320138603,0.0008974492156776925
2020-05-26,0.04437145066656467,0.05886252739669451,0.00901114332396502,0.033451954383075355,0.014003440380012,-0.016067186511064202,0.04564496465443235,0.024158567180722956,0.025308348401363645,0.03542286263550998,0.03922625005208835,0.0191081653535754,0.03282770308651606,0.04664380046938654,0.045980605695967736,0.03969481822468923,0.02937232653780164
2020-05-27,-0.010228279602155554,0.03435363091004007,0.022899005255082816,0.006430597031934937,0.009748115046532169,0.025077853360887525,-0.013362821575190975,0.02695889754438774,0.010759393859335553,-0.006787664666364823,-0.0005316328291381511,0.0013890149737647572,0.03495008471868166,0.035326004410174416,0.021543077574705638,0.0019575820227124563,0.007188108884709221
2020-05-28,-0.056438927816705564,-0.010265825838915221,-0.03716138345005915,-0.032268432941471636,-0.06194708048767228,-0.020671563755953692,-0.02889417922022708,-0.00656301754634292,-0.015654303891558974,-0.03827248641161751,-0.008510499548397665,-0.0540915448453545,-0.03878655990925406,-0.013648332467940505,-0.04345979838200398,-0.024914585152033042,-0.025951630948751858
2020-05-29,-0.0909854139494497,0.007321438908196809,-0.01929765914497905,0.00913376161620505,-0.07289866219823238,-0.012974298054968858,-0.01022773396639054,-0.029727410422377254,0.005089108745605309,-0.0011368854360971348,-0.015826426767569624,-0.05058663098273164,-0.0038184241947436526,-0.017030492099477157,-0.007299008980897859,0.023547504064789226,0.009546943536345331
2020-06-01,0.08711754236198876,-0.010902371486635531,0.0286866637936809,0.011886770122950585,0.08233143989052838,0.016480331839175744,0.02700805401220352,0.02468087209922043,-0.0018990880346207994,0.038702289830317316,0.039520517058468485,0.06640936688412036,0.007283400674475082,-0.002165575211517834,-0.00090067106601599,0.000489186972406852,0.01781382530162645
2020-06-02,0.04262572911075324,0.047764720343449696,0.01866758432316762,0.020476491850698997,0.039316021697673564,0.05790374270053511,0.042991037938228116,0.05794083979552278,0.006975502968241898,0.03342460204160336,0.039066571872562905,0.06806656498490482,0.034758169992063825,0.0303194351469942,0.02418154261789285,-0.004892043163623017,0.022256238372229786
2020-06-03,0.02452996348365466,0.012857991488583798,0.020814177343802198,0.02629638052966432,0.029605415723974238,0.010217206692301861,0.043192484940957065,0.030732977438040043,0.01700259108743052,0.023064598433681027,0.02397169805806576,0.04745770005007399,0.026480433184960406,0.03976689673602363,0.034462595553011344,0.015732335111260154,0.040794488120953876
2020-06-04,0.0375099985867533,-0.01038644158066937,-0.009086210827386365,-0.009261391993987012,0.015974275841263763,-0.003973280391642131,0.0021013306509090057,0.008409641811130797,0.004953439999850984,-0.01425239602061723,0.003203552783196173,0.0064725487326195985,-0.007165767140062229,0.0367160405296707,-0.0069465733944397146,0.002420291848682865,-0.0028434897212289423
2020-06-05,0.236153918745456,0.03498534066997605,0.08678097658105877,0.04705040821852102,0.14779864463605996,0.07543060247139954,0.09500850583963727,0.10083412837496186,0.030191021695657128,0.09253431104488863,0.11397685194854801,0.3369772187271316,0.051365388336487294,0.0816525506363448,0.0655248442076346,0.020762545335386795,0.08105941329176902
2020-06-08,0.10329800314934046,0.07380260650099357,0.03539846221268905,0.02410476074744161,0.07945235206324686,0.047209662871226854,0.14575760269077476,0.12947665546527531,0.0747611126329688,0.015640263369526286,0.05931675823125104,0.17364170449810645,0.02665867989996684,0.07548890408694686,0.013129410805996722,0.020813980029716017,0.03127353781820452
2020-06-09,-0.06768189819094095,-0.02046141363697751,-0.033392956666437046,-0.01656353282128087,-0.07677680943359666,-0.042505253048089386,-0.09862928396273929,-0.05914639105875952,-0.03784094481349509,-0.042643973812337976,-0.07493792536837574,-0.05000036500291627,-0.04524671914812106,-0.04820318170535132,-0.05752433787334854,-0.04865626177499516,-0.022287380067258278
2020-06-10,-0.10284337102031116,-0.07552253869502068,-0.055932469750096026,-0.03890501744903374,-0.06048071843300329,-0.06457046593465088,-0.06954751393841341,-0.05962419542119368,-0.020821526576241145,-0.030190772373755004,-0.05535536222096771,-0.10440023660500608,-0.015641503049029004,-0.0688580526692315,-0.03114911239671081,-0.01899653962889225,-0.05362467253510761
2020-06-11,-0.13755891921577257,-0.09443786636640783,-0.08255288301677588,-0.08413575093877002,-0.10753525780841877,-0.08053218239956572,-0.11580593077661261,-0.15368704276499834,-0.08387478980137975,-0.09849455991903044,-0.15840876673628335,-0.16136782282765916,-0.11063669962291922,-0.1168892691474891,-0.12121633636449669,-0.07953402198607573,-0.08825278484894539
2020-06-12,0.07662220048690904,0.0198336087553308,0.038224155082988265,0.03379212313280111,0.05872651583757227,0.027761882862225917,0.058611097791718025,0.040716489215318674,-0.0006443662369012282,0.03651289782648326,-0.035097855535275,0.06321795488277226,0.03013299374973344,0.02647171726629849,0.05125239432875772,0.0033018973658998085,0.021437926933849827
2020-06-15,0.022512665752171923,0.025721528110201675,-0.008689945592463388,-0.012555622722707604,0.007031297789094948,-0.006848430527847671,0.024701927506303845,0.019561716862541045,0.022580410769688752,0.033315385988019974,0.06893585448003048,0.02972981343101999,-0.021485260652876925,0.016842608984733998,-0.0031354905317086956,0.04882100824297653,-0.000635922975845471
2020-06-16,0.034801030271274236,0.029969536578645206,0.040599957848085344,0.03069172745711879,0.031807368270192704,0.045776823767787356,0.038445537791433226,0.03837320414013634,0.007570923239573757,0.021141668916816236,0.05378678298314177,0.06509206492149477,0.019047324736632287,0.011904716115175296,0.04041511543100307,0.012552293944922965,0.022486002216019152
2020-06-17,-0.04667117220277306,-0.04394307479466675,-0.024163123863509384,-0.02648085473488615,-0.050375845062441305,-0.03882767492900474,-0.06844096752861306,-0.042128710139045844,-0.018159153416149376,-0.039078645699732295,-0.058073275004349445,-0.0616066670727462,-0.05399807515115351,0.014322225363698537,-0.05804110014183772,-0.01962820955427702,-0.03257241426121349
2020-06-18,0.02375824799259907,0.0006210806762021459,0.009768267558206478,0.004369746066110514,0.02533652563220623,0.008574350993668434,0.0008591515607849765,0.0177468800144458,0.005739646430108936,0.03608954986062818,0.0049765853459669,0.033088208822139586,0.04610322783226861,0.01765038026776078,0.037066784919217,0.024762834816706603,0.006219189814202775
2020-06-19,-0.016877733117819482,-0.03848539530745543,-0.016872962280441772,-0.014248560342889793,-0.0007724184443624882,-0.011902383721648091,0.0030050264293712825,-0.011372307712159135,-0.01585249396635724,-0.007278542647613295,-0.03246206329837342,0.0020334017999668053,-0.02019902120717776,-0.02329068600002815,-0.022744861125030158,-0.011824929451200061,-0.02003450776000726
2020-06-22,0.02145941165708587,-0.009038124476001275,-0.00320368822299133,0.010592693337363679,-0.01854673481982938,0.002294434506900034,-0.013695777649699648,-0.0015335976994729217,0.00579872853163077,0.010997328599993583,0.02132510061714843,0.010147207859390939,-0.004016320706012655,0.005580699586218429,-0.007916421435578025,0.01664913441293514,0.009569341772803552
2020-06-23,-0.0105042507537918,0.012377909491754435,0.005739125555918934,-0.0016376101596143888,-0.025197177686315797,0.000763350662881912,0.004773290958776766,-0.0015360349334588852,-0.01089026838612217,0.004921200832136208,-0.015590297479526227,-0.006027083593475813,0.004032516585873891,-0.01261339962674668,-0.0001595058130537952,-0.006141377334997755,0.006032249689165381
2020-06-24,-0.07501774073010214,-0.079150722476522,-0.06436844805140751,-0.04155726717438735,-0.09127621206808523,-0.06690854157676918,-0.09522769733498027,-0.08769220257823418,-0.0408031003228293,-0.0662369015910792,-0.08653849226486221,-0.09044977046197111,-0.06305218043715621,-0.08737870908708956,-0.07390275982165684,-0.029865985901324388,-0.04710922685938845
2020-06-25,0.04514149264489009,0.04472402728921576,0.02610351432967084,0.01791389936318799,0.04000027792848315,0.036363576143929155,0.04105010518276919,0.04806055542625187,0.010128148866982434,0.012696331158907448,0.01238391717468268,0.03000020689327476,0.0011427821208083166,0.031355177522740085,-0.012754180626832534,0.013800406674170151,0.015056092749964778
2020-06-26,-0.03001449653844035,-0.016722528307818618,-0.040656119856614215,-0.030826212739288317,-0.06495741437500069,-0.038832824107970065,-0.05708408178419322,-0.04022514091203788,-0.03275393716398478,-0.03597700068728282,-0.05779806725850556,-0.04584716962640467,-0.028542997282699822,-0.053203003907414725,-0.016759520753785284,-0.030890178300430726,-0.03431475824871355
2020-06-29,0.006037516268465604,0.010204384874860972,0.023544161895363125,0.013995184936743454,0.016453375552926364,0.01825294461575644,0.007293773549082783,0.041072784663682915,0.013130544107742725,0.0008484998682423139,0.03245721654168121,0.009609957035634498,0.008667633869011038,0.03268344416508051,0.011185713674199071,-0.00756332631149903,0.016048085668212586
2020-06-30,0.012753189116002206,0.036363634992188976,0.017433573617334552,0.017794004034116906,0.019784243040561034,0.0203422349467981,0.009413920261279296,0.04508858972192553,0.0347886883642734,0.055931632418999344,0.044325460634031755,0.02463605810238656,0.047188989025154005,0.02109928202272915,0.032835949783622365,0.03538387152299238,0.00902499596412265
2020-07-01,-0.037036858925062255,0.0012993941546550758,-0.030461946337872026,-0.018043145874814148,-0.02116389655391482,-0.015791508602567395,-0.0530850856599927,-0.03929127439601199,-0.017139100763035264,-0.04547874736801094,-0.03130647917246676,-0.04863375501402256,-0.03880394826366351,-0.03643290972672519,-0.04046247739901743,-0.011041020012047209,-0.022584883713431925
2020-07-02,0.01999996211459787,0.0,0.025527530772140095,0.007874571121991858,0.012612526965392723,0.013236892588480265,0.04949520418664055,0.008019171353999432,0.014084381801967805,0.0109304728129056,-0.000932257205373821,0.02125224452915475,-0.009983955126578792,0.014672688875277506,-0.0017716950150657995,0.014353905208118967,0.008464685696189411
2020-07-06,0.02036180053925918,0.006489339176423137,-0.0035901590590248222,0.002944194057684424,-0.007117472783116474,-0.0021773109973510785,0.031761332617985305,0.036594999625536806,0.00462961916695237,0.00804007976970822,-0.12006218035783234,0.022497120017860972,-0.004823296217053574,0.0428254135367685,0.0023074621580392307,0.012054508078684023,0.007032634047883901
2020-07-07,-0.05617142788122109,-0.018697863137465687,-0.02378056289597863,-0.025516367653837135,-0.07258066963848986,-0.04562591088853074,-0.06436560409363978,-0.04758217881676219,-0.03423289392334328,-0.04592970519493733,-0.02509743727388125,-0.056655464731010574,-0.051108684901347456,-0.03040008234243241,-0.059323567033886415,-0.02071462505505972,-0.025906839635057577
2020-07-08,0.023492675456142642,0.019711346439837074,0.009842229972065075,0.00046339540664797063,0.0009660153180361952,-0.013926268003230047,0.0027419694330281796,0.004834610265423089,-0.010225177133326047,-0.015566310765348312,-0.007976703792752171,0.007579995855109267,-0.009750810768414664,-0.00605042370397979,-0.002635577230728825,0.0015865804011558904,-0.0023124030006734797
2020-07-09,-0.07574601927220026,-0.05605685928205317,-0.06554626540343345,-0.04180663162479448,-0.0540538297398363,-0.06534580082030805,-0.06786017129539568,-0.05533286240349766,-0.04201088741978698,-0.023426150056827688,-0.04422499906302535,-0.05787037530429484,-0.07814942286194848,-0.05202006365748091,-0.05209515039890633,-0.03537487667191641,-0.04126107261811862
2020-07-10,0.052152420589991255,0.02730364257811524,0.03494133667248356,0.03009444560418273,0.03979569868101196,0.02390636501355292,0.03813331132280173,0.02376938563306119,0.023723842551673258,0.085457466356895,0.0217972410117262,0.026412785715834275,0.0352662077168826,0.03852895264678935,0.06829962820135194,0.015325638703654887,0.031189808270642994
2020-07-13,-0.014949064680585655,0.000664560822349447,-0.0007553491419651781,0.0019943275584324294,-0.02257112014284912,-0.00991205466143108,-0.0470072074963237,-0.02238805772679675,-0.0035111870194446393,-0.02458566354993641,-0.004865169912509626,-0.03291463029129782,-0.012938025155713517,-0.023046537816352575,-0.007828621692767879,0.0005392160359871667,0.0002342059067452773
2020-07-14,0.0790734425817956,0.033200692903687434,0.04160353039552955,0.03454314763243249,0.04718904479418762,0.051835273012457384,0.05875972659148321,0.058524047450438044,0.025369893736491456,0.02520535390059342,0.023692932926046018,0.03217835650953882,0.02804031764228232,0.05811265992076198,0.021980133987150596,0.029094635722400897,0.03305201405465841
2020-07-15,0.022946173665824965,0.0025703952178814937,0.007504208709952609,0.006112071021028953,0.02972189631670341,0.0038071263172321235,0.015784482152828128,0.04166664890943461,0.028178753297607217,0.0378452558686857,0.059147869101970896,0.029976116043922918,0.05648816444381821,0.027732509826367657,0.052022004172155745,0.05130866391994027,0.012706922705044255
2020-07-16,0.0036180162142527283,-0.013461305791538813,-0.0007204938996003829,-0.005962173338708077,-0.006517646883291595,0.015610246532132832,-0.009774595268127517,0.006923077237789732,0.0020054475080739653,-0.0047908937388848605,0.0006939186000756159,-0.009895113936138844,-0.009013151282102339,-0.004232929051835033,-0.01135763878290963,-0.008963981358338202,-0.007842343866402257
2020-07-17,-0.04181704538255526,-0.0077973838893465874,-0.029390764348791842,-0.013241148745103737,-0.03561419559349499,-0.013802052402159815,-0.012401984723490411,-0.000763951004094543,-0.004669677722665688,0.014442112996744694,-0.00623946796646202,-0.04291606274185811,-0.015878127342755732,-0.010627075001776842,-0.01961825742797907,-0.006532590770529256,-0.017163295305088866
2020-07-20,0.02332576521401286,-0.014407422697836014,-0.01576543844776601,-0.022020886915842586,-0.0019431698775244088,0.011450775871174379,-0.01127600648553806,0.025229332057725706,-0.028150431594207492,-0.031109879111056227,-0.014649281069076925,-0.0362407536993844,-0.023652612378596727,-0.009666959647521511,-0.02055163804549287,-0.02427906950748493,-0.02343749732231515
2020-07-21,0.09760585165480262,0.08372096900395731,0.059242203250137626,0.07177206881201315,0.10516001568674915,0.05702288243121045,0.0914981849641956,0.06785989963504013,0.04068977004303198,0.04870735794940462,0.06123860543219428,0.10962386880446662,0.06561836023272516,0.060737430443054796,0.0598197583787996,0.04250905696890217,0.050588394537931736
2020-07-22,-0.026174441789124203,0.009196946516234483,-0.01848298512561708,-0.00383014393191472,-0.02466944717628594,-0.0045616606765669365,-0.009736594068562088,-0.009776726065888974,-0.013253897086129895,0.0049300208094529285,-0.01601060218667749,-0.02642144894273535,-0.01761507933739681,-0.01993851663103674,-0.008857502000077067,-0.03281969666089313,-0.023292437290705514
2020-07-23,-0.008270134790191563,0.013973244550459896,-0.010516001714454992,-0.00032943498281490236,-0.017163754906056705,-0.026698712639598554,-0.015108013129938813,0.04019756860566992,-0.0268633858372882,0.0038729229327869596,-0.018305300801897073,-0.007669858492502124,-0.001072713629114097,0.006781686959737909,0.010513328974632197,-0.00668373045156323,0.0020636192141418874
2020-07-24,-0.013203672486869933,-0.019173145556000804,-0.0044490620064586706,-0.009669097251437941,-0.01654387750324593,0.0038897397733943517,-0.008278456748599505,-0.0027119687934280545,-0.016563308507503427,-0.0046295309171549,-0.008287013120787057,-0.004756131764654947,-0.0018412331158563777,0.009326132195211612,0.005375532104500369,-0.005693584671971452,-0.0061783359339036
2020-07-27,-0.03591533221379373,-0.002443484081224634,-0.012661090818996468,0.010096262541818168,-0.02523333330086508,-0.00978798841545614,-0.016695423487607663,0.012916538461121174,-0.0035088187101700585,-0.004651297267831089,-0.024373093500682175,-0.0023896136788162936,-0.007224161692878983,0.010267132363418474,0.0008625675797588883,-0.019781142923262274,0.014736348736707816
2020-07-28,-0.02702700717518236,-0.028169034372687585,-0.02036742068157904,-0.021199206943401605,-0.008629261997934234,-0.026565290874025704,-0.029213234298081203,-0.016778650940036832,-0.0056334739255351485,-0.010384373893438714,0.001427452515956995,-0.02095784097982234,-0.015637059529035158,-0.026931298191456787,-0.019645246525006765,0.0021237679416599153,-0.011799607717705718
2020-07-29,0.024774511232351415,-0.0037808438889861407,0.025154230706978753,0.010773041011906015,0.04835605319716452,0.026020739861080555,0.048354107559299475,0.028669067621239774,0.029036392968400104,0.04695734594453027,0.0591590165855449,0.04159004899984775,0.03145655827224969,0.01462161804035933,0.04921785736157047,0.04769505104659122,0.011021781315957657
2020-07-30,0.17289411379518493,-0.030360622324635878,-0.05758644375961852,-0.04218927077218304,-0.046125601173087505,-0.03958746868721186,-0.030667644302448394,-0.02654283267779045,-0.01445282508414869,-0.04585316852249122,-0.02288043153853847,-0.07398697462637227,-0.03796895123495436,-0.050952127535719316,-0.056290862444211776,-0.021750273263498876,-0.04905737336524729
2020-07-31,-0.04122435324201423,0.010437229936684611,-0.006641925965828577,-0.02700859796886379,0.014506576568381169,0.0057964614995975605,0.00885865775722583,-0.02317646384049199,0.003059193596911536,0.003151034203733971,-0.006938131034325723,-0.0019023664262785012,-0.016959720084991914,-0.01626898844751412,-0.0017750692763092157,-0.010858204969171892,0.0050158875825581095
2020-08-03,0.0241042912874998,0.009038052162906318,-0.018186594115670363,0.010364912280701688,0.010486403914579778,-0.010245313976376846,0.0037630814786173694,0.01395667615882279,-0.004964699288561802,0.00968572389804967,0.007524375243723069,-0.031131056260865986,-0.014511588769244965,0.03197364341963227,-0.024253667638747478,0.03084153483316099,0.004039686263518805
2020-08-04,0.010178086665550756,0.035828604791876995,0.02533366328254205,0.019808954890746966,0.04622629752324925,0.04507181644301439,0.026493232861251492,0.039917299993096345,0.03349947369281736,-0.02281545866462431,0.03805122016762019,0.0321313387760398,0.011943793238226474,0.027243985843453,-0.016508661370500666,0.08215023397461829,0.02887577125897467
2020-08-05,0.02267002855617295,0.035206876697577716,0.0100958027911342,0.00820878612078868,0.08566295616294206,0.0472555179132903,0.013635189275105208,0.013898106273109834,-0.004137920568839881,-0.03343068668396909,0.04453575375968777,0.01270644214744876,0.0017783130968174188,0.01404023217778616,-0.026405516014298303,-0.0023431721920286197,0.008741437708863709
2020-08-06,-0.03940881920908268,0.0005964891949239437,0.0007893258683562276,0.0030965104862878956,-0.02242518616961131,0.0027588366712236745,-0.021618868657644175,-0.03263697945308208,-0.009695142347431851,-0.01921488366355628,-0.04526095702444455,-0.030740197717334827,-0.01597782373125245,-0.009230705084823265,-0.002712067035841481,-0.022075908604548333,-0.004788720512568734
2020-08-07,-0.003846178087026697,-0.0012054255705983286,0.006569919803985247,-0.007659794979380408,0.02888661856934438,-0.040872430071128396,0.0314265312046722,0.004723187438061327,0.0013986601873117177,0.026308082278915235,0.012367211407628531,0.0,0.031162592345880258,0.01604551153071765,0.022921604490271585,0.0014410294298063953,-0.004583211661617348
2020-08-10,0.04761944476598501,0.04164141883443584,0.03498702679701582,0.033755841122839136,0.0437656763777059,0.03380481034867855,0.06331793380558137,0.048354537791719165,0.015363211194191262,0.012544799214465385,0.025449200259568316,0.06666629142017655,0.031811803140777695,0.030056086762014322,0.016900798404519746,0.033093458059684,0.024631656007927827
2020-08-11,-0.0423836131025781,-0.0046346613734327136,0.0017660148881670779,-0.0012259338983741097,-0.0221517552206415,-0.020610507645365983,-0.004924700433851736,0.03395266328962654,-0.008253071555748948,-0.004847971985807997,-0.006287089744913099,-0.08009684673848427,-0.01171581803099464,0.003955838415182766,0.001867611821403603,-0.005571146781545688,0.010334999700625902
2020-08-12,0.010262958020084145,0.020372459328191983,0.049105882260545464,0.012273829555136562,0.012136180722635004,-0.006677448413855536,0.011230652505629823,0.03531594739930677,0.004854339573204802,0.031935048091251916,-0.002996922780555189,-0.015831168753164704,0.004679529095282131,0.0029563998050814444,0.02739950819813708,0.00887029573810727,-0.00022698810009635917
2020-08-13,-0.020952442297430762,-0.0233886400652753,-0.024723944479587145,-0.009920552163071972,-0.033469812050519465,-0.03401930456229707,0.00022464014063672266,-0.0035905164988826455,-0.015183057925201249,-0.02281688668334292,-0.03774220306029907,-0.021447562525761743,-0.027635554912749827,-0.024066912530748663,-0.03501440759035368,-0.0018509741099068666,-0.02449506628385112
2020-08-14,0.012970203008029868,0.006425337954847343,0.004676304676095366,0.005901107403845085,0.023648753846669424,0.011598395191935618,0.020861173663297095,-0.0012010876999100084,0.001401788712107832,0.029254253878503667,0.023602821023304132,0.002739451294065498,0.016445786322603073,0.010065391440627902,0.023876766680993144,0.025962049353947858,0.00441765074122169
2020-08-17,-0.017925754552896134,-0.03250161858856759,-0.002939458816842655,0.004648194117355953,-0.03135297082795163,-0.029810225124327183,-0.009448397109250273,0.0012025320463595612,0.01049649193670299,0.007822714896090988,-0.017293907050939472,-0.049863205965224866,-0.006373398059993041,-0.002989297986509043,0.020932774146699584,0.00948898320445668,-0.01296317155883342
2020-08-18,-0.005867051661053058,-0.012597323313084718,-0.009090970307218948,-0.020675018698578906,-0.034071863288758,-0.004082481241376668,-0.013087797929545397,-0.012012090864328862,-0.004154742436631276,-0.02180203460964869,-0.03105601195147034,0.0028754144707618945,-0.016837722840421288,-0.011994353439556571,-0.015467718433082367,-0.02417196992858972,-0.004924933331183601
2020-08-19,0.005901677105518033,-0.00789798845603007,-0.01686110400635321,-0.014150294413593723,-0.02204588226334081,-0.01596536270743476,-0.026747436950072534,0.0024315753670027807,-0.01808058363349918,-0.0016111422772887574,-0.007834873364838235,-0.00931877975924833,0.0017941809309554024,-0.0025292145394790744,-0.008768653622375222,-0.0068804825143023995,-0.011077193076001635
2020-08-20,-0.039113459236325476,-0.036742263133137554,-0.022194275812591036,-0.01828896644451894,-0.03606847165373661,-0.03310692222021161,-0.06166284532595312,-0.029108448340069315,-0.004249564063826927,-0.04195813847124186,-0.011127095450383817,-0.030391061287083132,-0.007326472171931608,-0.04817437688262982,-0.02875044288627482,-0.011547215962225632,-0.015252573024868599
2020-08-21,-0.03256435544274572,-0.017800510997275976,-0.015733848851039123,0.0031836667243814176,-0.0233862507800916,-0.016099817179642706,-0.03494966804357824,-0.016864527399234386,0.0035564802249337113,-0.0061761548574045255,-0.024319303326073016,-0.01791018611772377,0.0,-0.010122428390727078,-0.0015180439985135186,0.0004673445123373199,-0.007502266834639837
2020-08-24,0.01402504643270297,0.02977358608027969,0.018606050992522993,0.02491722522720119,0.032567288228678715,0.02166399880635561,0.021422985296819075,0.034943036076847234,0.009212899790328466,0.03983058837527986,0.014137104394089883,0.03495436676919672,0.04395582729499803,0.05220674487838406,0.04503997752898248,0.012610907216817901,0.029504820887918504
2020-08-25,0.01313975523906552,-0.016341898190936788,-0.0005149531840572541,-0.012270511989923127,0.0185529863520002,0.0011279681447644574,0.02521827758252515,-0.008594591802599028,-0.01966271305622347,-0.009780200798222949,0.0,-0.00807631985549817,-0.03173611869174375,-0.014833693485148292,-0.013456974105118258,-0.013376410935481142,-0.03173853331476295
2020-08-26,-0.038907871277289785,-0.038338521965018635,-0.03320428747902893,-0.01567380745824809,-0.025501129784388232,-0.02523675026440242,-0.04067226164390869,-0.02105242566226717,-0.01647561426862032,-0.03072687025811638,-0.025678595881463817,-0.04071046513274568,-0.02596133605945883,-0.030633713391754136,-0.010138451755590805,-0.015895339891388915,-0.021281810763583597
2020-08-27,0.03693210944178005,-0.0212625468258002,0.0157084937934322,0.001533307352550084,0.005607296125825778,0.03906618724729927,0.009647453205045231,0.013282688784700403,0.009468274279462285,-0.009906682185956694,0.018072214746973403,0.006172773233217077,0.003831402586671251,0.0016070792026181557,-0.004841417301009843,-0.004275669796949377,-0.00674786873810429
2020-08-28,0.030821801970490448,0.004752071400307312,0.006028398661319212,0.008479510371013133,0.03159856854517451,0.028030875527494503,0.009303394457049086,0.015605546850504526,0.023087926004330184,0.060320254691401676,0.03846138291362822,0.006901678579932957,0.025390082183670337,0.038502755923871756,0.02713327538710253,0.00524827889406887,0.02390504140261296
2020-08-31,-0.016611449583364468,-0.035135158001480815,-0.01276671815870667,-0.019852830127090382,-0.020720573487182037,-0.01882683689278164,-0.029397312485225813,-0.005531588411954225,-0.025387801376887564,-0.043947268426868025,-0.02136724342960894,-0.0297029016342385,-0.05373047613511417,-0.021112369110536933,-0.041901941786377295,-0.014712879745764407,-0.018432170005026838
2020-09-01,0.00945954556133266,-0.02801105624031963,-0.01926634039175934,-0.010127474086194965,0.003679734257323597,-0.0028670772352603624,-0.012320067889364683,0.005887655731469099,0.0036178540344193877,-0.013818070078204792,-0.012008907292704096,-0.020408248488018366,0.005472931476802501,-0.013502772952466269,-0.0022820080808008125,0.00963374155796659,-0.012768964512606673
2020-09-02,-0.03480571262634791,0.01657059080785306,-0.020990622330037012,0.001324080447038467,-0.022914664716575328,-0.03339972965623117,-0.05613279876045019,0.0012323373960054784,-0.0021630808787751477,0.001143519331945786,0.005893263111616642,-0.006410271124447808,0.021432242003261992,0.007514983406805786,0.00838565997896068,0.015267497511853412,-0.006087055610284997
2020-09-03,-0.0020806891145650486,0.03118359260236847,-0.010720110424235707,-0.01093906222142138,-0.01782360452411469,-0.013043041680982026,-0.01514350243704543,-0.007999909654960335,-0.01445050701347883,-0.021422232576883693,-0.014646489723661893,0.015322884194625797,-0.005994976867744084,0.01864645661221309,-0.010962137329924682,-0.017857242049044597,-0.002040988732104898
2020-09-04,0.01459371664016329,-0.0013746619416883377,-0.0036118952274666327,-0.004253446258569604,0.007640632451560103,0.0002313340785748963,-0.006709660926304761,-0.008064753344142361,-0.008798021748451679,-0.01809727772739267,-0.005574188561732973,-0.02700565491465945,-0.011894791204561606,0.009937314338256398,-0.021211608662567105,-0.010047856802502642,-0.0007669750420811194
2020-09-08,-0.10684959203073663,-0.03716444774512406,-0.05019534878817866,-0.036128659242664285,-0.08815168100342907,-0.053546579849647835,-0.09963399270414453,-0.0737959635108032,-0.019970412953358663,-0.03894159755176185,-0.022795351127584462,-0.0971429158442555,-0.017293932363472875,-0.04816141750123604,-0.04861356184948762,-0.010149965149801154,-0.023029781959868934
2020-09-09,0.00843592311611907,0.009292416223067423,0.011744148007688082,0.013423178463191743,-0.00415780496647733,0.02522658438258163,0.006252085424125253,0.01688043837555231,-0.0022636894989616074,-0.017321390370641288,0.012619477880681185,0.0009042304758140052,-0.001552932997565537,0.012513607204095445,-0.02011075386388317,0.026367082919248386,-0.006024415269923145
2020-09-10,-0.08669212317547148,-0.017705383547844677,-0.04468941966090656,-0.023491358292513365,-0.07411294816336245,-0.0922123512321994,-0.0655485079443403,-0.05179273804410467,-0.02344943467629934,-0.04721422484992022,-0.01699391508834458,-0.07949401815440782,-0.04337293978037504,-0.04836121088096468,-0.044397916231393,-0.021338509683896945,-0.025032785303447325
2020-09-11,-0.009991736193009304,0.005767748766022596,0.005771513435106845,-0.005886150711074012,0.02397313148773872,0.027631956451087403,-0.01529244944828645,-0.0007001978694106681,-0.006971579700243202,0.032375132842498155,0.011909155626172563,0.002943892940731274,0.030888693210826323,0.009034150296958643,0.016655587948357864,0.0024781170033227884,-0.002702488114224688
2020-09-14,0.003364161535758914,0.04874559100474407,0.012382952078364262,-0.0051486125609347955,0.01672215623900941,0.003072680349339274,0.04861582461685465,0.004204502618587291,0.018720908510060363,0.024640078612027105,0.03644643118293733,-0.003917806941093338,0.0227791674540907,0.008953933416833815,0.024143310436093968,0.030647468908373998,-0.006504273989907383
2020-09-15,0.0008381034082309835,0.005468125601013618,0.008352951458883595,-0.012162044029199626,0.012061261727224437,-0.014807152967638237,-0.018029468310358232,0.007676116829584689,-0.011485368142124086,-0.0290442875078446,-0.036996119248973725,0.053097418062846735,-0.005482388756984147,0.009428663604603482,-0.01999591769751774,0.0009589824050546536,-0.010638550435906224
2020-09-16,0.04690122582153822,0.020394669937001453,0.03786980461717371,0.02894555541168109,0.057421560410700456,0.05882344513113247,0.07901644842995159,0.043628906184287164,0.034082077591236715,0.04084884268393729,0.06770643983983793,0.0868346774886215,0.042377161926405504,0.05384625249745523,0.054553281311771284,0.026353453615896028,0.042459534709145874
2020-09-17,-0.006399981408394595,0.011991692964821832,0.028791603032253255,0.0029277473008115784,0.01946708475482728,0.008076409959595576,0.026739604266792227,-0.016589273333262988,-0.004494469651576072,-0.007416434463572208,-0.0014249055768739138,0.018900375778921452,-0.002644011325869222,-0.005214047169925573,-0.0020367795136824185,-0.005135226896274547,-0.00026462050878584
2020-09-18,0.01851839690802004,-0.0013165245386255187,-0.006095907983389437,-0.007361427128660503,-0.017085349953282702,-0.011653204812843376,-0.0005920397203265093,-0.024966265768766815,-0.01580136101067653,0.004981394698829744,-0.017481512461526072,-0.017706676787673237,-0.008782158255726702,-0.01834350716431765,-0.005918242889867975,-0.02674801440165775,-0.016137223218108288
2020-09-21,-0.04268767148985997,-0.055372693163594056,-0.04209650082609828,-0.02442115023148206,-0.05214693518528124,-0.04667162353238663,-0.05004435749542602,-0.08512102588068027,-0.016819559474637313,-0.03190835050777574,-0.03994199027863643,-0.030901126921894506,-0.06519569898696143,-0.07795016752676065,-0.02771497742147755,-0.0033750310539076844,-0.020435679723982636
2020-09-22,0.010734875794184973,0.004884873617785113,-0.0017462583959094724,-0.010091776787223616,-0.007551607168012731,-0.009276212340541323,-0.01465085010946976,0.008320631365627662,-0.004665512547524453,-0.0067199175955879875,-0.029122349624330357,-0.01860072589744277,-0.010014184367891033,0.0034744350452071693,0.0012669063106309775,0.006773164832885259,-0.024704957895869573
2020-09-23,-0.09313721955279974,-0.060416542100800386,-0.040233031435149,-0.04739833633787538,-0.05652166738323072,-0.05383578374099751,-0.0540968943119996,-0.05101249505325067,-0.04453138290964198,-0.07442026247456401,-0.044020315069530414,-0.060469255384300924,-0.04931373804181305,-0.04154654388746204,-0.061366611308401375,-0.04324842707471965,-0.03208541472439519
2020-09-24,-0.01801806698590791,-0.015521114966963179,0.020655957929630153,-0.0020848182185836395,0.032257970871657715,0.007421429554862691,0.0030100600463398575,-0.01027706405201112,0.004088424143808167,-0.0038285411209793008,-0.002444810723522539,0.022094294741342058,0.004180355344822306,0.00060202748162963,0.001572910794277016,0.001004385021179388,-0.00203541979221733
2020-09-25,-0.09632997806433097,-0.014264216485521897,0.0029762149613903333,0.00041773880009388087,-0.015624780292126439,0.02182803716835746,-0.003001026775544813,-0.011980696679142921,0.007328914511475881,0.0003491529746835198,0.021650151157946995,-0.039473808079680595,0.0005677249976503429,-0.04211787478843576,-0.014805117725244288,0.0025087593138559683,0.009324048236227789
2020-09-28,0.042639629837668336,0.02589484916747664,0.0002966261665502401,0.029235671547636732,0.11111095239448865,-0.00026675598350445195,0.053177241010987863,0.03152779043832998,0.019401724132507736,0.046105692604662796,0.039983952899354636,0.011741621324836471,0.020801407450090625,0.03329147000825872,0.020491716360893752,0.021020968168149023,0.019341421695172167
2020-09-29,-0.07108110848465432,-0.025241231290410004,-0.03708101275191378,-0.027458429217777303,-0.023469230334102975,-0.0333869583207248,-0.009209200347049307,-0.05407521015693173,-0.012688343175893846,-0.017362212449250736,0.025374806361170954,-0.03384912691705089,-0.03316025668433953,-0.05167177404569756,-0.03145911310093974,-0.00686268700924042,-0.029169930427944246
2020-09-30,-0.007337417314833838,0.012185970234203092,0.011706828164253169,0.0013909596588161932,-0.011494445809218323,-0.006908099210904739,-0.03461537774185586,-0.0016568943035371042,-0.009638527729384117,-0.0030583151710413814,-0.025871996414651433,0.0020020427629703352,-0.006706206712287388,-0.002564019589933575,-0.0020731700277166754,-0.0301085805827781,0.0014584959129329
2020-10-01,-0.016895644976021473,-0.039879757480513534,-0.01248483425306246,-0.02194462630592553,-0.03805495463154096,-0.03004985932943427,-0.03419652520594374,-0.07302918466602537,-0.0072995218601533685,-0.055555331658873386,-0.027328480764232332,-0.03296688597689201,-0.0300927003763779,-0.035347152796097236,-0.07017526051685885,-0.044274752167080766,-0.0349549116295208
2020-10-02,0.04618691695110799,-0.008620569124125566,0.01973472935861098,0.010934572091942485,0.054945169051994425,-0.0014341734707539189,0.04743881421923546,0.012533906447217857,0.005719360027114817,0.020209167183025567,0.04986135169413175,0.019628072667329022,0.015513135963551195,0.03730855672269917,0.011171571161541882,0.016506780455001202,-0.004527589952984523
2020-10-05,0.010267198374592557,0.024505893814801283,0.0365890312494217,0.021210937076068026,0.05729171383061549,0.04740017445906064,0.01312770397532348,0.05481848723417415,0.02355781413915725,0.03431200630589992,0.04070909377200116,0.06484302518905949,0.029181272605774966,0.03211311232079894,0.05745158977587961,0.023572681979441068,0.023044359986404306
2020-10-06,-0.04268285274801287,-0.015432184795302062,-0.028587938258064827,-0.005502273790766621,-0.04137934030660073,-0.01289078049774095,-0.05377381798089209,-0.006705796930575381,-0.02619024674116699,-0.014021806357748634,-0.019920703754427005,-0.036155894463139715,-0.028353870578980755,-0.02489117083682424,-0.017181199536600356,-0.010747222067952644,-0.01037344967998266
2020-10-07,0.01592330926626717,0.016457908041531022,0.030930844938735325,0.020470308452320563,0.014388413753132712,0.020005189823086633,0.008901139586550588,0.0067510682231441965,0.02607997627572134,0.013180765211187051,0.02771615421841589,0.014807394697242238,0.017038661384044085,0.01786844421597311,0.000472148383492188,0.0031040221358737963,0.003294466018467501
2020-10-08,0.05956116073315321,0.031611288096831336,0.034955071765082835,0.019517487414468127,0.0455926700540803,0.026151217770609136,0.055989136140373263,0.07376376623632974,0.04289084159378653,0.06538841170394871,0.057533236035870905,0.08754840794412266,0.03292900555292122,0.030094091894783626,0.04746184542657006,0.030943909962443117,0.052537278805314225
2020-10-09,-0.04635119738903737,-0.013453064093716383,-0.011258049942593273,-0.016219102200114355,-0.024224856182084253,-0.0029202469230193984,-0.01381760127532472,-0.017954683311078634,-0.023610075337976544,-0.03213334988918004,-0.01224050158940515,-0.032200371356034596,-0.011185572430393531,-0.012172922942616626,-0.016230703942311853,-0.028514387330705215,-0.014747591101179292
2020-10-12,-0.03722855311362927,-0.005302964035376778,0.01309408484926089,0.00689182928272003,-0.020853978361747738,0.017305552414414782,0.01661785883864564,0.011923635977901581,-0.003120151418343431,0.012283964004963455,0.0041306980260416015,-0.0009241387245298993,0.007918500555265995,-0.0067775540978904925,-0.01260325841766563,0.0015449157448488293,-0.0031665128042641655
2020-10-13,-0.01825967458830302,-0.02056352938753836,-0.01994941481840451,-0.01489728027977788,-0.03651127009838795,0.011253407238335011,-0.025320579737801885,-0.014925452731622157,-0.013301912028465201,-0.036405356565841096,0.009599052419379417,-0.026827082086440468,-0.04096501406670583,-0.02419343976393218,-0.03852412993525711,-0.001542532661852558,-0.011839244167198282
2020-10-14,0.006564286878632419,0.02255049340055959,-0.010034485776378332,-0.006130766122508957,-0.01894713137970805,-0.02639729868866203,0.0026306571405292356,0.014353988870534629,0.027755797247402736,0.018039403473609106,0.016977812534173964,-0.00665393319581653,0.01579842673168108,0.013985905394249931,0.006758465543009962,0.013388339533591642,-0.002045745039112812
2020-10-15,0.06086988097159507,0.022813521601977138,0.025195403066442523,0.007676327008899753,0.010729431847921855,0.022419010932197336,0.004591948819644198,0.027515747069182472,0.002314756580968247,0.021063153657168376,-0.0043404818163022,0.015311021351275489,0.00825668905005661,0.029467357109505654,-0.003596527781241532,0.0015243770641004684,0.008784645855689943
2020-10-16,-0.03995932217049314,-0.023048135105041556,-0.034314985391382,-0.008433959644507882,-0.04989376174503979,-0.017331840699569834,-0.0437481786366285,-0.06273887635225972,-0.01000765362245637,-0.03831021293500414,-0.03085183482306364,-0.049010299390768175,-0.03675482298196997,-0.08830703959119213,-0.032242122351074265,-0.022323692680589535,-0.010159659166943946
2020-10-19,-0.03308383237995527,-0.0022831726030081434,-0.03168483961161994,-0.022088237367164698,-0.01005584421644845,-0.03287022026916797,-0.04267648003835123,-0.006530710219282532,-0.011663885700680887,-0.038134332110992375,-0.02110720522489007,-0.026759301720031048,-0.03222638648163767,0.002671851357373356,-0.0231230266407757,0.0010378737584988418,-0.019941196341661804
2020-10-20,0.06070598756707546,0.039664399935525285,-0.003669915712846361,0.0056116811114779175,0.01241563091685638,0.0024868522580399066,0.014621835661917215,0.046836471337835084,-0.0023603919475165824,0.03504422245991745,0.022269334681894737,0.02545855701259403,0.01307466000009816,0.03197880423469779,0.035886985386244685,0.020736084545402544,0.00837820698885916
2020-10-21,-0.050600002441515524,0.030080674743680147,-0.059545715108926256,-0.011300096731651,-0.03790449988033129,-0.03197318110667369,-0.02601068789270733,-0.005494609344524393,-0.011829777085008875,-0.014363708585461765,-0.016943530200063228,-0.040715301649129176,-0.017543932796367234,-0.030987849850668936,-0.003930900628965062,-0.019806966761361067,-0.0160238394218859
2020-10-22,0.03736281445729772,0.029914470552134143,0.04144912981705429,0.03569905909618121,0.08227107433528236,0.051537383187832964,0.05268859282713545,0.02920276245832265,0.03431763074744576,0.023941475018180336,0.0787902863567087,0.05279504551402825,0.026477852992558448,0.019320551667354025,0.018253314569878665,0.052331808155712256,0.051266779760755554
2020-10-23,-0.016949278594108996,-0.011756510704038825,0.01974292340875894,-0.011307899231079777,0.0021414807127460023,0.01570510885641485,-0.004799411062588854,0.020705695770566246,-0.013889057120001325,0.012876966435439563,-0.003912602237491791,-0.014749260461626279,0.009398016402709208,0.006535735772641216,0.01671507865420785,-0.017233048630217906,-0.020080471547350265
2020-10-26,-0.077585893229424,-0.027291846860071245,-0.06822356056493273,-0.02246101848880111,-0.05876066937992275,-0.06878117495226,-0.05167080884817066,-0.03906848227691939,-0.03129885738546245,-0.0431581995085476,-0.034042592795435866,-0.05588813396700665,-0.046354739376038734,-0.014934936258745535,-0.0578983756419863,-0.03807632807479422,-0.023711951544968746
2020-10-27,-0.024532895671256605,0.019424320032806364,-0.001979071873024152,-0.02015781964325547,-0.013620927318206189,-0.010020230081561388,-0.034870922681294325,-0.02189202214863084,-0.01696274376032625,-0.0143355033558199,-0.006438446168190226,-0.020084648257458815,-0.02222680353059059,-0.0052735387935726186,-0.03237258919608277,0.01145843323710416,-0.015891997924791457
2020-10-28,-0.06706583174223157,-0.03316861349196032,-0.048578860317766925,-0.03783645674330116,-0.06789393848780245,-0.05986121143651846,-0.07414360620246596,-0.08713032328240988,-0.027937620837770294,-0.024476844991378255,-0.007844605754246281,-0.04207127912371722,-0.06054835303674433,-0.060304755828642476,-0.05410320733875018,-0.028836134050192253,-0.03808651383916428
2020-10-29,0.051347831491845186,0.047445186103365344,0.012851638602161986,0.028708386044153933,0.04320964611019851,0.04490930200698151,0.03821122075264127,0.01751312216253087,0.01944240296151123,0.04836366120360447,0.04503273690732823,0.028153496512149268,0.03980101017240356,0.01904105018503821,0.037026897225512334,0.012725234090550375,0.04434592471580867
2020-10-30,0.013431172672636826,0.029268471607357904,-0.018518604486245427,0.01017421785217465,0.05680483739182818,0.00794833538055184,0.016444652889368472,0.037865867808233755,0.008730889289547017,0.023239643980200064,-0.015781585766760586,0.0,0.01478915820773663,0.0339098304782699,0.02877679895780849,0.004712133440059274,-0.010615865263709612
2020-11-02,0.07108390568797596,0.06364270727135057,0.056254358799049387,0.03812952039545503,0.05599094118847936,0.026577069738029868,0.06741144618749906,0.06135960549883834,-0.0008404080545061365,0.06101685557897918,0.00793119958479993,0.05695466712819641,0.02786086293767065,0.04283793839124295,0.033411109817795825,-0.021886734853250545,0.04199891555815305
2020-11-03,-0.017997637619684315,0.010821146685346283,-0.030433185453106915,-0.0056828121991499,0.02226937282190855,-0.003698471244754198,0.014795972064709284,0.014843666803544764,0.008410487047492365,0.0194888202141954,-0.010605552392728756,0.0041452683705653914,-0.009174116009431521,0.011553317972947452,-0.01052649478821166,0.011188375799963568,-0.017063920109062436
2020-11-04,0.02978228152520379,-0.013854126804825562,0.03650613081883125,0.0004183626852587441,0.017634904256647044,0.029126082529821407,-0.03556168231187917,-0.021554802953402286,-0.013344391905160458,-0.006580858563453584,-0.011065032388421714,0.012383940769393753,0.008417391388816364,0.01332485500109315,-0.012917842899997867,0.005795391444585851,-0.005387399483370081
2020-11-05,-0.0022242927250542,0.0044700021397929834,-0.008558120553817106,0.005155248852555028,0.024464649960780793,-0.012208889296984826,-0.03392333587291063,-0.011015074212644693,0.0059171111849987135,0.004100862005866901,-0.0020979938420304656,0.0672782928783453,0.005634591418371082,-0.0281778733652005,0.014370010994216864,0.001047726106212954,-0.0018056736537599427
2020-11-06,-0.04793772209508618,0.0012862636496002722,-0.030876670686995844,-0.013723209008192239,-0.027860682421930405,-0.028651427067350577,-0.05572513066042506,-0.023070713337663085,-0.03529416046544043,-0.007854215620003324,-0.057813436003670726,-0.043935159383270084,-0.03133436984326832,-0.019329831824909105,-0.034404286155646946,-0.044479215575936815,-0.011757742567521823
2020-11-09,0.14168570448970752,0.13487447759679827,0.1435424514746968,0.11595242865913846,0.15967259549217538,0.1657024034901562,0.30961993736501925,0.1710097372372119,0.07142862859095533,0.1548451098175534,0.16586056761027934,0.22177833755463405,0.2217225113405792,0.19907977376808872,0.3120254006571648,0.05969321783877524,0.12660197972821963
2020-11-10,0.024615862544985045,-0.003961267632919707,0.06440989098957783,0.04622143419722713,0.03795268429990162,0.04663868645465774,0.05323990539085233,0.0,0.04796742311347302,0.03208086449456582,0.03795859511096733,0.012264668938180234,0.019463426368062198,0.003288279654746651,-0.00239628769425404,0.03307510913099643,0.022184706570774093
2020-11-11,-0.004004061286065008,-0.0022728238864286876,-0.007036553832668324,-0.007343210217060636,-0.0085036303861602,-0.006636818988275506,-0.026089719080681473,-0.013908122635441722,0.010861146326381688,-0.011955363859724732,-0.012906943347249955,-0.03877201638262584,0.014447789337876493,-0.03276915327099217,-0.0034029504224657448,0.0015008003680154758,-0.010309283011098569
2020-11-12,-0.02512568104415025,-0.017653715343712073,-0.03599751258591832,-0.021707594647385142,-0.0377361609818605,-0.033881883995160234,-0.03622529902599547,-0.01833599922439555,-0.024558698067387086,-0.06695323444877166,-0.042029824711491304,-0.04957980623778424,-0.07002367664881748,-0.023150929636108986,-0.05041165335386044,-0.0339660515133241,-0.03426512611559296
2020-11-13,0.06391758570251493,0.03594193945547186,0.03969404797900178,0.029255246303542037,0.04991118989372656,0.053840634112249486,0.06127632978234265,0.029454307168991667,0.03304457749749057,0.08242045659996045,0.028924245519239777,0.043324374541366506,0.0712853846310968,0.040462626160573834,0.07698814873068982,0.03619436032087098,0.024127297782379875
2020-11-16,0.07945726368316608,0.051483350307240494,0.0769232952471548,0.07141987596149058,0.06366703839560262,0.06280781987113837,0.06934523847728613,0.07885539494874694,0.041127222453847034,0.08439830703484352,0.021793924202811787,0.07627117983418641,0.08226741935700321,0.1133335693558497,0.09328355056035798,0.009481207209566467,0.0576497248992458
2020-11-17,0.026929821130416975,0.025012918920481964,0.020220651215585805,-0.007185825234791388,0.04628894682809648,0.007055612920641163,0.038408167770345836,0.0226390212089016,0.026335092417695494,0.011457376694124388,0.029675740124223138,0.022834788695792918,0.02746717408362742,0.0024946574783817344,-0.009873817613419544,0.02965878460550808,0.013364639219992869
2020-11-18,-0.03496457175364465,-0.03530630377815369,0.008494019870944447,-0.031709809962673585,-0.026696850277546424,-0.016202942227317774,0.011524773388168708,-0.02656523611079331,-0.01924444311817186,-0.0509729734940364,-0.030021364053786304,-0.00923782604340695,-0.05579732061711906,-0.005973035689177397,-0.05355472763201807,-0.039846451788884685,-0.03775547956378944
2020-11-19,0.028079476081268817,-0.01453168083057177,0.007401754918955561,0.017205036379400962,0.06269564248045167,0.011795962837450658,0.045044909480083106,0.039636090138085,0.04651161016159433,0.014011545230231182,0.030640616209282934,0.038072853075115765,0.01152257748842378,0.024536824317786143,-0.0007803520230512673,0.007999930930770338,0.005106283722363658
2020-11-20,0.007929261094191009,-0.005461698769472556,0.0045606046683193124,0.0006996458891221913,-0.02949867883150714,-0.0015397464990087872,0.010141890719060243,-0.006250061740177282,-0.010416648628094882,-0.02098273123965233,-0.010210100861240745,0.009730583931431225,0.002278448944205369,-0.012219150711560767,-0.007615961437012597,0.008928745031050456,-0.012299701800336682
2020-11-23,0.12412608052742002,0.05766072850168791,0.07717500329635141,0.0610789828897671,0.10030413585705089,0.10993614439497246,0.11671698658377472,0.08930837003611769,0.025964928244987417,0.07736547471593047,0.06735425965706643,0.1682728020203741,0.06900480829806765,0.06927287189880205,0.10369944649013108,0.046214261994607986,0.06551185709747132
2020-11-24,0.09175736797573952,0.051921188866958845,0.03980345763391324,0.05042321506639036,0.056629828725937026,0.08019050659455784,0.05956420408495644,0.03406464246055685,0.023939885910345016,0.029839538730672688,0.07049467662422271,0.0647209585978481,0.028553992837932363,0.028690493306964937,0.042788468824368264,0.031954847806446196,0.06656536616237374
2020-11-25,0.005698088009306712,-0.023691821941345004,-0.017563634804208084,-0.036394198173093195,-0.0117647630401162,-0.026093017986157152,-0.03712368808550459,-0.002791763775656708,-0.008016017305731982,-0.02285007918872617,-0.0031860515940389522,-0.0035759401667310176,-0.021559375748540832,-0.005848006907356207,-0.035219839894080174,-0.015482562516881182,-0.027870730997527904
2020-11-27,-0.014164272636361885,0.0,-0.019482017307173027,-0.009007831152878398,-0.022486670092486283,-0.02962297089578647,-0.04119847221452344,-0.016797655423407276,-0.006733964775654022,-0.001446587651155018,-0.008258075591405123,-0.00956920659174787,-0.015544858946386353,-0.009954820392738206,0.003367035239248306,-0.0074007235159231355,-0.015192419621338105
2020-11-30,-0.07399449263850522,-0.05358984259306643,-0.0752690190053662,-0.04523078903749411,-0.05345056302199669,-0.08846948795993559,-0.08180144862501759,-0.05523887134193284,-0.025084668486239026,-0.06132277889356996,-0.036529779489507086,-0.048309230923437974,-0.07128623196295492,-0.04981730469524104,-0.05033555312633953,-0.022367296645055323,-0.05125627200146321
2020-12-01,-0.040341160344583904,0.027243597808350062,-0.007330421538471743,0.003096933139465241,0.0007147796750412994,-0.007466489749883953,-0.0027528176399082005,0.029536040342794667,-0.019471784326247188,0.014660335741463637,0.016727136639780316,-0.03997458764425377,0.021459232834790454,0.01959824311780589,0.011716476304521661,-0.003813243237446806,0.009703445145686551
2020-12-02,0.05982197528748823,0.022880810135212037,0.017825153031125973,0.02767310371920928,0.05714270029908053,0.027724606498667592,0.016813063690777952,0.033753931776054236,0.017021527321549268,0.0286437128809629,0.027419904575811227,0.05023106295715718,0.04120882189874875,0.027052894661367732,0.06746324766241019,0.03588540940800433,0.03740250129907574
2020-12-03,0.04805525816625811,0.03812966315309474,0.030773143943370718,-0.0007785800056251402,0.0344595157704104,0.0073187846342777085,0.034304411513376376,0.023281778884710613,0.01046032246505968,0.010103672798601915,0.027221690340171856,0.0314665264246381,0.009157066893200838,0.01987062417621699,-0.002755136264621094,-0.004157008062637191,0.006760063864782451
2020-12-04,0.10480328201115396,0.06709106846469681,0.07451473126606345,0.03875260142927939,0.09209676107989684,0.10027036578773085,0.12669992727339263,0.07824645519193996,0.03036546745074209,0.046840520961967336,0.0555988740346971,0.1342284222965704,0.06613372923886263,0.06252840144284955,0.05802107706265436,0.04313541354151784,0.03655831783429253
2020-12-07,-0.037549526661222465,0.010555106291569194,-0.03275385112416895,-0.027015569464492573,-0.04605284375552898,-0.026981298726222902,-0.033460599785995915,-0.023674602850492055,-0.008707168729370496,-0.016312923744754015,-0.00787616692861648,-0.021517047694397773,-0.032746740178358325,-0.026439366594211533,-0.02954135057502416,-0.03957291416812192,-0.018714266719851103
2020-12-08,0.010266918211400355,0.01816528050238797,-0.0032693628617777026,0.008594211285359199,0.0012541266430148301,0.011246744213693871,0.010955341432479226,0.041644665000228676,-0.0027027568687606474,0.005685339849085702,0.011907908632255992,0.051676667002308774,0.0050709263078478894,0.01752077531557772,-0.008072733107501895,0.023147826135667238,0.03276309449933179
2020-12-09,0.017615319580988054,0.013827003082243827,0.00046886504255105876,-0.012016617495415272,-0.01628046394028626,0.015532214420744817,0.025791041142334548,-0.012651703941411241,-0.010162583552993598,0.004476222399866447,-0.01397397364623476,0.014121616899649414,0.020477858382369707,0.006026772172496697,-0.0030517448341245146,0.013574772631227194,0.01325745322453642
2020-12-10,0.09853544692098715,0.0171577661274962,0.030444673015770363,0.032175955567538495,0.06217918752085616,0.03247703927239787,0.05514471804060572,0.02460263534204188,0.012320396239049236,0.02790814502906125,0.038040656023184516,0.09901985794214951,0.030391144178704366,0.0004279444196795268,0.01819715198092986,0.0,0.028271062162676053
2020-12-11,-0.024242702990232123,-0.019463633104749856,-0.011817987002102681,-0.009641042627811403,-0.02474327556736311,-0.019751193228640718,0.003404012593080763,-0.008004101073726844,-0.0027044954683261846,-0.02099040798045748,-0.004311311906800341,-0.019709316110604225,-0.019051835585859433,-0.018819746033076457,-0.014030518431624506,-0.0031819154219310253,-0.004771720827989712
2020-12-14,-0.04906825922526392,-0.04366998841466452,-0.026679107161529547,-0.0325581736930427,-0.04888621780418001,-0.028358043780077224,-0.06306137604645701,-0.04387278034372766,-0.029830570488794894,-0.05010487333502944,-0.0344000984712165,-0.08233567473025394,-0.033376400682193386,-0.03312966295132702,-0.04472280064464362,-0.019151756593732028,-0.03607292217181246
2020-12-15,0.03788381242588401,0.0152214813606657,0.01134219691905125,-0.000782323098355131,0.027326094811327195,0.020737134985346684,0.02577255817191393,0.05854413992784324,0.03214535507919347,0.0365555399202484,0.0291484053849409,0.03495046191493256,0.015776180868750433,0.0356175590792831,0.019329639282702038,0.038121883861837125,0.019421923991851386
2020-12-16,-0.005664038844573671,-0.02317138635835858,-0.01121499424586847,-0.007608931587012813,0.0075998398565839675,-0.008652950466454867,-0.0105899708684003,0.003488106437377736,-0.011509914538906818,-0.014201405690556501,-0.01597668719408918,-0.019657469474880562,-0.014066202258586902,-0.005659593083563119,-0.009742520318028913,-0.025974421943688375,0.015334571668265573
2020-12-17,-0.0031644089824752752,0.0,-0.008270248514460232,-0.003157066692651145,0.01194186790611007,-0.010436477701051383,-0.005456106748156775,-0.0029794580347028976,-0.02054781960053742,-0.025690148900911147,0.0019677793166819058,-0.013881391296784562,-0.001783070142676535,0.003940684868805722,-0.010189924844316134,0.0022988728169899275,-0.005034578887997743
2020-12-18,-0.026666802514573096,-0.015348917402368989,-0.0235880360612698,-0.013799356076858671,-0.029192463858029982,-0.0072864151141084355,-0.03270801446723004,-0.01991988252668786,-0.00629378632808808,-0.005667876997389798,-0.021114474624987722,-0.034411013024022385,-0.00476398149445012,-0.027039043972894694,-0.027866419925182795,-0.02844014181798815,-0.017249034794483142
2020-12-21,-0.03131095501425907,0.0037790936239734396,-0.018057749670327472,-0.01261635941739947,-0.021113165101760534,-0.032644704362470245,-0.01788801395068751,-0.01676838036899919,-0.015482181180320631,-0.014869687477993776,-0.01203938540834304,-0.056695651406469594,-0.005385337484501429,-0.023756171307247276,-0.013145885430386195,-0.02266291600939574,-0.01825396011848046
2020-12-22,-0.04915829620493373,-0.0028236751573497143,-0.030069362639759123,-0.020094933803101456,-0.03071910741891626,-0.024560726764833674,-0.02154573032053697,-0.011886401263228819,-0.015010697065940937,-0.002012469855000809,-0.01929400573893203,-0.031482512379219285,0.015340906906067708,-0.01928381316279193,-0.006475605147930774,-0.004347891088037237,-0.016925022882925078
2020-12-23,0.04674205234684958,-0.0028313607032568466,0.026902135499026647,0.015765548503600346,0.0559676769776416,0.02517914486196049,0.08513060486195134,0.01882832246270283,0.0036286631530253466,0.04134076552225996,0.004400573536318619,0.05732866022453864,0.02740321107271293,0.026217489197924326,0.03892003544695988,0.006792967732697441,0.012851612313331762
2020-12-24,-0.023680521993122206,-0.005679422245074339,-0.014720327291268265,-0.0042013078080236355,-0.02107271918789988,-0.009584775650389066,0.009413776031656385,-0.01386035756555104,0.0,-0.0024205111300069637,0.0,-0.01229758885944432,-0.009083088001442863,-0.012773797189644553,-0.0019717111650454644,-0.0004819680187762021,-0.004069940468557798
2020-12-28,-0.015246041469819671,-0.006187364225176406,-0.004811604399262204,-0.00503915140563016,0.0013044435218962924,-0.013306431789838924,-0.012849324592769218,-0.016657975951060555,-0.013738192473056854,-0.010434530159561972,-0.010051575962541914,-0.015279860988739347,0.00872979826666076,-0.0032347945209850737,-0.010596131458500913,-0.028929578325607275,0.0033653251907836967
2020-12-29,-0.0042224786623393795,-0.006225990975738949,-0.005852653523624074,-0.0034159010307224236,-0.002605569834430721,-0.005516858774475608,-0.01322717118138883,-0.013234503757075688,-0.005131922695260638,-0.001226038613906577,-0.00728988016805443,-0.009195595301279003,-0.01370250878482393,-0.008808564970433141,0.0065347198994416544,-0.0029793337264966135,-0.011260008360855944
2020-12-30,0.029681976349680506,0.022168482664382205,0.02405942759979318,0.008509642186236954,0.05421271767897995,0.03883295914676044,0.04829801615613394,0.025751163092704976,0.0,0.020623748104202644,-0.0002622026930364507,0.03886349530880784,0.03246557212595125,0.023386504132665298,0.02290350980801148,-0.006971956329935192,0.00799600568875558
2020-12-31,-0.0260808696947753,-0.01697307635575751,-0.0004998039984319691,-0.010313141907264067,-0.020446099103592852,-0.013647076192468077,-0.017657992926648047,-0.011506486024257523,0.007368859638263281,-0.0050517774386460434,0.006820656786685975,-0.03350099287255881,-0.009348339696267804,-0.002285236992234374,-0.0026447237985424144,0.005516514654854143,-0.009134617585526472
2021-01-04,0.04087385405253263,0.00815375948962882,-0.010502533186352081,0.003079323327571215,0.0202404478027558,-0.00020046961179043254,0.011157108793965032,-0.003703364935664366,-0.00804664444240899,-0.01474851026572166,-0.022928644124656672,0.008087758828466018,-0.000857924099882057,0.005496913528679093,-0.014848823489322815,0.0024937274028913325,0.006792814592579521
2021-01-05,0.09546388806188721,0.011417347660388488,0.05736678817048291,0.02703297176397257,0.0762553776469983,0.08142794122637342,0.09664913170609424,0.08390833736746361,0.025073667939915723,0.032883357813866754,0.050133406294188054,0.10085937763440378,0.026760159712392984,0.05375864628756566,0.028530162063262532,0.030348090800083494,0.04819290377618146
2021-01-06,0.04079116652845993,0.042333051455805126,0.03991385415630044,0.032184281974547924,0.05529957603391722,0.021142330400087728,0.04937566071989363,0.02008848641902672,0.033093435378247715,0.02043232252972893,0.011427081082670654,0.04112449619798664,-0.0073870343270786565,0.05533919208233784,0.022330867396531673,0.03814591632320097,0.025517264627684666
2021-01-07,0.01603280398211182,0.023014545945995613,0.027350113204697157,0.004676740143947589,0.013646508101606836,0.06465659979277705,0.008345278195085681,-0.022574727301867603,0.016713155313757833,0.028405152779325205,0.021843054955414276,0.02850008550485361,0.008986612920414139,0.01925459347474434,0.01825958188125698,0.001860736231571014,0.007845688195981637
2021-01-08,-0.030975921952139607,-0.008822173025457958,0.0,0.009532480776841101,-0.02477120125363086,0.004265014798644717,-0.0005282705771516572,-0.011301993944736521,-0.007533993764611058,-0.022413475988292797,-0.018919025552374347,-0.02382104793818529,-0.016003525810856734,-0.0016078008571872582,-0.032847296033489126,-0.01114230268278682,0.011121026353613228
2021-01-11,0.004825227894577289,0.008010607358850397,0.014765296488561175,0.005709165558346774,0.012147752918549415,0.012569868764558345,0.02713174432915033,0.0223656764810245,0.017253213550624258,0.00949530007348498,0.0325568014971207,0.0,0.02206205581784082,0.006038419640450821,0.01611487029507397,0.009859341884512318,0.030356207583831063
2021-01-12,0.11224509453211273,0.01721856354467577,0.04541416375019214,0.01899554741395293,0.07528636253966758,0.047475451921562994,0.07838755374096107,0.07583852969189286,0.03188599258885216,0.045652867754027104,0.055299388715115416,0.1264939471870128,0.020340267577998672,0.04601864008137402,0.014836522831007226,0.04277092777614988,0.022203449679953025
2021-01-13,-0.03939572971620009,-0.001736042435620866,-0.008224389296028645,-0.0009640101158193692,-0.029426705349373528,-0.031550195840838846,-0.021154677471226235,-0.025304898425197786,0.006574494426970112,-0.027644014222292568,0.004596663583628979,-0.01282066451834285,-0.026715454793707627,-0.026013644330948105,-0.03041503206781082,-0.00847111903276021,0.011277866900328837
2021-01-14,0.030898930041203698,0.030869318342560126,0.01786107930327141,0.024021470208338558,0.06011505146591811,0.03569344182969103,0.006337210923206271,0.008808717919339237,0.021554501329593467,0.02707584183270173,0.02402216856426298,0.08553519219757932,0.033022045417376855,0.019638442701069403,0.04454066373871002,0.020234006208327937,0.03903370928152472
2021-01-15,-0.05885564076847705,-0.03542771045205606,-0.05744726536179545,-0.03560605829755381,-0.03501000517639952,-0.04900395231226673,-0.04343604940679113,-0.04687513978312274,-0.00959094403816907,-0.03383122228405344,-0.01318151426684111,-0.07632014314025226,-0.03237088602534477,-0.040446732475454716,-0.032686300010597025,-0.008373833138076603,-0.04810201187006746
2021-01-19,0.03184706018921957,0.0,0.019503562974856337,0.026278881555027667,0.021972635866700507,0.021794264005984942,0.01316691275904014,-0.009642987659122304,0.0038737148127756527,0.04797655088693764,-0.0013582075691516149,0.030370957558533584,0.042374824394659116,0.020473798935009002,0.03842196535199904,-0.0022220231832479342,0.01983728453910838
2021-01-20,-0.019640621397385538,0.0008744254039356747,-0.013912889235619175,0.00920517834000334,-0.0014999716632402293,-0.004629659914854423,0.009996669586667117,-0.022395813588571678,0.0025723988306971535,0.0017356404076021015,-0.002267218570178753,-0.0021672903353392448,0.008157120088905012,-0.0027536896206176165,0.0004956457596738684,-0.0008908327378274183,0.014128037472004529
2021-01-21,-0.04614523084192956,-0.014853488946143911,-0.04783958255917131,-0.035332292622884176,-0.07911880996268528,-0.0858803938949082,0.002639303815135996,-0.033366298500023484,-0.021167291026700785,-0.01689438816241995,-0.025903193679774117,-0.06429182375825715,-0.029579096344133693,-0.04575962172477399,-0.028231907424270064,-0.03388326198183145,-0.028669584663646108
2021-01-22,-0.015624900733961833,-0.016851886863761156,-0.011577050209367834,-0.0030431506919351703,-0.03208259546323067,-0.0030894048251763895,0.048700285447237146,-0.008758363380181877,0.003931668066553984,0.007931271999817024,-0.0006997588764793283,-0.00232151861369434,-0.008337936901007703,0.00909465220674921,0.010023817417215364,-0.0032301423591017953,-0.014134589635742656
2021-01-25,-0.03968265722164677,-0.05051880354659455,-0.0025762402441069643,-0.009048303473498387,-0.024157270044689927,0.006197777356891976,-0.037810113804320755,-0.031704750323689024,-0.003916270590533233,0.010492200456675871,-0.014238723818834842,0.0009306731679101787,-0.006478583625030954,-0.027447589791759652,-0.0006727953996452651,0.002777551087775887,-0.011174274515346472
2021-01-26,-0.027336184122889184,-0.020902519576141976,-0.021136958082477397,-0.01694149884013496,-0.029936539652579697,-0.030978086701551888,-0.028044708749865976,-0.023081142050806247,-0.002621456067475325,-0.023145114992014548,-0.0026049591796653004,-0.05253342948344708,-0.010682570314648698,-0.042122831660401316,-0.021208535141046703,-0.01015690678462533,-0.021961865618066567
2021-01-27,-0.04575151229341157,-0.009703644726589689,-0.024712158310661314,-0.01298153654050882,0.021365024556257772,0.028416443763682908,-0.050662789217825854,-0.0505493454034075,-0.026281047123452805,-0.027015370817789375,-0.037274632055384616,0.00981322038863297,-0.001542588434577219,-0.040897348290720004,0.009974226305910605,-0.010727989169470042,-0.011336129879013002
2021-01-28,0.023287412509382488,0.009308925875415541,0.011316110788245348,0.009297283340054419,-0.0005811191523249493,-0.023450414142582865,0.06573588271390496,0.057291545810148614,-0.008771971773684384,0.018889465480010026,0.038471270151409165,0.017978720309760998,0.003511214660426809,0.03805592121896595,-0.0068109884083410455,0.011787240897110474,0.015656221172128504
2021-01-29,-0.044176656573414075,-0.024757285838459375,-0.02627110320579673,-0.042911965227976245,-0.04302360283559592,-0.05137751028861137,-0.060023219076195455,-0.03503018735501329,-0.024051932568926793,-0.03596147114358972,-0.032665639794352,-0.042482206514150245,-0.05108439237441387,-0.01899304326240847,-0.03257328004551141,-0.010717645345973192,-0.02648738420103247
2021-02-01,0.05882350190848462,0.010950670238772497,0.016987526885732684,0.014202237244551386,0.018226271085892698,0.007260970256612431,0.02275545626009845,0.013046053472508534,-0.004261685213491129,0.006719139637053839,0.0047703329163120145,0.01645063267159186,-0.00619460349858747,-0.0022513803296466683,-0.003367035239248417,0.002826192595550392,0.001784105123640245
2021-02-02,0.029100666948395082,0.003939222196165382,0.006386644963539911,0.007522059773508616,0.011933098152871136,-0.0013639742763141838,0.007588919960298535,0.008958321189710183,-0.01497867990063495,0.03912557038889508,0.029735247876386595,0.016674980124856242,0.018996674657896895,0.015794346840444007,0.027204938318508898,0.006106140724629228,0.015806197581974324
2021-02-03,0.05591267660328114,0.04953380704760657,0.054674112774443895,0.021823830899624808,0.0731131600516155,0.09012885681149707,0.08832603547679518,0.043840498960928675,0.031136808418336326,0.04761884350117751,0.030817604131497145,0.062228229935990864,0.03830454787030657,0.07418946742697163,0.04033229140166772,0.02334265885411102,0.03922830112078324
2021-02-04,-0.006695320421082895,0.04485988312101674,0.018514081387937642,0.0004498589366233041,-0.002747132451942247,0.028453625692224316,0.027838713035300833,0.01594905966118887,-0.01474726957730721,0.0006342966161052566,-0.0004708060023099758,0.01271600828236652,0.008977522289390638,0.02605458868816468,0.01597338233333523,0.004561973823118404,0.019190328902339848
2021-02-05,-0.0061273965826249555,-0.012522355575365074,0.009316224385712557,0.0029215694608371034,-0.013774120254055,-0.0149640712214546,-0.013771928486528195,-0.006802824280985997,0.00855319924562803,0.006760953174421269,0.00894958855703365,0.011659015172643228,0.001529291732490723,0.008061164254496545,0.010808986317776492,0.0031791383046588795,0.03351966258984396
2021-02-08,0.09987698331052308,0.029680312966629208,0.05312901194278896,0.024871184515671274,0.04748604601425521,0.04946101442192874,0.0695113630313553,0.055848316775654494,0.040989382684290865,0.03840530826672328,0.013771974033748524,0.12810315762742963,0.05205447724658563,0.03918443291970419,0.049740734552821575,0.01856024818128521,0.04304286786857636
2021-02-09,-0.03419298479249322,-0.012416803494597728,0.002137860628649735,-0.00568451945485271,0.006399945873660551,-0.020030553444887578,-0.028434709171370587,-0.012475142314669951,-0.010862193856540858,-0.012328356624772718,-0.0016113886578761338,-0.031434282778330824,-0.016625087600908972,0.00038472116393228895,-0.0030869331063646532,-0.010666459509640847,-0.011711630044044408
2021-02-10,0.022054731467083366,0.033228456555010055,0.007892562534812297,0.017150307433402956,0.045574924211409185,0.03418116241180669,0.02852002765099626,0.023749559354813154,0.015099751746365575,0.019234812499504983,0.03205714036449514,0.038539667572936365,0.02938441784237633,0.023846195285994076,0.023581462587161983,0.024707780161349335,0.009677765651495474
2021-02-11,-0.035775354693869166,-0.020860267532263,-0.008116362219522832,-0.005404138318851559,-0.021794066574363447,-0.009467412851858481,-0.016114690576400137,-0.04096779418911156,-0.006761459333200048,-0.0010040361015000165,-0.010502909896612955,-0.024218789468353763,0.006777597873470098,-0.009391377723389716,-0.00860073163514019,-0.023235360773001923,-0.02503920259768777
2021-02-12,0.02944640568570356,0.007545292151848626,0.015504119176493303,0.005759728949963572,0.03523281783589094,0.023139335784557735,0.01992007417804209,0.03808562366425727,0.01021123182855077,0.014067450643175938,0.018744407549582842,0.01641306161441336,-0.00012909555020024222,0.01516856075207551,0.0029431843041698436,0.02513464173081914,0.013643818322885082
2021-02-16,0.06292881602977474,0.023348003114560312,0.03583548289018146,0.020490686546992265,0.04454521893781527,0.034087008729758006,-0.0021698970602387346,0.021318455436649453,0.013477007945114972,0.031676154639250775,0.01862088208930479,0.04214256469284061,0.027968121911361,0.006192568466369508,0.03429105289138179,0.0030647840765638534,0.030087123127929605
2021-02-17,0.005920688042440503,0.01377535810196906,0.01044012204965794,0.029958050472527864,0.04120728136296803,0.006973014816696432,-0.0018851394864248805,-0.002426566673165209,0.0059839385033186865,0.008355907447273436,0.0008707301265518108,0.010203973688296841,0.015745314875583505,0.002238253715012517,0.01732378085688091,0.007856840276126764,0.015565024924262927
2021-02-18,-0.056715115874066635,-0.01995740009950553,-0.033833367567705386,-0.00959116094815804,-0.05476276288033011,-0.04674219033905014,-0.05374775016363398,-0.04768891741734038,-0.023132713847280995,-0.012911715798633483,-0.024570613697454613,-0.05424589738901686,-0.007316516672947193,-0.04800894932921207,-0.004257043414751416,-0.03594614227852577,-0.01570479767294075
2021-02-19,0.022121657280282703,0.01386460067859896,0.01530733480743196,0.008421072554658737,0.014118337265109915,0.03202887160151957,0.006601298894780783,0.03219231921148613,0.012178581993335769,0.034751858659849866,0.021399854544244867,0.005537858249223371,0.03992407873903048,0.02111004927729976,0.05454801237232876,0.01707051446885255,0.006728159826418834
2021-02-22,0.05882352941176472,0.031196760493563014,0.05080553610000771,0.027035361852367767,0.020163386403853956,0.05743075311693935,0.04315997337241528,0.046039346233657685,0.014037418871899021,0.03490593001537046,0.006111046081935578,0.041305958117031416,0.020046085806233682,0.054364566440678885,0.03802590331681199,0.011926085824951471,0.036852950507515025
2021-02-23,0.03511529022805404,-0.009117476539686864,0.023977932676591207,0.012603103198120191,0.015999695739552955,0.026475480220003345,0.03815802186698125,-0.00899184722361579,0.007910353574511308,0.01677270460515734,-0.010412175058620354,-0.01548909265954046,0.018699556540278106,0.007262170639052989,0.021010002609762157,0.04059372879231282,0.013812261155763617
2021-02-24,0.05367071775888399,0.05186093603409825,0.04932804458697637,0.036936692188952014,0.031496284741276304,0.06661750609544681,0.0392902645050861,0.06351494853658246,0.02812299207290825,0.015779159285270516,0.023892977308918706,0.0805831487385067,0.020110015423265182,0.06020179264548875,0.03099873675394349,0.002936123604437846,0.029972537703149227
2021-02-25,-0.03267624426336668,-0.01669965470560808,-0.029998280813540723,-0.009292423279762985,-0.041311297705017735,-0.024595936061554635,-0.0642278932108381,-0.010777008579629821,-0.0273537235231035,-0.027890593412112752,-0.02804546516033235,-0.050071041458421006,-0.029914244665831924,-0.030601829205985753,-0.00012794019562556436,-0.019238662546403718,-0.016578487235126227
2021-02-26,-0.019870987999307865,-0.01010921029554479,-0.019234227924379788,-0.022960656868853846,0.008899071429776972,-0.0854229268650496,0.003185780156325757,-0.009078329333065849,-0.03858726907415877,-0.008171417463843755,-0.024449343606735896,-0.005233459495452397,-0.018785720330381728,-0.02104526749901392,-0.014971035339543248,-0.026012908162683535,-0.024928196849065554
2021-03-01,-0.010643683523508418,0.020424988968593905,0.011536349728906492,0.02050015857342835,0.039926022994855925,0.006505619136893737,0.06322155494188553,0.05405389949218131,0.023129219013133362,0.027096368266257054,0.07179957343752985,0.03870714713381096,0.01986770048562425,0.029021865203701536,0.010651789696769054,0.03283722001082667,0.03733677682979453
2021-03-02,-0.0010246492739663937,-0.024419211351203618,-0.006272717026232555,0.003821718849401856,0.0035712494480486523,-0.007848419105564997,-0.03597586904891403,-0.029827847367464688,0.003324362667655789,-0.001247575300163617,-0.012218308479239992,0.006512133170454959,-0.028689561157482668,-0.0201951179013401,-0.015038564371478547,0.005510588154297835,-0.005850972965282586
2021-03-03,0.021025542755448434,0.003692750398196276,0.02639639573483854,0.011225817269709504,0.009342074507752374,0.03908773799380816,0.054241150577754915,0.0,0.005301612888897633,0.0007136133067928707,0.018767288452335995,0.030194213089172584,0.019083801359756736,0.008173675762464416,0.011744819507533588,0.0008434497376079708,0.008025860428596321
2021-03-04,0.05374176129977504,-0.017579660069537595,0.03652626865272812,0.008784808611954187,0.04098693107984008,0.06627826980930651,0.09161754812452028,-0.008976725687505405,0.034278028888649725,0.0078473280335416,0.010048284485667969,0.04326580892417198,0.0067986665331010165,0.007402097065230873,-0.014961778661401692,0.015585403732537806,0.038747261044738135
2021-03-05,0.10819845129061068,0.01331657032730904,0.04890355730048568,0.04306205075436331,0.0842507943136328,0.044099317086504275,0.04934767297500642,0.07971007700661081,0.011472488487750399,0.01433369926607253,0.02735750665414116,0.044481876713766466,0.03482997368578977,0.01714492902203224,0.034830349651221004,0.0062215431250653985,0.037812645748914075
2021-03-08,-0.0034410589900202293,-0.0008212755981555908,0.007541507786215762,0.006880915672456744,-0.04060914697479712,0.00013414667463451657,-0.01289987407723514,0.021812276727028124,0.0220539772425008,-0.002791200145518369,-0.0006052782774721432,-0.046750169884345216,0.0128219928584008,0.022015769094348547,0.01935947605429722,-0.005770992329019453,-0.0009845537848425234
2021-03-09,-0.06775968807884403,-0.015618580603858234,-0.014970747827608766,-0.0022777897892307664,-0.030118069120422253,-0.013138312130768992,-0.03730542877854803,-0.03653533196221481,-0.03390847952772569,-0.02256834768945859,-0.01816704459324414,-0.03729828498139154,-0.03470127696305059,-0.012117215751729749,-0.04940407435138783,-0.023217241480538053,-0.01544282556692822
2021-03-10,0.0013886082604932515,0.017954188760279433,0.02625199854352167,0.017077442691388223,0.0029373656004301196,0.02037781641039338,-0.0011109301055001186,0.02854682823467214,0.03637506844724503,0.041346167016142354,0.04749200437229262,0.02478203633504794,0.03559724828840305,0.02044295072620539,0.06254925492710561,0.03565369396501672,0.030702668483547413
2021-03-11,0.012020317571637351,-0.009023893745442657,0.006900175417633658,-0.0016162079724739709,0.030962492468708858,0.0026622230658883694,0.03829994677619153,-0.012427423877796828,-0.0024631349245372025,-0.003093860966451367,-0.010794985190433315,0.05517690339954928,-0.008028099990927129,-0.01836390421776357,0.01364123673320461,-0.0037515898394356872,-0.0074469099393639215
2021-03-12,-0.030150771139670574,0.008692333713157474,-0.01069699503553423,0.0033277075890605357,-0.003697564564958844,-0.0041160705631608785,-0.024155278587386753,0.007550355783996876,0.009259444173967957,-0.004310318977697736,0.023809533601617083,-0.011297503383739471,0.01060089866813474,-0.013265263923617154,-0.0007277677275111527,0.0012550693425048554,0.010764795427806284
2021-03-15,0.014131241071005496,-0.006155356775203624,-0.017401512773427608,-0.011742730535488799,0.014845353007001849,-0.008533417700618662,0.027801879576129673,-0.0020816579270794833,-0.0012233603971010254,0.0019046661082215977,-0.0060081794875709305,-0.04342155589791086,-0.009249043873317597,0.003791743836370598,-0.0071580980028368435,-0.010865023196239165,-0.02549605331525895
2021-03-16,-0.03622874549253319,-0.04954586500973679,-0.02716652465492897,-0.023673347655107313,-0.044697589115218817,-0.049892315275122945,-0.026100604787485437,-0.04589059621529756,-0.02510708043079224,-0.028516956259577397,-0.03411952092214754,-0.03856656943582293,-0.033127988425019406,-0.03640124446050941,-0.030673533095719185,-0.019011134305509936,-0.021195780673799125
2021-03-17,0.011566398057891059,0.041702879291909856,0.00441872640095009,0.0036232479630669,0.007231156896791768,0.035952241103621496,-0.008283543871133059,0.02098821816451868,0.018844027849116207,0.0,0.015744778954269956,0.030883915510981685,0.006240119415885204,0.008909623546338397,-0.002269129902352285,0.006890496869504492,0.004398685882791575
2021-03-18,-0.08337302381683487,-0.04170144845692092,-0.060707672203133556,-0.03619357077147256,-0.055743013152602994,-0.05861481734894325,-0.07664912850452021,-0.050535301887654205,-0.028359790344355873,-0.05977608633215725,-0.04213023754814205,-0.08333318094740816,-0.04785863435933668,-0.03744252219440014,-0.06873876467167694,-0.026518500086674,-0.04311931814149561
2021-03-19,0.012474038446523172,-0.015665883991836438,-0.014612436440966214,-0.007107424670713791,0.015205457056323146,0.01712606289614782,0.008514161720575286,-0.01714027054841627,0.01015220662931382,0.017218465789145432,0.005394201131649012,0.055597179284564424,0.010937798634547136,-0.007339613709935189,0.0,0.008347908707428742,-0.0056328898467808974
2021-03-22,-0.03182798072349835,-0.01370475067154342,-0.006843643851237591,-0.008125262278326217,-0.01629946281839867,-0.02639813946950098,-0.006595519655527404,-0.011473090509300898,-0.008794095567627558,-0.0076263051439203755,0.0006191424737724827,-0.02277589714184125,-0.020423183114561927,0.022181169365296904,-0.019267666786500937,0.0017430499938431154,-0.010267329122047752
2021-03-23,-0.03128253976046014,-0.02779006911601034,-0.010145662555938073,-0.005558653749204501,-0.02642204475142096,0.020811792551809427,-0.04222558731001225,-0.033890787462414584,-0.00633701697307032,-0.017057091252214884,-0.021447760144501116,-0.03168229624444607,-0.019855867069197175,-0.03544288023550479,-0.030437046128047873,0.0008699026494656259,-0.012341313528596354
2021-03-24,0.01696722146209506,0.017519597516315377,0.02900783829545217,0.026772265786757288,0.027599002415286567,0.04149333605990213,0.03133282122570069,0.023546681401672487,0.032525546797227856,0.013920657187348251,0.027186537389188192,0.017675517342612634,0.03861742113949673,0.028121609843662965,0.02425823861105103,0.020860681495122435,0.020282496236014413
2021-03-25,-0.012917206014034788,-0.02446759197266457,0.0067656215568727696,0.0035340727713157882,0.0004476458486268875,0.006892617758970987,-0.007931379588695942,-0.00469477051423961,0.010500293735944632,0.01335361559498982,0.01949109888728917,-0.013303640201360767,0.004998122950240491,-0.000729826021572344,0.008915957616572046,0.019156912237390022,-0.0028400654048474916
2021-03-26,0.024537169623570998,0.03762205678224784,0.027440901295713527,0.02293727256499767,0.01744960238059612,0.025191831086944783,0.026964882578711435,0.027830119325446878,0.02689472066594334,0.021157845927944452,0.029985905732659468,0.039700374761036494,0.02268322173231696,0.03321189428452498,0.009527822064110847,0.02589818640809116,0.027234085388632367
2021-03-29,-0.04417295871358329,-0.008057388809182164,-0.021802273180498877,-0.005210709981370076,-0.03913794310314922,-0.01655994442703057,-0.02045135175461099,-0.025240973570440528,-0.0029762498454025677,-0.027081131336663233,-0.01191864762356043,-0.027377456520152443,-0.021112651187987108,-0.021547158357993812,-0.017097503353426968,-0.021172733996040694,-0.005371607214374241
2021-03-30,-0.007237984066013503,-0.019404360538831766,-0.007615311274763781,-0.00925911100190091,0.006864928762521094,-0.005160493274979139,0.003232701832521334,0.01224106416335169,-0.007761333922275071,0.00130771575035582,-0.006130348684395881,0.01222203806639599,-0.0026657242789996927,-0.017328381554754024,-0.0011131903991004055,-0.014975250845602472,-0.012369458101561981
2021-03-31,0.003926006884148681,-0.00552238343284972,-0.008609215511218071,-0.010761800398329746,-0.006818122834964857,-0.009964292934969587,-0.0132921021766772,-0.0018604589944170025,0.0018053076728057338,-0.002052054715402263,0.007958861738323497,-0.025978454605580237,-0.009354915878103887,-0.0011022303453870341,-0.0025078042669953726,0.00042279155913571564,-0.015169938189880439
2021-04-01,0.05307276566005226,0.005553049501418217,0.019822371793248417,0.009161183342864865,0.07551466886874092,0.03874283819133084,0.10518414671431864,0.0214352068711694,0.011411437169744909,0.04318541819703192,0.013620025709394135,0.028549734908636104,0.01986771012248134,0.033468158648870094,0.05167599291211733,0.008864287218113054,0.0279417987084305
2021-04-05,-0.06949612503778146,-0.014726255821232548,-0.033505904949526544,-0.011725678983739551,-0.04425544697351447,-0.0471199978469482,-0.07165718629522477,-0.027372269454363884,-0.010688880101977216,-0.032974772763027516,-0.006231693416668849,-0.07560229612670355,-0.013227870954202081,-0.01957306799661196,-0.009030611386339094,-0.006276263341922883,-0.015507954648348532
2021-04-06,0.018243796951064706,-0.007473129122001931,0.0070866518422707525,-0.008898647138047777,0.014247805890275744,0.007104056080193599,0.0007960265288244894,-0.0028144973456716293,0.0024011938813965905,-0.005189097601108972,0.004507091225236515,0.0015800461634938312,-0.014744605666859534,-0.0039927642453918555,-0.00589661180380463,0.0008420658203167619,-0.002831939652458093
2021-04-07,0.008958711335237846,0.008470380205367833,-0.0038038504210001767,0.0058890820450263615,-0.011413443756637665,0.013831408504269671,0.01126402058436371,0.007526244709040508,0.013772093255521867,0.005775129264078416,-0.0023409880552693885,-0.001972264223623288,-0.010513529488605955,-0.0032797891215212704,0.0031005678197333353,0.014724675128643394,0.004437378880296716
2021-04-08,-0.026082093098407366,-0.03359755034719736,-0.021763968955316293,-0.011229394280426908,-0.007993001157583612,-0.015143281925783403,-0.014545724094169987,-0.0032680859790159555,-0.005906412232384639,-0.011668920503450697,-0.01329672645767177,-0.02252989066729183,-0.019750291393808683,-0.010603360200865608,-0.020561600177937955,-0.01824247585165828,-0.01042580797592052
2021-04-09,-0.016524218872602248,-0.028971324144225097,-0.0001950715590360863,-0.0009707107346068611,-0.013428711624132394,-0.00581808655732774,-0.005319266237830189,-0.013114809879372413,-0.017825358085992726,-0.009932656462073086,0.009116109446714704,-0.005661021089830798,0.007778734400832432,-0.011086367307123979,-0.024561258593540636,-0.0033780151267480685,-0.002321526486008918
2021-04-12,-0.0005795366504870447,-0.0009946495311046188,-0.007222486812494822,-0.011076631769459278,-0.007259711511277134,-0.023268726807191498,-0.012299291966480053,-0.002372809055522951,-0.001814902411274244,-0.011735766013535653,-0.0001965121185186769,-0.014640119758937198,-0.0178415169966204,-0.00822111321935648,-0.011112332287382953,-0.006355839550068243,-0.006622487145542477
2021-04-13,0.0017391020507586674,-0.01045286632326381,-0.0013762489962103608,0.004519614423712737,-0.0086835197145686,0.004279759581697684,0.025446455956015246,-0.016175165996385243,-0.0006061195024867905,0.006895180219309571,0.0035357758486875834,0.0024764695772048206,0.0,-0.018839463107434118,-0.0002842942552908623,0.010660789805468696,0.0037839241720456496
2021-04-14,0.0497686306917986,0.023641685224006892,0.03740891857775508,0.019855220808659757,0.036883147547290385,0.05284092521600536,0.06045402397287747,0.04738857067581104,0.009702855710862934,0.024728987035543604,0.008220670052211387,0.051873099980004334,0.022803811324698886,0.048771017221952206,0.028457102025702286,-0.002109913739315017,0.028899634723057455
2021-04-15,-0.0038590370589755008,-0.02211306592734341,-0.014993144433560035,-0.00815203557818911,-0.005335483293809173,-0.011898583739594182,-0.015683279421393026,-0.026777238893573196,0.00420414850297024,0.0,0.017084227805397978,-0.027005856167761855,-0.004660738148930199,-0.023800807898642362,-0.012313116016544057,0.008034274631391947,-0.00593176138553031
2021-04-16,-0.014941588445483656,0.010050477878433162,-0.015607166019097396,-0.004448036725110072,-0.021904563863303528,-0.03185499685059956,-0.019474261761528,-0.0185010109757211,-0.010765441243017704,0.0072396987766170096,-0.015079066931670493,-0.01930820759441043,-0.004176259329518817,-0.013878462333669184,0.015548351560755957,-0.009228263126951797,-0.00561575642351797
2021-04-19,0.015168225833333437,-0.003482518864499684,-0.003914515484779613,0.002914294674364104,0.006855630285781622,0.01106203053798649,0.001676806849415513,-0.0009670045670908678,0.004836450103914869,-0.015296679979229788,0.0034880923018336674,0.006562952360120278,-0.009531119784911724,0.009129036467365959,-0.022758559856180915,0.002963656714195295,-0.0031771621752368917
2021-04-20,-0.05921396517229849,-0.025961137164245196,-0.044016542695821004,-0.018691002756890285,-0.04811615068101849,-0.03815398195767217,-0.043775182626674125,-0.041605710624593395,-0.004211738284520261,-0.025828198063464924,-0.02220924559599491,-0.05460472419528162,-0.03233259985480996,-0.048247469225208506,-0.03062807534295664,-0.01013089285782176,-0.021069028552065938
2021-04-21,0.009720221577273813,0.002050254171150012,0.028571404123622246,0.013816418755414173,0.009537469784713037,0.005687967431837526,0.013329882197922416,-0.03584059933289718,0.008459259866163915,0.024207355096479866,0.03021912197480492,0.05387912611388912,0.021214529995595255,0.01901009094904471,0.023587795152160362,0.004690714297725718,0.01284116515593725
2021-04-22,0.027421387708701284,0.013810344047616052,-0.011590741050394149,-0.01732735210919334,-0.008030325160451768,-0.00884594190275756,0.0002657513557624558,0.006282811892231566,-0.019772081884324888,-0.023447621696370047,-0.021472420674817472,-0.01431462469135758,-0.026875998016776426,-0.018655449163746618,-0.025888997050992124,-0.013582427678012654,-0.01303565963328579
2021-04-23,0.03236804132226245,0.009586280360519561,0.005256914844768978,0.005943694071805616,0.020952295088199513,0.010387885230392024,0.01129133695276141,-0.008325182377409868,0.025672265593885468,0.018056024764781853,0.009879261145870899,0.022821255000375462,0.020547052346997274,0.018217883304887383,0.02482474807483559,0.01592112650092581,0.005427906513835179
2021-04-26,0.025852294118970054,0.006497045716383765,0.010659697450091654,-0.00029544760170385764,0.020056329818685548,0.011149658944487495,0.017469784719451598,0.019412518850937976,0.007747457125088841,0.005094322658045547,-0.0027667111565616853,0.010142021275185487,0.000130793007121488,0.025670928583674923,0.004844394813386499,0.015247468772958683,0.0019794261332268803
2021-04-27,0.020375382719859392,-0.010923445573367552,0.020895342689290164,0.011623462702636145,0.012345501813184834,0.026492990567324126,0.024012565046911183,-0.005661140842806334,0.005322201552762973,0.011638994148262638,0.008323463693233446,0.0076306880833616475,0.020914842612088647,-0.007205266391449472,0.0184347801944853,-0.0012516072871673334,0.013110493094481201
2021-04-28,0.07672105035132781,0.01656590938073066,0.03391807993502449,0.024537554840133646,0.08536575971877802,0.0460377226450448,0.05496712812850513,0.042443088963006526,0.025882366678095403,0.028762151510398626,0.02456750342011005,0.04025503391435281,0.025608146499556117,0.04507282954053227,0.032024261665120735,0.020467791959197124,0.03013651814252727
2021-04-29,0.009272673832808609,0.014321371314763187,0.0016968482643713312,0.015966710039480914,0.0016648596229986712,0.012669987462568866,0.007887309313619584,0.010923446744592669,0.0069890862644592655,0.010822666316990137,0.009015874168292415,-0.006130293744350479,0.012734256026565083,0.016812840760906722,0.009983802327292901,0.0061401028305809735,0.014283314662886681
2021-04-30,-0.0328820833153336,-0.022395370487918398,-0.03745546985182735,-0.03582802198731294,-0.028666628261712734,-0.030159365099268642,-0.030946154653703983,-0.03929281194896794,-0.013881082537868461,-0.006959281796718564,-0.004942754741472988,-0.022359128522156047,-0.0025884425911342213,-0.027678089250054883,-0.012022026418796683,-0.00895014407891992,-0.028842905683807207
2021-05-03,0.023000172783249173,0.08017912043555087,0.031286777461378756,0.02386728722671294,0.010265179938772517,0.03164065134798144,0.026795356772900458,0.056237420615323996,0.01231677984301216,0.027133712885083705,0.007260074595133004,0.030756839092554333,0.03744871677518802,0.04325333982188351,0.056651930745810875,0.016830676008937173,0.02760315267377611
2021-05-04,-0.013685561943408642,-0.005532567753016471,-0.0032233021425009944,0.005495957559266351,-0.007197270229719499,-0.012636547441867041,-0.05624400064144586,0.014520611600113975,-0.005214353360115553,0.002449411896971787,-0.00265535834021724,-0.010711559930541403,-0.010841282785669648,0.006024083087420307,0.00012795656641362285,-0.007670602007037397,0.0062904284487341755
2021-05-05,0.039147925751628954,0.04775156103956335,0.054594115240918395,0.02685881471746998,0.07590622296767235,0.02266350949041107,0.0494950374394989,0.04961846789684543,0.01980195531818363,0.03612540066783909,0.010840500639799355,0.04601698479424554,0.02360606638106688,0.06868624227673803,0.02430922243965683,0.013832427966977034,0.03007253925024056
2021-05-06,0.021936156093309567,0.02079650982620951,0.004689546655186616,0.00055053487992196,0.0015854788010787324,0.0035197827020458927,-0.010466484374632712,0.007727319501335428,0.007995182598099504,0.001515887747117306,0.004891797572420309,-0.014787343454122248,0.007295070101813073,0.0128542052062246,0.004996269453664937,0.002006326276906112,0.009512898911052003
2021-05-07,0.0074661968915699095,0.06762022178096738,0.02513463246712888,0.009172696598922503,0.03759385185154751,0.07950080444519858,0.02382950143866247,0.035182610464919106,0.010765115670279268,0.00908185235331982,-0.0005616611989547327,0.027767376107420194,0.005022505193611471,0.03774809656295397,0.00037273507723623034,0.013215921729410107,0.014297349330730569
2021-05-10,0.013894936117590628,0.0,-0.0017512486526831683,-0.004090099724541996,-0.00800900889775713,0.017449139669105218,-0.01721864783091287,-0.009150458148630136,0.022982130842174486,-0.0031666130660870095,0.01086548912331331,-0.02774735784012894,-0.005230065876129841,-0.008153000722033288,-0.01056011279275737,0.009486105466681494,0.00240246932873478
2021-05-11,-0.03883023122609053,0.007307981212207437,-0.022456183971045984,-0.0261932762627356,-0.010380950009778345,-0.028504042915030947,-0.0357662280021388,-0.005716757590458865,-0.015342405020690508,-0.01956192773662857,-0.012787195269686191,-0.07885851297168056,-0.022900007624730212,-0.011697682121296737,-0.024485391604171625,0.004306862807515355,-0.03179917776598795
2021-05-12,0.004277384763206937,-0.03385719041601931,-0.0005384942896112799,0.006279435273010003,-0.006215684939576915,-0.009495488271997865,0.0010077239728485399,0.0008846082645257436,0.007234053551486763,0.005627571586228175,-0.013328409582711198,0.02405250295521033,0.020447446593814478,0.02687135736225299,0.02934766045172199,-0.014424750887614524,0.005358507832660786
2021-05-13,-0.03454797638837559,0.015853153855114765,-0.018458121408969075,-0.006426330710715078,-0.03244738481939802,-0.021878603345863445,-0.04126846707883991,-0.011489183601385067,-0.0044198226462118795,-0.0032220699255531837,0.004185781409257627,-0.05613098998074395,-0.011600719592188669,-0.010591877129460636,-0.01838233233149067,0.003955510330159839,-0.012325234070930113
2021-05-14,0.05686280469239269,0.030800735230402942,0.04203521645134645,0.026152911973989168,0.06585867934908696,0.03794965918290405,0.03280845072245464,0.030845231680271423,0.018867972361799712,0.02211648634034602,0.029746026382290625,0.05862536600905144,0.03971540940035667,0.03306053543238918,0.04760055546393649,0.019700780465947032,0.024789540242657004
2021-05-17,0.02782936957498028,0.048207306038221764,0.03149344590653991,0.012240558461064088,0.030705113027717834,0.03026615598313631,0.021092690244773005,0.03122251196824033,0.023965087402449292,0.02396800753336059,0.012143397671002365,0.05139421751887818,0.01140256795857475,0.03779319205581411,0.005048929548614689,0.025115961205432136,0.0233665715816469
2021-05-18,-0.02211180958885084,-0.019004154456482736,-0.01732417508061257,-0.030053805515231513,-0.03493937526828017,-0.025029394709957797,-0.004479434358567902,-0.020605463719954642,-0.004787355398566007,-0.010009899504515918,-0.018723503026475075,-0.019704325221514662,-0.021871403771333564,-0.02878120207354562,-0.024993632403555455,-0.007538739431749764,-0.028300589751741878
2021-05-19,-0.039224738962709504,-0.0224719186261495,-0.029847951878346102,-0.028065675581591565,-0.03658525672526636,-0.029287496631798637,-0.026000456134835703,-0.03220267104129848,-0.012827171794560166,-0.012928803237051811,-0.020748612040940695,-0.030923901381169516,-0.0118717697351296,-0.03235546378488041,-0.028902294536426676,-0.011393774466407658,-0.023994450942473877
2021-05-20,-0.009126127890674351,0.006341902748246753,-0.0034188038422793277,0.0034886143945811465,-0.0007913669627465092,-0.0002487037849382423,-0.0178385408505628,-0.007098374933759866,0.012452719248265076,0.0020150494052708634,0.015701810059478793,-0.004786414277431206,-0.007348632809833666,-0.0071875901830374955,-0.0037523162626481588,0.011909149253101825,-0.002373721252632577
2021-05-21,0.012602867220965264,0.00590773380964027,0.004694246705650107,0.005407421491663067,0.0035631889459830646,-0.005588584850800715,-0.0028748413372705617,0.003574702583857947,0.0010691460268212882,-0.0013407369440913142,-0.008009187574981591,0.006813726702064482,0.001068657356852576,0.005665694031291357,0.002727554152681444,0.0018983494931466005,0.0013595051137891279
2021-05-24,-0.00047860683815237337,-0.008281112153932346,0.008086075083286293,0.014214465650794539,0.02366852885861248,0.0008743753123976461,0.012973307763505026,0.0022261487288499637,0.0058762260779436915,0.019130735704457225,0.016522977733030686,0.012738741640897056,0.01447373511433736,-0.00782471708592769,0.014378340409959334,0.004547147950919372,0.011710908459409808
2021-05-25,-0.04501878039754559,-0.04015882921492564,-0.02174679945800917,-0.016382735048852903,-0.005780487214806951,-0.01821789155754805,-0.023544418245744936,-0.02532243858853167,-0.015400815446305227,-0.011855734369594528,-0.027336636124958402,-0.03223305716238467,-0.026663257634030213,-0.014511021385733014,-0.012514569969716116,-0.021501413254595425,-0.022647394773973484
2021-05-26,0.027081203265275855,0.0012427657651996604,0.009839701744703833,0.0024069205788981307,0.023643324222932804,0.011692697839318589,0.03722815133010582,0.015497099383300128,-0.010247998370976008,0.013164396595399142,-0.0028483995696197972,0.027213986553739078,0.0016822739481947568,0.009923202159226374,0.022759877254668437,0.003084177196006621,0.011671867574845507
2021-05-27,0.017089838981478422,0.007033389922185274,0.0019848563912880923,-0.010660576999862115,0.009087558614617297,0.009170956391264973,0.013411458025783585,0.01077186229760052,-0.004904962928723555,0.009868605138628084,0.005522707553709871,0.03084213538267555,0.012474412131855184,-0.0066560906361278205,0.021494653124500607,0.01076091550619962,-0.006447241914016577
2021-05-28,-0.001440382451893485,0.0024650197151934172,0.003781502047790042,0.00757180858357831,-0.0033769705835079433,0.00012421782259441905,0.009201280559603342,-0.003108267893194294,0.00438130350103294,0.006514591261867375,-0.0011360112084640717,-0.004219632746230384,-0.002251185406278,-0.00031913274853079265,-0.004827359847821899,0.001520841179181387,-0.0032446574805358175
2021-06-01,0.10865397025376011,0.045901705158984285,0.0453894587969943,0.027555812637297228,0.13704810223364827,0.05290024221609402,0.08167851624229394,0.04173160847513757,0.009269414585248992,0.01132688497421741,0.019529476128689716,0.09668745403328516,0.031227684297181035,0.05527949348105898,0.02213903423625241,0.020880827880730646,0.03580615024476996
2021-06-02,0.019947915868602673,0.029388906756815603,0.01235628514967102,0.013408337644138069,0.0198674607790974,0.008038985071884941,-0.0019627439962545123,0.04327332114536109,0.014046366962390922,0.007679963019414204,0.008927074601844165,0.026694628081119998,0.03189420147803301,0.07682984139759985,0.026892141526338564,0.014875445033144974,0.007939231216581577
2021-06-03,-0.011054392683971681,-0.015607235804290132,0.008136850906976356,-0.004533749644632934,0.012013157672995378,0.01806017335551724,0.0009252670756974002,0.014373877831948878,0.0,0.004445783293196337,-0.009769944485073068,0.0017106748640987046,-0.004574616013419797,0.029892853266216157,-0.012679359194160078,0.012092398551527328,0.003938196714633246
2021-06-04,0.006878405452737102,0.006186931074929625,0.0063900451188214635,0.007993227373459977,0.01572017088752342,0.007487716297515323,-0.00809041128321586,0.0008096694792492087,0.000532748517887649,0.006481205050022698,0.004281757766864791,-0.004781528304712568,0.025445334634297545,-0.0027382878729115268,-0.0009598597121439623,0.011947919546509533,0.0044132896622677276
2021-06-07,0.0,-0.003074319777518597,-0.000668474418219489,-0.0064545896971553995,-0.023373281194412177,-0.004916887164294059,0.015963400843286957,-0.016990411699598806,-0.0005324648480289351,-0.005182827630292763,0.022613460262800977,0.0006865375420035402,0.010166368703248496,-0.016200083184900738,-0.006607166638681883,0.010017853410436928,-0.006509111584812932
2021-06-08,-0.011955405353088366,0.0003854542508474612,0.01103494223155832,0.009095358905529816,-0.002263839276364421,0.004136845922832366,0.028099607887154265,0.004526703142568644,0.0015983131613426238,0.011840737440597326,0.011056607681064756,0.001028854648522648,0.001622823791591177,0.0019537747370996783,0.006893013950901805,-0.0021255573110212644,0.017690214417313443
2021-06-09,-0.012964590253988661,-0.005394945443984223,-0.013064369911282014,-0.008737128477169676,-0.029821890201116807,-0.018079794113399883,-0.015171833331781737,-0.006144968449307009,0.0015956951331297375,-0.007489297954842766,-0.016851647499794842,-0.028444282112802255,-0.0011883227894248227,-0.003899393513760674,-0.015974099410094422,-0.0014197973900476057,0.008369365201648327
2021-06-10,-0.00700518424694152,-0.011623125333715012,0.008210581816733287,0.005845117705799208,-0.018041927353810716,0.004194971856619434,-0.014612695308765522,-0.014427028471026171,0.009028203659399603,-0.002672670724772952,-0.001094216127165093,-0.000705426751856586,-0.008761443436157257,-0.02293086684352197,0.00012207315280554631,-0.0003608406704991296,0.0015962564828355674
2021-06-11,-0.0022044593415997404,0.015679832704243113,-0.0033241389820990452,-0.004612332981488332,0.008261407434879908,-0.008471664628052156,0.0032190507980802696,0.0050191462876509885,0.007368325790041874,-0.004098332553613471,0.005111285446361968,0.0,-0.007311198801870367,-0.0014308735070344136,-0.007932573565732848,0.002887161441518682,-0.009242988396628737
2021-06-14,-0.009279715106647934,-0.045156360926111416,0.005669860791309933,0.000556086648999532,-0.010583834572919892,-0.006788130683085147,-0.009510656077055368,-0.017894526070193595,-0.01567389369086758,-0.0030073728216555295,0.006901330568994668,-0.0017648478600679196,0.005166520329107804,-0.02407584322941181,0.008118925532170307,-0.009715826552604834,-0.0016085806007390957
2021-06-15,0.01962506103374051,0.00848846919486057,0.014259344070020497,0.021580114801194705,0.02139410076921755,0.008720202112575848,0.05101793640209551,0.02500010939774877,0.010084949321992998,0.010795364647484984,0.009740452193202964,0.032531897318945235,0.00721807698417587,0.004111568699120216,0.004270966709170487,0.008357471959955953,0.036410650374495424
2021-06-16,-0.012685637037358921,-0.010020189643938915,-0.0006538993598238507,-0.005711662509506277,-0.018243070864380484,-0.01039710662029747,-0.005283372189333391,-0.0037205467965728545,-0.00945878883491491,-0.006125190674454828,0.018578359814823475,0.045890347645419105,-0.014766728004005691,-0.004387097630099923,-0.010206507952434496,-0.010090024489897487,-0.0035753016483686118
2021-06-17,-0.06380174435663799,-0.029149803795365692,-0.03468024383768664,-0.023707441882624636,-0.05058511687835432,-0.03872060537709676,-0.038508529555557724,-0.05726148633775985,-0.02864740292364598,-0.03666251239322704,-0.05015808922584453,-0.07596604266341345,-0.04496364702777511,-0.046122250028048484,-0.03535492116954253,-0.01965766693718418,-0.03291728922352988
2021-06-18,-0.02271650211743592,-0.054628954376070515,-0.02508050599523981,-0.0377324141295331,-0.03044575082685419,-0.026034555877268772,-0.008171210599720147,-0.032130314557401896,-0.03549967166191048,-0.03428490804295681,-0.021048696561217217,-0.008150176597529923,-0.02873317163608302,-0.03634133939126649,-0.0325782885070619,-0.03230595884920284,-0.02564930330515902
2021-06-21,0.07312365579536828,0.051610026402300946,0.050756327218924424,0.029311934505692028,0.06915891059828971,0.0716176134374078,0.06173142042171542,0.0618463407541785,0.03567417405657025,0.03703092948832842,0.048472316795501236,0.0539478278807779,0.03778076707946765,0.05848517553833221,0.05209164518509812,0.02647726715229992,0.03625828976944523
2021-06-22,-0.00947643251867658,0.002097401652959574,0.005624382965829122,0.003300330621086367,-0.0020978914648901448,-0.000470206629369585,-0.0018580570059102408,0.005995819858955365,-0.0049211231272944245,0.0047502125965821484,-0.0021585409332129935,0.017288004020913572,0.007097995545656932,-0.0030193925232889773,0.012503475007452636,-0.0007474920547584363,0.019172403746515077
2021-06-23,-0.002278077295068459,-0.023440485408210865,-0.0004935467833200313,-0.001221908752898293,0.019621541151024546,0.008828597658466553,0.006350834053154841,0.0008511073547303738,-0.006043839503468207,0.0034235901291574944,-0.004327062579029484,0.03165623265311379,0.003296676564594536,-0.004239822020002948,-0.0016056790520692088,0.0,0.007367885921570672
2021-06-24,0.016438369230969085,0.009429692242753474,0.010368693879203583,0.008186668634544647,0.02199321225655737,0.004550634850861934,0.025459385422551106,0.012335223612514712,0.008292038342627706,0.012834877424160007,0.011950191310088787,0.02519373122386903,0.016202082619589886,0.011557051154035936,0.010884259934914153,0.0014964613839199004,0.0040459386552547105
2021-06-25,-0.002695203591847717,0.0,-0.0013031120004204366,0.001493643219545815,0.0006726284261908688,0.018120881280333512,0.021856711157045572,0.0058827201791620265,0.0027413515378611475,0.0033685344736757994,0.011808979637606187,0.0368621651455463,0.003902250383795325,0.0027059509112907776,0.004404835403172269,0.00037355633335245386,0.0021698309677360417
2021-06-28,-0.052703057933953135,-0.038216476474842165,-0.028054213417138762,-0.030848271778062042,-0.04536328058812633,-0.05339451688844998,-0.039871181656334076,-0.05137857254285505,-0.017495908199350985,-0.03277366032537066,-0.019628900047910958,-0.05074453412618951,-0.051310511490813226,-0.03987982112768795,-0.05323407045664108,-0.020164509420825927,-0.025517812179494004
2021-06-29,0.0,0.0013244240736722812,-0.009061740573873545,-0.0022119748842495124,-0.013727365029909122,-0.007954349179320586,0.0016223852241932235,-0.0017613288506482805,-0.0066777997460878424,-0.006942035869214269,-0.004689463329107024,0.0019205692403574393,-0.003629238535563628,-0.004372366664065153,-0.010293576584551545,-0.0038109242595143478,-0.006189852157550635
2021-06-30,0.02853083825036329,0.00837755877105928,0.031329253017779335,0.009445204853875788,0.04175589546565561,0.013728172083305568,0.013711931990668447,0.019849935034074617,0.021288348648135447,0.0056590489835597335,0.008336379446961084,-0.0009585743250286605,0.008342473764866298,0.00407788476690385,0.015080681894795278,0.015684479555779562,0.007346238898112034
2021-07-01,0.013407626192928346,0.0292959335733165,0.03251223612003762,0.014034610086924415,0.026378777259551178,0.030561002534982062,0.06081568209818622,0.02941160383820418,0.010971004099630255,0.014068189105317153,0.023184651158240532,0.050847701095951825,0.014798279807514136,0.033114668981642614,-0.003457915808474654,0.009416387437733542,0.0028534258043821925
2021-07-02,-0.02052963743491154,0.0004247528820913171,-0.0020673978713188212,-0.0013180368936460685,-0.024365686964923028,-0.0025585203772856557,-0.015461666315812583,-0.000840287392633976,0.007596142802885231,-0.0032641368194562537,0.00808003456297901,-0.00852106552743448,0.009300776007835854,-0.008466821901655153,0.0033414937398952294,0.005223935768305932,-0.0014228722909571667
2021-07-06,-0.043315975573616994,-0.048407683462019846,-0.039362448334148814,-0.019609760929487408,-0.047554045184262206,-0.023901213104997154,-0.07026318716122448,-0.06518071844947249,-0.007000458465042048,-0.034386839817656334,-0.015682098002143263,-0.0635358518766872,-0.03924919891420786,-0.049405446368221084,-0.04316652497936024,-0.019301910540381884,-0.028494415593882993
2021-07-07,-0.023856209256398753,-0.006693522274495822,-0.021068497399882036,-0.010193165510963942,-0.011134900370604606,-0.031414118486865594,-0.03488010701072086,-0.027440174514917426,-0.007592161705343603,-0.017297002861714095,-0.018587583549301012,-0.03375958257755152,-0.022617034013199477,-0.015720327506022258,-0.03199457964162933,-0.005299251842022956,-0.015642787835634553
2021-07-08,-0.0009972054528085694,-0.013027786854267753,0.003389251260605297,-0.0032062226863387444,0.00835458348881768,-0.014798215388739377,0.002273067006601126,-0.00046255642311010536,-0.00710388182442534,-0.008627966162979117,-0.0010820073879670433,0.0061058293424853805,-0.021201746170081526,-0.004889150977607004,-0.028350155443444214,-0.0015220859916519336,-0.004469389042698446
2021-07-09,0.026959744446377387,0.03459259153046701,0.015537769947707503,0.01432752598608622,0.03206045681616376,0.03379635292430949,0.013947050585478404,0.035631473971281746,0.027517941245406963,0.021409671787987028,0.038641910555028414,0.019555069894507504,0.02364153075342612,0.02161815398493383,0.02903492402643204,0.017530672094415944,0.018124081352932864
2021-07-12,-0.007778561635917947,0.012758593979306676,-0.005487766294554053,0.002017891193846877,0.0017451207821415071,0.00859652940015665,0.004585422179538057,0.0017873002518455916,-0.008034437849334997,-0.0059644203120284844,-0.010431104441581351,-0.008267360498292686,-0.003627623302954186,0.0009616628597557408,-0.008575315061462807,-0.007490893769402263,-0.0009797544050137441
2021-07-13,-0.011759095229747607,-0.028236346988102734,-0.0056855942151674554,-0.0033564395863072694,0.009407575960972636,-0.006842316993584063,0.0023374574012060556,-0.01471866143600531,-0.012958768377406615,-0.0159436505280105,-0.01756828326748705,0.003000997995227239,-0.009102189591455478,-0.019538588995958284,-0.01688070177517198,-0.011320603059469359,-0.004740865547414708
2021-07-14,-0.05602348204294916,-0.03129193644483408,-0.03010420707847361,-0.01885878015584308,-0.057645824805308,-0.037108941468269374,-0.06063953975785552,-0.028972598021565044,-0.01914670705239707,-0.039721341259038145,-0.01859819990187961,-0.07480033805470032,-0.03808905941106311,-0.034629296247347785,-0.03973316562166318,-0.02290091082158885,-0.022174955924383566
2021-07-15,-0.029937156056837,-0.02076619005894531,-0.010230827921743346,-0.006570294075977534,-0.02380960051546388,-0.026288539472011596,-0.03357773112117346,-0.03543123263702275,-0.0039039503646258744,-0.01578392754056679,-0.007470676240107221,-0.021559544754279125,-0.017443665409059617,-0.0277494154447131,-0.012856309362641816,-0.0015624228451237565,-0.009742791211164281
2021-07-16,-0.026529322498605068,-0.02921743661003995,-0.027680374931784102,-0.026456392473937163,-0.032645291099233975,-0.029925152880235117,-0.0413504874481182,-0.030449703130597805,-0.012318001028554737,-0.01824888767297206,-0.021296025200827295,-0.04737422657740198,-0.03485784746039322,-0.02993380223571518,-0.02874269824667297,-0.010954544038336844,-0.027650501110051184
2021-07-19,-0.042825717183557654,-0.04611671281235796,-0.032432381473292304,-0.026972147769575905,-0.03297121103053424,-0.048302090317190016,-0.06597760420952758,-0.03489507271470327,-0.026077220421080738,-0.04468637064603598,-0.058337967753595676,-0.043176592366677036,-0.0527657674863834,-0.0437748917695745,-0.0456226365278537,-0.022152224824800393,-0.03436871165510824
2021-07-20,0.020337271995469086,0.019847352720015143,0.0143387598903435,0.005940057876376192,0.0160447794835048,0.01649170778983189,0.023636959765295895,0.03667331889959913,0.016880086510378645,0.024371061529341542,0.04342605541030786,0.02215963005175503,0.00822090400858766,0.022138861626093576,0.01049719065219934,0.012541073315364581,0.011021021564274536
2021-07-21,0.050470332461754364,0.00948108251743851,0.0468147760424491,0.034082555813374826,0.03987368106726419,0.03762176147809981,0.05899601868562199,0.03487810525619395,0.021751771128586395,0.037605743428642535,0.02061866783622812,0.07134421843032412,0.036974750953405744,0.04368596929628721,0.037398286995102614,0.009987732514184833,0.03216577132231979
2021-07-22,-0.009228900959032282,-0.017300787472791734,-0.006138188032779102,-0.010018210712108955,-0.013287725384720783,-0.006604582695126093,-0.008444333074344113,-0.01059229311385268,-0.02128870410917938,-0.012759047700129256,-0.0069211827300719175,-0.006254575698905418,-0.019658620915511626,-0.01582863362487974,-0.022030435691873906,-0.0007911474978655741,-0.01125339740503839
2021-07-23,-0.0021917691620206847,0.016599470761016866,-0.01600287933907374,0.00040482570599253975,-0.014236158340048877,-0.01614629385535138,-0.005465866121719398,-0.021410869066915916,-0.005724211466335616,0.0007493416337163161,-0.0026368522888412516,-0.015920130090819273,-0.0019360051737837836,0.015368319697753874,0.0036231456054218736,-0.004354756492963907,-0.0012255210888522106
2021-07-26,0.034596099769373945,0.033646440502947295,0.027647381175118335,0.021141050951079654,0.040202747353659474,0.02289340202637491,0.025690063820335896,0.028841151537433163,0.026482572341008925,0.023020749499576887,0.01661941813014156,0.02031593050585845,0.029790853338685253,0.036958754175536956,0.02872396787598741,0.017494831865750182,0.025245259354608196
2021-07-27,-0.014861979373409384,-0.010531209449911594,-0.009495343953627167,-0.0033679462566228446,-0.02664153727486729,-0.01941495464142906,-0.021183731304640574,-0.0024168419843122457,-0.004486751907906927,-0.0058545807892909085,-0.016905290756485503,-0.03171089496668056,0.0029603699705216258,-0.009504556879839088,0.0006101962112006198,-0.012504643404790405,-0.011114924789011549
2021-07-28,0.025861997329512887,0.015965257508581354,0.00692340397110458,0.005665332365664577,0.020046380925032192,0.007837263976123054,0.013112875714798244,0.02180243734004872,0.0011267970146062734,0.01729846116923439,0.007936834463660558,0.0243716633171549,0.009122350706880944,0.004797843503708155,0.026227671383268758,0.0011868111798885028,0.00674381721007089
2021-07-29,0.0021010629091591237,0.008571532492277045,0.006347077652485433,0.013737932827434518,0.006424682569917239,0.005593358433029216,-0.0005028116100327384,0.007586691880356877,0.007315615663738395,0.011758516024650723,0.008623660930656918,-0.004460785452242488,-0.005849591366697049,0.010914228946105275,0.005051867169783675,0.005929012645324194,0.012195208939576041
2021-07-30,-0.017295361579535595,0.0028327933704057617,-0.01786964543831171,-0.007409463331378041,-0.029665719493765064,-0.011531735012316191,-0.030299341592875617,-0.026823501081213674,-0.01418028734325949,-0.012694326233434139,-0.016929848938296077,-0.02539221728018115,-0.018052854819430864,-0.027328123501047186,-0.009905352313672067,-0.015716882727149994,-0.023078405378099465
2021-08-02,-0.02506697328110785,-0.017890852956542802,-0.01212990729995489,-0.0017679359890238056,-0.013545122738492843,-0.017018853658623878,-0.004926751282634867,-0.02514543376056677,-0.0034523461599975658,-0.013763159838488304,-0.011930079834918894,-0.011877374794378781,0.0006810779488886087,-0.011446152987573233,-0.008511229306327972,-0.004391167641907168,0.00017392748458222584
2021-08-03,0.027352277869381547,0.021572132720618864,0.022751877724078495,0.009544331855398713,0.028246618690583425,0.028762905441818587,0.04925092187981006,0.01041695089220429,0.009237885121452072,0.027175757782816,0.001558096073960069,0.024815813884483395,0.03524771918216829,0.014035030559438777,0.03930736227605691,0.007217300361687329,0.010767364440691152
2021-08-04,-0.0548456234422231,-0.031909555268989975,-0.03019043598936144,-0.022417120427064008,-0.035101084576376174,-0.03990224062176606,-0.051036459307290616,-0.05743742181930678,-0.019451044872935253,-0.027886987345514536,0.0056387528185988245,-0.027998494226154524,-0.058235933975547605,-0.04394467302849003,-0.05659290852490961,-0.009155955276426542,-0.023367643976102137
2021-08-05,0.017464605989934823,0.011148702851377923,0.018568906826352594,0.00927204023036965,0.05298526199296716,0.0,0.044621222057911636,0.014583141922186238,-0.007000866075248413,0.038801207912893876,0.009474122280709318,0.01946281644293224,0.024148395787013666,0.010495844499537332,0.023839219530824574,0.007633570130450185,0.006333524377631239
2021-08-06,0.0149505534153056,0.01581963295257438,0.009830171274554322,0.0071125426899099065,0.014269610978997926,0.00268588899668476,0.0027559430664927387,0.026694225346520106,0.005875272129809872,0.01628577896143968,0.006703403775432548,0.0076363740686655746,0.008041613001935621,0.017908333883162264,0.012022537038597125,-0.0007975520441204642,0.01153870540818791
2021-08-09,-0.02291331719128331,0.003807962293668865,-0.018584109249964564,-0.016674833108482057,-0.013698728022418893,-0.02185255290152266,-0.03522792683795084,-0.015500203223481668,-0.004672720140748821,-0.0033092548178724757,-0.015410572790372168,-0.029556574783953793,-0.012844803749678668,-0.015130308150005378,-0.007518572430856407,-0.011971202418208149,-0.011407082444296224
2021-08-10,0.06421012903903689,0.012802015797105604,0.018575326743737408,0.018254372927106743,0.037913110751597756,-0.009368625284649434,0.01152412960757987,0.026409416874329628,0.00880282103370611,0.02202013687729365,0.01835731890995107,0.02538072361004584,0.016709787929163777,0.01536275131137832,0.013636358115846514,0.008885003463847463,0.017132965233596753
2021-08-11,0.008918892266222223,0.007022397777158851,0.012570675574215207,0.0075431429456827015,0.012658355351277129,0.010621492354783157,0.01725237460277107,0.020781834381874864,0.0029084752949737336,0.011285883719162726,0.0024667858435878376,0.022086795583993846,0.0024250693627994035,0.019704203939922227,-0.0008969671327945239,0.0,0.002922117912105282
2021-08-12,-0.016120475957534408,-0.0074381967870355,-0.002622603048810901,-0.0020416436885292155,0.016785467422091305,0.004750757199524225,0.00455610005472562,-0.009209710237745972,0.0034804547036306754,0.006763616226445057,0.010221332902382363,0.0011177844650780422,0.00040319006318578765,-0.014837643072790008,0.006133967497107706,0.0008009371185142555,-0.002261751940827672
2021-08-13,-0.054968349271100725,0.014520125222627689,-0.018758888204721047,-0.006625166630259138,-0.01615713587812828,-0.02564849222158183,-0.0469948637195281,-0.01516674427457776,-0.005202430237874145,-0.0065501376324612615,-0.017238236852181066,-0.04019348738759887,-0.007388527596623451,-0.007005263652500315,-0.014870039868386087,-0.006800070463670926,-0.01011333523448621
2021-08-16,-0.04194643137947007,-0.01754395148752952,-0.02072534011024252,-0.010200300190350342,-0.02998948366330667,-0.030588493876880896,-0.04098357079749271,-0.023844882000562895,-0.01220202652248814,-0.013017866344750328,-0.01334565537132748,-0.03877477846642419,-0.02760893049895996,-0.020105750067469175,-0.025811057157145822,-0.008860245534978994,-0.01462034682949187
2021-08-17,-0.015177973028581593,0.005169123752242877,-0.005291054976644838,-0.0018822066682395722,-0.009569300548709303,0.0007589689249234421,-0.009098487259433852,-0.024427456517327695,-0.014706158056184804,-0.012110613173704876,-0.00908235718213557,-0.02864037216835147,-0.01381228363106557,-0.021238321368550084,-0.015959133622192145,-0.005282363148918501,-0.006792961465165059
2021-08-18,-0.01600482394101721,-0.0098177061767305,-0.018158244942483304,-0.027065533211968584,-0.02861376913374558,-0.0092466577458854,-0.028797835710772213,-0.014084623177786026,-0.027462337576672047,-0.014360992836194297,-0.014040640851343933,-0.02616267682291007,-0.02601113597509863,-0.013975886814910243,-0.01999698771484093,-0.01797394490831805,-0.021058388577047893
2021-08-19,-0.036144461542430895,-0.04674227387054586,-0.02036263335781363,-0.024922412113418724,-0.0306044351406638,-0.01683002315186921,-0.027646529116403862,-0.039682301612745885,-0.02455523129752557,-0.036424794169268915,-0.025514122888442792,-0.057996031972338935,-0.027586280492879478,-0.013800737659894202,-0.0321335759421465,-0.006239765815211129,-0.030520292525868298
2021-08-20,0.004374873223613518,0.011886903711756824,0.0062928846626721935,0.00010638797499495922,0.014206617767715812,0.0032681047961546916,0.004419472346837372,0.003305708734175239,0.003146818631412751,0.009957540724278235,0.023543622488784832,-0.006337806276082714,-0.004828650212123087,0.0007564469134975216,-0.0006639168194503275,0.006278944961336519,0.00018964676910004918
2021-08-23,0.07591816454985212,0.05335318332328587,0.03827955626767454,0.025768657857769828,0.06070027532700961,0.04916991889321021,0.05896164185791797,0.054914928838178945,0.02132993954121698,0.03742916860592849,0.030735837880314865,0.06924830737842269,0.04321464534498287,0.03892659909071816,0.048338713194749916,0.01913477628749294,0.04114520102796648
2021-08-24,0.035280095305715964,0.031133805806267567,0.011315794352269926,0.011475231770999184,0.04658861284347138,0.011975255898963422,0.027700845313609834,0.043727094045178605,0.012285043974851417,0.020063365184030735,0.018853178674908655,0.038772888677552464,0.03095929476904602,0.026555018114131634,0.033592195303142613,0.005714051860285396,0.008195289612429102
2021-08-25,0.012849253259965776,0.00766116782675863,0.011008827250774678,0.00684801891695197,0.02488597229767353,0.004090646883115445,0.010916266773742356,0.005985215396380417,-0.000606801454806627,0.011559610065296377,0.00944125752804581,0.01025426119138495,0.01762308193162543,0.00815051109860132,0.01701671270873817,-0.0020290478106863574,0.0018062075143421286
2021-08-26,-0.024268922189422226,-0.002683659509252645,-0.01588725373057387,-0.013095246883050748,-0.005130058715063113,-0.018914734130595967,-0.025729776447750097,-0.019831531457917273,-0.020036530363692573,-0.00921011452895315,-0.017022022625716393,-0.02557854293822981,-0.02078137614364961,-0.011247682599711761,-0.013265004118588775,-0.017893543584949767,-0.013523198057094454
2021-08-27,0.059355159445122485,0.034529310254185486,0.029203668798212012,0.014605862367558675,0.0436577229681836,0.032626454519442794,0.048850635883641136,0.03945376871104522,0.027881134307595534,0.03322419044815628,0.024547932289792573,0.0691667724401761,0.02730607777539129,0.033771548027729636,0.025206396714768875,0.019047821480035587,0.01937486447033132
2021-08-30,-0.00426880404094665,-0.011703646113077837,-0.009516939442569483,-0.002534184746822099,-0.01910393536095356,-0.03216996788851623,-0.0048271346890877975,-0.018978279608820703,-0.015069376357870423,-0.01816059227211797,-0.014858884051794918,-0.01597793201608977,-0.014322917404872904,-0.027510208081678145,-0.01624213238430461,-0.00203161815403452,-0.010937780680051357
2021-08-31,0.04394457886202452,-0.0008771337206683327,-0.011921548311634056,-0.01646529988032641,-0.007723606349162582,0.0019290410241099565,0.011274315704942195,-0.006711224867536503,-0.004284003739467801,0.005769546369832845,-0.009803893850146017,0.01742554299973076,-0.006706989812528152,-0.0040845764323972356,0.0043925104728526065,0.005293214407169122,-0.01160245037766039
2021-09-01,-0.022074174018383186,-0.012291403943542223,-0.015847641502160004,-0.010953724202644732,-0.04433144065256067,-0.017180060964276156,-0.03863077059686759,-0.01451447916810289,-0.00676089307702521,-0.0340811327685856,-0.008377766217074645,-0.023744828392477935,-0.026445293338597242,-0.0021399623497287967,-0.03559028646395601,-0.0016203972445766324,-0.01375643721790798
2021-09-02,0.04199476961249693,0.037777692415062125,0.03568168856009146,0.02089654821078124,0.03824343306577349,0.030138454364248224,0.03249704996156999,0.039106026519312165,0.016089174671164885,0.011353640364473616,0.023233597924681382,0.05980883836023798,0.010258675218129065,0.022516269320662863,0.019546526653883012,0.01866145554176346,0.02436278421240523
2021-09-03,-0.009067907798722685,-0.008137044497022683,-0.006360212178751268,-0.0022517429540005462,-0.005115895271673554,-0.005412382917611591,-0.013190503576233636,-0.014173964638987124,-0.004872150205449621,0.005872255483730049,-0.002252061059379473,-0.02483065000930229,-0.004290708976367297,-0.01817557364553357,-0.007668754920651777,-0.005575525995271446,-0.0038125825871128116
2021-09-07,-0.0071172313579667135,-0.006044773389584535,-0.004623366067395773,-0.004410657950478014,-0.003770825470990946,-0.0047066142481158035,-0.008338094756204173,-0.012890310638772995,-0.01101593312526894,0.005666132644818411,-0.01316512379744006,-0.01003099396276641,-0.012640162281826739,-0.009255982386023431,0.012673775296273115,-0.014016774826693501,-0.005831927589625918
2021-09-08,-0.025090009333291197,-0.013466753690448696,-0.01250427678324062,-0.006902956061960008,-0.028561969458426484,-0.007240860976654218,-0.0030693049498070613,-0.02812657900562565,-0.004331567010977477,-0.024927448317596745,-0.0020964372570224654,-0.02922831838324713,-0.025458106922345625,-0.04204093716480595,-0.02777776456191161,0.005280314996992885,-0.009165721599445398
2021-09-09,-0.005777194557120002,0.0352270306897422,0.005427175758444758,-0.004045968829249569,0.007793466137444138,0.002530311388867723,0.012851189279004638,-0.001550477401848882,-0.006836759804795811,0.0024515057985918798,0.0007639250204061199,0.006827248602830016,-0.003731820467590463,-0.001500329060881711,-0.0025116989607713025,-0.008217059462493737,0.0007398927231239139
2021-09-10,-0.012678223407528999,0.01488718272715528,0.0026984895244224205,0.0007292168818613387,0.0039340949572173045,-0.003117950121548474,-0.008194298964149804,0.010869542738626725,-0.0006257096427252362,-0.006637580436391732,0.0017176623308237104,-0.0035899691549863277,-0.00539418100359812,0.006010573776742412,-0.00204592911828394,0.0057996461189813164,-0.0020336628343327057
2021-09-13,0.07811641223073473,0.02221274986395949,0.033375288407077486,0.019777178858474187,0.030281335164838552,0.04393813177662209,0.03677998288207385,0.046595137994146496,0.010644976009750895,0.030595924287479814,0.01752704398059657,0.06685339431367421,0.013257333934834747,0.04966379150030176,0.043684022534503875,0.02182850754993848,0.025750470863948438
2021-09-14,-0.039702035398356816,-0.002049882041875506,-0.011286678144876827,-0.018066912064318763,-0.02247589611843903,-0.008132529393906074,-0.02724901902792254,-0.01810212324665994,-0.008054594653238434,-0.017915045442772337,-0.006740442382886402,-0.013883394101470103,-0.030032977288153462,-0.015652615922654323,-0.022363320775995676,-0.0024183715227173996,-0.014267758207634595
2021-09-15,0.06563299237502829,0.03245686185615804,0.041798063221054615,0.021205956235798462,0.07286907242403262,0.08328523164584478,0.07795976908570212,0.03637296343372265,0.02311068531555449,0.0349200453205174,0.0501414977980541,0.06088264528763654,0.01210908949414713,0.05673990356642866,0.027975430902165588,0.04242424184660032,0.03371214900406927
2021-09-16,-0.006304391926977515,-0.029447011579648352,-0.0015169526911321674,-0.00936501879599172,-0.0006595048655009261,-0.017792842157496436,-0.01850956376579682,-0.010096031700055352,-0.013431056008299413,-0.007889753756847528,-0.0025129582400481576,-0.019727607354957155,-0.004089068402432172,-0.012995716951341163,-0.015787260625351962,-0.015116273647635792,-0.010634845568633033
2021-09-17,-0.017081764970587665,-0.01844999094788935,-0.005233809212470075,-0.005753940009583403,-0.017155986914633936,0.0037853825744793568,0.03184718475898274,-0.015541573374297402,-0.012376347702823143,-0.00406099076514943,-0.007198148785309,-0.014269869969498972,0.003953670235301132,-0.019057707489343656,0.002138442556108844,-0.005116063216787481,-0.011823645776933733
2021-09-20,-0.061072434286401855,-0.04427748854947233,-0.0313984679409165,-0.020462923272275613,-0.05404496611591014,-0.036633299613006765,-0.04248362805833439,-0.03305385583708487,-0.017543782711294198,-0.029391624722857945,-0.03951407823301312,-0.05419463021150728,-0.026507110397265055,-0.03744228223752599,-0.04009125840570549,-0.012262787344925918,-0.026649698820175427
2021-09-21,-0.007403511316618205,0.01573451109811419,0.039600293802555475,0.0007384064918392053,0.011000749270709376,0.009506818751094492,0.011755921521515722,-0.006122589550892066,0.006377528246083619,0.012427670334663743,0.00603874053546094,-0.001962103747517263,0.0010892970973499505,-0.011743303399039506,0.0055582837635541615,-0.010412523709915189,-0.0009312790559065087
2021-09-22,0.07192342078301084,0.008605728394798007,0.049385079851907765,0.029414800126675855,0.06844485510909903,0.03309772268310485,0.0542228914108589,0.01386063582879049,0.022180014755892152,0.03578828836466852,0.028887654101275473,0.05190704091945597,0.04149839239405151,0.00816939323847321,0.03158549460676796,0.012950530381102165,0.02926925087232024
2021-09-23,0.0705763403393238,0.025597361516777273,0.02328928142170983,0.024784832993738348,0.07752963870687646,0.030429122524234575,0.041241946922569994,0.05367072768464909,0.02231862730132539,0.03154746123117169,0.047584221833510076,0.045233827742303445,0.023876970786076868,0.06371995518580009,0.02832218119880192,0.017578905464234573,0.03387092657649249
2021-09-24,0.017177438937636902,0.007487458016146142,0.02056195450026088,0.005396801852408428,0.008841559781619601,0.0160010869156062,0.009788246656561528,0.009130082069788381,0.0024258858375365566,0.001456234813637547,0.00017407376186451273,0.005007189938465828,-0.008307670195039862,0.004501431318119531,0.006848222972491325,-0.0027484913675736022,0.00893457381280216
2021-09-27,0.06161581745574196,0.028901719297300232,0.02599178487827758,0.02355857941807815,0.057721379084558544,0.047502765262476876,0.0761948292839898,0.05428596863368784,0.027223242428643823,0.019389332752742794,0.02488247499723406,0.07437709979672857,0.04541454679366019,0.04067555399696743,0.046576921886615885,0.0251969812918853,0.02969263848742809
2021-09-28,-0.06749785719573898,0.0,0.016339493749967904,0.0037876044275695353,0.003714150748338696,-0.000977352604988324,-0.005236688835852599,0.011291705624653092,-0.005300399784212373,-0.009193277683514078,-0.010526253256223583,-0.009605915709228752,-0.0030932935641309056,0.023848931040638233,0.005510149883702242,0.0015359419010838593,0.010455159753985699
2021-09-29,-0.019363815026784525,0.005216683462969218,0.0035396828212015397,-0.0002902548163087326,0.017648867186955464,0.01027767963036097,0.011265672853151276,-0.010272538065917103,0.0017762145754229852,-0.00927844179806514,0.00909395624320486,0.0043481172231270016,-0.013397056226302051,-0.01876413051927539,-0.012083944501030008,0.007285236397527317,-0.0006674859470653383
2021-09-30,0.007522293270740166,-0.012774610789857532,-0.003968222887241191,-0.018194191919009617,-0.006713414760687542,-0.027855103662448477,-0.014367628794979104,-0.024367938910290432,-0.01122933926191938,-0.0019377771314619263,-0.013942984394655467,-0.014985235100024141,0.001000636536904409,-0.022749722502265812,0.0036981793169492683,-0.012561770809911499,-0.01770190020101714
2021-10-01,0.01726540169078361,0.01819659065556256,0.03438095568386479,0.028388425404121564,0.03660943264913108,0.04534663139464379,0.04425894109786266,0.030527303493176783,0.010759060793519515,0.028312684772385577,0.025176538411079363,0.053076429379379286,0.03627004326227201,0.024291686803917356,0.04321936895314171,0.017733381979397667,0.0358719520134958
2021-10-04,0.011926596912723353,0.010722835347845905,0.019829195046765502,0.0037383199283413937,0.052974772603949116,0.02967449214381901,0.045720922483066584,0.03321345617980831,0.0017741139020595043,-0.0084960032127529,0.010260959276428894,0.021187640288732323,0.043268562911464636,0.017127551631094917,0.019016547739774126,0.03560605248296911,0.012965870637910548
2021-10-05,0.006799930428393441,-0.0043223282183667555,0.003357042886748429,0.010885993391966275,0.034055821910743855,0.00810210331970862,0.007545117256667178,0.01694176712880613,-0.001180574216070207,0.0036497157885071463,0.0026639432435606736,0.03017939061086472,0.021661540112242417,-0.009391007556014852,-0.009597272840165427,-0.002194578859583407,-0.0016203059293137256
2021-10-06,-0.00495282278925957,-0.022099474567393584,0.0011149951190785323,-0.008785139899092687,-0.03493014617742218,-0.0060849760280251575,-0.0004801113597661111,-0.017941103287080873,-0.01063853912366719,-0.0061660236590314055,-0.0019928981473742446,-0.023497243698322623,0.0134452704192225,-0.021248850526129348,0.014401093801301057,-0.008064516129032251,-0.018338117210309424
2021-10-07,0.031674295381481254,0.0004038693411023697,-0.004177510416660035,0.007147620014366751,-0.007239207312913498,-0.009009915896068255,0.009701477060636732,0.016963875981315768,0.011947613900508802,0.010181367652192463,0.010815526890771032,0.014999940047946358,0.011608619291294975,0.036072173944285524,0.007031793856627999,0.021433715977699386,0.00281032743294074
2021-10-08,0.06842108234290123,0.018152285126072254,0.04768566682180708,0.022426213623323088,0.038021132612489295,0.0552509040817466,0.04547199463856688,0.023952377487418408,0.03128680302332065,0.02614191453582393,0.014485521143708269,0.03540683920953769,0.03568743189520451,0.02063183372798072,0.03557317494036272,0.0246020836048384,0.02505773466982375
2021-10-11,0.0024631778191379627,0.008320157342269097,-0.012680137559867521,-0.008514584147082171,-0.01028607694074457,-0.004086937711231586,0.007552180004576137,0.030910259013907426,0.015455060953859068,-0.009208276074731292,0.004380926658369422,-0.007136605898059201,-0.0010956799113208682,0.025268508005385604,-0.010178152512855698,0.01094619220978088,-0.00997112540451961
2021-10-12,0.013103760504281858,0.011787946253131842,-0.007570520733155228,0.00018675166623216555,-0.00506986654786401,-0.00044363266572333693,-0.0065926634672048845,-0.007698250462688239,0.011274198942667901,0.002788090891551631,0.016962912112204576,-0.011380805873254518,0.00719133823586815,0.012939062982320948,0.014395800191774555,0.010478648570151572,-0.005198145564763279
2021-10-13,-0.005254867910718164,0.019417488634027924,-0.0024523962129170407,0.005972849324417551,-0.0066239648372707904,0.0032179787422792483,-0.01645441126694025,0.0,0.001672255365509745,0.008032236968247508,0.00508352492137365,-0.022114591798527927,-0.00919741874000779,-0.0036497816272513806,-0.009883188220029648,0.0,-0.0027760582511300314
2021-10-14,0.06542075626045096,0.02209512536265046,0.00846687252544176,0.009463076857876507,0.020261684429945692,0.00636690496031056,0.005915361132631469,0.012657872425049899,0.022815724270243365,0.021758961502833074,0.02023070056945131,-0.008983845807029711,0.003542182939373806,0.02319902645404115,0.01318138671388791,0.015209045175649694,0.015228466444996869
2021-10-15,0.0057208156643742125,0.002236310729977653,0.003926483440641171,0.007351987361929657,0.008044034136777123,-0.01048897993449005,-0.005053822538619079,0.04879056167759388,0.0043523233051872,0.001799738240821247,0.008830361059711578,-0.010315805550960233,-0.011441258788988273,0.014319877924159119,-0.006441837949897611,0.006128681837439975,0.009516126880127596
2021-10-18,0.021236313058558665,0.0026031810841022907,0.004855886336872617,-0.00045623068738243067,0.010473717390993231,-0.0034591649521077406,0.009050876174515832,0.0,0.0005419198057539099,-0.005988094667381039,0.0010747995056015203,0.04011396152444813,-0.004309056361934571,0.004705737595486648,-0.00673791211229946,-0.008798669729970565,-0.0004790955095090865
2021-10-19,-0.0025992563570659266,-0.0033382910289251333,0.011006779573142778,0.01953267597277919,-0.005429166922943929,0.00951726853036372,0.015376122775644596,0.003460327346967107,-0.00108304956712868,0.006475951653300394,-0.0007669334959315988,0.0003036899694797146,0.023617991885299228,0.011124342399526865,0.02585431336884203,-0.009900889626362708,0.015025466646322316
2021-10-20,0.021965571122777305,-0.05656865730012883,0.009293538106439181,0.013070686033032297,0.015136347956433926,0.03260845217053676,0.0018929947212185105,0.013793095669106137,0.010840206068239322,0.0056861555549827525,-0.00015355046899268032,0.012750300871585907,0.006523232682888791,0.005790579429813869,0.011104209194020331,0.005517249345311059,0.005511636914717455
2021-10-21,-0.013765308654141606,-0.042603451721404784,-0.018810836565177902,-0.012548364655911914,-0.02957680779177363,-0.023630220121335865,-0.019973254309275323,-0.0419502357430791,-0.060053484407842195,-0.002678350275810093,-0.012590309178102554,-0.016786267930936405,-0.007081083039546243,-0.012665858084140114,0.011845867662053866,-0.02194774352173645,-0.018167503791229556
2021-10-22,0.02480555264558726,0.015245006706734676,0.01514965543983715,0.009486233743522643,0.01863942446502631,0.012101272390406148,0.0036722669451658696,0.02130176601811251,0.007986022731242715,0.007310351768294865,0.007774902473662415,0.03445104411113009,0.0019340802724585604,-0.0113698825204257,-0.012316950992003362,0.004558091808147591,0.006859054400629505
2021-10-25,0.019508544991785337,0.021103771082564338,0.01056506120052636,0.009308656482731381,0.005440144164889027,0.02217391554322279,0.0007318178913520157,0.012746242255440299,0.010187132377619701,0.010071069282840739,0.016355524923900022,0.03801916781088743,0.010134127706386886,0.013269915268929733,0.020990553173370063,0.005235460268228298,0.01948669533522085
2021-10-26,-0.002480551283830623,0.021065291178715917,0.006665129335247766,0.0021956250943742095,0.020904937381322597,0.01020830275972906,0.020838886247618982,-0.0022883820081348594,-0.012885055876903917,0.003958550019742102,-0.00030369752879610967,0.0039751023850498335,-0.01803451848880111,-0.002910271936380049,-0.009795999698415603,-0.007291601225701938,0.023154656886931413
2021-10-27,-0.0444051362477329,-0.026469319017034643,-0.027948373564583795,-0.017791413799935873,-0.0457717753569119,-0.020631829793781975,-0.036798227127658234,-0.03975530104174385,-0.018161407287928477,-0.033883253876008435,-0.00971892005386843,-0.05825790314306445,-0.05923124440353977,-0.05020414888226388,-0.039203768027566865,-0.01014346831417201,-0.025971903715446887
2021-10-28,0.006691655916109651,0.014394379146220437,0.009673220251386505,0.009369125683310164,0.02246901620154773,0.008276334559981446,0.013292262377815112,0.01950627271663352,0.002890126638465773,0.007860964449001528,0.004447186971802575,0.015915873363371524,-0.007756759416159831,0.023355607816357482,-0.002669327314346326,0.004240268429746896,0.0028066067424905583
2021-10-29,-0.03212706012397948,-0.011431059767464391,-0.00878231735115731,0.012111221419078388,-0.01037033119894748,-0.0143908404813049,-0.016695440924233584,-0.02420911183633856,-0.019320954943849444,-0.011099442792480874,-0.014636397450892402,-0.00886784086487269,-0.025668075944379143,-0.0312311718364352,-0.014401955919834841,-0.011611460793681694,0.0024881798557585544
2021-11-01,0.036627208798159616,0.036546211631054204,0.0013426741473898662,0.0003493297591496969,0.04765469985566417,0.010815345289824085,0.041235014151438376,0.023609352052383015,0.017910653660075937,0.020172895192476226,0.008173468299522257,0.03817465584035107,0.04493178502726458,0.03223800242998953,0.008922673883646537,0.016020090931536002,0.017992644304962724
2021-11-02,0.004416662748440325,0.00348718850148666,-0.020914110508395756,-0.006112031387999095,-0.0002380992951825922,-0.006847702470589634,0.025445947582964923,-0.007818705407385051,-0.005278615908185458,-0.0389531899208605,-0.0010913160175707315,-0.012926928339219046,-0.007550263579627847,-0.0030027192833593785,-0.027685406710854066,-0.005256051824070962,-0.012341732941482553
2021-11-03,0.012458959416299376,-0.022007958341472622,-0.003971224416740582,-0.0072036838411959625,-0.00023827038804669076,-0.02014648978423783,-0.023067149602090664,-0.026004664276722655,-0.006485741090956787,-0.01485156777176877,-0.0023412869464639607,-0.014843299966226242,0.01792380806782523,-0.006626686481604471,0.0002636944103477923,-0.0031700782897663426,-0.013730431242831909
2021-11-04,0.05247888192750394,-0.015396666994531905,0.007835871271590467,0.004424385996000035,0.009292471492843513,-0.0005497506348461911,0.008496803179205203,-0.00809071564667796,-0.005935003684641393,-0.0017274308682796446,-0.007509407668943147,-0.0029539396322615374,-0.026095706313184586,0.005154771678963277,0.0061942460052202275,-0.0007066836199606241,0.00750841036240546
2021-11-05,0.02819812056688442,-0.00561334516775569,0.02919127301653579,0.010836151825709628,0.028800507135963826,0.04642462358556276,0.009134187460674736,0.0069332328892335315,0.011940362316381403,0.03523658968062726,0.02017662733226655,-0.009777794226087044,0.011576510333603185,0.01085952242235888,0.020562956651619224,0.009901067731784785,0.009470295086900338
2021-11-08,0.025418091751562066,0.0040322518483473235,0.0063616332760731975,0.003573275300313483,0.012391132429883545,0.019659246600792102,0.01687323760673798,0.017415974366880027,-0.006489568236830001,-0.002127225860327764,0.002472093120811536,0.026032426823341615,0.0028286005902338207,0.023575125235582473,-0.0017967181289990641,-0.0028011657950846036,0.010765999463657527
2021-11-09,-0.02120022102805197,0.015260867202749662,-0.002370144432837895,0.007381722022362647,-0.002946511221656123,0.0012375738159087213,-0.019269085177408662,-0.0015923932124637385,-0.0011877349705605722,0.022232386449820618,-0.0032367586421531147,-0.01603964754510412,0.015130156576376619,-0.004664642028329613,0.006042933650596938,0.0017557085999158062,0.009738425534634443
2021-11-10,-0.042652534022996846,-0.0474681217832863,-0.036303853468430014,-0.01594823730579764,-0.0377358037443033,-0.029039460715960752,-0.05159730697391662,-0.0498404396253056,-0.007134298964492247,-0.023983084588997006,-0.02798815440056801,-0.05690605402112148,-0.020714745017427538,-0.04130053590338012,-0.017763470825537087,-0.01331923863842599,-0.01970060742814639
2021-11-11,0.023668758068553286,0.010797095524146538,-0.011780944858497011,8.747005008324926e-05,0.009213215345792003,0.006681551958429788,0.015023977759698104,-0.004616091796602162,0.0053892458658588716,0.007325754626854808,0.007795002372323889,0.00942826049825296,0.004385413764797619,0.0015275709571742624,0.004683699361172522,0.026287621937173045,0.0018691285780185751
2021-11-12,0.001360114855816219,0.0008217613792396161,0.0030496053870880946,0.0006130534405879295,-0.0032772161816131407,-0.0008426701325870978,0.010848792266070051,-0.006323878278907236,-0.006551556296908734,-0.0030300808157228687,-0.004104074845581951,-0.001245139549224672,-0.005136797211754973,-0.0006101094135613216,-0.00828845129995659,-0.008653469687870396,-0.007619209955592843
2021-11-15,0.005432769106410884,0.01518875140073872,0.00497540983965572,0.02267340549715735,0.01409116719474146,-0.017292501140800054,0.011095913218324593,-0.0072125016338112635,0.010791194433731999,0.004863291889666055,0.004279607366700855,-0.003117493072926858,0.018588117821850325,-0.0012210287695678668,0.010055390186449076,-0.0010476059005275484,0.008618112351786777
2021-11-16,0.00033797505684263207,0.01981388708740006,-0.0011002835072968509,0.0039381254548371825,0.00578977260279423,-0.013948552105723211,-0.008905256471673506,0.008974430637151753,-0.011862314049960743,-0.010680737995367062,-0.0031566196119778844,-0.004377641334889937,-0.012822517791276744,0.005195537363594127,0.007627638063254283,-0.0136316747520282,0.010097749988102311
2021-11-17,-0.06617154601545427,-0.03489283124258924,-0.009223715586291759,-0.004485240297082749,-0.026248973781322182,-0.019804003748510768,-0.0266837641064529,-0.027107334345255474,-0.009003372165674817,-0.019432299266456732,0.005383035566479455,-0.03391966643766131,-0.03000361698054932,-0.02523547695396633,-0.04560816466549966,-0.00035434350405350035,-0.010919853106936217
2021-11-18,-0.002892413735471333,-0.01684449389769971,0.010421334476119037,-0.008404117569651426,0.02435547557628115,-0.0051063614444247785,0.006713808201219473,-0.009142250514069583,-0.013930995400925572,-0.013840959038143086,0.0007875121630240844,-0.003901237477464292,-0.012989023168871072,-0.006238377041305476,-0.006671207770340026,-0.008507509451882389,-0.01088460557759141
2021-11-19,-0.05728780961477464,-0.057668303584227254,-0.04276661033047413,-0.022193134220548694,-0.06278863896205589,-0.04396374911025902,-0.05363096031561976,-0.03163434263714593,-0.007371165954133008,-0.03859656833853542,-0.03414643488241853,-0.04960823508958667,-0.05521624701882266,-0.0568110098082949,-0.053316938568086614,-0.01966409687450188,-0.04621910362634307
2021-11-22,0.0203843684672651,0.004434677516659713,0.03275393613043276,0.017871791630413636,0.01330051090577311,0.012021501313778327,0.03229927553902723,0.011342843092785548,-0.0030940566732323704,0.023390884097993725,0.009123505889743866,0.03056306844583756,0.0366169712427975,0.009650533911053527,0.02287517703170905,0.006564615991988099,0.013845305266725116
2021-11-23,0.07312494189511787,0.049006443537393585,0.026289646051139925,0.02098139221561479,0.05590667987511955,0.05824035282516227,0.04475213370303743,0.030506902747372333,0.013656117391148026,0.035013773472371,0.033419548898019125,0.06364545074566053,0.0227178467863991,0.027686286073345556,0.026893089187477015,0.01739133184657038,0.026337177591301053
2021-11-24,0.004917616413010473,0.015151887625586058,0.014231600067920791,0.007652594039031069,0.03798321219047929,0.014058340425353588,0.03639166566916985,0.010883875694615464,0.011635273389443146,0.01096330929317757,0.012498030356109302,0.002819693455203831,0.0005416437461027712,0.007376535747850799,0.0055135925156386545,0.01673793350258146,0.005544098402666675
2021-11-26,-0.08283842565303012,-0.04394724284355778,-0.04476813173229299,-0.02286899425640576,-0.05300500723603485,-0.060505051277604305,-0.05884411424043168,-0.06761418679214137,-0.0157387490987958,-0.04957415752651939,-0.036105572994372226,-0.07216500432476258,-0.06254232552093819,-0.05444124792026628,-0.06771761225971384,-0.010858010278891106,-0.03512920522955232
2021-11-29,0.02248495147515195,0.020381704012215618,0.00937302117208505,0.0029691507243798654,0.028571415718934512,0.011095752293875716,0.022794751594435114,0.02771377952526466,-0.01537506458489657,0.007009059264560635,-0.0001601150809397156,0.012121214203571817,0.00880842247422331,-0.0016836291858894903,0.0023526215498503866,-0.008144544574345214,0.005551116722323668
2021-11-30,-0.03950794775173494,-0.008074975519435701,-0.027997011687489803,-0.017239763318775636,-0.04234955769435145,-0.015725682950116004,-0.02910943681806777,-0.02966293961342037,-0.03435357263076022,-0.015053387371344651,-0.041946771590657295,-0.01363933928481953,-0.00987668413383136,-0.0286196051774118,-0.018042937985467633,-0.043555946476769636,-0.028413615494024547
2021-12-01,-0.02017865039386546,0.0034274237581810585,-0.01326085649866926,-0.006822015837580686,-0.029006049667832268,-0.018965337514493474,-0.03494783468765683,-0.020380175533211697,-0.01228988015253829,0.0009859442169795063,-0.019886173456738376,-0.023608737398347124,-0.007228642272038677,-0.01046035331805617,0.0055272056337005715,-0.005599217241950782,-0.0008353553880647846
2021-12-02,0.03683173171605558,0.024765510140541958,0.02976870386884989,0.027118607558887176,0.018364049629096435,0.014176661434205151,0.03330086226366502,0.04113496515288673,0.03012453114487279,0.03973090263200296,0.03478242533106268,0.024179586916253548,0.03946411441171915,0.033121700998997916,0.05734656459306642,0.022898073766133287,0.024920254196359792
2021-12-03,-0.022918311900263166,-0.002500120138516415,-0.0021048550494568996,-0.006340048040830104,0.004328046654460849,-0.006584826400990784,-0.004040154927292816,-0.0009081907055323857,-0.008900135571350498,-0.02621201634642789,-0.011204397648542752,-0.01652615747909325,-0.019333234324299786,-0.0027283572199028328,-0.020514528941604215,-0.00513774124118993,-0.006364270672791106
2021-12-06,0.010555098890273173,0.020050292750368293,0.02390606277724361,0.015645425665841373,0.014125182963925953,0.018373891684786647,0.021037720350514988,0.02636357458076999,0.012187082425031859,0.019296448824781764,0.014664357578485498,0.02331968916693139,0.015285829986392274,0.026333859886243705,0.010041896956951124,0.007746323902739771,0.011331988973261709
2021-12-07,0.04023189732493093,0.018836850509141412,0.024172783286803723,0.014802028245727294,0.06515556715374138,0.03414430304121874,0.06800318850058074,0.03631541700243934,0.028517166447810993,0.021794465332091173,0.029396925209753455,0.042895308502178375,0.019839794988064208,0.024991668595641503,0.017326972586704237,0.016105333333678695,0.011204941044030026
2021-12-08,-0.009668726184085319,0.002813782651851948,-0.006168642552552783,0.00449465144450123,-0.004654291266764976,-0.005300397824533509,-0.016956316016962347,0.018625646072913726,0.0006161879270074611,-0.002646745661034955,-0.005105337630689433,-0.011246641285008852,-0.008692310182342955,0.009752815224304934,-0.012704128995393527,-0.004322667145707282,0.0028906449259897826
2021-12-09,-0.022530866173404274,-0.0032065947890684843,-0.02104975374679674,-0.0026170472129011246,-0.03970968511797279,-0.013321550982688168,-0.029041687513507775,-0.012610286855441633,-0.014162458427435132,-0.011239459480858804,-0.010102200093156988,-0.0169050835968223,0.006263082168285861,-0.014166002767955654,-0.0057977199846246386,-0.022401709228830335,0.002561992321061579
2021-12-10,0.02458693316063343,0.02291925689692298,0.012956504731784113,0.0016925357736969904,0.02599268451555803,0.009000760135363661,0.007704234976571689,0.01873107398656737,0.009369058360065186,0.005525623943267055,0.004373732509559858,0.017526241999884062,0.0030428961698749646,0.012083449681318026,0.0076804779097452425,0.0007511383622356149,0.006388756499203341
2021-12-13,-0.05211849231745502,-0.034591241439625,-0.03361002374536526,-0.020787235096413448,-0.05435281709943007,-0.01839858152712326,-0.04110461285202982,-0.05098190828739957,-0.014232721607992715,-0.029517938400456467,-0.029032274984431394,-0.05004864260864417,-0.0397130479263722,-0.03743120604811845,-0.03712063934706844,-0.015014980959098922,-0.021901152679883018
2021-12-14,-0.013053700429976556,-0.01954387534634927,-0.0047873748050869525,0.002934126816918514,-0.017535425528093507,-0.008485269722961708,-0.023825057370920555,-0.01012753805347355,-0.006905096401402022,0.01035417226696489,-0.013787475088361645,-0.016763685343014867,0.01565170212658229,-0.00536377544145572,-0.0004397868448623443,-0.01371948060321504,-0.0014604769168886644
2021-12-15,0.006011881959180565,-0.010382087236770698,0.0004246433562724583,-0.005679004376498598,-0.008924085639542723,-0.005744335740524464,-0.003074835305030388,-0.009341764888382342,0.0031604754837213367,0.0004803419531149711,0.0032002869560483482,-0.007654728769251773,-0.0029688702282669732,-0.01213363014050206,0.0007332575807943442,0.0038639786138705556,-0.004387328908421195
2021-12-16,-0.012350525039550475,0.018464056074199986,0.014000815501912678,0.009345789175029706,0.009504773956056534,0.016271352784352322,0.014939679017998087,0.013022092876409097,-0.0006300881634988542,0.004641662542277825,-0.020987205853045254,-0.004908779316539547,0.006239339448374404,0.013306164446065916,0.007473605379562764,0.006158748105860701,0.0016320836235872438
2021-12-17,-0.016539174313975002,-0.02430999452504412,-0.04309633877981556,-0.026062986221660256,-0.02874141419566356,-0.02540888280410425,-0.027255320782121895,-0.019947095652151248,-0.016393241680338733,-0.005098110170760117,-0.00788881017101084,-0.011980293328329727,0.011837688450438533,-0.024579197800333907,-0.0008727290496418627,-0.013389585946744664,-0.021834796769976128
2021-12-20,-0.018047389267556446,-0.02576009104480881,-0.000145840346263304,0.00044004439710465526,-0.023979666875409755,-0.00499988531346629,-0.0323149790291557,-0.014020698804158793,-0.023077102662579452,-0.024659741990651574,-0.02281788373431437,-0.03780333548612991,-0.03300833849932705,-0.0172591610286863,0.0,-0.017061016558469255,-0.0144927666173017
2021-12-21,0.05847948294781147,0.03120957663519608,0.030320736499533707,0.016014009054731826,0.0797179554808316,0.033141719647275414,0.05831325237303875,0.03944958588968128,0.027559126635523956,0.04120843165831478,0.024412159910076392,0.06004460587368898,0.039031993588937164,0.03442212584651494,0.0382879210642908,0.012228953287956257,0.022650541136568725
2021-12-22,0.019337250213277812,0.005464355978453961,0.005659626666167927,0.005715891597757539,0.02372306756940956,0.010075168934454926,0.007530912699868608,0.0030893410878380934,-0.00574730931498757,-0.005045659328055008,-0.0022451432303022267,0.011188743941826118,-0.007208018236458447,0.0016978937517813097,-0.00028034462350867706,0.0007793308242594055,0.00809910342501774
2021-12-23,0.009291232781227343,0.01254169851476572,0.0015472863472794085,0.002411007208181326,-0.0056752478610155865,-0.00045829721625123554,0.002365530616265543,-0.0008800691349661882,0.004495837486048204,-0.0009509886175430582,0.004153740856849719,-0.0024205837451004575,0.00390951200973455,0.0023729070700075905,0.006031042303637157,0.00662010371100652,0.0004917626266875974
2021-12-27,0.07288075511270686,0.016515253747379832,0.028375116840269055,0.020445140865794187,0.060879888538920124,0.041293583667780576,0.04908447448000408,0.020255260944705755,0.011509083597036396,0.01649752676560312,0.023957289388494285,0.027383231653997253,0.012378247722893754,0.009130872127692147,0.019517466532553263,0.015860696510256567,0.014257855238527295
2021-12-28,-0.0014300595897741575,-0.0016248311888908962,-0.0012295957424149906,-0.0019362776360049017,-0.0024657428326244624,-0.006168791503688875,-0.008817871101668762,-0.005178782165952245,0.002528395942029027,0.0045256333386760605,-0.00016819616250673963,-0.005398146890004618,0.015661504275011895,0.009048253680357998,0.018733628413726056,-0.003808329509487174,-0.0032316847583664376
2021-12-29,-0.000716133065355451,-0.012611596225680755,-0.002735723228848186,-0.005145128650370756,-0.006741616342359924,-0.004100759678127286,-0.013162705106421924,-0.004772316756685768,-0.0018916114329264877,-0.006524727822797116,-0.010606104092449775,-0.007462650413629701,-0.014608392487975519,-0.015277461654712443,0.0020133975457938824,-0.00458679083835789,-0.008753322284015597
2021-12-30,-0.03045500771858345,-0.013185139625378595,-0.008776330092386542,-0.004408651057636326,-0.011991045548808699,-0.0074570340297785975,-0.012878344326367919,-0.007846650916578657,-0.0018950409558449177,-0.008131449410186176,-0.004934662545980073,-0.009911286452083501,-0.005490914883372833,0.005733569952994344,-0.004956582047142777,-0.00460846190642783,-0.005887177492122864
2021-12-31,-0.006282591773246082,0.004592798012400756,0.001387422754960843,-0.0006811548034363346,0.008701539076428899,-0.003924837791252522,0.0050322248552348015,0.004832940386235052,0.003797433656270499,0.008828761567795995,0.00478792619586943,0.000690462115222612,0.0001382086178907116,0.00435950754472425,0.011174326646804511,0.004629798154858866,0.006580029828602951
2022-01-03,0.04351070872210028,0.04073173528649199,0.02202838796590645,0.01627600209158664,0.034506436721458034,0.026230031326894165,0.036995675047924115,0.04897264560871295,0.030895337402409462,0.026097877178634876,0.020932746240596822,0.07140394918991433,0.04526608251492692,0.05909849633714259,0.02702673589039284,0.01766481868873293,0.038405024373624475
2022-01-04,0.04989313292231912,0.0219648658506586,0.043377905335230116,0.018195603315229736,0.04586351011943246,0.04596301225295418,0.06580859621635127,0.06002503551130145,0.014067401041411465,0.032744227772520285,0.02350394601686623,0.07469418470098477,0.0373649844108388,0.04854974005408552,0.017760021670325088,0.009056847007031132,0.037613998203233745
2022-01-05,-0.03598093734729657,0.003516752841083104,-0.017149601458542052,0.006505655562287771,-0.02203084955667689,-0.01835334529257071,-0.009144647013900276,-0.009830921422947392,0.0054280282737757535,0.006341332273182454,-0.012377837040727258,-0.047034230851040415,-0.0031821099438374967,0.0,-0.00394848431589534,0.002243650190113966,0.01243742781178736
2022-01-06,0.0429579828264115,0.010514195706748275,0.03754122398776527,0.008509478951921112,0.03775993526469623,0.02051306871435199,0.046905626883688045,0.01707697814130138,0.020995931102351983,0.027989248507330755,0.01665575009825715,0.029864856821502972,0.027579243065477765,0.023752315934984614,0.025064063390198843,0.023880629888868077,0.023520577708537882
2022-01-07,0.0016881083738069513,0.006550993052036658,0.027392163418317406,0.014359763173447115,0.010750566934512706,0.027638002075742962,-0.017225896567939936,0.016009315178198813,0.0146885876285201,0.011119256012099843,0.013138465962535317,0.013736052946054844,0.018389583299162737,0.028781020797436385,0.010478842038200709,0.020772716636153543,0.008196932252576117
2022-01-10,-0.008426317332185573,-0.001914280003519342,0.004836510491834645,0.0006398979347683742,-0.007977093854609318,-0.0010186713974229544,-0.0013991918647252577,-0.006533322761196003,0.009264654763920799,-0.006767412209266133,-0.026897251425114344,-0.024992331369848686,0.023182006667114452,0.0025690041029466926,0.00037023541761027623,-0.0021421699246279013,-0.00595273521596662
2022-01-11,0.08769560576377766,0.03413898267993898,0.03159302909491868,0.022859825117033994,0.02680413192475295,0.042218817970093525,0.024804465677995102,0.053771845619135616,0.010326927605619929,0.031795536619539044,0.027969925884803626,0.0716489617495153,0.02730743944252434,0.03872464900409711,0.03480183890061883,0.032915927802920075,0.04206239795358546
2022-01-12,0.02031273664665112,-0.00853120005142971,0.009690091644167564,-0.005001142581248397,0.0020078871548494526,0.00557742199835376,0.001688666638786529,0.0073420607467111765,0.0022713927622299845,0.005365649261819039,0.000320021147577787,0.0014413512223792058,0.0017412985708904483,-0.0008223941461166229,0.006201634456708627,0.011430604558235302,-0.002943140356345131
2022-01-13,-0.017151819455188733,-0.01720897697844115,-0.00924144881916722,-0.004162340395424513,-0.005210328717679347,-0.00019571102042359456,-0.003933529411942027,0.017856903831937387,-0.004532629881073169,0.0005472583812604626,-0.013599858724881675,-0.017266212647293333,0.005561903772118848,-0.00768172476211304,-0.011970958407371834,-0.009246473677634093,-0.007169400654522873
2022-01-14,0.037394635824995914,0.04529859564020566,0.037311679184310664,0.01703454334659149,0.015108737420223006,0.035587777155668965,0.04134418556511332,0.02900146873223508,0.018213002612841978,0.02215536781753502,0.0155714974540766,0.03982420928081076,0.020742113991766287,0.04534149295912093,0.02207284179160718,0.01244363828572026,0.017556527926524623
2022-01-18,-0.009612400089891615,-0.02403488118461128,0.0088768915981694,0.0032567824024694048,-0.0005953132964805485,0.00037866318205859173,-0.02530745389472111,-0.004871496186208635,-0.010620476079255425,-0.0025420533094876463,-0.019006369270358037,0.014643429526312035,0.0009032090407867788,-0.007140854404996677,0.0051644680715559055,0.010242459326429199,0.016836234512308756
2022-01-19,-0.017895074727895866,-0.019029736420017374,-0.0026283775828316314,-0.0036324416150884664,-0.028395562040178457,-0.005110062129526027,-0.001826327788604809,-0.007692368658938409,-0.015254167891568082,-0.016096969169171804,-0.01970039508930521,-0.005550544097153165,-0.016016295100068967,-0.01172100745449789,-0.01669774435349003,-0.01892534655314504,0.00041065321971212043
2022-01-20,-0.03115807188271924,0.01635606022291536,-0.018904435227967142,-0.003568471025306441,-0.006131150809032815,-0.015504775147701655,-0.030228339391158654,-0.008456713717351683,0.0,-0.01854129731687093,-0.013618897073842673,-0.0245604165017701,-0.0199450103015002,-0.0013475604924307882,-0.03325034254586767,-0.00895623136053092,0.0021883721495212782
2022-01-21,-0.03679976173664068,0.019460792843406294,-0.033983785638108444,-0.011989329361261292,-0.05161428294159198,-0.027729454506642548,-0.032154852882584684,-0.021321875425835968,-0.003442379793071826,-0.01791910419568321,-0.014480607083889874,-0.0343347581860145,-0.0240936807397224,-0.01862337479138154,-0.02604090147797722,-0.0003475834749623319,-0.01501323923392106
2022-01-24,0.01461777057823066,-0.006240603713983828,0.0036271630914486153,0.0021276362431918994,0.047918593043892344,0.016694994802284757,0.012119657018010876,0.038126280381347355,-0.0028786651731806945,-0.004384537163464652,0.0017084283418951074,0.00770334670512951,-0.007310497244274017,0.006600864916781024,-0.008828498402159046,-0.017037350620668024,0.00859131943624436
2022-01-25,0.0828423100232305,0.031769469791945726,0.04926495773723172,0.042538180162786876,0.06062478068501265,0.04525463879130065,0.06330597078811229,0.06995471101735329,0.010392800341671782,0.01576939433021418,0.016373830914876653,0.08115283878421975,0.03778834418675836,0.059835708160834056,0.03270160789918086,0.024760921269005642,0.029399035054747946
2022-01-26,0.0012096506351833014,-0.014679374342144946,-0.0005738885082662293,0.0007541784789435457,0.010339343328102268,0.005517014539145881,0.003307796032108623,0.006864877240936096,0.001142799770849523,-0.007272990820767933,0.004363032842807035,0.007886813588148911,-0.01058637026653042,0.026037939760565898,0.0017248644993130835,0.008284574001916845,-0.010142754579279045
2022-01-27,-0.0048326899827144665,-0.00799438870028224,0.029864524578886886,0.02019730693776256,-0.0009652767857711853,0.020645463577164458,0.009732908534386908,0.0009740492270333689,-0.0022831309977837666,0.012961366837646926,0.005346825342005923,0.0053964981558405345,0.009053501179671297,-0.02361835777988186,0.008364136436608716,0.005477483538390615,0.01280852152583778
2022-01-28,0.006676908077436927,-0.005128244228721823,-0.004907411818417362,-0.035162828164984394,-0.0036723062733668987,-0.00045541142175586913,0.0006219781371363808,0.017191230759479925,-0.0005809227584603338,-0.0013906588593187719,0.0009284619950893358,0.008320156895075481,-0.018294098107431878,0.021101246333094403,-0.006953062989719427,0.009193191295416847,0.002129997304813669
2022-01-31,0.0012059374383301957,0.010309200953639852,-0.00672531364453155,0.005512544881776771,-0.019010669306349315,0.01622579986975259,-0.019888230215970082,-0.01977051918192918,0.009302350150069083,-0.0006964154794735222,0.02344421317603773,0.002661838256289517,0.006409701262291012,-0.01537300159959698,0.019162521324458393,0.010121276076763497,0.009032979640434924
2022-02-01,0.04516695534148241,0.0021867717146872856,0.032949899461843346,0.02634563661884881,0.039351351431940795,0.01524956040176062,0.032102159123700735,0.020494479230398932,0.0028800043320087454,0.03163764739481634,0.01961111437974128,0.043004744857354726,0.033847996764377664,0.011518040594309609,0.04314779916778688,0.0193721891227272,0.06411263994286132
2022-02-02,0.0017286177513697876,-0.02290910958621084,0.007319192660347751,0.004600068183599149,0.012937559104166496,-0.002297492180530325,0.00583664586802235,0.0012752231239032685,0.0,0.06052428562699963,0.016486168789773714,0.008399277782999537,0.00045608632346461064,-0.006832088650233437,0.012153715388050657,0.005242680019100332,-0.0025981258335898705
2022-02-03,-0.006614817065903278,-0.018980396633099028,-0.014532218509756167,-0.008935786603977092,-0.0043199258793901185,-0.010095641089114649,-0.01206379270217417,-0.006049327972724394,-0.0080412997503585,-0.019490608613209726,-0.013038628112984285,0.00959106381659569,-0.005472705801212507,-0.017069911140485394,-0.017549965892132757,-0.012060170109194024,-0.011659544591460347
2022-02-04,-0.00144735985968647,0.015660845203793627,0.011004933989873678,0.012518605945139427,-0.0026410871774777966,0.017176822157690008,0.02063521107896671,0.02306222152395576,0.004632287985091077,0.015850288262441836,0.013210879862557423,0.0199999306312435,0.018573589153787706,-0.0018145411801444578,0.01892117995603826,0.008907853325424764,0.021711952015456948
2022-02-07,-0.011597644290650688,0.035351646962866745,0.011647018245573237,0.0196497546171559,-0.005296161980451908,0.008707118316221063,-0.014235862308208502,0.017845861560356724,0.006339774045705182,0.02097468276012604,0.005883182771335704,0.004902119137647043,0.016321314156140243,0.04570255286298197,0.033794766550240274,0.004251362834537753,0.01203750717325014
2022-02-08,-0.03578771803780767,-0.006174996364133434,-0.017323218244547745,-0.015229028447573123,-0.02662090725951516,-0.02755258325449772,-0.04463060370449512,-0.023069667569640462,-0.009736158351197344,-0.006764200829532441,-0.008378109442054638,-0.04024402672358951,-0.016280907844762438,-0.031012504678601505,-0.012718782015830432,-0.009769007576953426,-0.025852541240370175
2022-02-09,0.0170368111924748,0.010599349403663805,0.017737859127205713,0.009894248661043825,0.018167682180582068,0.01595973487861979,0.03626288306896286,0.02802272052463417,0.004626859198602951,0.006305656529148829,0.01450660971280393,0.024142339986249706,0.007093158037193792,0.012853251608042626,0.003955285834595923,0.0019731070831097153,-0.004787316857160495
2022-02-10,0.0008975671674482655,-0.00759501107006566,-0.01118866186064027,-0.012700446680410482,0.0019186012555125753,-0.0057363184091892006,0.011948906736438225,-0.007350799520219109,-0.009786880856797686,-0.000626572058594288,-0.00974229148122674,0.009429331350385262,0.00011179040007514018,-0.005837800217956879,0.011818913805021758,-0.01083022303251735,-0.009619904877952945
2022-02-11,0.02032278827479228,0.0619533453173613,0.022635245103149293,0.020361560405756984,0.03619294663190353,0.0363037856098658,0.03948804052095989,0.03424872923800382,0.019767573302869934,0.018184208308398064,0.023643365207063782,0.05653880451344273,0.04180635114775999,0.03701846280582166,0.02347314800207112,0.01891177563215951,0.025178680146520582
2022-02-14,-0.05858245259702677,-0.02059028142249575,-0.021064903040360794,-0.015416819955798244,-0.03418941564677214,-0.02860800009717701,-0.03761902704307718,-0.03460607000959626,-0.01995472930544695,-0.025002936193393888,-0.024647452579738327,-0.040716761745769325,-0.028755430465163045,-0.03249659942915173,-0.02478264481469672,-0.02051466618679143,-0.015334374399246786
2022-02-15,0.0028002977615184665,0.0087597892015423,-0.020426137565337843,-0.007319878445295247,-0.01607358021231564,-0.02213229505657177,-0.019851359800949653,0.004944255114250229,-0.010471172458000444,-0.002163466852311058,-0.007787515705859005,-0.03347071960285486,-0.0231992856472224,0.02010195983481977,-0.01326355212933683,-0.0073137355762997736,-0.012535019826782401
2022-02-16,0.005274558998145773,0.03195547132567178,0.0059100136599183895,0.00029808446088686047,0.04725785872229493,0.007844950192428257,0.015170646279397904,0.03228781734114694,0.007054675856591697,-0.004463885337544049,0.0035240158318479153,-0.005018880447859364,-0.0013571118304321894,0.03991010245071558,-0.0055346436497986096,0.005023430612799418,0.004615885855112856
2022-02-17,-0.00030876836817828046,-0.009424410382365522,0.010531061012464704,-0.005137776121341031,0.025998281033067228,0.007426024409048493,-0.0010014641957567516,-0.017872964040062223,-0.021599403931978345,-0.014091661212740969,-0.0007983359677413704,0.005296437375301055,-0.014269448471891155,-0.013911928517049366,-0.01135843685154525,-0.010663164137162395,-0.0015314081345356723
2022-02-18,-0.007100869884478445,-0.010873095373345354,-0.01678378307519235,-0.0014219018206487188,-0.00850685511352467,-0.008703518893723894,0.013724960645760564,-0.021534962651987066,-0.009546565082581115,0.0007795151827727498,-0.012619772459447676,-0.007526124613983831,-0.01219221851965735,-0.021892688422673223,-0.003676638426660439,-0.0023576906576164847,-0.011120985342436995
2022-02-22,-0.03482593786063781,-0.017519941980641107,-0.020082678877429427,-0.007645248022977502,-0.038517765999679154,-0.018723919443061954,-0.02616563861704002,-0.024798563112705785,-0.0036145679985176704,-0.01804726268691781,-0.026694647697827478,-0.03134507619298321,-0.011402599440185957,-0.01641387223780255,-0.010147690455435843,-0.0037136197545866168,-0.011634147997409028
2022-02-23,-0.006765393070431558,0.015734230531359694,0.004554313764484785,0.023791729883978707,0.016707851034857946,0.007303602599517012,0.011950220247358923,0.006993130157935568,0.013905901054283909,0.0011902236337781869,0.010305679912100185,0.009655658574140968,-0.0014267400420714393,0.004804324555059969,0.005941460754371075,0.020670829781644473,0.0040543927519649525
2022-02-24,0.04800517756828704,-0.011359815776330162,-0.005667006156127585,-0.005164074021018372,-0.014939375033548585,-0.002084539801264329,-0.012889668636154039,-0.0066285484716416265,-0.005963162190123383,-0.016640329351095717,0.012339645147313671,0.0059447484118264615,-0.005953723255407883,-0.035732555376383424,-0.029067947351488654,-0.005312227010556447,-0.0126350384103735
2022-02-25,0.042092337541986824,0.02715883457590418,0.04035088491918115,0.041008284279159035,0.046445365285384455,-0.025612978159742728,0.04206754643305266,0.03368275633564566,0.023995157889978858,0.027934780452708585,0.040142949965462416,-0.004624967970264682,0.014494236778635594,0.02948876769988784,0.012285445208160883,0.024366078448528894,0.026912673359341
2022-02-28,0.058211919579789884,-0.0040678163900692565,0.03933398208404526,0.025787380139758564,0.0788043963083358,0.07121549563690355,0.03624216386645629,0.03074083109250325,0.01933222005687396,0.017376202138396968,0.020312613688729275,0.12880766900932894,-0.005313345526430702,-0.005323343996530117,-0.016024704205921392,0.019224532235079916,0.007451556675176718
2022-03-01,0.04658990807328256,-0.03539811571635754,0.022137924378020202,0.03972198398754756,-0.005037816263129713,0.012965622617643335,-0.009196466966556072,-0.03891059010933462,0.010919443881290736,-0.036728057367579225,-0.022664592569724196,0.06997471070151073,-0.02457256459543644,-0.04001017816202268,-0.03448680844099017,0.01246792582692624,0.009563546925097643
2022-03-02,0.01555375152488625,0.07233600503419813,0.011138549980396206,0.029521847353707553,-0.010126569191144519,0.002834458714563892,-0.0011692932598884598,0.0255371751727409,0.031267953197413156,0.026396767855041192,0.0512380124853935,0.0337678964025363,0.02604348113878019,0.041677710796370615,0.037083195122677104,0.032207280604049204,0.01717843826511345
2022-03-03,0.010826753654664234,0.026982339407892963,-0.0064258128609736564,0.013494147226651432,0.003410296256933565,-0.003854645883281327,-0.014330942873777341,0.012754329251075891,0.013781638376973104,0.004935768198955692,0.009241018490206976,-0.012817811123026601,-0.0155378015981108,-0.018348605066944246,0.0068165604278265235,0.0033648639445287287,0.006332955961151132
2022-03-04,0.031348006090097025,0.06440258173218738,0.029360194699089348,0.015555316835995425,0.012234491633832167,0.021154218921394463,0.027438167744870512,0.023388560102379996,0.024469610900988092,0.004652847712215191,0.010486035466630073,0.17591607556173305,0.015662645408210052,0.01090351605840656,0.02126147778884091,0.02042692176506611,0.037635778249577756
2022-03-07,-0.03951387647479443,0.04695975950011255,0.009973252742984995,0.021367463879268245,0.005371680807602308,0.011789174227460952,-0.024383112205738633,0.061822335159128494,-0.006369429208892274,-0.04103955545402682,0.0013154791162106605,-0.013713365566133895,-0.020166050636540866,0.0811503176888344,-0.02291236204304925,-0.002091697664873826,0.036032889842576576
2022-03-08,0.01872362007203887,0.0005751064662662397,-0.024390230918484468,0.0523945515114872,-0.006845784130923627,-0.019475514839384256,0.0,0.014348862815342756,-0.0026707740365456978,0.02253852741412765,-0.025835755860263654,-0.014084484211174697,0.020702062798451992,0.07078388229229149,0.07772856217141322,-0.016167350354702292,0.007575676568816192
2022-03-09,0.0018122344264708268,-0.02844837661267019,-0.026214604777026196,-0.02498089040344198,-0.00907873968900308,-0.034292378990878,-0.03265398969176303,-0.052230795348210624,-0.018211091851855543,-0.010364856878372852,-0.0019477009090772546,0.055627143111454336,-0.05883054482362593,-0.05590061179507888,-0.037552352647201026,-0.010955611910696272,-0.056846616248777626
2022-03-10,0.03462513768628672,0.08666081632538458,0.03648250820033905,0.027365269336261155,0.027655247014503503,0.05370492821260031,0.030911286813203764,0.08926519596290983,0.012002108482982665,0.03314305497720982,0.013511444956112673,0.010956397137272367,0.023440244450727565,0.01973690486316415,0.02800109199738743,0.012938346924890265,0.03104247789431458
2022-03-11,-0.024725046527875882,0.024496173631970874,-0.013136625737175889,0.0004682524817380962,-0.015611860729066951,-0.02669323636286658,-0.03281876712553189,-0.014229139581440453,-0.024258556449103463,0.007442813768887779,-0.021478384773386816,-0.003096342939921448,-0.00541787915543035,-0.01152064100636474,0.023330938151805647,-0.018159536486837102,-0.005154653104962881
2022-03-14,-0.03764420672239521,-0.01753434398425302,-0.018900374704180933,-0.024458877161905646,-0.10146652137544887,0.0013828040207748415,-0.026837295776938164,-0.028067416001685164,-0.03093907484019065,-0.023563791211757,-0.02331201273904715,-0.04072499141935948,-0.030952029963316696,-0.03146853146853146,-0.012217491436734451,-0.02601879917592731,-0.03579865719644415
2022-03-15,-0.02341667590999874,-0.05705805370203321,-0.015536081594463846,-0.05062388427976172,0.0060731805591727195,-0.01743793560701945,-0.012916934356026477,-0.04290440546320229,-0.012543093076625378,-0.02948101421983662,-0.0040298098115617575,-0.019067952997526616,-0.03743449298035395,-0.055114584729656135,-0.06780815406671092,-0.0009654821135930414,-0.056912232303405585
2022-03-16,0.004087064264322926,-0.0349869044494866,-0.0024197712267856053,-0.003601185736040735,-0.010375333777627005,-0.007204015127269647,0.008590187552290685,-0.022988428382883397,-0.004041542615354499,0.0061829335334080415,0.006224635352586327,-0.02824147745002692,0.015396858172246564,-0.035150096133783504,0.006278827316334112,0.007087586445537752,-0.0037557486887221936
2022-03-17,0.07001363871739086,0.03952454743558165,0.042290749399606975,0.017310644798559816,0.09645448263567369,0.04309725022619881,0.06566912406870973,0.055588176064141015,0.017971060821601492,0.030590294452224054,0.034024271897100444,0.09473486333128944,0.013725293466099409,0.04303076083519852,0.04885813029776509,0.008637331494373068,0.02664791457997806
2022-03-18,-0.008115839434177818,0.008861916980693385,0.007791162161233434,0.008040079312744197,0.013038835315977826,-0.017561781440062818,-0.01815078596811337,0.004179379304718678,-0.011389363553015674,0.01516534045442075,0.0020939488129563255,-0.030511910966465106,0.015603030445300314,0.005568188933731566,0.015040982710589734,-0.0022202399142281504,-0.00392536592489412
2022-03-21,0.04525735308630274,0.026353475052903086,0.03172677807403179,0.017992896003587555,0.05440188270924984,0.05751299314250913,0.06413097609207652,0.04273049970510279,0.040898615501697266,0.02119498094588179,0.022686444756225832,0.0839260023619901,0.023743048645200604,0.03674798468389562,0.04235333188595125,0.03305794764184622,0.04487086953246333
2022-03-22,-0.008806414474216595,0.008834938496257383,-0.00963409449759367,-0.003340310733433549,-0.013183595407389892,-0.013310362310279822,-0.01808711304971844,-0.013038868518574609,-0.007747794022954113,-0.009127298598914813,-0.0032106629718521296,-0.021653501899339234,-0.010417986481691788,0.00024271578012946549,-0.007108188756315581,-0.01169251984021269,-0.004379153317640605
2022-03-23,0.0046890032781874424,0.028735387988297667,0.02554792503837211,0.010786426073556843,0.01715323515461953,0.022510705457823743,0.03851483361059738,0.026422027784064772,0.010596672049613787,0.015268355693792923,0.009809529423545849,0.0033534268192920713,0.006015903835231207,0.0293688734654185,0.02062186484386852,0.018368725659883678,0.015762115072318617
2022-03-24,0.0017192083255319623,0.018622119398271186,0.0016287926462594804,0.0026526806316591323,-0.00210791091074225,-0.02055839003837967,0.003856076588683033,-0.010244123727559784,0.009934012145017102,0.011558304498324068,0.0211686004836511,-0.03492635791674925,0.010589081753559881,0.005423070606317193,0.009631625878817163,0.006725872557189039,0.0030073030997164185
2022-03-25,0.01839165873004278,0.011230055825233398,0.028314243904065783,0.018100083044407356,0.015599560327145934,0.028923204356413823,0.023185704431321286,0.03237795632202789,0.042076137312054396,0.010320761101615172,0.026125214521879547,0.016623240110742676,0.03365404974309749,0.024390609176098588,0.008398879187752728,0.028848831340911207,0.021828180039763723
2022-03-28,-0.040452683271680945,-0.0444214778102906,-0.03720922185374698,-0.017482555152952717,-0.03280004389701696,-0.029314745372047146,-0.03965582817334601,-0.0406174310579116,-0.016780269543128168,-0.0031618225968826907,-0.017019398109501704,-0.03525807524329805,-0.018604836252433476,-0.04464334037238249,-0.009048833966516567,-0.017119078187339154,-0.02805175828790829
2022-03-29,0.027854461008514297,-0.008919046135615893,-0.027149605664869347,-0.0122032283596325,0.0009927348430456284,-0.0019032218537351486,-0.014001577275750354,0.014201712373520303,0.007466809906885752,0.014273484988706064,0.0028151099325419704,0.002648319702670543,0.014339446326871563,0.021567532349474394,0.003216840240764185,0.004204248177167358,-0.005313596586853042
2022-03-30,0.005859297808242125,0.018543857822407972,0.007072300496966166,0.007059294208230593,0.0008262415796194134,0.0038133953005596855,0.003027549569235344,0.017701586265990388,0.010587786616413464,0.026581682208201673,0.006597495574501844,0.012150035955504679,0.04756221031866015,-0.009852198667339662,0.039511831830362665,0.006279935420801408,0.017117800735551025
2022-03-31,0.0031554546122225524,-0.02516728526274392,-0.010880276202055117,-0.016014139551126183,-0.023613005760397043,-0.015360561722065902,-0.014876109663073511,-0.016874117554187884,-0.009428989847724112,0.0017574656156154056,-0.015060497683343832,-0.012874010026574956,-0.01200826598388438,-0.021321764657260434,0.01034827838565433,-0.007132269065005525,-0.01420367420937152
2022-04-01,0.02153406148066872,0.00027427451089456767,0.0057999473253269596,0.00853652798720228,0.020632436599939963,0.009225787486472514,0.009921460417591454,0.01874810789867598,0.016393289295880464,-0.008070453247010834,0.011326629136957589,0.024145135695946784,-0.004977352512782751,0.009198454202699047,-0.0026591536058102605,0.012571217367766785,0.006417342885530086
2022-04-04,0.01800089995619314,0.0002748943602868259,-0.0002981936306267752,0.0009136064829737833,0.008285013876701441,0.004155533188878291,0.008306709092618991,0.0049249585367645565,0.004162247873527258,0.0030661325044578636,-0.003640177635561903,-0.005506753282489507,0.008259483873317652,-0.0033578768139427284,-0.005233406639147398,-0.0029562771992078796,0.0004811750405497861
2022-04-05,-0.030013627023502187,-0.024979559409735952,-0.024863117876142482,-0.006144818220649495,-0.03911256873151381,-0.024828256406738802,-0.029443439127924798,-0.031983240087856024,-0.01968901048356564,-0.004231898279768553,-0.018687571355906596,-0.035819233108963844,-0.008768903067067235,-0.026233412957448077,0.00714707153648364,-0.022235202240662444,-0.005170570688470599
2022-04-06,-0.021108351386166624,0.00563042049571405,-0.005201830284108477,0.008876086522498161,-0.002223433156118615,0.005261584919098006,-0.0030999696936311327,-0.004796384629101258,0.004756856044310531,0.010152229452689232,0.0137458565040125,0.00681968449114656,-0.002677153416405953,0.007908711163549631,0.01813504915737507,0.012734914738243619,0.011120375558659523
2022-04-07,0.004655573691128678,0.011198383273351764,0.024810688144496273,0.01389487939682521,0.03239630414268668,0.01832005747665022,0.013993622861369293,0.01070924278729457,0.013677153291364874,0.0032720045369705186,0.0012713266309838378,0.028164056275431504,-0.030345568813797463,0.004659417623611883,0.00029039015643017585,0.007485123075826383,0.01673643761925314
2022-04-08,0.04926824051742251,0.03876011367898413,0.030912238640750767,0.016935990155304115,0.0355305932237755,0.051898527215771484,0.036801980483847974,0.058013312216619095,0.01089762807750927,0.012230611316499607,0.01015633077472633,0.07142848572965299,0.014082820625659354,0.038564515286599654,-0.0010644547997150644,0.02288254606485718,0.02104624854570636
2022-04-11,-0.045327861070023845,-0.02798517238796927,-0.04919933163683865,-0.02571670065546605,-0.03751818891565273,-0.0436634229424363,-0.04845421797578631,-0.022032913019988443,-0.011293502333934113,-0.023245000798118642,-0.01885202910214423,-0.06278306220577279,-0.02089006914477931,-0.028672039692407725,-0.022476179661855333,-0.0005810540787430929,-0.0344310557473092
2022-04-12,0.02702714313669352,-0.004113133081806164,0.02061638029833679,0.020838360193569105,0.03714829851641355,0.026619677476726444,0.030123514454523326,0.012032752250204615,-0.006230593080003732,0.010838875412053639,0.007827979420417241,0.021063364183881994,-0.0063037492277289164,0.004839203142571025,-0.0010902624790545268,0.01133734204825565,0.020870569204652467
2022-04-13,0.03390208928452654,0.02477979561855226,0.00230012738670915,0.01573902667306748,0.023931833116426215,-0.0021000512816171657,0.00833473573003718,0.016696180410802564,0.007837007658525685,0.02086239541197088,0.006919929301854699,0.008116406982805469,0.014273520904772852,0.025041895858763485,0.03125313527307405,0.0074733006463645335,0.014135398507088226
2022-04-14,0.001605389545163538,0.0018806331287279932,0.01137387411543389,-0.00046614652067900053,-0.018666700785528678,-0.005017586368988303,-0.013538534858605455,0.014182372562367318,0.004147394593176923,-0.0044526500673655045,0.0,-0.004696509319994102,-0.0034882244583509525,0.015973814682331167,0.008851132859345467,0.01340926983447277,0.011749944453767425
2022-04-18,0.006868217732186377,0.003754432252998763,0.020716091218706545,0.013403896344533983,0.01566502131704617,0.003090993832670863,0.011268293693972309,0.021590073467162796,0.009292313950153286,0.033371785175616786,0.01683036084516254,0.03420981304298354,0.0520216066195458,0.009942413595214195,0.05235562501575464,-0.005912192375318148,0.00819769584885699
2022-04-19,0.009322224118913036,-0.018434356755401726,-0.018459401437826428,-0.01184644135234747,-0.008498657125962872,-0.012650127486181884,-0.01485722358016861,-0.007924921374566463,0.0025578813604061335,0.003662182925501689,-0.004551780247072146,-0.01613176150196516,0.0274211335785981,-0.005723443112615856,-0.023651857889189776,0.002832042534680612,-0.008921460429135442
2022-04-20,-0.0013515138326213316,-0.038377709985165764,0.010929344459849277,0.0040738965946189865,0.02555561653017757,0.007637906434192487,0.028857379771873415,-0.04139478485063686,0.008673371885498549,0.0059706112462905025,0.02009159974104402,0.018052561185712523,-0.007593713928085721,-0.01726907106489939,0.003062653167965612,0.014402692843229481,0.0022789762995765184
2022-04-21,-0.045583207602760134,-0.06849728118575771,-0.038959740362630946,-0.0460788615350457,-0.05355207844606147,-0.02608193159547212,-0.032064996666489654,-0.016413812144600692,0.001011644140478607,-0.024620718101895256,-0.029204062558579102,-0.036928642808751966,-0.03285704406590895,-0.04756327564274443,-0.029240173536971503,-0.006681284523992748,-0.010573552351082038
2022-04-22,-0.035079366055726036,-0.021573997927043953,-0.02695854170460943,-0.022056365627341368,-0.050368061381709905,-0.028203098567337936,-0.052784695486206346,-0.03234937978775587,-0.03233958996547481,-0.018706043790037707,-0.030642258285840218,-0.043581205807847745,-0.027108682336667855,0.024600139407621624,-0.017729544223410776,-0.016255701046753668,-0.021831326490126424
2022-04-25,-0.04003912981751301,-0.04534163818196879,-0.045307835007952435,-0.021497439342774483,-0.03254693276163778,-0.03746153900362115,-0.0328978685295056,-0.06261568436704756,-0.028198406101961337,-0.032384229941109455,-0.04301371595193837,-0.03002462826631891,-0.03109303282932674,-0.0710685695237242,-0.02105761682429086,-0.03418796381787659,-0.03371291914996155
2022-04-26,-0.011770929354389614,0.019843982655772807,-0.0037091923603068677,-0.006095554546862281,0.0039160584877919735,-0.0016102021036442649,-0.0034174585518473855,-0.005944606819895171,-0.009135032174013458,0.014360316956352204,-0.01553575809215646,-0.0018209636972463805,0.010614944217937072,0.021969395219134213,0.042228292886419716,0.012094390929447085,0.0003648698990206256
2022-04-27,0.0349560852227766,-0.0022329663893643215,0.019053799199032717,-0.001852537027142498,0.02960986009294264,0.010932658265895734,0.00996887763213894,0.0233486089553121,-0.0021689571360306026,0.020825912432122173,0.0035239987226265423,0.014045893107271556,0.01380040537564109,0.010369291777018619,0.04156352845324607,0.00029159217819030303,0.028557394189935525
2022-04-28,0.03702783800656517,0.022058896918927262,0.04824849602788106,0.035522365337008255,0.03134152627732667,0.04396761034610641,0.02234688781344074,0.02170296201917643,0.02228217624727713,0.027965689593618004,0.02167922978000325,0.02590417311570059,0.05059634302432281,0.004004943590666388,0.054972209919949444,0.0148599826606024,0.030245734406590508
2022-04-29,-0.012545225622732747,-0.02971540132545003,-0.02081010923404114,-0.03164607340515346,-0.028719185874966913,-0.008575976336276159,-0.02502511860500678,-0.029956016182909995,-0.02061253811063235,-0.02709326651746624,-0.04023632250554565,-0.034017262815451255,-0.005159708788953221,-0.027424379044005742,-0.03505583780413324,-0.0155038499351704,-0.022362386837924686
2022-05-02,-0.00781828631314152,-0.0035459464017583153,0.004187845513198285,0.01965902193778213,0.0030942989579256786,-0.0038540176058566855,0.01006099161482843,0.009545040892891654,0.0016527447438521303,0.021315660280011306,0.008526828105589024,0.05826837098853699,0.02789275254278878,0.0025632286186578757,0.045927446190741295,0.0032079132450764103,0.013606886429548881
2022-05-03,0.04703262738648606,0.01908752426239957,0.031380306882631714,0.017151704836755544,0.10162801994371695,0.03825995765696377,0.06752941592156936,0.019744140026847434,0.027502789418774043,0.03960921101347292,0.019570981793134656,0.016123437246011507,0.018053323781076713,0.02659184502334999,0.04116670848805071,0.026453331398916147,0.02059949954602658
2022-05-04,0.0630290375992335,0.042539753717109496,0.04983312231774617,0.03138660565742479,0.05382693665473859,0.03320640325725521,0.04687376182043046,0.03845099214274672,0.032119792720213036,0.039935559087501904,0.03424454595960169,0.039331454333656035,0.05925757983769242,0.0610212823687879,0.05626009372838592,0.044746596823474594,0.03980045848232039
2022-05-05,-0.08628309584787597,-0.024969346843675577,-0.009628380680411608,-0.007936082929797195,-0.008709508788630194,-0.010820009467849112,-0.027370302976277516,-0.03650190080657556,-0.022302957894915987,-0.023352572298972585,-0.04899780098194162,0.011693978998190468,-0.017157125845154386,-0.012206652188640033,-0.018716312295744664,-0.0265653718129929,-0.015158171913166707
2022-05-06,0.0680387978845689,0.0034352038195899492,0.046957194391940016,0.026645332436897817,0.03782551724775729,0.0713013566627061,0.0313153111838711,0.017988435663646385,0.02387264024969582,0.019341326897104105,0.02419990601383737,0.042543028498670754,0.019466861304362704,0.022575846442235203,0.02662317412410231,0.021163639972860526,0.01528076195835415
2022-05-09,-0.149172394606081,-0.06473717850025162,-0.09740913720954125,-0.06702221827054056,-0.11005868642165784,-0.10800188061436644,-0.09403190278566564,-0.10682747123299918,-0.03626935187172631,-0.05275232708726163,-0.05929888165144559,-0.10933180965658351,-0.07139904946711007,-0.11596540142867662,-0.08306232258827917,-0.05263116087611819,-0.07885243515912044
2022-05-10,-0.003996891840260308,0.025623979783130135,0.008230462156721519,0.009607437069889757,0.028055592149679898,0.01373578656016039,0.002702747180647558,0.028177545152416217,-0.004301076648740687,0.009465152917024433,0.012477586971541221,0.027144016307411256,0.0010060427548674866,-0.003943329014608032,0.021274865251552644,-0.016119913927302165,0.0066302028967299975
2022-05-11,0.024611930159490036,0.054185891315284174,0.010612174754024428,0.014803165257500472,0.014428849791452203,0.0144697319311764,-0.011988453387870801,0.011370018967002071,0.0,0.0026165623207341504,-0.01120355909911297,0.011614077798794531,0.018198034080989745,0.012668386113996899,0.003583533556571261,0.008191944381125804,0.02081867395493653
2022-05-12,-0.007049491951476861,-0.01785172837433302,0.005654278906677801,0.009499731348509677,-0.0010821477928856238,-0.0064308881545184216,0.014129720061273554,-0.003747197378860867,-0.004859693351480621,0.008482022639958453,0.01634833527500157,-0.014642213599411424,-0.00010976151637642761,0.017200872481668128,-8.30787197368954e-05,0.004643236899792846,0.0045393814803948995
2022-05-13,0.08204055654065501,0.06894382940549804,0.03323277757840515,0.019185248236752495,0.0633029635974176,0.031283732459121305,0.05029908199142774,0.044560144843344585,0.01682052165421255,0.03385817723140838,0.029622799390153665,0.082066896671664,0.037394624980048974,0.04381249909930984,0.035628260886848784,0.00491049302950608,0.029664297498391168
2022-05-16,0.03061949380997886,0.024039675520410864,0.02977071387403174,0.03061877790022738,0.03333305675356191,0.016736453677567598,-0.01596339271704028,0.040719933522637586,0.03468512759673703,0.006153482601760407,0.0083525070320003,0.056804299038857975,0.02621565913477575,0.034364470206718734,0.024699208274474138,0.01868341643080562,0.02351995656187733
2022-05-17,0.01721300619373678,0.006584781156005581,0.014407639892014101,0.0058955178481301385,0.022397810166561616,0.008388448400087789,0.001142290242931221,0.008251508122922635,0.018050716617616702,0.017311362971905275,0.02116895049399181,0.0032486438536443174,0.006592531290404047,0.019221378130561684,0.0021912724505703807,0.012979671409374616,0.012754383015605164
2022-05-18,-0.06235494966150423,-0.014789663656600616,-0.02373406830290392,-0.02636013743399246,-0.036649285866664605,-0.03798432266354379,-0.023506982564903578,-0.049630341868073136,-0.02229001218284543,-0.013736415721358863,-0.026738864674000662,-0.05357671843543288,-0.022513400255884664,-0.04237464203271457,-0.026393750486159773,-0.01866303342221587,-0.01585050719506398
2022-05-19,0.009147002192309683,0.009526757546977072,0.0012444386931917961,-0.007140097376610366,-0.005863852233230271,-0.0071789953591931965,0.011374381163214764,0.0016667828511676142,-0.014507777852190928,-0.004677487691814308,-0.0231516232631096,-0.0052879232253691955,-0.001989090765717072,-0.006808216787836607,-0.0033685635917196644,-0.005960859015765929,0.005405185463264628
2022-05-20,0.020577984355124368,-0.012010591978223961,0.003919129411237066,0.005753481277413153,0.005898439812698664,0.002875816914457374,0.0035432731522693217,0.01774827271750845,0.00052584100676345,0.008354118677455391,0.0039500666355059,-0.010944315395062687,-0.006040724049838464,0.006609736207898065,-0.010301008980553639,0.010279911157445198,0.007899946790868917
2022-05-23,0.05976977246902915,0.03357469673677671,0.038088219708909854,0.02323911388170563,0.016304039833551442,0.04932409262285997,0.04475001248751864,0.044413837590433936,0.006831399615020661,0.003624975532019903,0.00031464758266341875,0.034144651091107425,0.013753889561977761,0.06541857014019925,0.007968726517836311,0.018089338938066746,0.022098770896823883
2022-05-24,-0.012004772140265074,0.015961844595340224,0.0042192684561705995,0.005357382359947538,-0.009428648218244295,0.00921369566776531,-0.0024247258738769872,0.00391354795356591,-0.0010437481596899945,0.0040243346756390075,0.0026748672048007016,-0.005350034357876066,0.017774660652531304,0.0020542868045401175,0.002016819865800823,0.005274879745464034,0.0054319246727216886
2022-05-25,0.0442458592015591,-0.015435693332829459,0.015710609310610968,0.01604508292499096,0.022020408474992204,0.02955514130117365,0.043967929804570316,0.007796148817267756,0.013061481549611287,0.017677213192132335,0.0221243985671431,0.0202859970047371,0.02387114631920162,0.026195803438608722,0.025199153096375992,0.013255927701481207,0.020127122881700155
2022-05-26,0.006366728465095228,0.038634310085997825,0.01753604085706484,0.006727146556120056,0.025993859068040193,0.004884524150145175,0.03301583655007789,0.035585355833605004,0.011861649765784854,0.004645581605353444,0.010438993408215191,0.034192017137213204,-0.0040371578673146225,0.036404055302584615,0.006125418488764467,0.006268638727896292,0.003530535290944048
2022-05-27,0.0388306335191102,0.00704195000288288,0.01281475002658139,0.009570039278459896,0.026961135035166173,0.023407358838071435,0.04254606734751798,0.029880688461260352,0.016310321124635818,0.026337053614288175,0.018687493623466667,0.03204180033424908,0.03090813208916665,0.03255504348290006,0.0288010332083648,0.014626444962864138,0.009830346440764748
2022-05-31,-0.012809890561171211,-0.03227560781077454,-0.019546343539135536,-0.0203051053001454,-0.011873169359192914,0.0008036833178670655,-0.004192250819770038,-0.017943794845076466,-0.012537807740326978,-0.0030363049461232805,-0.01789712810771893,-0.021874084414800987,-0.009043825425959273,-0.04319775854438723,-0.01676657183347574,-0.010678237430796655,-0.016292661373163986
2022-06-01,0.012976113150539037,0.03974447629051858,0.03017111647171844,0.009504459808891585,0.021094675603319235,0.02168511219236069,0.005723088605479099,0.022222002541228525,0.01675955304221688,0.020827033843930032,0.015186011866931803,0.016014786675077275,0.023509762466699335,0.01566584996532594,0.022762376025465603,0.009983813845233502,0.019166587002570123
2022-06-02,-0.0031499155484198127,-0.01336521855849393,-0.006825010842492318,-0.0018147594966531067,-0.0022226688835991215,-0.0035016204135973616,0.006606019111913275,-0.008695709112155448,-0.0029969745294126104,0.003464731772670815,0.00837684250683246,-0.01590433099155375,-0.0017446769545681473,-0.008140338056017216,0.008072415289609669,0.008282200976434728,-0.0017373928390082005
2022-06-03,0.017484817766872718,0.024654529686718663,0.027487569280967517,0.009090499773950489,0.009303897248166493,0.02180168450268205,0.0049382636977068906,0.022173807932480027,-0.0015027525149817755,0.012947123247257109,-0.0020768667019965825,0.014285627012343483,0.014174893144125011,0.025269967630094925,0.01347101011308438,-0.006094415243464546,0.014538719009843604
2022-06-06,0.005175977969058998,-0.0037016203581127227,-0.006264660501517083,-0.004335402322034887,0.0003898502701784601,-0.009615456592864113,0.007435496632964833,-0.015017997797137639,-0.007024497381435846,0.03569402347396333,-0.0019323752559270435,-0.009674244527586251,0.014933954771930713,-0.005266629089311303,0.024147133739504945,-0.0026658179682539362,-0.0025228732323114844
2022-06-07,0.058496123804863576,-0.0005309427057664795,0.04540823373827796,0.019057827063121202,0.012848677467628411,0.03415741769755409,0.029459091689233663,0.029283578205933303,0.01768526394856451,0.03894325654539932,0.02978832656640007,0.013503990740494798,0.03678544991819721,0.03621350027725434,0.046073887786384216,0.01095963259318622,0.045831692907701393
2022-06-08,-0.004280680413608184,-0.004513905379339045,-0.006926947381334703,0.005160791558317612,-0.0014096787170106984,-0.0013018916902728384,-0.0005610439742397277,0.010345759835870494,-0.013902451194367171,-0.006863219059863868,-0.009400971033365235,-0.021545057196024398,0.0030022317967191015,0.013079934117214309,-0.009029497006832421,-0.008725611472624739,0.011802194345994721
2022-06-09,-0.022083378820139554,-0.037610020618524365,-0.027080443622471417,-0.01993037608143111,-0.0010265492198892057,-0.02229999299091523,-0.015470163716400975,-0.017686849025628226,-0.028700989225305285,-0.013378189892405468,-0.03358144957915121,-0.05399131161823678,-0.01795931165234954,-0.028848122037153257,-0.0025041865415914577,-0.03979484313217829,-0.021608235012877564
2022-06-10,-0.024580220375238215,-0.023558925124477548,-0.014591649986347321,-0.011942149429946203,-0.03290678615178755,0.010597337627907821,-0.014825944263257895,-0.040748746773069056,-0.013478460121800873,-0.027119485006624422,-0.02190673469396598,-0.020098170979231278,-0.01810283475944474,-0.019318746983497226,-0.020221382304029256,-0.01966842218606124,-0.01827438987602148
2022-06-13,-0.06637990106758052,-0.05478275574653124,-0.0433965258504746,-0.04600913088087599,-0.06508237347896528,-0.07826415591649749,-0.04945636440349055,-0.07310408006220437,-0.047293856362555786,-0.0569501083716899,-0.056225082368002166,-0.06325357136790932,-0.045809490881738135,-0.06121567547999174,-0.06334067247721609,-0.050731030895211804,-0.04588875550695837
2022-06-14,0.009436154057538504,-0.011111249100329568,-0.0024156480239956313,0.001314773119463597,0.019497475116081686,0.0025207346338853576,0.012381488210372105,-0.022915333403193627,-0.013237667575755507,0.0048935710945481325,-0.011620286450660156,0.03777369359193683,0.02651832271757204,-0.024819532297080227,0.016260140225459185,-0.02355062305631872,0.002608519974143908
2022-06-15,-0.008043587600712221,-0.036137065137164415,-0.019374059851912095,-0.01963609600099514,-0.030174133827337357,-0.02895028143496592,-0.019181051138510652,-0.02890637865792245,-0.016210062751599863,-0.036719539382537913,-0.011591295879523345,-0.0291511657050344,-0.016805960947714138,-0.03933359676233861,-0.0407477403509392,-0.01824379086163419,-0.012591219447111057
2022-06-16,-0.0848128476272183,-0.05828626539504855,-0.06320306141868037,-0.05345181261135523,-0.07581076754489935,-0.06198017488296681,-0.08912495453950697,-0.06009546607021743,-0.0511362079764035,-0.06996976357971685,-0.06634254715976484,-0.0575647138868155,-0.057432993730712534,-0.07321790531711958,-0.07451286418222114,-0.040944849273058304,-0.03688476077062275
2022-06-17,-0.06082371503866624,0.0026765709859846165,-0.08474951579703727,-0.045665089243781876,-0.0829777756770318,-0.06599195175879946,-0.08520325565161913,-0.053181995573057805,-0.038922392128189154,-0.050989234052420396,-0.041988290241352866,-0.019890828240470282,-0.062072813041804675,-0.0478168943755497,-0.05305710071968317,-0.02331696119926352,-0.057665072197014444
2022-06-21,0.028812004042798378,0.0170169433257239,0.059099927742674474,0.0418521193333421,0.04377810500739088,0.05355060160801339,0.08169098136455721,0.058693466701813524,0.03738319077440333,0.046626100322819,0.04026981217603809,0.03933182770710797,0.06043552033985722,0.059497728584279264,0.03584139821936638,0.040013584035129446,0.06223896247932825
2022-06-22,-0.07063203023578457,-0.0314960261150945,-0.06265096345778165,-0.043469936235542295,-0.049702906751043496,-0.058478519610699276,-0.046719172455629066,-0.043516974461703106,-0.0186185353562216,-0.02517506944939618,-0.030968916461672102,-0.036288266349442266,-0.05699122594506112,-0.03348779928139256,-0.02867699001677937,-0.011639207371744842,-0.03957141629710559
2022-06-23,-0.03439968386819958,-0.029132815369523057,-0.05555544375019705,-0.03678904313397302,-0.04882703502683672,-0.0324996796473952,-0.054401380633422924,-0.06388282865092498,-0.006120062166958817,-0.049741701895946844,-0.009475776941991754,0.005737855405781422,-0.067616808312978,-0.067697340869317,-0.07601872232632922,-0.005233940704653772,-0.030161826246242418
2022-06-24,0.006627749549137807,-0.006629361507820675,0.03436092066526841,0.016429112737089246,-0.017720087821346486,0.03191165878185864,0.003857969942232531,0.030292954481781154,0.01477840404465769,0.012406841015500047,0.023635154055027696,0.025494803658804965,-0.0022509730555807517,0.002287176051904316,-0.0057399123118226925,-0.011838159916270907,0.01983317602287693
2022-06-27,0.027983756902357104,0.034070939266132916,0.022392510055945225,0.01934109663262462,0.07476296301822916,0.028664449539610226,0.03918133417145464,0.04135693862456291,0.021237924545573605,0.026377395510134072,0.0384825031603635,0.02399176975371775,0.035629059010050534,0.023673664431201447,0.07995767199630954,0.01796989580827435,0.024511079555704196
2022-06-28,0.03469433272995781,0.021399376084167754,0.03241849152714105,0.01606014251843213,0.02889758189835967,0.03999666740281449,0.04349224967424026,0.02978573907935056,0.021984432362299744,0.008528468143328416,0.005470467736976348,0.04770786890140344,0.018922323681047626,0.030091927564849907,0.035726994366842346,0.037594122627999216,0.02774349142015753
2022-06-29,-0.06886792495642302,-0.01463246028793963,-0.039487264180008474,-0.019741227644415438,-0.06121750344248067,-0.04302262443022653,-0.05770422207304449,-0.030430568777311207,-0.01627900602611332,-0.04746869133740372,-0.014917197053377018,-0.04229457523996094,-0.04805876121921382,-0.02136856955741051,-0.06365601216278383,-0.007246345232232776,-0.03693975310855424
2022-06-30,-0.033240894962636824,-0.02564969465830036,-0.01804097775978497,-0.014968091868633349,-0.012719543075177198,-0.024553815505967136,-0.009484059152841673,-0.02548168991559774,-0.009456196905925696,-0.026870355810603597,-0.011224024434678737,-0.003722407305224329,-0.030621846473263603,-0.011608737695938842,-0.023610499922273154,-0.009520889184354231,-0.02814360199317545
2022-07-01,0.012893894512955084,0.007620369908500901,0.013027812235460123,0.0119490554522248,0.0,0.010684402583881036,0.0004951063050944171,0.002232072058797163,0.013126530056508656,0.027612308361016247,0.022522321049613936,0.026494343288606226,0.029027796737276734,-0.003076138130456041,0.01599561020652951,0.002563415321888307,0.022302493579288374
2022-07-05,-0.07411582206210243,-0.030594674380926556,-0.0696857966922978,-0.026277763367442142,-0.05842876181855794,-0.06092092167084873,-0.0583284998014757,-0.08081468055517493,-0.0235573410350588,-0.03243358363004045,-0.029074992861402693,-0.02200532308129377,-0.04717311726651385,-0.06507705387465457,-0.04065566757588723,-0.0361137596618758,-0.03129620826529411
2022-07-06,-0.021998404001124516,-0.024822676029056745,-0.015359078139554394,-0.013178406254169217,-0.017151755096819765,-0.03730224243494029,-0.03381807149897276,-0.016614614719957066,-0.013268824086907216,-0.029728697698747975,-0.015789360837958122,0.0,-0.010697659869004839,-0.01800194287581014,-0.018148519035688926,-0.014589095439843769,-0.018040340121578513
2022-07-07,0.07810052895839181,0.035272713754204155,0.036117247498569593,0.019463176776814306,0.05235321480940125,0.041225061174413824,0.05458839715585628,0.05209427048533999,0.03239618629971974,0.05194823633939727,0.04204325482236859,0.03992580364774678,0.03784701446922112,0.05041261507840966,0.0455216640174092,0.049125190982388656,0.03194048835395269
2022-07-08,0.009852423316951464,0.0,0.0012737837793797002,-0.005225896434331467,0.015092185000604719,0.004282652103940299,0.0002579552148311848,-0.0016726677879177476,0.004736389751427206,-0.0019178721227294249,0.005485785363040341,-0.013014649420793778,-0.006420989665311239,-0.0017451042310182574,0.006488436013037946,0.004490329689861516,0.0016290942207519699
2022-07-11,-0.018364373324003647,-0.009483673389181324,-0.010525106929682115,-0.008825407329294599,-0.021292284540446182,-0.017247942863906185,-0.016676854329136792,-0.016085800626861824,-0.0064819409040255405,0.00432332890716336,-0.018303640837114554,-0.018954882008402674,-0.00304834004587895,-0.027680726267923395,0.007100913748188775,0.014048395829131088,-0.005111639270872881
2022-07-12,-0.05203152444660508,-0.025177316526768245,-0.024546965380254027,-0.018302504843314193,-0.026068751970747095,-0.040598009898903165,-0.034793133049538905,-0.02588569288934295,-0.012455677492837935,-0.01052242283423599,-0.013983468571430069,-0.03612235682184095,-0.01528884568402833,-0.019179063307311672,-0.02718251948918149,-0.025503738660128228,-0.013311600247958189
2022-07-13,0.014492933482718184,-0.026555109477150562,-0.0040744050563725764,-0.006694578542654206,0.012709054469382863,-0.0010048854956543618,0.0016301322506786509,-0.010489336115032555,-0.00300302194584412,-0.009788515093882455,0.0005456035519713076,0.011155520471263891,-0.010681606390596787,-0.013443140869748849,-0.023555241225406198,0.006138760247080155,0.004023764697690169
2022-07-14,-0.04012181676721249,-0.01569500834093951,-0.018048172044659472,-0.014856009821886507,-0.022247426542836846,-0.035685273360511305,-0.03508447459077402,-0.03392242843141868,-0.0012048556588960535,-0.015377154543869342,-0.0032711408646985962,-0.013445883277330095,-0.01381064069677751,-0.02973068375633392,-0.015724278300858097,0.00032120184102324423,-0.02003778045372362
2022-07-15,0.012982862551790486,0.012908041135559545,0.015684037300676135,0.012579021061480677,0.025087558656142983,0.022708094842851967,0.022771975839784186,0.019020045205918823,0.010856637816890169,0.046355972681425994,0.01549709055680104,0.025860639853678924,0.039337919659186316,0.030960701482613873,0.03780518727332294,0.00738359589637172,0.016839064220619537
2022-07-18,0.025320542325144135,0.01799098232028684,0.026299940821396417,0.014020953027868766,0.03623589009282435,0.02312928015210458,0.030969403985339428,0.03553455266495109,0.010143075638431087,0.009594878726439937,0.02262100503986586,0.02282392792911514,0.013596457691045893,0.02569662286076735,0.016445213625991828,0.016889883463250932,0.01845271176422325
2022-07-19,0.04695111218988535,0.039028025241793385,0.04008467371088087,0.03603655042410625,0.04741848398766901,0.041092903469231334,0.03572705244435981,0.021143892758554106,0.022445335528482158,0.030740468636368146,0.02457867515460177,0.04612823641604158,0.032145132533518916,0.03290083929213483,0.022857622655377163,0.013788720195856197,0.025203225247431682
2022-07-20,0.01921952705331975,-0.08256575670826916,0.025203258456421018,0.013208201401972985,0.008215553820364097,0.01881895685209667,0.019134975464054405,-0.006788965201111941,0.0005776492488662743,0.01070001374839813,0.0011993421566474094,0.011620548614854398,0.01685935792802229,-0.0023377874080616756,0.00496590874932501,0.004636694916703599,0.010989227464890394
2022-07-21,-0.04544790480304761,-0.037466117135182,-0.01962270269542532,-0.00764429513875553,-0.02565879049516584,-0.019039715477315755,-0.023575002758748353,-0.0382774464921487,0.0196305275589721,-0.026354577762162434,-0.0005133295837053131,-0.024390243902439046,-0.018882867496122224,-0.014938433046516653,-0.046943491895930056,-0.002769218983264765,-0.016696730918548952
2022-07-22,-0.026434293764111882,-0.03370782730792188,-0.008996145120519494,-0.0083217244871302,-0.017971628398208317,-0.024719749402236646,-0.02190217609869949,-0.024164857446170585,-0.0005662009396989465,-0.009253600584314015,-0.0070204451217734665,-0.015161319495961778,-0.007980441335645572,0.042818606382574176,-0.0012481617706424641,-0.002159678066079196,-0.007635280759775043
2022-07-25,0.062326304534003674,0.01328896297896498,0.044479895375681755,0.029752487440928066,0.05037125806472664,0.04435629880154934,0.057833133489957333,0.0349601170597198,0.0209633316831761,0.03677755299933794,0.019831030691010332,0.05486434451431421,0.03205977569449292,0.0313660132776441,0.05095187945762092,0.03432280865457682,0.03330293010599239
2022-07-26,-0.017136252983598887,-0.0040982844934714935,-0.010429220776723702,-0.007812370059108509,-0.020872789618999632,-0.016401050188790567,-0.01425120295250104,-0.013370933435448595,-0.0011099112130638078,-0.009459489543002353,0.01521799435007698,-0.03632999169458162,-0.014786840456988748,-0.015759122554423577,-0.015459360925985433,0.002690638893700026,-0.003889971659698177
2022-07-27,0.039893594631499774,0.03127574128196908,0.023932400150429967,0.013168415084772178,0.04968308098118834,0.04279494107364501,0.04235708241592118,0.030313588176465345,0.003333300843728626,0.022965062331424146,0.0041638064462523605,0.011438633268544995,0.027807015817799652,0.020505780692329,0.03595641677532346,0.00745368565619331,0.021644375643801617
2022-07-28,0.012219426958999913,-0.003192362522506653,0.008470231839293296,0.007570816785542833,0.013259374451957573,-0.00739424960105961,0.002595572661636014,-0.008653261711471516,-0.001107386925697118,-0.0043344623873360355,0.0013269121763588299,-0.0022298694160148846,-0.003735526938032585,-0.01706598369173895,-0.017847468686738033,-0.0002961455777305,0.011685375844488144
2022-07-29,0.04351471936201157,0.02842275417046758,0.03582813102286231,0.08903518256249443,0.04107997759341231,0.03566440740872978,0.035676584302861025,0.023044596387371552,0.012836032878556836,0.02310520719291298,0.005131623679451192,0.04964857856833582,0.01124849965339858,0.03696464331029592,0.011505751970305678,0.00917719101550496,0.04630836288114937
2022-08-01,-0.031207827638385477,-0.040093449237844525,-0.023914808739297966,-0.019965918904844893,-0.020365955569553118,-0.03272793313736311,-0.016403580246235894,-0.03788393038242699,-0.005002716652551031,-0.014619198671824152,-0.010378189698157958,-0.007908434083086058,-0.016966079481469443,-0.017013060859149887,-0.0010831731710649883,-0.002639859436315173,-0.025276032042503505
2022-08-02,-0.002221660185734109,0.030819161641983728,-0.004100764840845539,-0.008535374621383984,-0.015267114529866177,-0.0036252128799102445,0.012865249026821735,0.014544031873974017,-0.003910470465697036,0.03653681289611055,-0.005243552846558752,-0.002606434387293577,0.0005715214514356859,0.007966890555793027,0.02114774214130466,-0.03352952647673735,-0.004339651158489
2022-08-03,-0.041747767217687914,-0.0074744139565777745,-0.035793414824214054,-0.023752566489996685,-0.06481940351892657,-0.03339870259661226,-0.04829855241597236,-0.005943774854436867,-0.0011216540927918572,-0.010040550123143643,0.0028905765331401767,-0.06255739347920142,-0.023189485318609426,-0.03134338402935277,-0.03749661766462575,-0.006999360444911673,-0.03242266222697343
2022-08-04,-0.10891669065681409,-0.060245612298004736,-0.01576873911429344,-0.02716285567321608,-0.03897697422560187,-0.036579385114165475,-0.04061623343987675,-0.040802086749313515,-0.0286355837527682,-0.02708242040256159,-0.023058680008191446,-0.05787841993643683,-0.03344619408466343,-0.04473853348551948,-0.032279225554893154,-0.0220656246668669,-0.04207866769764612
2022-08-05,0.034876140412555934,0.014761558996432944,0.03304398956680754,0.016541176076266373,0.039640262664877746,0.07202935322750514,0.04224993016670009,0.01906863580236906,0.009826516644631855,0.0005544724810422341,0.016140252006948463,0.026975284682703382,0.013429980280782905,0.020913014964260013,0.006326135790373222,0.009714709076763972,0.014451145934686549
2022-08-08,0.014488255258222615,0.01633171759140306,0.00840074952058889,-0.0014970449465577795,0.015357465036498485,0.0016823338209577265,0.014583523367875495,0.007556660320363617,0.012020767656944376,0.001884291154371276,0.011272328717061741,0.017454532985533122,0.00047730310110649654,-0.00028867330212045683,0.013334701404267735,0.007138463071608925,0.005652917760045062
2022-08-09,0.014591652199541727,-0.017305244954318066,0.02007895706132068,0.013037084210464345,0.026425633868230936,0.00979573231895503,0.011369221342529157,0.011071204991857764,0.02036186147853969,0.032746651409799155,0.0366494811417839,0.039473841819184674,0.020644420547822007,0.009812497271435072,0.040229219075563316,0.011710482476098738,0.01843739284618029
2022-08-10,0.016524060402317797,0.020964465346553718,0.004921140557158532,0.002638099460109844,0.017106907438556584,0.006928874318008704,0.012044179751836248,0.003532409379118917,0.005543376410702683,0.019603871290336583,0.01433664974195592,0.007210449380142814,0.0011693406037089904,-0.002000812391609319,0.00984903071369514,0.005787225460255563,0.009493188316257894
2022-08-11,0.04876576918058384,0.03819283234192783,0.045634356445466207,0.024386834246786337,0.07343866010139433,0.04174710791416336,0.05347504828673588,0.04083067220688896,0.024806995377839147,0.016074877807740418,0.043366660459774886,0.04502068474448229,0.03153077088924827,0.0564148293842508,0.020848443659079452,0.027862056026682902,0.02892795078869015
2022-08-12,-0.0040182644725514916,0.02887664966774839,0.023814289631917784,0.0014410734262841896,0.016909907346684072,0.00836709358610821,0.0026361396593812536,-0.0006763498966541048,0.005379433978007331,0.007858662071321021,-0.00939055109548581,0.0006086348586089585,0.0189066098501669,0.006776978126366684,0.009641468656609087,0.006481864469049636,0.008692094199151068
2022-08-15,-0.03256486049910445,-0.027297336505843872,-0.014859604125146197,-0.019017681791141494,-0.03020592817203105,-0.019302963015318753,-0.016528481985899623,-0.036548248496447555,-0.006420755458886984,-0.017236126686027475,-0.013519683031354757,-0.021147210615157674,-0.009333430013393151,-0.03715663892859156,-0.02812745396382421,-0.015515089157546291,-0.01787254871118238
2022-08-16,-0.010426028076608529,-0.00948601067487087,-0.006648855603180515,-0.0025508588222113993,0.0001573383006532314,0.0011577139778671253,-0.018291267076437245,-0.009132341161835589,0.004307764543886261,0.015124288969982969,-0.0028354828729045822,-0.012900040145078062,0.0022431676343495077,-0.00503369128916531,0.012148186027699737,0.02051743873060663,-0.009315345603872371
2022-08-17,0.012341846427090575,-0.01237036310925499,0.012587309558624415,0.008247381658748498,0.008807766212849844,0.011386864727320534,0.0014333564178559133,-0.0003545152499214721,-0.004289287304119149,0.020382866924715692,-0.0053712327947817995,-0.008502575109108346,0.016744138575461642,-0.005058920668847611,0.03918470745870839,-0.0005828140357424516,0.008090974656185246
2022-08-18,0.08534039260405635,0.00969672571664093,0.03472767085634576,0.017532560206726,0.058933546219242405,0.04661806209513242,0.034189296554012705,0.05780145074483478,0.01938611112165778,0.022003724144308512,0.021283465414957625,0.030331802544500963,-0.013130153772475395,0.04886992647103461,0.008832219558223553,0.0274052586453839,0.023644171923825175
2022-08-19,-0.009589031637728507,0.0068028538085533885,0.002478847684427743,-0.008363352647167921,0.00868667909640819,-0.00201684448299122,0.0024603380614880432,-0.014750284092180044,-0.01109352559429333,-0.0033733396111503833,-0.005443391040015788,0.09879808774702803,-0.002818760225449468,-0.00026918621330807024,-0.002020343639069888,-0.00879671839015339,-0.0031786147019868816
2022-08-22,0.017703905101486672,0.004372230452824866,0.0009512130438189548,-0.005010282414791067,-0.0013136729115481582,0.0012629141518547549,0.006058567106201895,-0.006804851070049356,-0.008546933970969395,-0.00029877645265197206,-0.007036719076346287,-0.03170166656255691,-0.0023747368170861094,-0.005387898251998036,0.004892435508181858,-0.006870918320977415,-0.0007438445614479372
2022-08-23,0.054362703221148,0.03284509067079089,0.03050197533197818,0.032441375300578335,0.03595458048958333,0.02422204582954346,0.030035153964384387,0.06954401109106034,0.0177801544362286,0.030571571659007146,0.020472522574197516,0.06895554344862598,0.03604246800113686,0.06608868753244157,0.025014749956921767,0.01239525102006045,0.04244226657525907
2022-08-24,0.039185482855892184,0.014176059216953085,0.01908707841322843,0.007407794382322086,0.022149642548214166,0.017408377988868073,0.011323367791127525,0.014093697090109103,0.016410581357828802,0.012465112880894358,0.020216080300129224,0.0151780240387267,0.010501946172890797,0.01397360081730259,8.170842443266935e-05,0.013098281467971429,0.005918361315492282
2022-08-25,0.0022327313964873863,0.006800316303300358,0.014114965493580156,0.008762812748849935,0.017529688649629227,0.010653821771411609,-0.0027077817203720045,0.006633029057143469,0.0031251644839518367,0.011357092432418892,0.008168042216972315,-0.005739698645752189,0.015589534167715913,0.0065145977964626844,0.010154120162479296,0.0005617923105769584,0.005173386440038508
2022-08-26,-0.005445665392680876,-0.019512214190751,0.00035694120955831465,-0.007350328863175659,-0.012886819635295144,-0.005190822069335965,-0.01724383434569543,-0.024160672463108157,-0.01401863399739911,-0.015381837416413968,-0.027156776031787677,-0.012486929023067805,-0.017375504556071397,-0.018670643784810537,-0.011997409606882115,-0.016011358712258006,-0.012311988679163832
2022-08-29,0.029368014046871505,0.003827022566874394,0.011594917826737383,0.007465760353525308,0.01882650446366685,0.01605526612945818,0.039796950853615565,0.02572337672917624,-0.002632875824645553,0.00632556245850302,-0.005243662092732748,0.02324940831831368,0.01106527119924361,0.024353488590849404,0.012635182925772703,0.005995160371753627,0.02298949658432381
2022-08-30,-0.049323252402528994,-0.04498662173458956,-0.025745281976112144,-0.024357489599971083,-0.04127296276446735,-0.0372127311750019,-0.03726845098295872,-0.0485894796017754,-0.02428729409008512,-0.03333316752064153,-0.02279077108758476,-0.043183561747374144,-0.032725380220123945,-0.04210041028725531,-0.04367203753635174,-0.026106645370615023,-0.038054263579359926
2022-08-31,-0.005340877627190155,0.008383116788058809,-0.00950206655058261,-0.015938439014164252,-0.00647171729474183,-0.004595211776033503,-0.005892469270354028,-0.0072485759296573304,-0.00865818675907426,-0.007389200384358641,-0.02855764167841579,-0.014025906550982792,-0.007653814675457782,-0.013701916163594174,-0.007709733583015632,-0.008449977628292471,-0.00747590865812664
2022-09-01,-0.030426885006561877,-0.026128211566207926,-0.017542296392655254,-0.01594317712874216,-0.03483443254594609,-0.021352135439875686,-0.022358796864415553,-0.03949551677431706,-0.008187690260832658,-0.039603142392843904,-0.0279276626418149,-0.03661959192633624,-0.03498767426698868,-0.03407624676186194,-0.055327965336629537,-0.01322370132500883,-0.0179931789481117
2022-09-02,0.023206692045163457,0.027642389214719287,0.025388342638000827,0.014851654631394373,0.03198359957405761,0.023671112153131224,0.027397909054349245,0.036973042082849794,0.0027515666325883537,0.024493788021592078,0.017305325276570915,0.005409313128553084,0.024672624008624355,0.033107291761717894,0.028742101020391653,0.004169467920656089,0.018322865546736233
2022-09-06,-0.025257640950635873,-0.015427270385823921,-0.014783385686163775,-0.0046246971275446525,-0.011373396287997606,-0.009957308888127403,0.0010459977894285988,-0.012378873248831801,-0.02469801696354923,-0.0067589611894152135,-0.016350148665640996,-0.027482957233056493,-0.019217665420242058,-0.014118034578857963,-0.009137404799764659,-0.01631112257893752,-0.006695032668094347
2022-09-07,-0.03040695421368189,-0.02169522977840843,-0.017214391023278153,-0.012792982568250344,-0.016968630584835664,-0.026015935587283656,-0.018207509765953866,-0.02845514984642994,0.004502162303605672,-0.0012186710885629948,0.013767505168012617,-0.02168071681740502,-0.005071409700671103,-0.008029954847010967,-0.0014185955259924388,0.0036178480045814254,-0.00853106668745418
2022-09-08,0.007090035339321066,-0.018891440871535603,0.014612331400222889,0.005415889174359423,0.008045713325406378,0.009643277766528513,0.00471234203344828,-0.009414190414746448,0.010084232880138266,0.0011185695528874717,0.015402628028272192,-0.012532311631864523,-0.004517887541067189,0.029951284260257394,-0.006126929711080753,-0.026319813663348235,0.008179477689368664
2022-09-09,0.031410873619150514,0.05692781628875787,0.033696334218367374,0.025777227463809504,0.01707235927458073,0.0426845083253693,0.02140851299746438,0.04399850836406127,0.015529223447582785,0.015845594966031662,0.019246367871138537,0.01752486334326986,0.02443837074130828,0.03877405254060551,0.012418540588319482,0.0240624489534651,0.016752433009420864
2022-09-12,0.05014421683418413,0.008316714427454741,0.021612891398228307,0.01581558160545793,0.03911863613006461,0.02472430890245292,0.017404751756931125,0.020903599617780433,0.023484751245058222,-0.0006997424357602089,0.02208337173243713,0.01813735978690989,0.017380430812531156,0.012610267644489248,0.00820672295649949,0.033567198098004125,0.011503006936810944
2022-09-13,-0.022250094586952818,-0.03613498276036464,-0.018008597688865646,-0.019015295384021913,-0.029779711261868735,-0.027687494730653794,-0.019363633253460022,-0.03731842252660178,-0.030416371688907318,-0.0229138843537251,-0.034288252138730435,-0.021856284517223212,-0.03796325136925982,-0.04184286228708056,-0.025558041994882652,-0.03188635000741247,-0.023358500915738323
2022-09-14,0.06724669598340638,0.0346373108289344,0.04789464768053597,0.024214139057894712,0.04488190185454233,0.04381815759734464,0.040531317246957466,0.04288164140014161,0.019812883638726575,0.006861146618813985,0.028534297276835208,0.02846643833376361,-0.0018574343882548083,0.046009896730432986,-0.015629012558809885,0.02012793486158082,0.024546338878521423
2022-09-15,-0.005989585794343055,-0.04174883457721412,-0.018265203127243,-0.016230790568410924,-0.03727298234243992,-0.032904485033692255,-0.03952333242312167,-0.032894582673565376,-0.01079338847168021,-0.022172471670644622,-0.015447667110411567,-0.031398591288211986,-0.04802324647037215,-0.015159084657497046,-0.040423460542244105,-0.01853512687524128,-0.029077430995800846
2022-09-16,-0.02482567980860484,-0.02178386840719071,-0.021028068020472968,-0.025961957378949796,-0.038284273067526464,-0.009057099125260759,-0.01492992191024145,-0.04115654500229948,-0.026186417376253934,-0.005096747922469169,-0.035862930804607895,-0.010447012784796317,-0.013924491423564667,-0.031794207789145434,-0.006656531665293897,-0.03472437014671348,-0.017083267296511218
2022-09-19,-0.00024676443940274684,0.015966314385817304,-0.002298155611557773,0.0028761338307004003,-0.013768368205747894,-0.00839825257074911,-0.012743104402785033,0.0063854645696233,0.01120436672477676,0.0067956330503768925,0.01129181924675482,0.004191570247330301,0.014864617532092339,0.015637169568461173,0.0020103004778002642,0.011675693179381108,-0.00010721535047619746
2022-09-20,-0.021013635204272352,-0.048800625996376246,-0.007087842508415765,-0.003951412899507956,-0.011836119697531955,-0.006642874366585061,-0.0010692127616244163,-0.026436629134319656,-0.008310425319222992,0.009345688185898204,-0.019704174871101543,-0.006184250336126462,0.015745112284574203,-0.012060434016332833,0.02627318169060966,-0.007174249816253475,-0.008154466385456693
2022-09-21,-0.029545583585373736,0.0008694754946603211,-0.008744620740329556,-0.008126571450729814,-0.009827913486003315,-0.011619266289612185,-0.015215122842205386,-0.01955112761013067,-0.02122900912996739,-0.02602884049159715,-0.02127319067335287,-0.024891059271402005,-0.02343196143114301,-0.023895993820724715,-0.01759446953186128,-0.01131003424876953,-0.016118691558887566
2022-09-22,-0.03434802180170016,-0.002171981430495573,-0.009271737983966188,-0.0007741480583318694,-0.021092008628322834,0.0009303561635305435,-0.017546649809578874,-0.005908241749897902,-0.011415343651846155,0.013837575361847154,-0.013862830373199686,-0.012763155000575788,0.012304675375733654,0.01729628592478316,0.0195204220095766,-0.009850545604575434,-0.0041781953306078146
2022-09-23,-0.11425496682289038,-0.05398351299476434,-0.08604387027076699,-0.06533654591882798,-0.08602652402889388,-0.07798907704854174,-0.08961589292521355,-0.08692414499490841,-0.04561186947066864,-0.047197362890537886,-0.08434568807651344,-0.050904986863981705,-0.07633391198590112,-0.08448860121186696,-0.065247757262059,-0.0645057952890381,-0.05321823728615638
2022-09-26,-0.03133543234474989,-0.05890451729176127,-0.013818451700361667,-0.026317414146247886,-0.043508450157745515,-0.03610670127214399,-0.03463545180430727,-0.05166811845107433,-0.026618477704133392,-0.020885419886899292,-0.041319150443937525,-0.01447308507160383,-0.024081972550951902,-0.03257144822483593,-0.026648200986085002,-0.025042917660603847,-0.02064165862751588
2022-09-27,0.02638169926579348,0.015158988275969065,-0.004435701204644649,0.00042540058024664873,0.01794130618297496,0.002566674618663445,0.020501694795650227,0.019305064714930653,0.014916077209799594,0.036966554418132125,0.007908252871566379,0.011230089862016568,0.027777626867543592,0.0035438700239929233,0.03350714408113875,0.004222490579425475,0.020957717935078835
2022-09-28,0.06089350856338327,0.025048089304493093,0.057929153782028786,0.03375433197725819,0.06907605294159125,0.05955449373153199,0.05207518004003875,0.0412456455587058,0.031230993612558544,0.07797526382029019,0.038446635409074226,0.04920563210340778,0.06796118513019778,0.04296640762572301,0.07541766589804233,0.030483591716561564,0.03638890821913887
2022-09-29,0.008076315601180939,-0.007518803618057124,0.006408057578416004,-0.0069284392729381805,0.015320606086062005,0.011098066182380073,0.012646430823824772,-0.004041925819365799,-0.0071261247745217915,-0.013887494553809998,-0.018134027643553985,0.011398848843640508,-0.009459361747822914,0.01495518498052717,-0.014338308646149822,-0.015301207047776155,-0.0020255247042757496
2022-09-30,-0.02174541693372245,-0.00757586295514201,-0.012733841400065726,-0.00759836381230472,-0.013777401351771523,-0.010976251022102312,-0.0037217962983095987,-0.0008117164312899661,-0.004784542715873363,0.006382863806563277,-0.014235945438372699,-0.010626326095496297,0.0011161389565301771,-0.001946273703849477,-0.0036367813914657265,-0.011394828768367504,-0.015449025776786307
2022-10-03,0.09096204519570272,0.062977161839737,0.07455546148769931,0.05610098202972269,0.08647940915100927,0.0733909741808294,0.07521178355254166,0.07148637532658486,0.02764431726079919,0.03483351833475523,0.045081881340979235,0.042473454214843054,0.04781948321408214,0.06685240088307487,0.05109998170051133,0.027942726496501757,0.05280034140895551
2022-10-04,0.04986627079406314,0.04084379754155787,0.051377521851445396,0.0388848988277255,0.057247676684334836,0.04369233200985567,0.05234732889732596,0.06595939212663171,0.033333088233727715,0.047961705162042456,0.051727362683774425,0.032937767091717696,0.0683375534906494,0.021409893306448824,0.046923454914246765,0.04349286549052822,0.036444857666681374
2022-10-05,0.03472910847703625,0.022423479541384905,0.0026811606940173593,0.005709661256869447,0.02620537891189989,0.0072700238031762066,0.0225236209450157,0.039829202547367215,0.0016978157895803925,-0.0012996254745064606,0.003551047350781822,0.023726807699800512,0.024900569481557833,0.06262774893404965,0.004337493527607705,-0.008140583559017256,0.040411565260251914
2022-10-06,0.04146111785096829,0.0012653340133803592,0.014836445123620035,0.018229888543980666,0.019187352388175816,0.011500663933826871,0.021238398413130133,0.019493738427448504,-0.017513961994482075,0.0026029416569923747,-0.0157465449770543,0.04074412973855157,0.008098248049750012,0.02213164954933955,0.009568938398723636,-0.011490428672671249,0.029660812079483456
2022-10-07,0.007582918306030084,-0.03622589883467642,0.007309919179852686,-0.008611207342851368,-0.0027686263715825943,-0.0006272068761283833,0.0007023108589889748,0.02012761638390148,-0.008625626600943792,-0.009456901317338895,-0.01977368490952547,-0.00992941267415326,-0.009211510015739388,0.002353322790104917,-0.04562986429596716,-0.010627657425497983,-0.0100922332542005
2022-10-10,-0.031749745786602945,-0.022290277650667156,-0.01442917265195065,-0.018059019521662556,-0.023459355705121476,-0.029423413308214408,-0.014884313676628236,-0.028280262381104926,-0.00986085176618301,-0.007300631163705051,-0.022739693922745774,-0.05974186524638525,-0.015026865137436118,-0.010800657107597922,-0.025663388983316993,-0.014770271860532924,-0.021676682008353043
2022-10-11,-0.016759825304267006,-0.005364239829292128,-0.010445047557018583,0.000190770996647327,-0.02530177109990628,-0.008083980936163582,-0.00669933337168005,0.0003384915100552721,0.005272271625077041,-0.024797172210601515,0.00562952181361287,-0.024378991473899103,-0.00845152337661026,-0.008782396380117574,-0.010553923462248926,0.013628855938069284,-0.008498376415527087
2022-10-12,0.006670173219220921,0.017528060300722625,0.0062293759938634174,0.002990609172349723,0.012104410852383785,0.006194030191440492,0.012915265624749983,0.008119080027769954,-0.006410068970249427,0.014792563839998607,-0.002425782837122914,0.016867053433931023,0.028780153394227126,0.0062262022777515025,0.05023235751646293,-0.013109251159000301,0.004387583839754017
2022-10-13,0.027238931824478563,0.054770373466658695,0.05537393021813308,0.04846466627761514,0.04106623629790396,0.03142716911477428,0.029113916134289264,0.04395972094902745,0.03460401449905737,0.0391577613709877,0.04152637762771927,0.04438649907668912,0.04260807867371086,0.05164199514887757,0.04913194177732394,0.035762781585260806,0.034948750162809405
2022-10-14,-0.04610599245767888,-0.040619586352034,-0.03894400606383275,-0.031098428801402456,-0.05854678273608538,-0.04755513145609269,-0.04074889590668307,-0.05464489958105201,-0.025510079346823478,-0.04556716766204438,-0.028915218402469467,-0.019411797398100727,-0.028895781053449032,-0.045938248795875714,-0.05576691077132989,-0.03288371356536557,-0.026307957036398766
2022-10-17,0.004257480776137301,0.04452198624801129,0.003390898226888872,0.007305838120836405,0.026168993566668464,0.002736991829418889,0.000717534185739721,0.01972116228448817,0.018033569548092876,0.012199975199773672,0.013501045756916241,0.010197963180400338,0.014452665649145935,0.016603799864201685,0.012092494509830631,0.018700993203396354,0.01441667245395939
2022-10-18,-0.006982580164252239,0.010446928454147075,-0.003971014973434883,0.008741010212831801,-0.00042998371233193833,0.02555824351724101,0.017137621294020633,0.015671950693100456,0.015428577184182446,0.026478017587440617,0.015875841957018855,0.0062350392167864754,0.00680913306293629,0.011665721165904808,0.019047609882896666,0.016021337673874703,0.0017890502552229126
2022-10-19,0.05248620487209554,0.06079406444312485,0.027313845667618297,0.032448335977402376,0.031102185403786065,0.04903624959623776,0.029467608118947775,0.049244847651173096,0.012380251985393276,0.00656436390272086,-0.009520421275723279,0.010032401975215599,0.019144827726988112,0.04866229474070738,0.0531860986091055,0.01445458219205542,0.029662523658462225
2022-10-20,-0.0036005925343391976,0.011696080768729411,0.0057796400624181565,0.0057144241478364055,-0.0036141865463135137,0.011685938682018726,0.0038347319330380714,-0.009386734840093447,-0.04835987736067571,0.004317115106163838,-0.0012694471359171455,0.0056967248896140354,-0.002143815456788767,0.004838371350996962,0.0038721622282995583,0.0006478064328860889,0.001348844599291965
2022-10-21,0.04047225590988979,0.02774552754897508,0.02200141388005261,0.025035514208707754,0.03641190981133713,0.025914047009609753,0.039088718527463095,0.07012003600161631,0.023364246385475074,0.018657185793217845,0.027782744305943075,0.035003862370055705,0.027624351474730968,0.10330497030740937,0.026518757998100773,0.020064651768650466,0.01857042002224074
2022-10-24,0.013197458011802166,-0.02024748883889338,0.005221431008224586,-0.0003465974852012721,0.012787750479066773,-0.0025188169770752333,0.006171050580905613,0.02066132345241445,-0.013698613598649323,0.0007184522460379483,-0.005123680570721434,-0.006034182052004344,-0.00039825153015526915,0.034516855136708324,0.011586039193229425,-0.013324800271815596,0.006990286476038721
2022-10-25,0.03290681422051622,-0.0011480669010909272,-0.0095891683976288,0.01039697307615195,0.0035885752651394487,-0.01975329403718762,0.0006527481231308752,0.011567179552969487,0.013310432406973272,-0.00017955849288986414,0.022731429220350874,0.0036704720558879966,-0.0017927150342055276,0.006136342030452324,-0.018727604530496267,0.024115637471413542,-0.006754265475057419
2022-10-26,0.01946908199243169,0.01264381001738446,0.021219950042346225,0.012347760526441931,0.018672946535347235,0.017424218074093112,0.013171468079934856,0.04288159491907395,0.012564146667702003,0.015075429970659249,0.014759465117180293,0.020115537512729764,0.020355061957560094,-0.005527123537602097,-0.00047319627632691486,0.009419191557111573,0.011900383727798891
2022-10-27,-0.007595740470531465,0.022701494386943688,0.0005531346527092307,0.004573894409323431,-0.004679993251892611,0.0005211320082398885,-0.013064631564327134,-0.005756380992852139,0.01466414201616395,0.004685322352640409,0.007871398610932445,-0.008962843346223659,0.012712601504887733,-0.009582240240618267,0.012071947742710032,0.010886491439648704,0.003826732526179155
2022-10-28,-0.00634144110756818,0.007768958974759821,0.004184998854016797,0.011691824430541287,-0.007184019607512138,-0.0050604650183712074,0.0030648006867683986,-0.008822680577665332,0.003274941306848911,-0.0007039561606742017,0.013921856953257539,-0.00041762614797824504,0.006179967807434572,-0.02380019819160306,-0.017853105567209537,0.00523071266402253,0.02928854930916147
2022-10-31,0.0004401748158451291,0.015418517534080411,-0.008492603222056139,0.005111807464350582,0.017629315474707363,0.02116842647626549,0.02138863443989658,0.013073761508680448,0.019696122620263212,0.00044026428997434586,0.009100918623332843,0.010578901666370877,0.000863753043960358,0.03131817856067398,-0.0034131330393694093,0.0018365275335918696,0.0009936635582630249
2022-11-01,0.00725897016235888,0.03036871796895979,0.013403189425677864,0.0072969883371480915,-0.0006464015367995124,-0.0015382318401171435,0.009674685273594719,0.002196671187749022,0.006622615078336391,0.04911088019143328,0.012474802463345869,0.01652914995671928,0.029628976429797227,-0.009225659818113185,0.03544401443964462,0.021692745766124677,0.009926928693566373
2022-11-02,-0.03384990050695125,-0.031929820688009536,-0.009939082930476406,-0.02041509097567651,-0.1275550817079636,-0.0052821276202807965,-0.0239550689544753,-0.0194522134335533,-0.01864051007559908,-0.03749982524981277,-0.01665001097045582,-0.036585607076593196,-0.03855467127917611,-0.007953352266786728,-0.032076825120439634,-0.011961726652032656,-0.02055201590267397
2022-11-03,0.06894207598397162,0.02537161280178757,0.05778190142447737,0.014733850138542559,0.04878414784294938,0.020576877481577105,0.02389732987072346,0.029896784454855885,0.007821399770149284,0.030244881185520933,0.004063480582706447,0.014908902019882708,-0.001162266582723337,0.012905710113416458,0.030835054628472136,0.0033293972381023273,0.013593360401874977
2022-11-04,0.03594822574022416,0.035943007737719634,-0.011208802348951052,0.012642948966237855,0.010603652527413132,0.027821837730996446,0.01791462762782725,0.04394979388057285,0.007206020935055069,-0.004652995910584878,0.02428346382344504,0.01538220163724513,0.003491026926059071,0.025096558548083348,-0.007632246372751728,0.011764442118716634,0.010891103293447335
2022-11-07,0.010410513815025002,0.051872275439169835,0.019800184609976235,0.01193975402617009,0.007834290708823577,0.02608483165029085,0.013137169579903407,0.0275469794158687,0.0044029489423729196,0.015724509402734066,0.0184392311675754,0.03685036821700716,0.01884412785242806,0.032203332663768514,0.02377244227506714,0.008944715286750338,0.011842320880220969
2022-11-08,-0.00929302886413741,0.0104506636646573,-0.003705342322269378,-0.001454646968704676,-0.0006940473071799236,0.015896571502289625,0.0003672078382181976,-0.0042995396749591075,0.0032875616390073414,-0.0033472655302831944,0.012932469125645385,-0.015006062953300314,-0.003035135714637649,-0.002189528098994975,0.003566540705944421,0.0035459946659581743,0.0031678429423420695
2022-11-09,-0.07116650782177814,-0.04621851999652715,-0.0682831489685426,-0.039980629335702456,-0.07264888353789034,-0.058275961036401314,-0.03668603923930158,-0.0650241680759831,-0.03986891580297036,-0.027203999997772454,-0.028726420855155088,-0.09220896508141285,-0.009704171832286779,-0.029621343405237366,-0.032136131034744886,-0.037985853087933896,-0.04473687202083332
2022-11-10,0.031833170017393275,0.03625893877983821,0.03353024828618123,0.018940264953914765,0.03325355554079623,0.019266611461838945,0.017327806451671313,0.02716645790311123,0.03526766887841881,0.02865542462628823,0.04173509709428491,0.03753841106558653,0.020655129935478245,0.0005653289664508954,0.03476566335435338,0.029078763747404146,0.01469247631161652
2022-11-11,0.03744691911405029,0.014388577334635722,0.03475982484706397,0.02846087199970171,0.04088130701417936,0.03372890146303886,0.02539298965915071,0.024596588980911882,0.02692267179688934,0.01720080193332163,0.019716172796082843,0.0546257189524999,0.04762827320046359,0.032391642850772895,0.011400795809371589,0.013682183444279739,0.03122170820236425
2022-11-14,-0.03178843450162372,-0.024822828232702987,-0.0031472639310548,0.00048289631633391394,-0.004178327092716705,-0.006321603678452248,-0.0047459002961575125,-0.017810864509405056,-0.00856065022661634,-0.0057742417418167324,-0.00417636025661694,-0.014126394863248182,-0.009344204345823837,-0.013681059889640745,0.02120021411082762,-0.009096278112172396,0.0029192489456211224
2022-11-15,0.038763059329088856,0.021157049694249253,0.007968119975699128,0.008040446833519566,0.029650290672381896,0.007662048016323197,0.021153079100351357,0.022601640571951354,0.00701578140296899,0.0018367609724851963,0.013513550484753223,0.015693373463841587,0.0077089072886453724,0.01109669303808758,0.028581567415469467,0.003849794699712694,0.006703724728702953
2022-11-16,-0.03283043112705952,-0.021366101818009353,-0.03616970838219402,-0.01627193166869889,-0.030969692813270777,-0.026137516734585087,-0.03514016943172804,-0.027242342901699246,-0.013397618789427801,-0.0011665800994795639,-0.008275984839922756,-0.03358842754494473,-0.02233494615264553,-0.03072981871339553,-0.030057682508870087,-0.0038350306191617944,-0.010689431111887249
2022-11-17,-0.010331030955524123,-0.013231895057280174,0.015088369629441045,0.002832494100949434,-0.004906250966255521,0.007250037725632152,0.017612368310906845,-0.010039321471410956,-0.005975264508925937,0.004505147306081314,-0.017153396089346074,-0.006534608009207354,0.01903757961485586,-0.003019454972032376,0.01756061954985344,-0.019840081881470684,0.0013284173333396598
2022-11-18,-0.012782334168194631,-0.02346642430465462,-0.01981892479988434,-0.0059753626828756845,-0.019298360037063644,-0.024015518747537712,-0.03436755744339126,-0.02028303910464402,0.006557602364820836,0.006478325563266107,0.01367921021830365,-0.0029385682285085757,-0.00674368658136848,0.011546580985884791,-0.0021029130261176476,0.009063550153903144,-0.00866790148960983
2022-11-21,-0.02308996594282442,-0.014074777794149895,-0.02410750354517166,-0.009563390360480484,-0.03490388203538508,-0.008225970167178298,-0.03987983330102862,-0.01579937870192738,-0.007600348314490968,-0.0071792153583754015,-0.01969910610113368,-0.02329816684026631,0.00036691240344755016,-0.021893841202427544,-0.012062124807188712,-0.0074848821453114,-0.009903732486983063
2022-11-22,0.05544490347734099,0.02681066050564551,0.03577984567335846,0.02565653842782223,0.020538893001293967,0.031889161939542277,0.009667555278615403,0.036534618257513696,0.024069638955415584,0.05228139551096378,0.03512646386546581,0.04569603445065029,0.02990011714434715,0.0262099990402882,0.044277443118755366,0.03197565251896117,0.028926939691333864
2022-11-23,-0.020929143036797826,-0.02238049929632191,-0.024927032506146474,-0.008876015167076812,-0.011229342305889123,-0.011571436218499764,-0.009574988547539909,-0.023765122798650173,-0.003739244103241779,-0.00789881098073475,0.0030575510259027716,-0.022674221954504414,-0.014070672456180988,-0.041387061256466295,-0.01950949576380745,-0.011107613116307036,-0.0049923515747186675
2022-11-25,-0.007481708301199097,-0.011446605848100977,0.0005524060039405754,-0.0029310257750072566,0.008112023627868448,-7.014276531280839e-05,-0.004466676817316273,-0.005470422475042369,-0.0010722057761642922,-0.0031846270962908596,-0.0030482309043740052,-0.011810922160987336,0.0006322386502497501,-0.011473952275066868,-0.0058186431505018454,0.002069080474776719,-0.0035207467668010306
2022-11-28,-0.03166089059532229,-0.010877022576640472,-0.02342083211148349,-0.029069060762511256,-0.0266277272058405,-0.04199380048139156,-0.03743654284026965,-0.01320120739838826,-0.009125270233244498,-0.02619812124780463,-0.02598578281992725,-0.02916904282908228,-0.026719618269447243,-0.01868978961206913,-0.025722376357178778,-0.012389377609034247,-0.030032730692085008
2022-11-29,0.03625468397066989,0.016317947091532004,0.0033106588795934755,0.014969585314686062,0.014579980509834778,0.033955419091895145,0.020941998519912186,0.03567443186705521,0.022751957374283815,0.012713281242819896,0.018675435903109827,0.012897774283779473,0.010665897930088208,0.02345626680347279,0.002669804630520023,0.025089599743348234,0.006648014395898905
2022-11-30,0.0055805594025011285,0.012914335222711681,-0.005955774768795052,0.012594599545788565,0.01511092373574785,0.004529657290652578,0.008723184657228433,0.019644733488636268,0.012711994234884338,-0.013444583233601093,0.030965839974526954,0.005498454058524782,-0.00486371673688224,0.009794262804009524,-0.011686547923154489,0.011072075234146217,0.007237131882462222
2022-12-01,-0.002774608809636425,0.008270177433662651,-0.0036432803407167036,-0.004473293885188023,-0.0035025038463807334,-0.00979369944357178,-0.02242955228141974,0.0,0.0015688341330191147,-0.01297096597438896,0.0041840966509147925,-0.009929598143157414,-0.0036886143665008087,0.0040737436449460596,-0.011899206022787268,0.006340118766586356,-0.004850016498394449
2022-12-02,0.00834735905374906,0.008544109827236301,-0.007151006238841795,-0.008000443012064817,0.0026363556147750433,-0.011171021019132366,0.005252459421034805,0.02586425492350597,-0.007832850376735201,-0.0166348105821591,0.0,-0.008576000165970377,-0.01277299836025192,0.019899788363227033,-0.03756740605978215,0.0011455271424991587,-0.008483923468076693
2022-12-05,-0.02971747851204254,-0.02677059672235449,-0.022998877889349956,-0.02469209815905582,-0.027899618836110807,-0.03475586055702318,-0.023786867518844956,-0.05273986663499197,-0.02315771577892145,-0.048887784743725904,-0.028125043756237478,-0.027121621917255756,-0.023532690741371765,-0.026709638031167215,-0.04808379145062569,-0.02259745769956345,-0.02739839745563255
2022-12-06,-0.04025382191615401,-0.011838280686525704,-0.03149877787064137,-0.02577028813894422,-0.03636369723725685,-0.04733869737531826,-0.026690035731970707,-0.01683869565202678,-0.024784550199061783,-0.028101553387800626,-0.02618263587585623,-0.03345407158735392,-0.010273644295260564,-0.006347078956728369,-0.01736108454645402,-0.020485523327228083,-0.02779602055734487
2022-12-07,-0.0047868913737539875,-0.017618302657122165,-0.006314211736087927,0.0029650343979570337,0.0018711679206437903,-0.012755039047625982,-0.011938387656653893,-0.028547489129757575,-0.0033147429549726937,-0.0026533965428271467,0.0039306885810779235,-0.002962066731438062,-0.000679037010633432,-0.02122643059525464,0.011189753156138238,0.009560562715584586,-0.002214179921180559
2022-12-08,-0.02038491501321027,0.007173828420184103,-0.019846788633052892,0.005912537917609262,-0.011673026798557862,-0.012603218916129477,-0.026947816836839,-0.005135919187910343,-0.01496684943057669,-0.00137629851890686,0.004228833365250706,-0.0037530073739353575,-0.020483733421528205,0.0024094818052899925,-0.027373258549401647,-0.013636868949395864,0.007428860067923093
2022-12-09,-0.021276556733274332,-0.034544310150787405,-0.022912950734432003,-0.031923677780245185,-0.040707978637213205,-0.023279904656591133,-0.024683891706192007,-0.05334078789881347,-0.018007777507729972,-0.018557496964760944,-0.008889685990772889,-0.015413676657757502,-0.028741132246655865,-0.05909455421746468,-0.01924721223542114,-0.009723395868048712,-0.00842710578696193
2022-12-12,0.04897274438496524,0.03836218870637609,0.015997063890270002,0.010416695348647531,0.02448848957519867,0.01964312166004567,0.035571011831096566,0.0390790552282414,0.021203315292952274,0.040999797320872,0.03776551237623327,0.022843400385676116,0.041530676538043876,0.045348311110984474,0.052420202855570475,0.01841042104372126,0.02462794587121797
2022-12-13,0.04372600089911827,0.03943168069298397,0.01458214505176536,0.02226812707401149,0.014734533192348076,0.027406212224868165,0.015721558984736372,0.07871735107532651,0.02188540974415032,-0.0008094578099565597,0.015314738174147191,0.0039044211554544184,0.0005877667119045249,0.039714708534251075,-0.0010774792965375646,0.01807773792944345,0.01093404811329246
2022-12-14,-0.01723785054889193,-0.009569270034158306,-0.004761380907268409,-0.00691529592961504,-0.0009677946673690707,-0.00023814123897525352,0.003814555922061036,-0.012162267553773476,-0.005491327074309882,-0.0016197081070228325,-0.005525829464542054,-0.009334128484481008,-0.008322767256567554,-0.01214479492178866,-0.006637170790869673,-0.0020714458790361823,-0.007365979217642704
2022-12-15,0.0002220903695000498,0.0020704157006523616,-0.00283514301811727,-0.007485750314138895,-0.005491196462102388,0.005558599889849081,0.003946315452198812,0.0038304910576945073,-0.0082827917977919,-0.0006309620098635671,-0.028682690708065284,-0.008165811342941032,0.0018760653325071708,-0.0063456516409076125,0.001586758392368548,-0.006524455745252955,-0.009581078840272705
2022-12-16,-0.027968856227448935,-0.023071731089639003,-0.01874734213553475,-0.013563848156799563,-0.024358472033468748,-0.0067915381662991825,-0.022274018194076817,-0.02289456927628153,-0.015033648027486302,-0.010101914613711238,-0.0029376681609529776,-0.009974665299661511,-0.008179934778536957,-0.01456799237566131,-0.004586287877141326,-0.034328479343434526,-0.007018139064304818
2022-12-19,0.001141652456119857,-0.0038772314597758095,0.0,0.006875072497390056,-0.013648389346754386,-0.0019081471019313234,-0.005509360050367507,0.00585798401786386,-0.010175165678925069,0.01202727870770337,-0.01736723036824117,-0.0019191492916944553,-0.00029805922466985546,0.009113129836451073,0.00284837772697788,-0.008655225489297091,0.00448894085734719
2022-12-20,0.0066149277107177,0.023354376776123953,0.020010829876923042,0.01642334753516783,0.0016873450957806124,0.007647597866421663,0.010181211148964975,0.03771461348132532,0.0057109873306919745,0.017466523639947384,0.002051546570465579,-0.0006408168219634858,0.02017681605626276,0.03873159006491189,0.01812711662519262,0.008730792466797421,0.014452814433912442
2022-12-21,0.05755722111558215,0.01486876583790564,0.03222358933711833,0.011756690700735817,0.04043129912811594,0.027828095748758885,0.015265951832569513,0.032335846357044895,0.015332314573434758,0.01362719478206964,0.023779524857688417,0.021805246492468733,0.006917603041241449,0.02994599382458918,0.006563931652188382,0.019165527728303378,0.012840961813376683
2022-12-22,-0.04242545768306272,-0.03373091660580796,-0.029067667186892576,-0.014997028274774005,-0.02671632409075031,-0.02853606092426597,-0.030072877755005,-0.028216498895805353,-0.007829825562077564,-0.02531655766625962,-0.013844040875103047,-0.030283965714750893,-0.027286006461469392,-0.03601569110333824,-0.02494304074201159,-0.012132377269465588,-0.020173849944435274
2022-12-23,0.05728363923719293,0.0260931536494986,0.04322640444508652,0.030915679594390122,0.03992675906314869,0.0341249820699141,0.031231051228441498,0.04128933002481383,0.022547771091106616,0.031079315621317605,0.022617416396795376,0.03478975971603537,0.033920238445729334,0.03113441651570059,0.039708915509412135,0.023027518882383635,0.026444907922226868
2022-12-27,0.008253820374754195,0.00927823745847367,0.01213171717165773,0.012570394368931925,0.011678128172712299,0.011254820229249507,0.004013773983713609,0.004604692005023114,0.006615186656228289,0.014767012961322434,0.008084209716605839,0.005942201718464046,0.006157329225662922,0.009624423607794252,0.0164028530832514,0.002701044195889457,0.013894022797092953
2022-12-28,-0.05163742425869133,-0.027919668977662515,-0.02667338838299005,-0.014752621924036147,-0.03715991185933354,-0.03543290344618466,-0.0226050254831901,-0.030303094197294156,-0.01807210136814763,-0.019688371942782834,-0.02390685950656668,-0.03497603631383839,-0.023235719540211974,-0.016822431074864697,-0.008385509516098844,-0.02065239936577523,-0.016426277000526457
2022-12-29,0.016157828916073314,0.022066791449118384,0.009365794441235975,0.007571556674333735,0.0024634783179240394,0.009654596096076773,0.013460306785270548,0.020745858960470764,0.012269808807298332,0.014495310247697901,0.022322119821793773,0.0032215069763901205,0.01918741263710122,0.005893537420966766,0.007738336650798594,0.007640468779176013,0.007566143450545182
2022-12-30,0.016771862285093198,0.011994290628296822,0.01383300937766152,0.00656122111886881,0.0076998872465727786,0.0069190702119115155,0.0036689486054775067,0.012348820412853678,-0.0038568654544476333,0.0018075124096279538,-0.0037907670336242427,0.01140023981217353,-0.0002880414672968845,0.010395033061100234,0.0042747488243970455,-0.002123098977631299,0.010073038158742165
2023-01-03,-0.06555271902261661,-0.026413754823481295,-0.04135601791516996,-0.030642206454557175,-0.05511298703720602,-0.03914465799713862,-0.0394794354277499,-0.0429479506487902,-0.003871670479530076,-0.04699710532642021,-0.02678844747320841,-0.03079854645739466,-0.029304443030979233,-0.03666291510892572,-0.053759913993560615,-0.022796405271397924,-0.034360658548651
2023-01-04,-0.03369999274884494,-0.029913080684939808,0.0019447381208881342,-0.010632758602706627,0.013420435539044595,-0.000723162379328457,-0.0057848470527230855,0.020446361473290153,0.012215502176771809,-0.0030652783890334767,0.007819937800348287,0.000982870231632793,-0.003464334915671552,0.0038836215436455213,-0.0034987996547668487,0.006220703266671901,0.002910448305276203
2023-01-05,-0.009252813524473491,0.032628092827549526,0.03026294687487807,0.0180085940265573,0.021561949349564236,0.00016092050744687114,0.02618257082837383,0.013530875497200334,-0.0010970985877021278,0.046572734497250634,0.006052155859341379,0.018163987032865814,0.023241795805959642,0.018761904923608297,0.05826778751087702,-0.01020090640407012,0.022374123393894996
2023-01-06,0.027059337308043885,0.04027793317436523,0.012503431387564712,0.007532313105432786,0.01761683577894413,0.02484315408507287,0.030588065271498266,0.03234912905659537,0.020318583629997722,0.009418267797346669,0.026839357374588646,0.024590268422197914,0.026014551758999138,0.03474480094219534,0.0076626034676479104,0.01686444354301808,0.012086903341036681
2023-01-09,0.011191471825427124,0.019359010093244144,-0.007358667783247119,-0.007815993826529755,0.015841919299810048,0.002196687850286372,0.02425091491708886,0.00571999740126472,0.006996714351309441,-0.009073600310773311,0.01682430934487189,0.005176389994365094,-0.03491003506108892,0.020917143427556573,0.007996158830035238,0.002149969412715391,-0.018637657754538295
2023-01-10,-0.0029975444043912614,0.010805619605271266,0.006135115854628337,0.004909208536499898,0.014951648550606489,-0.0010960048711327053,0.0032509520880779075,0.01236408130572042,0.0016033364535599226,0.006392447979110205,0.02393265189168159,0.00109237716756172,-0.004313391924424703,0.0057514613235880585,0.02667594954495045,-0.015016956781106927,0.014934870930248367
2023-01-11,0.013413635802609125,-0.0012957704705655049,0.0013547787170489212,-0.004771728855760382,-0.004435231198957057,-0.005955613651015379,0.0020430862073057554,0.0012213886819194553,0.0021347302611072205,0.009442016499589645,0.011253748457432211,-0.0009354998407821169,-0.0014768214173553895,0.00643297241032359,0.012044715168983533,0.0090232642142134,0.011627106837558632
2023-01-12,0.03491542392925906,0.021732046962272822,0.01623818535829802,0.010730846069379574,0.018774774667242866,0.028380030961511205,0.021723932128753676,0.028787407752608907,0.005857171292320107,0.02899688639743392,0.011984580823374502,0.025745157522659046,0.014198437066756053,0.029829615878688598,0.012874167323758456,0.016342664991453537,0.01661132141952093
2023-01-13,-0.00022038010668934405,0.00412689773632291,0.010902215663738168,0.0027105441655028706,-0.006871752534623687,-0.001272730547736134,-0.0006193061410459944,0.011619560917944805,-0.0021175949633394087,0.0076025105898700485,-0.0014094940655392518,-0.006541112774009039,0.001652520613038,0.004827585262535683,0.005985721703467561,-0.004551022454326259,-0.0006184186801916347
2023-01-17,-0.004411072015607975,-0.004742058205713828,-0.010125977463221525,0.016501367089510666,-0.0015725869453061536,0.004634520918703089,0.003373557756663148,-0.0030473022834580643,-0.001591367042474312,-0.0013123818927247566,-0.0100240918756751,-0.009033567963790845,-0.005047049220969768,0.0030886963067902062,0.01087208432081832,-0.0009142310471381698,-0.0019440961965792036
2023-01-18,-0.023925383125787514,-0.02509550178019515,-0.014055269567627593,-0.01806184623137097,-0.013702877060796759,-0.009764784789260683,-0.011184887302680302,-0.04537975834427166,-0.024442272082184635,-0.0037774303324631386,-0.02096417045425847,-0.004635303286167014,0.0019512086051025612,-0.022750680060714235,-0.01518787600666649,-0.03355702027815488,-0.02054372945917382
2023-01-19,0.02496589851179576,-0.006516784467666126,0.009194540950738794,0.009987036979593134,0.023315365129853882,0.01941145988096782,0.016169195611577702,-0.0100986894667775,0.021241850658311856,0.01582723747512116,0.013838045604945837,0.01940385232684294,0.016259232081205832,0.004376053972771299,0.021767928173599183,0.007891502791226523,0.006418958975574984
2023-01-20,0.004007841260776024,0.019022498869344817,0.018054017669161704,0.010614559455826011,0.010455517495162603,0.011120559978849531,0.007648899777887186,0.012440993305750103,-0.005866667489383137,0.020206016889138034,0.0015806108187728096,0.01888224280544426,0.024717638127476294,-0.0005228326793371707,0.03076479544337518,-0.014719863404364042,0.01823558869192765
2023-01-23,0.0059882443195227175,-0.015448757325220774,-0.013710980220405844,-0.001326554999218077,0.015598526744435626,0.010772021695997669,0.012199167492226604,-0.00294911957308841,0.006437803003674913,0.00922691779632423,0.00028704510963439844,-0.006127541477297771,-0.00018710033683744243,-0.025980818614154244,0.002452148776858065,0.006993086099737811,-0.005205049095533321
2023-01-24,-0.028659602685694563,-0.014383805942360328,-0.01098803724925801,0.0009407927870648258,-0.027220265016365985,-0.010582960024162258,-0.014127823971468279,-0.017993499991632134,-0.01012801694517318,0.026245200925411938,-0.0031549947769059505,-0.031127878781572305,0.0006546083845728745,-0.006981847286850917,0.01362863728698982,-0.0075757729050170974,0.00931175043217225
2023-01-25,0.0006807616348978307,0.028192402666552763,0.013130268216979823,-0.009677820844756657,0.0031264224182248057,-0.001958259750942992,-0.0010867995557445331,0.004768863749704311,-0.006461821561069669,-0.003072003976710702,-0.0067616002931922825,0.001396774712216331,0.01719456103116257,0.014061646349228907,-0.01158358251942948,-0.0012722789429397974,-0.0052719528620396305
2023-01-26,0.028804839425278894,0.02580639691280573,0.03555717723564045,0.048637648687701374,0.02415464814634949,0.02588675031497978,0.019105358224494662,0.024232237294312897,0.0086720694212028,0.04267776021350311,0.007242007551173657,0.03983261580794539,0.024253346818448707,0.02168886818726956,0.04611071304492431,0.0009554951707826387,0.04019078397727971
2023-01-27,0.008156514920180324,-0.01572337624717768,-0.008343329099575358,-0.04441110989735719,-0.00684721911320163,-0.009343039070002446,0.007138325375841026,-0.011707685910406274,0.0026867727636663563,-0.018470618900534586,-0.005030203751680062,-0.008198018132207774,-0.024755494963107805,-0.008700111734411653,-0.045011826444925074,0.002545296981673495,-0.01825735571785103
2023-01-30,-0.03433160207447883,-0.008945454487749749,-0.024917331071789173,-0.02925633380764514,-0.04489045295465033,-0.019010883832030867,-0.03722838989757393,-0.004442085830874243,-0.01860511026099021,-0.027926177409809072,-0.014067978111253154,-0.03621879631884317,-0.021245172159731984,-0.011058430372925976,-0.021088200818642933,-0.015233149659304668,-0.01773213119997874
2023-01-31,0.0038497643185644304,0.023210880888092866,0.011117574319404966,-0.0010332845918239464,0.01443686407264555,0.0011355411094529089,0.005366790398344312,0.0218144468626158,0.014412130034656911,-0.004801090611182834,0.01783593847461784,0.010291690011505317,-0.057789934793643694,0.011359482393347609,-0.0011409138526768947,0.03899445611767538,0.021574532485947984
2023-02-01,-0.020979179541138926,0.007876254743227395,-0.03421673316329954,-0.015285364773913512,-0.021347214223889743,-0.03750471402211719,-0.018957067772834235,-0.009218717577302749,0.0038251238498985263,-0.0431837667465399,-0.003504718519366623,-0.019910383350672856,-0.022738513330978205,-0.022463861144632502,-0.02713721877096864,-0.011786663657226026,-0.010947349224701863
2023-02-02,-0.023963188753374665,-0.018755872187811162,-0.0543755370315635,-0.013713878359762677,-0.015188274862095064,-0.01995435532678136,-0.040320711382768715,-0.05582746529024174,0.004355151340531993,-0.0249656371490643,0.006887311540830776,-0.016220444952903312,0.010103104329162615,-0.061220834004053204,-0.02334271212385508,0.010985615926176973,-0.03128817909296233
2023-02-03,-0.007554377248171318,0.005448893890231732,-0.028661241646448676,0.002603322589144863,-0.0016407023562841072,-0.0010420676090848735,0.006033253105672376,0.00025918323567619694,-0.009213847661197816,-0.014178374037014274,-0.0021829508412244403,-0.01968953965756004,-0.001717474558044163,0.006693338229897039,-0.009921239734450915,-0.004036058807652454,0.0069275866416027565
2023-02-06,-0.0004757167518975036,0.00924438142420847,-0.005734989832458237,0.0011212573874208598,-0.011667929964896406,-0.006339443789691646,-0.009248652426027237,-0.006740882205444887,-0.00601788344227272,-0.015143810717213047,-0.005250743733673735,0.0050619887956293574,-0.00738800514547211,0.008548672722376915,-0.027632375336827164,-0.011845450669886626,-0.0016974897365433783
2023-02-07,0.03974311029477651,0.02716354497201179,0.042143512849449394,0.026232096126109772,0.0344194838284928,0.03189867263575308,0.04696634206169903,0.018793670019348285,0.006054317620032501,0.049995735740475444,0.01304958649821164,0.04955323756072083,0.04282213420121339,0.019871287233173218,0.05019927073697561,0.012933830316859796,0.028550858535874246
2023-02-08,-0.03593521716533499,0.0015375873629901449,-0.010980280903973405,-0.02349358595047113,-0.014145443103575905,0.006730373158336356,0.005084717719944454,0.006405481047521588,-0.003282833289503184,-0.005481664266785646,-0.00492091767495495,-0.010371474914100398,0.004497412727129557,0.015216293709209072,-0.0029737378623282407,-0.009342850992479113,-0.008701869413096475
2023-02-09,-0.0254037429807924,-0.01197417549926294,-0.00776241886902862,-0.009176410823059644,-0.016794425681802228,-0.011505103756924595,-0.01954398267954327,-0.0412423051035532,-0.012623369409515806,-0.006745498804233474,-0.01134540254927452,-0.0114188256047143,-0.006131727523808861,-0.01590204649012339,-0.011183907175754348,-0.015403994376083419,0.003774585226956395
2023-02-10,0.06114526094569883,0.022995675374513525,0.04666613114372753,0.02095705223905031,0.05373139855685216,0.054891655252022886,0.05527674688873474,0.03611263428814904,0.020566957850926437,0.05010777836409308,0.02177405605032745,0.038449451603901785,0.05161086586968611,0.046805231322003094,0.06115228650004423,0.01596420751797112,0.0421512875965564
2023-02-13,-0.024104729570119998,-0.004252720006198585,-0.019554930420326744,-0.005582483340696109,0.0003148609638643496,-0.0064111996436438945,-0.007100193385574549,0.006407014888728746,0.00163420317852081,0.008044553611003646,0.00647966589228921,-0.01325601781551966,0.008195202978791949,0.016856083660055754,0.0006440710502793046,-0.0003142018252465517,-0.0038895785980936903
2023-02-14,-0.0009407103780024739,-0.00976199110656839,0.011041191357199942,0.007660367021365744,0.005978485303084646,-0.0011254873453985237,0.011063665633021191,-0.0078942640918096,-0.00435041392053126,0.006494026385318152,-0.0018597912183742071,0.02439757473959947,-0.002863426849488593,-0.008550179099976796,-0.000786724759739621,0.0034580012637344115,-0.01171488096029838
2023-02-15,-0.02731353131812031,-0.009550242591611746,-0.01673290578138975,-0.010537981698510168,-0.10494216730288564,-0.034552770258975074,-0.02822424289027403,-0.025923947833523586,-0.006553729483454229,-0.006098841140764644,-0.0014331683766775072,-0.051853916786174126,-0.012042510548014196,-0.014607373567873339,-0.023767247326716423,0.005639230256461625,-0.0030062772475132338
2023-02-16,-0.028322465907123284,0.003421263183959189,-0.029467075554429734,-0.014436979202318678,-0.02638476178456739,-0.026375080455479094,-0.02664107653018477,0.016600827510429017,-0.005497355299613704,-0.004720382486821606,-0.006889645721856685,-0.006359468730333551,-0.01622149273910667,-0.003750709801600305,-0.017598777418359357,-0.0003115987951697319,-0.002929254905223888
2023-02-17,-0.05107140370750751,-0.05176675548803922,-0.03912856527461683,-0.02233314250968843,-0.04289297405579906,-0.05370006353469303,-0.04994357490884638,-0.05391383328774402,-0.01990054358861726,-0.03169702625746018,-0.027894399494896582,-0.028319923702204264,-0.04168660591454021,-0.04374347240788723,-0.03254480885658595,-0.02586483735259193,-0.03845150499049366
2023-02-21,-0.0007874604179716194,-0.0150375161220474,0.011428966530811602,-0.011359978964887052,0.007500446742379152,0.00684022974528764,-0.0034895372017861304,-0.002739699302292009,-0.021432625745583356,0.004653095044726996,-0.016800390296101364,-0.014984456617293751,0.0011050131173355737,0.001125027669409695,0.019983222240286036,-0.015035145647338544,-0.000988645009270095
2023-02-22,-0.005254859908726983,-0.0026552983966074972,-0.01167999622832605,-0.004037271673210663,-0.00260554409910585,-0.013922830464477953,0.022948655737193402,-0.018956017771323497,-0.0017292038180430902,-0.002356470820553791,0.003780378050248112,-0.023403592659794303,-0.0018064191145933384,-0.018539291440061056,-0.011422210763139207,0.003897269341327947,-0.012953137415782079
2023-02-23,0.03328066201077817,0.013976729181961689,0.0129710475106386,0.009853252104411458,0.026310777765605975,0.016671021228878313,0.03139394353371805,0.01456162777297676,0.009237890941599991,0.022316331884662644,0.024103754467410976,0.013694028979716721,0.008847105155645352,0.01736315241410935,0.013313932217038138,0.00452932972699438,0.009204445194574973
2023-02-24,0.0025563471767990897,-0.002953836000330279,-0.0017073380052644582,0.0029645225501384598,0.0,-0.044089340543561395,0.005508228016944727,0.02097718464203102,-0.0022881540593903127,-0.004780177234343874,-0.006178300670753867,-0.004052833754891405,0.016442261678853765,0.011252855172362075,0.0024163576581022195,0.004186913774763434,9.038538425820697e-05
2023-02-27,0.00025462939437304044,0.021725051153275388,0.005795666462603544,0.0025243407715620503,-0.008727231606482921,0.004288414648644601,0.01390635130091189,0.005136517908028271,-0.0045871955331796554,0.013288556859656353,0.005624703032596212,-0.000338870365789945,0.0161766240034813,0.008902094551933581,0.01732566588385409,-0.015394513201246962,-0.0018058434552207236
2023-02-28,-0.02166703461647501,-0.014175229293777347,-0.023710627438042198,-0.012590680803571397,-0.011005223417203114,-0.015076143180206891,-0.026184481817427274,-0.0213399075445867,-0.017281025968676644,-0.02354226167642759,-0.03665029054919289,-0.006784234626377783,-0.010516350774784522,-0.021875130011086097,-0.02458327830800422,-0.019544120055945413,-0.005789261793412548
2023-03-01,0.03256909840944666,0.016012782637683465,0.028060019896858135,0.007961701342519723,0.015207708232795492,0.04415159227646459,0.028738276628299753,0.035329900746407406,0.011723229647488065,0.045226361766758094,0.010848223908392018,0.01963788541445677,0.04563185004895143,0.03157288248978296,0.057390069299255275,-0.00531552785963163,0.008916399870339209
2023-03-02,0.016149225724450433,0.01994229723079366,0.019576638455615525,0.0031470099976906862,0.01753744775385191,0.023642093849481016,0.017575953078072803,0.023460197208347022,0.011587454068296976,0.0034059993013009215,0.007708443543782195,0.009378669022612307,-0.013334612517425515,0.007469767689338047,-0.00043071578391817855,0.016032096382468053,0.004599094728163333
2023-03-03,0.021852516466608574,0.017975320027084685,0.0028615510439529146,0.014763758919176695,0.01741497180323881,0.008029639631561114,0.018035451354949883,0.013024319206742074,0.010881996633486546,0.02985392922609731,0.01769921031254329,0.01626018880361113,0.0019848369633603813,0.012477302368859355,0.013933769404561147,0.018080122053322212,0.012657073968205923
2023-03-06,-0.02430144058138739,-0.00030963814522733113,0.008468204599110019,0.007335365607245681,-0.003176354762908229,-0.007062552930299004,-0.021872475416079618,-0.0007712381998223883,-0.0016996185560299581,-0.011835059427776629,0.011790733778763052,0.007020417946767665,-0.019241712347174866,-0.011430685096566418,-0.01048377067306161,-0.008717998496859947,0.008864413060047482
2023-03-07,-0.02540449622375951,-0.01611420243131345,-0.017433319451725993,-0.0128784370844649,-0.025845347313237177,-0.02191704196028399,-0.005642548166611583,-0.025990823710520417,-0.015323579835699541,-0.012962371836189979,-0.016460353711315823,-0.013456534990461622,-0.021061841021844052,-0.02366749868762774,-0.01954319918414027,-0.010749161628034631,-0.019330416654096516
2023-03-08,-0.016355579196015935,-0.010078680348079683,-0.003901527928797943,-0.006340290080823596,-0.009631075982283854,-0.0036361226298339266,-0.0017514357124081004,-0.01822990492916987,-0.0017292038180430902,-0.01797109060007307,-0.00636832966063805,0.02136396177297284,-0.02436384691270832,-0.009252555723660016,-0.030592804473234314,0.0,-0.014604319593320092
2023-03-09,-0.03845166751464446,-0.04358892213286014,-0.013242622333637377,-0.015215716299342708,-0.027890161232767108,-0.024017805492497102,-0.017895927459505412,-0.04278792426340394,-0.010392602633161219,0.003988529382807027,-0.021612935844905534,-0.022752780182384025,0.018427229752355334,-0.02521459944493365,-0.003690797751025099,-0.01580502844590692,-0.007728762582867588
2023-03-10,-0.028640889785865098,-0.03293427413011185,-0.01502697514481044,-0.005233261392012412,-0.023027367313580793,-0.024521604952248754,-0.028798219161539573,-0.02923826898637283,-0.021586772252178532,0.0013241004660031752,-0.01889095857927836,-0.011558942839713149,0.0007907703292775459,-0.022801279562214893,-0.0009070819550712761,-0.018409289809279472,-0.012370745283442952
2023-03-13,-0.03977766399684535,-0.03199177130441966,-0.03396669950747011,-0.006012192270423489,-0.03438956243125091,-0.027455929003900703,-0.03215357505253791,-0.033304291779039485,0.004770328707671245,-0.03710613618486258,-0.011801184256900576,-0.011861080774362542,-0.05631287622135006,-0.04235322717086898,-0.030644744282000147,0.003806329678688325,-0.011504629640663233
2023-03-14,0.00898047664897228,0.007818331433831371,0.006754239350333258,0.012916397387540579,0.0026484987506241175,0.0009166737805283987,0.008362669972068026,0.0011983902003691593,0.005341276075820689,0.03231537968288123,0.011627915329484706,0.017582278302270105,0.025439672661784485,0.010647155130850239,0.027398206589872576,0.008273017146319006,0.0037543245253710555
2023-03-15,-0.07981625835881911,-0.05324412275315871,-0.06037881077728491,-0.043294142168760597,-0.0832996799212371,-0.06210718662821568,-0.07463828209137069,-0.090065803581456,-0.02125159367441609,-0.039834090062647265,-0.05436470975771324,-0.056321506822904266,-0.04389985528966678,-0.08184749111436251,-0.05538648723502693,-0.016068375661190903,-0.04974763603190113
2023-03-16,0.023713065372961806,0.016759717044315225,0.01217964274222405,0.003186015610272541,0.025487757707366443,0.029562568498572306,0.022731068916241215,0.01940152491870384,-0.0018094420940723,0.020132032216325424,0.002299635827793134,0.03943658549995965,0.014949348323615608,0.01897606437423649,0.022842356898937544,0.0013898427618856957,-0.00580593823951836
2023-03-17,-0.03261216986381066,-0.013919326812465771,-0.020850662117545382,-0.01263877904728572,-0.0025936396113039883,-0.016558229354792453,-0.019198632808718807,-0.03387102028875655,-0.016313948071292717,-0.011984554880846487,-0.02507373603634,-0.009485035676011222,-0.003472088463561951,-0.032481670743838675,-0.00629075670018775,-0.018042954688706092,-0.011778760365199759
2023-03-20,0.03591683245379529,0.0011144804053178081,0.018752173161498575,0.01470398243324711,0.018418134035531608,0.026277319720084735,0.02022412359786263,0.024708005371718356,0.015356240071305871,0.02094450164108319,0.021347981152774143,0.008550010815331133,0.008763005125735024,0.03446744610323771,0.0200995858426829,0.02084802035208222,0.02614215748996873
2023-03-21,0.06569353886146767,0.040445063852331486,0.036917623921802756,0.030599130579724187,0.04382987725497922,0.03006167867956644,0.03988545936590193,0.04072975943233659,0.017543718124535035,0.016158314789212813,0.018268800680155683,0.02136314034263531,0.0,0.04456926509427084,0.025444131694830396,0.010038012405714225,0.04480228086101601
2023-03-22,-0.019691973542903973,-0.0356631743089868,-0.013438911020410171,-0.02033773269450101,-0.026498211716054043,-0.026606380270655317,-0.020364448461617113,-0.046336919797950626,-0.011890575240448342,-0.010211148520845592,-0.026668908939464275,-0.025896508410226393,-0.009000645608338576,-0.018226976701060216,-0.003177267163848363,-0.018505788011463853,-0.02288883490373339
2023-03-23,-0.009897867443358743,-0.0114645299297772,-0.01982307800414307,-0.009931365561917316,-0.021775511635545697,-0.00898550833094458,-0.010393856395969903,-0.03414324299671767,-0.013838886635073044,-0.006536422866630032,-0.026237169448642184,-0.003408265528680343,-0.012144955925563194,-0.04050632755848482,-0.01054870119964002,-0.011871449822305369,-0.011281811396700703
2023-03-24,0.014701490174876541,0.010849093266740883,-0.010267755520650956,0.0099662738608155,-0.0032107772525459266,0.006776287941635095,-0.00955557143489072,0.00611856358952001,0.024405480948715974,-0.011494358852422448,0.014324802694745786,-0.005130020288664161,0.002031096058604076,-0.020008675640276752,-0.008590292094626029,0.015547652722362582,0.0011603464877079084
2023-03-27,0.02520992736579064,0.008882466562947222,0.02148168447321086,0.010188299970889547,0.0324244220782417,0.027395983751863806,0.02503604056662012,0.03310809540488169,0.005955739405260951,0.03376114883807202,0.019838628319968077,0.025266655773604763,0.02667269331634281,0.04936046092664004,0.02026913841474043,0.006611073866916728,0.021926005345433985
2023-03-28,0.014697788412855406,0.011738816095830273,0.010838255235944949,0.011671700098520699,0.010191425121795161,0.018730485440622058,0.01672363658472209,0.02321775120801095,0.0100652656866973,0.02063453091970846,0.005275222633944088,0.04291692176900086,0.026498957953818403,0.018601690045426666,0.031392445060089536,-0.0020740674956263305,0.01247628991827665
2023-03-29,0.00027847903740751967,0.021392312323985863,0.01858473080643619,0.008589754151156148,0.02511823800044044,0.020559522169098843,0.015913073083716922,0.00191739030453153,0.011137275263345403,0.019077325192585537,0.016890741806799392,-0.0019289472851267142,0.015185029946215955,0.022250216030205383,0.006836962714247274,0.013855175850268076,0.017177026233977433
2023-03-30,-0.014759261419800662,0.020589305711903982,-0.005012587332427931,0.009511309144462299,0.0012052250048739666,0.007632317637281005,0.0038406238450303665,-0.009250396396250693,0.0028981623477011276,-0.0010444635915520806,0.008385780245655727,0.003704121056439025,-0.0028918440552158087,0.0008213925298641289,0.0005111288537684722,0.004783201597728048,0.004864124880683551
2023-03-31,0.01922028846597179,0.003826007866948755,-0.00040296204964962445,0.00474152807525452,0.015245686633380107,0.009599990425536387,0.014028388037730544,0.018673596709742446,0.012138687653819424,0.006644968701517984,0.01615227493498983,0.0017651672920580008,0.01390149288962439,0.007386124148616613,0.018829705054927093,0.015300736507995794,0.0015526859864438691
2023-04-03,0.08707694479612993,0.03638259713774605,0.09283337092169819,0.041615765902385915,0.0533491889044182,0.059147222711357195,0.0685062308704143,0.0777495853652499,0.008566756109824603,0.006007692246941643,0.02392181877596644,0.044049291318694506,0.015091653786838855,0.06578419686970127,-0.0076649655413753015,-0.00033491171324728786,0.05900038985356315
2023-04-04,-0.02806143623473445,-0.022066293099754608,-0.019553706071997246,-0.005354750397880914,-0.010692102218673338,-0.01474378236642604,-0.019247887949019438,-0.025513069904148145,-0.01019264622165672,-0.07239761103228148,-0.00030727205374370126,-0.005369572484492768,-0.044990806347816936,-0.035735007418358666,-0.08012705672108988,-0.00603006578883547,-0.009558126944212209
2023-04-05,-0.0028870136920502443,-0.00717928846377669,0.01364064978783941,0.004969392519098781,0.01497892759550079,0.006269947004507337,0.009389447717229826,-0.005115838108555981,0.013157700850491283,0.05476088918609667,0.014606339987552008,-0.004010565466826765,0.06257631121481122,0.004756376780168159,0.06011136027752362,0.009100082190976577,0.017127265699999672
2023-04-06,0.0021057255800724928,-0.01825077356507332,-0.013828181311927978,-0.013126943443831474,-0.011582156622083284,-0.008307768175864205,-0.01699542727065173,-0.01058697343346926,0.0,-0.030367094945337292,-0.004546064169590802,-0.02369524046151683,-0.015225464631984598,-0.021301840017678653,-0.01850605743030287,-0.009685905661523053,-0.016582411488516136
2023-04-10,0.026792837277331394,0.011224136033954446,-0.0029174338751550843,0.003817379686372968,0.009071944924498254,0.008377365385410673,0.01878306446836331,0.011617459440593336,0.002259017390823681,0.019894516243794458,0.0057845432489269655,0.016656002133205394,0.02061456819429619,0.008464336604799394,0.018930508315331718,0.0064080232545844495,-0.0044327998761617415
2023-04-11,0.021232902902952766,0.011099481789202503,0.007550719881493251,0.005526406574009268,0.017044484864230824,0.01088337279597651,0.013828130835007446,0.019340974122796117,0.007887102739409402,0.007238407014958037,0.005449045854793777,0.00436889203314017,0.014290943574222226,0.02198237452545415,0.011917192608656757,0.011058836131193628,0.007071746898126063
2023-04-12,-0.007013940622118464,0.0034304802898219577,0.0073068481737781354,0.003545595940672497,0.004419937012446029,0.005177315090336254,-0.0011022507333101617,-0.004150476242736789,-0.0039126597160794585,-0.01490281734431953,-0.0027097229271145773,0.007301485514843442,-0.004038930230075954,0.016425514093550975,-0.021871249586464248,0.005303455332459794,-0.0010403863800240165
2023-04-13,0.020938300265265886,0.0068377156323544686,0.014042398490746955,0.013366904465067941,0.012467850524032986,-0.001605244450132215,0.005034063185729742,0.00654957029681702,-0.0028057805090416776,0.00199661377021898,0.007849020690658293,-0.001079496010339076,0.0022635510083677257,-0.0017312938466114147,-0.0044121292679056845,0.005604839939913564,0.004686317376958238
2023-04-14,0.007660091162707161,-0.010186813426293018,-0.0049521520573070354,0.002034019404963283,0.008692285970514302,0.0026384845183859973,0.006861651526827162,-0.005323864729175232,0.0022508759143000656,0.002299233147426527,0.003893946677290705,-0.004477270981546488,-9.414543204588899e-05,0.011369980323901574,-0.009539585935664951,-0.00360643917761283,0.0024185394982756403
2023-04-17,-0.03163326634038188,0.0,-0.026636152405389635,-0.008814805928532232,-0.007181022841605378,-0.00682502228131443,-0.014583754460522402,-0.005649607749378283,-0.0016844136321421121,-0.011316784085966147,-0.009249505937581004,-0.023883628355604203,-0.022021428029475154,-0.008002819021737606,-0.0269983267549625,-0.002303424235361673,-0.011632863155672024
2023-04-18,-0.0017724141267824178,0.012006786865084607,-0.0062493152715391576,-0.0023400490957343756,-0.001446747513896507,-0.014737694694002768,0.0005535363451321107,0.013157650624164408,-0.004499412550164283,-0.0018560589215562695,0.004968954702894823,0.0009534157793515963,0.0037527991118935233,0.0021128626175794807,-0.009274949798243726,-0.005276930221622789,0.01952925809288031
2023-04-19,-0.01598180893357304,0.03593230871744457,0.002953769111687876,0.0009381530537082572,-0.006700475086654389,-0.0016807596166311667,-0.006980956328057841,0.006788928706028097,-0.005649734248328153,-0.0206879800897406,-0.005843477679538633,-0.008412707369118477,-0.011983455581681124,0.008817289980999732,-0.02132028918977147,-0.002652642448863096,-0.003164021951999385
2023-04-20,-0.02179530467643631,-0.015379545293610408,-0.01406024841623077,-0.004862850223531168,-0.015132175650420465,-0.0045452741286666765,-0.012041467481607615,-0.0070364564799626494,-0.014204587766809995,-0.005538376909947407,-0.004521260451982756,-0.007043392041077401,-0.01756273734640401,-0.012540195493235373,-0.011655922301259003,-0.008311120929672344,-0.007978167828720184
2023-04-21,-0.012466794588024577,-0.01429045865317935,-0.014646376873373779,-0.004298097208121354,-0.007219576471603317,-0.00803338346342597,-0.005988807777970173,-0.013876279446382589,0.0011525835811951879,-0.017185282850807337,0.0037848869191927648,-0.002579436684437053,-0.010864019615949405,-0.041754928443418105,-0.027002953933310647,0.003352339020684658,0.003199665684026076
2023-04-24,0.016653059770944,0.017869199261826507,0.013592691795241585,0.013954684918918936,0.015662924496757658,0.015940779883673928,0.01701078494344399,0.03203588574101501,0.014392873520486571,0.02412372834783083,0.010407271299599508,0.014385002220632437,0.005392030399355541,0.008433825124067207,0.0030930510167768155,0.013364553568317339,0.01887770315152415
2023-04-25,-0.04147970562378667,-0.029811291340447577,-0.01505076868348787,-0.014520594633725459,-0.023132070865713228,-0.02106055064204826,-0.02899165230581069,-0.035393002552813746,-0.011918490798407122,-0.026558982069386672,-0.021495818886924978,-0.02278513842253993,-0.01360612217877899,-0.02508978893862579,-0.017916842554046353,-0.013188297855157183,-0.014213198999128873
2023-04-26,-0.025082622359044793,-0.018095070279355308,-0.01586825923151214,-0.01781159542950339,-0.018981287851494333,-0.008656781702123362,-0.017225411059399454,-0.046015153741106984,-0.011487556096773544,-0.005034659970725164,-0.012662080347162541,-0.0174467278536381,-0.0005035801005637275,-0.02410151063563115,-0.010267166023875118,-0.0163716363190356,-0.009183114397668946
2023-04-27,0.00819908754200438,0.0027817859075540685,0.007564580145225319,0.005843873378776676,0.0009577928565935867,0.0015561743488403668,0.00825250356213214,0.008827087565337566,0.006391572858698957,-0.008977488193795846,0.00896158565649019,0.005310537905730328,-0.015412344993606997,0.00376748222597012,-0.01714686165245194,0.012567851956543752,0.011953266172708421
2023-04-28,0.03337058753622091,0.013869560624638844,0.016398060786735114,0.009763519316297042,0.022583626862326067,0.031336251180250185,0.029986916128080354,0.023437540256300515,0.006632814513675811,0.004694029709293002,0.016551658379181156,0.015681674026245318,0.012891156519416747,0.028982653416796067,0.00026166435587415826,0.015095649384413878,0.012924734227800716
2023-05-01,0.0013570435724648,-0.01231173212599701,-0.0034986874444143945,-0.007948745228707699,-0.003555922943644485,-0.006947204719131239,-0.001898988248635325,-0.006106838521278357,-0.0029155429929992316,0.0037706175961571553,-0.00030597877569238374,-0.005850926815346713,-0.006060758654040654,-0.004052868457167569,0.006453458530874645,0.0033047740814302617,-0.03101231354355216
2023-05-02,-0.06883463611995044,-0.052977973946066736,-0.03794002995938062,-0.04305193782860739,-0.04752077935777521,-0.05925486072469932,-0.048474345727696266,-0.0826420183017541,-0.024561491382977252,-0.04483096193595171,-0.04052604226513712,-0.018472972204591764,-0.03729653390718668,-0.060427154670593786,-0.04011793976842637,-0.034914329064117955,-0.0398534313762825
2023-05-03,-0.005529950972666509,0.004021930445385458,-0.02585167974466318,-0.02005752445604836,-0.03352375381700523,-0.005286286293564646,-0.04642731389020094,-0.0237776616450337,-0.007194242186639888,-0.058989484177878415,0.001275067599978641,-0.01782151482371963,0.01287867439271606,-0.019705560731725247,-0.03357997879852792,-0.011604261229601232,-0.01970936391149969
2023-05-04,-0.055897013550434194,-0.008739914942541338,0.013216758054857003,-0.0038892434855790636,-0.015711257664555722,0.002612100531861117,-0.0216648105808801,-0.004459660689058342,0.004831029069917392,-0.04551654781876702,-0.0030244560883796456,-0.004578455756316879,-0.03793649516777564,-0.004417953693323984,-0.025686598665682125,0.004834403576951862,-0.01751125298415601
2023-05-05,0.029758425498121577,0.036737822192474345,0.030916322198051294,0.025540558938631275,0.04394700851254996,0.02569386860019862,0.05405207415134572,0.029634705492471936,0.02403833845322989,0.01751383899449377,0.03001754238330423,0.03390104647837755,0.012241694127111735,0.015087588543708508,0.026171807264468994,0.03711347487854666,0.024896104739212888
2023-05-08,-0.004214391479241186,-0.003898155494111877,0.005280239638711048,-0.0039321305959190145,0.012708380366910355,0.001664249191893008,-0.0015816231906854439,0.0023426987017136636,-0.008215970703856046,0.016931637020421775,-0.015346469733781953,-0.02850550032255106,0.005564906492976585,0.01879789637868101,0.003176454237680426,-0.020543634807016153,0.003956773998976981
2023-05-09,0.0024183693791974825,0.0028459637748641242,0.006243647268077579,-0.002882745049629931,-0.03588235476934709,-0.005159093654203528,0.002413597781582899,0.005008492925223207,-0.002958540236784102,0.020513391220692512,0.005352582404536843,0.0,0.000212867964505703,0.012014509919783034,0.009499031988530637,-0.0037211232505052205,0.0002748145492252885
2023-05-10,-0.01085650476392741,-0.010641985976717061,-0.01044007908427147,-0.01275765628951886,-0.021557855434184203,-0.014151590112958301,-0.012038153704107102,-0.017940252933230094,-0.003560663243971307,0.0070308749525069825,-0.010178519821612109,-0.035787035215255614,0.002660146080304182,-0.0277717189836314,0.024077499719501905,-0.009847211520419008,-0.012827536289756636
2023-05-11,0.008536647944525688,-0.01900309690641999,-0.00577288883740501,-0.00553793302815897,-0.01766778065128738,-0.01453257096063132,-0.02168749056996433,-0.03619758659048977,-0.005360514318786924,-0.014500623013788405,-0.006011591176737885,0.018997476461822815,-0.008808297528284048,-0.03750551795874446,-0.0031528280734948178,-0.005486924202059207,-0.018099308018122318
2023-05-12,-0.0030229454579595583,0.010964896782263978,-0.004604927019810412,0.0025602422899779764,0.00550156329639484,-0.000995125231131322,0.002663355417273694,0.004211880470537777,0.005988144948539498,-0.001998204673473336,0.01416524631827265,0.002761856980358024,-0.0019272064083892815,-0.0015857230634201969,-0.0012651199350455222,0.00965509412322163,-9.429085466927667e-05
2023-05-15,-0.0012129489643859515,0.008315138467767103,0.013849514373289518,0.003703372152924933,0.00399825797400144,0.008331760945348377,0.007500102699889766,0.01712705606152265,-0.005952500512663383,0.006825568385504077,-0.09055240683855525,0.007402411906818118,0.010727519564680987,0.012026228642781245,0.02162503489015899,-0.006147454430801447,0.0019069594184077943
2023-05-16,-0.03976934737722482,-0.016134831556804508,-0.022135883033457593,-0.023473492642909544,-0.03311654302528744,-0.03332142336248323,-0.03179280996419176,-0.04192449875953741,-0.023952177008654374,-0.028485436763814098,-0.023641109592725473,-0.006493450527465305,-0.024729449521114444,-0.03026910127656668,-0.028961178369291463,-0.01546403515866912,-0.024269535872382897
2023-05-17,0.029402710469976556,0.0014576891208264442,0.02691976182291622,0.014331359100453911,0.034250811497908984,0.02945286548632664,0.021784237487901148,0.03802009239417026,0.00920267509100059,0.03634657766490479,0.010957844681478424,0.013415663055719174,0.03155929550077885,0.028901722983446954,0.02243712644636009,0.010471234428309772,0.022434670836666726
2023-05-18,0.004606735564322451,0.025473214716134063,0.000297678177449745,-0.0012320447151363823,0.011947276075108038,0.01101067692426061,0.009092515226464037,0.032135418157846596,0.004255220547294547,0.0031636668296508574,0.02062947810146798,-0.01137117561818779,0.015718942208549747,0.007865034710451413,-0.0049063017714686685,0.008981192856441167,0.009063168865749427
2023-05-19,0.021400175383659237,-0.00035490734961873827,0.018463409334903202,0.007921552644730268,0.019055491443750627,0.0229423131080424,0.011496006119389168,0.010043607194648807,0.0,-0.00603717396687542,0.002397917221740098,0.01510724967606003,-0.0030451074960440305,0.009364650129383811,-0.002510127857016764,0.0010269439164287686,0.004632733947045109
2023-05-22,0.0017958780421198917,0.00709964476218472,0.011013891621511451,-0.017973376392660723,0.002439094046304824,-0.00907565202734717,0.01712470679563327,0.0016572324382242432,0.0006054680236606824,0.002900998191181392,-0.007347737377217611,-0.0015221359690638092,0.006530398796862125,0.01612548962521143,0.02303848415524734,-0.00034208756816245245,-0.012139907668735406
2023-05-23,0.013146077661339683,0.001057519029179499,0.006362333653133545,0.028929531711869627,-0.00425813742099701,-0.0007926961516734332,0.0036241235984493247,0.011912768557176934,0.0006048981900528272,-0.006417785071413551,0.007746429233059793,0.010840070062392293,0.0008372483061758196,0.0013043618250139222,-0.0025712093413546855,0.005131877650149219,0.013622914372574568
2023-05-24,0.013860167986495364,0.011267610530526717,-0.003927339595931056,0.0026775531037268596,0.0114029224202985,-0.0014984860795815846,0.010908035524752169,0.007848170390222675,-0.0024184011589346577,0.00564036222126707,0.0,-0.004859265076723185,0.009619278700322198,0.0036908474894703502,0.020355755828027622,-0.0037441425978667064,0.011184044247923186
2023-05-25,-0.031413513579163,-0.025069648656486643,-0.022023748764967488,-0.017231633775339206,-0.036239099989874735,-0.025509477371310818,-0.025152677085121034,-0.016223279058228957,-0.016969712123405922,-0.009227374455902049,-0.016569871726505037,-0.0097658497862807,-0.014705821499330085,-0.023145181727338482,-0.014025703385903698,-0.006491216898974361,-0.017938325713136027
2023-05-26,0.0033032650273772113,0.002876538990602695,0.0015735103588669919,-0.0031055939222383033,0.004178072066015837,-0.002536316941891492,-7.615987402309621e-05,-0.003957667592630831,-0.0006167356609304564,-0.00648275619240235,-0.004689761803041925,0.0022105508710059674,-0.0024174804910020997,-0.015057612077633231,0.0056547888504234756,-0.011348006480467743,-0.006530338174869921
2023-05-30,-0.03501926750311113,-0.003226796808057819,-0.006381797794696054,-0.006230197318107811,-0.023091339444374137,-0.011896211325677197,-0.011451525549432406,-0.015563041569215508,-0.0037013143476659627,-0.009374156526290256,0.0012215174488792169,-0.005938187562002262,-0.013907998039401126,-0.0038217654311495375,-0.018977414628451927,-0.00660877425655837,-0.008859774657987707
2023-05-31,-0.014268077416557001,-0.019784227912941543,-0.018774492650448504,-0.016327211707751532,-0.018313450142385945,-0.013969136087420342,-0.01807076325658652,-0.036326917717332985,-0.0024765942854445555,-0.0267186228359636,-0.01237583997590408,-0.015873059598591754,-0.02115596546285159,-0.03340123603192102,-0.041375578993566364,0.003501410383471848,-0.01787769910079129
2023-06-01,0.008181261538338536,0.04990820413672559,0.0023158550065085493,0.010224320030017608,0.014750561569720766,0.008015500897347927,0.00747150575380906,0.04712056536764875,0.009310930074913681,0.00915072761009994,0.0044124079774428004,0.007977695315047661,0.015718599758402396,0.05019848383546899,-0.010369822841837961,0.01570136978641834,0.011548079698099123
2023-06-02,0.051186030812731875,0.03390431330654464,0.02833305752415649,0.026945332512742226,0.03740921891753812,0.03485891747078429,0.025370869999269186,0.05466652110564896,0.03013522464574958,0.028714545117828782,0.03215606618063194,0.02701322276847118,0.042772921592935775,0.039795493274985994,0.03153005385643115,0.03847458757940769,0.02321987882395482
2023-06-05,-0.01811158421435488,0.0030425772952495933,-0.0027356589811416976,-0.004799614448222078,-0.00329722972854285,-0.0024122654366669494,-0.00784162361354157,-0.01517061584823265,0.0005969533492904411,-0.002020162331591857,-0.00034056970463380853,-0.004858517717098998,-0.010409342429734458,-0.011759564369780429,-0.01720500618493348,-0.0029769531735608368,-0.004443912212688139
2023-06-06,0.008164439205631258,0.03100775727596239,-0.0012733598215837194,0.0018004917660519038,0.011991057144436157,0.010389598863428606,0.004910967520795895,0.007419246145218716,0.00536997689264429,0.0031281439467174543,0.01004765917986572,0.000673377024155819,0.008331577316393002,0.021318353655193967,0.017506200472334754,0.006967373760913942,0.008167885389037233
2023-06-07,0.031793745329319556,0.001634392136163454,0.028153667872819588,0.02593241053573969,0.02247186881325236,0.03049375885062977,0.02458772830415712,0.04226703861329728,0.022551931744806186,0.04668450657080081,0.018883905684524027,0.010094265687839554,0.04368947511639054,0.025132931234636224,0.03889442354776351,0.03459640067381642,0.02242093010386559
2023-06-08,-0.011628105592150884,-0.011422743600224328,-0.0025760782946910865,-0.003691489675564541,-0.0005993108182363871,-0.0008603331946718251,-0.006260300388726159,-0.012288681875093466,0.005223364245298123,-0.014808967020156993,0.0046333664403444,-0.0025059247566656673,-0.01890155805536231,-0.014128448632944046,-0.009513637709905876,0.009554097285746854,-0.0031327173070879732
2023-06-09,-0.017352970445072335,-0.009244148489956916,-0.006217825155384937,-0.0023863194296610546,-0.0029986936062069702,0.0008610740052215071,-0.007949576914235923,0.005909825021114479,-0.01674354177859194,0.005158861814444027,-0.014330381121774094,-0.006531516478730737,-0.003833127413498283,0.001685924176927145,0.008448953259696745,-0.027582270512636953,-0.007394314452199846
2023-06-12,-0.010475708296631914,-0.007330897348511001,-0.010299266786840233,-0.009631104669730828,-0.00942472231012681,-0.020043088672590637,-0.019201700660277377,-0.018862229983073853,-0.008220662956307745,-0.005663375497057088,-0.000668467967022579,-0.0021916215184857313,-0.020048557278616208,-0.010730036318733593,-0.00273399779768857,0.005594042646187347,-0.00903250233774322
2023-06-13,0.019661062058154766,0.012755940602309668,0.005738205841794519,0.007500185381626334,0.02004051965683762,-0.010533655680773801,0.0024662628991496405,0.030570674125208974,0.008288802407208973,0.0011567917642334447,0.008026830727640322,-0.007095783390716481,0.0010333896233767348,0.019991407487665258,0.0,-0.00261773062253845,0.00018792645885690185
2023-06-14,-0.0017797679680585654,-0.007623299709859088,-0.007155978561038556,-0.008958563174628842,-0.014495628077289213,-0.018186654561479387,-0.025219060637696522,-0.019877870675605425,-0.007633656128938515,-0.007644386515003987,0.0024883825289376826,-0.005104598999122634,-0.012180075572630233,-0.014386631456379306,-0.011053930923326516,-0.009186456049727454,-0.012025512045250153
2023-06-15,0.030311791160948287,0.010019931226078915,0.014415193787866931,0.007575460262658984,0.01327883844065525,0.009306806765083886,-0.0009463656552892719,0.02059278554490951,0.006508868124689204,0.019616752150903194,0.01125270628197339,-0.0008551430708230168,0.013793100385009582,0.013327610779002352,0.019672599540115687,0.012251646308975461,0.006941744222511703
2023-06-16,-0.008364569012195178,0.010912675623941492,0.007393142420346832,-0.006444447877265835,0.004032364138529365,0.015308994972330403,0.01642191446608532,-0.003974384748954396,0.001763684355071904,-0.0047440640415054025,-0.002618155334939254,-0.0046216146405920755,0.0011337062757890148,-0.002505430390577823,0.0015785632950124917,-0.0013083669974693901,-0.007177349547256129
2023-06-20,-0.02559617074439302,-0.025188085424676987,-0.027544818109413116,-0.022765004134073896,-0.030723081786219852,-0.027158184118535544,-0.013748735853752025,-0.03376290178106134,-0.022300538904360456,-0.020743283704918736,-0.026743240209062158,-0.015821246630719377,-0.037578429531910706,-0.010883124108213904,-0.02845644499581812,0.003602881123695667,-0.022923816027147326
2023-06-21,0.021193947670304025,0.023154401665283375,0.016367625901608118,0.0078087843909318,0.013880382716102257,0.004894445588189411,0.005513149366088044,0.013977145219971066,-0.0012002892214539873,0.009554752942163347,-0.004045966062485307,0.0041936087937077815,-0.002139558004748965,0.010579891193571722,0.005948107485004295,0.005874726172228728,0.011195327702200997
2023-06-22,-0.029231254160254627,-0.011151201992710469,-0.02188994498702168,-0.014462861639198743,-0.025541524865894116,-0.023631322157635193,-0.014255568295234,-0.020363482421383194,-0.009014435871309012,-0.0051785963071603325,-0.015064284773188663,-0.016530224948062222,-0.026479276768758275,-0.01926293041867766,-0.01101940061242257,-0.008111641528211422,-0.005487636697513065
2023-06-23,-0.018969989653168873,-0.012603630084534467,-0.009563226156062754,-0.008451237959963609,-0.011323028112464772,-0.013209894313269799,-0.0035756747958273216,-0.012152279701650892,-0.010309302180597668,0.0019745808223319283,-0.008592627640364614,-0.007961887823376479,0.0005506631127893957,-0.005337422185598406,0.008243402645175646,0.0006542888253324719,-0.008712357836536677
2023-06-26,0.0138119873495266,0.025529155731556008,0.014520333184545153,0.01757515543431598,0.012513337356257814,0.029769439981703005,0.01451362445401716,0.025250971981430892,0.013480443845737877,0.012540254738749423,0.015773783031228783,0.02104518346160411,0.007263779562554529,0.016527161814526625,0.015184104917938424,0.015691401180360165,0.018457060012800897
2023-06-27,-0.008174393490512188,0.014411865538865198,-0.005132971525374286,-0.003116683886447147,-0.008797839679525299,-0.009272790387224394,0.0007859777159566761,0.023681750138558666,0.015719471972472476,0.008315692905197736,0.015358488755946809,-0.002096106813611942,0.011472821497381158,0.016469542054415642,0.020886933184918632,0.00965577104711235,0.0024929400747768504
2023-06-28,0.013431121647007549,0.005166331409928171,0.017065375465973753,0.00905360486223028,0.007819109026879989,0.02027924635496392,0.010131997189222197,0.00431833876243326,0.012499844015538608,0.009826386234579765,0.01714288569562261,0.005776366484371298,0.008966369502000582,0.00934781552949504,0.0029475288888527462,0.020720249129095203,0.008130054236897832
2023-06-29,0.021686783854550695,0.007388405710735624,0.0053652301797910695,0.008520648102261275,0.014887876955028911,0.016278233073063086,0.010885427667580272,0.019348811584889658,0.011170000915454947,0.01077311294172345,0.016027912636354058,0.018447496934717034,0.012098409658557241,-0.0024696818682550248,0.007952235478915659,0.015927552863131744,0.01233399617948705
2023-06-30,0.007370116380210678,0.00797189627075201,0.00533684300926951,0.007104153639478694,-0.001239658353682449,0.012743435965921979,0.01038398499825366,-0.0060255821269606935,0.0011627359014767524,0.0022349143977438146,0.003740403759656008,0.004784682087977998,0.008991804023963157,0.013410243142985001,0.0059172296854528295,0.0030742007592723386,0.005154654758339872
2023-07-03,-0.003219161148598104,-0.0003162530815770115,0.00598403337475184,-0.0008896078266842355,0.010136515074485875,0.002271886671401546,0.004491548788637889,0.01939955960975248,0.0017423712420658877,0.00806165995594288,0.01101751521882055,0.006972764436978807,0.002935676716890878,0.007125496550722588,0.001108307177725365,0.0027582221702961984,0.001958036334676949
2023-07-05,0.008514500812902837,-0.0018987653176368857,-0.002014831178683063,-0.00572488830563278,-0.006758209909302759,-0.0035745270190108425,-0.010230987073867381,-0.012786204281839741,-0.009855223919882361,-0.011315127964581007,-0.012980844058060104,-0.005404407203575268,0.004913369927805,-0.003436416344039128,-0.005790782538642181,-0.007946257907879728,-0.005118198932392626
2023-07-06,-0.020378385098086982,0.0019023774860282838,-0.03537800669218771,-0.02194347734758728,-0.01958746999532468,-0.01784930154825748,-0.02626375518637103,-0.005722979857902599,-0.012880545766836171,-0.02469696374640018,-0.010553665156200043,-0.021735503982768023,-0.007593849041529377,-0.0036512138175051057,-0.02817991505796258,-0.0027728660269453753,-0.037321084218776335
2023-07-07,0.037444323463845075,0.04778477487366084,0.02880230429166941,0.008765148689488855,0.027339248045464837,0.03518912059541446,0.04112618422844294,0.07785525915123714,0.0035586175823290045,0.041291837450876834,0.020183689007488015,0.017357962972583962,0.04234798077346369,0.0861156853250793,0.01251551788783889,0.011121509011159603,0.0023319722601367054
2023-07-10,0.00486957398826382,0.00362434225648256,0.010849427356922403,0.006678427590593117,0.0069603099564217175,-0.0037003343055578286,0.012764220390528047,0.011804372823247533,0.0017731318805680463,-0.0015252129221641209,0.003699710267494938,0.0015357731500729166,0.008949980699824778,0.005060899723434709,-0.019759858429457045,0.005499525173665809,0.014831098247108265
2023-07-11,0.06271374050789524,0.02407432877227267,0.029611964693395665,0.018486288922299643,0.02785138613534155,0.033082629096202965,0.02274622810605842,0.04222230576269803,0.01769927307974295,0.018415084992089215,0.015064019175866195,0.03151611230144713,0.011860809555012342,0.045318975402312,0.029660001633027955,0.019447041669343523,0.01222685711700322
2023-07-12,0.006169451021625472,0.012048253531867559,0.017405020420251383,0.009613001393025344,0.010482346978037294,0.017642296084763975,0.017281164120602543,0.010660834217327553,0.01681148174108249,-0.0004168407174948152,0.016261618502412922,0.012716778060112954,0.004334148477495914,0.011239897605693328,-0.007848190011403688,0.016691567995471113,0.004906756015472302
2023-07-13,0.029058931970781243,0.006968875512014305,0.011343835499299626,-0.013342291062979905,0.0003916003461423845,0.007066049057650847,-0.0007164924380337334,-0.00448295862507464,0.0034207190406518873,-0.0003332589819026177,0.014758210103318126,0.0019569162217589753,0.006080944855260562,0.01305577113967682,0.004085551872911708,0.00439738733130568,-0.01831142657474094
2023-07-14,-0.05077729498601491,-0.009515726776269218,-0.03129800533721361,-0.024950905064348716,-0.04324011088080715,-0.02312216760956265,-0.026898972897265172,-0.022781566944033438,-0.02215916112174865,-0.012591674228098038,-0.024341559733396467,-0.033528542354263835,-0.020666854962302694,-0.005050312882744157,-0.017574133998081276,-0.025685806207582207,-0.034436631698096964
2023-07-17,-0.008460436272929472,0.008734006776462522,-0.006069576578349611,-0.0009116728121473239,0.0004088791805629821,-0.002102126911533553,-0.0014008658715906064,0.012740578415411985,-0.004648501985058839,-0.0023648606171626785,-0.005021182295536608,-0.001515654696842672,-0.014135089279526003,-0.010852643669203021,0.0020266652301401678,-0.011084472439843007,0.0043590890307037
2023-07-18,0.0426643149307151,0.011255121391558598,0.021702261932125877,0.002020326648688897,0.032502233674024605,0.0344624273563765,0.02465495641052251,0.020074864431710804,0.008756711956461327,0.011004694170918317,0.014350882093479012,0.013324448513072795,0.021405556797358116,0.008317075915714955,0.015038259395965259,0.00999673367159315,-0.004537355143115929
2023-07-19,0.003959636346198003,0.004566129640718675,0.006712584916914732,0.006113847535820671,0.002177530199050759,-0.0026878236976743963,0.0006483540727666437,-0.028863907691625612,0.0005785790920149747,0.022440043321109826,0.006996395594593752,0.0013314026967532477,0.012850970842251064,0.006669073757184618,0.022526324776801054,-0.0005996064603749351,0.006936054843130535
2023-07-20,0.005029405832177369,-0.015340814311174733,0.020186378839767816,0.011054521133517126,0.015409128841708863,0.00857541657091998,0.008063507271762749,-0.015130775210248193,0.020243032584578602,0.0175251592917689,0.017909541144554453,0.004986723402286231,0.01551806768261832,-0.0017435102952879644,0.022962281659767214,0.008403263357461999,0.01761488446627535
2023-07-21,0.01764541914557549,0.022215507600634732,0.010744001987448293,0.014641893855119159,0.016731505522495915,0.009069626237350414,0.008713012068663595,0.013442870920806094,0.009069994165775919,0.012635889519596821,0.008493685113128091,0.004631154142937355,0.016146201009229477,-0.02183017243341656,0.018719451373296003,0.007440371901045628,0.004641515873903934
2023-07-24,0.01656320726005034,0.011572461320274563,0.01621053121104099,0.019723947496867567,0.01588208092840504,0.012358690317375798,0.022727136301517126,0.035733670597255296,0.01741607942935941,0.02042592355986117,0.011430409168771138,0.0260124639993482,0.010593042147831744,0.018032570461880004,0.022115590215220582,0.0032497656068428693,0.015689647269321316
2023-07-25,0.007382903171126554,-0.0027901862697023994,0.012726527077642213,0.004572969520479919,0.005839076195836235,0.01862845368135968,0.011007324580546651,0.00418189921723644,-0.0027612395387216493,0.0017135263074952167,0.0043122547194967,0.017490434555498702,0.008048839326832091,0.015082478380411768,-0.009307121112220207,0.000588912292837751,0.0015163956153079194
2023-07-26,0.010614244156578412,-0.005875751404027074,0.00559483432095087,-0.00750480451882618,-0.004681593668129591,0.006381594342767194,-0.007189829248592239,-0.005465791542257348,-0.006090367768526339,0.013529402127319567,0.0008881873088790737,-0.008831655045227538,0.017454122507992942,-0.0036283413976645473,0.013168460632520862,0.002648513971154509,-0.005582971335001297
2023-07-27,-0.012753327240868306,-0.024486405367170727,-0.008987453557465885,-0.010413020063757994,-0.017497453903922655,-0.004330537529783407,-0.004413843288717301,-0.007327845695580204,-0.008356993765637477,-0.0059073499104036475,-0.009763123005234409,-0.01591071422513579,-0.006387321457426709,-0.01127093061358675,-0.005626957187392367,-0.0005868849639316664,0.0031402721956954593
2023-07-28,0.016970639653906217,0.021927260920894476,0.0012957214885500612,-0.004947902252650294,0.01493659008506576,0.015066662308705459,0.008936354960552784,0.006063712773639818,0.00302592594505402,0.017363957512426476,0.0041827658097302045,0.0037187292006879424,0.013407887788253303,0.0022798099519771853,0.028692356700955823,0.0002935202381446622,-0.011952076066586326
2023-07-31,0.008468230847293867,0.010446093772351617,0.01544036130780757,0.030150536116652527,0.0188680237430201,0.01400181369264586,0.011535274930951855,0.024109092968618295,0.007967851303613882,0.00902653685446575,0.011695623095985708,0.01691360187135893,0.010874578749036301,0.020822412491840137,-0.0012397193394469985,0.011450421609859207,0.029569748979286326
2023-08-01,-0.006174456978466081,-0.0005588625554324711,-0.002888286498466619,-0.008309883939506713,-0.005925847033839138,-0.005885548018594089,0.003801320765970395,0.004861686753866001,-0.008469517623232448,0.0144341483227437,-0.006563446238501025,-0.007761718312896293,0.005020180254277751,-0.012512712689979333,-0.0010859713146277317,-0.01015972184620273,-0.0057814911387013
2023-08-02,-0.03056652774561608,-0.005870938284322946,-0.015249626925045279,-0.01583500645323188,-0.07339806628676038,-0.012979268127910393,-0.007370698606437798,-0.006111723725817364,-0.011389423032822532,0.006891704440112223,-0.01621611458008776,-0.018678137574469456,-0.027829821432484914,-0.0024303505294202,-0.011272253765892248,-0.012316637825595111,-0.012474066268223227
2023-08-03,0.06793120530376595,0.0025313203348020785,-0.005190749773107184,-0.00037568898637563297,0.02191433918551633,0.012688706907958869,0.011035813419843166,0.0169102516253008,0.005760159337483417,0.0025760260603637786,0.0067154413401278035,0.01203829962903491,0.013028663230712834,0.008874387404108397,-0.005621047531845558,0.022565543733563453,0.017380459056571818
2023-08-04,0.005040977380321721,-0.0036466992992918446,-0.01113147727741659,-0.0022546529493754353,-0.0005904879600435731,-0.014352006753339808,0.0010782633623929172,-0.003527092482359162,-0.005727169926155962,0.012700117176721815,-0.010764025966261914,0.021057811659848102,0.0006338574592248403,-0.005346807020588873,0.010270662633864891,-0.0023230668471335703,0.00280071401843629
2023-08-07,0.0071649990414734965,0.007644269627711919,0.006771678664824643,0.003640613588481445,0.00019691790642939466,-0.01671814988562126,0.00013465215589869572,0.0010113224983325786,0.0011518793427838236,0.014860535048615287,-0.0007663069923811161,0.005982304326196841,0.008689550339393781,0.005202056283835299,0.018914184587209837,0.0032015296273464333,-0.0020481839643609057
2023-08-08,0.027507747011475958,0.0016857634615621286,0.009696015192258711,-0.0015009246836409362,-0.0007872672303110839,0.006033061977396503,0.0041051851390776495,0.004799161677229824,0.005753722399398642,0.012714243492807809,-0.01610424318870174,-0.002347364933971474,0.011127069613816598,0.009315128686352203,0.015855816529277478,0.010443706839641465,0.004944132835145609
2023-08-09,0.02054008090021764,0.012903347867939896,0.00735366529239001,0.001315351610419624,0.00827244456384224,0.018769415939336787,0.013952614308555766,0.017093905188615643,0.0040046276426541905,0.016010679294773622,0.0031175806295080655,0.0009411299668049544,0.015441717921014897,0.017091148383136412,0.019871953263123965,0.01234550173237503,0.01698672712247218
2023-08-10,-0.0015828862608026073,-0.021600577728728587,-0.005238840702103675,0.00606786225654421,-0.008400072854744534,0.0018348697643326695,-0.004852972394643662,-0.0024714923899462615,-0.0005697988146248223,0.008538837274132405,0.012432118168471451,-0.0012537021282926775,0.002184960100906297,-0.009914296881132989,0.006793623731738974,-0.0056718767435824935,0.0051113663613349125
2023-08-11,0.016534298518553925,0.00424565282619338,0.017093945700234148,0.020642866582537334,-0.006895146128582552,0.009767379946088006,-0.00026713203159944854,0.008424279842248694,0.013682968089994585,0.03076821590199441,0.016730656543704203,0.0331085165348477,0.017179936231829895,0.012389679218830718,0.03114358486753588,0.009127148293154308,0.015528614869260826
2023-08-14,-0.004901886051754456,-0.004227703465028876,-0.0010185158206315048,-0.0007310395721050744,-0.0023803751941064988,-0.006423487493143254,-0.00481068558727793,-0.009582413613883234,-0.006186707848507611,-0.008080391024516187,-0.00437815315786394,-0.01108762877495828,-0.01688977104235212,-0.002179430732803578,-0.01840948353829097,-0.009892783834406726,0.0008049099812481586
2023-08-15,-0.017913160297390873,-0.006227195156158327,-0.014251669911482745,-0.029201859908882688,-0.021873247477227853,-0.017797329661643935,-0.010272565934518307,-0.020342402842816965,-0.01754368110112947,-0.034981910139030514,-0.007884733943086086,-0.023959445347270902,-0.010813424500197732,-0.019993155024240705,-0.03926740245120963,-0.007707504080632588,-0.025673604076467793
2023-08-16,-0.005016175723710159,-0.003987339574822668,-0.007531669744821001,-0.0038307457045317905,-0.013620433826947331,-0.004181450043721835,-0.003323895468230309,-0.005064503961709654,-0.008640715645953256,-0.008554231473342444,-0.0029038879399369,-0.015735519055254832,-0.0014107677940516927,-0.009600696220374072,-0.0015251113950460748,-0.008342791415826056,-0.01682678086239653
2023-08-17,0.009395323122427301,-0.0028596508860304626,0.018230866336988116,0.01673896569578881,0.01112924307831653,0.008786893647893645,0.00401556285636806,-0.0005091640659600216,0.007553981001067189,0.0077086876065539656,0.0015328490156651942,0.009752187558325076,0.012208226376785092,0.0020772349489461828,0.008248117653698817,0.004061455387229129,0.019371917232240854
2023-08-18,0.00385929316512712,0.011184645875866428,0.004797432260336798,0.007198657010127896,0.01895651259316211,0.006937388547716861,0.0035928557152880014,0.003310416936669114,0.005190166995948653,0.014948143337663478,0.003979375724686651,0.014407798807241745,0.005722287960134631,0.00241845289206144,0.011816260837210102,0.004622940808830522,0.015129063416813526
2023-08-21,-0.007236714605839301,-0.005955851680452429,-0.0006819222121591251,-0.0033561628813567612,0.003600518711209366,-0.00199036288414578,0.0027696111281443336,-0.01015224992011221,-0.0040159882500996336,-0.01223865854308337,-0.005183017017235225,-0.005306705768070241,-0.007965415125692044,-0.010167151258140938,-0.01811633349777897,0.0017255173017527436,-0.012086501291285079
2023-08-22,-0.02938502822778455,0.0037089911300685063,-0.00904377907767473,-0.008231448389507956,-0.008570853593286909,-0.008667532441499315,-0.0010102946570372806,-0.01076932540949005,-0.006336384992712163,0.0006997960108794388,-0.006129380013191299,-0.012866798603403007,-0.0034414568839096216,-0.01793179718934379,-0.0020585231277802096,-0.005742083796299369,-0.005611322058797774
2023-08-23,-0.0016427956650828524,0.007959040600208134,-0.002927047461946608,0.0013204447484149728,-0.008041774747620134,-0.0027082698014984086,-0.0005395371763279311,0.0036288908953723276,0.0005795803395758359,0.0020988259009588894,-0.002466790245806094,-0.01732633649060078,-0.006020862638807412,0.026236448368610832,-0.01161298400277655,0.0020214072927113858,-0.008788061302940964
2023-08-24,-0.007287180619764744,-0.0064862415869756385,-0.008721350563760777,-0.008226146131462775,-0.01013381843750738,-0.02490491990020416,0.005330030168572808,-0.012396652198504055,-0.0017382452237407753,0.0024431815356547038,-0.004945986597799101,-0.007602710977637317,0.0011581365016475331,-0.019001455932228684,0.0006958820574054503,-0.005187427418421486,-0.007466275329844674
2023-08-25,0.011840001652616117,0.00454142055339668,0.014982686885354868,0.007471182160638579,0.032555298062600935,0.011139396927902778,0.0036238944784470206,-0.0023534009453499705,0.006384514525188401,0.002646238408121837,0.008853676510553354,0.007987046565193001,0.013346179303200145,-0.005810844130559989,0.028271204763522073,0.004345221431683255,0.017865497969563382
2023-08-28,0.003978513186568389,0.017236600822134296,0.008582153477445509,0.00685025030178843,0.0027761566202815224,0.0026755170427337216,0.0075559822919335495,0.014678631420550703,0.0011533350961772104,-0.006598079561042525,0.006620474963852763,0.006468267265360872,-0.006673060277631038,0.024264844213834236,-0.011418259468667369,0.0057687692722609984,0.008406433942514058
2023-08-29,0.015617634454948792,0.002777946134729481,0.001191384679252172,-0.0015604370260221545,0.003164014470698584,0.003374560275691607,0.0033845717376279616,0.0010333742593613415,0.00518450564992845,0.0016779628749723496,-0.0019883686377721865,0.002570782482483658,-0.0038891866940647946,0.006743919457057768,-0.0015957693947962204,0.0002868640989333038,0.005954484139205629
2023-08-30,0.0034427680180719733,-0.0013851815401570988,0.008838818923963432,0.001375140368999661,-0.001379994384798744,-0.0006257615040999864,0.000793498002568116,0.004129124163181563,-0.0005732536186041637,-0.0009074634717985974,0.0027585690612059732,0.0036857579183420253,0.008518791852705654,0.01339748733857693,0.00045672589894385496,0.0034403357784458244,0.009744277411688929
2023-08-31,0.0027446083264921484,0.0038833697437989922,0.002780256424949945,0.005743877927015806,0.008487953643997015,0.00665260516706323,0.003106303521321463,-0.007453084240204522,-0.01261489124233195,-0.0025847350663521507,-0.0035151791890315476,0.002554709994842863,0.004487621965743482,-0.0006780466953113518,-0.01179167478162102,-0.013428608524562291,0.0027958952430751083
2023-09-01,0.02828475670620234,0.017131766548735605,0.02612786600786854,0.019863074668319713,0.03581919932689037,0.018348692847602432,0.018974975846603126,0.03081319527575399,-0.004645746753881186,0.022343769595346785,0.005368126468150436,0.028348429601944503,0.02636645078523947,0.019674379920410878,0.028329414850198464,0.004633589479898781,0.02095497195771112
2023-09-05,0.005323899568846047,0.007063417994049415,0.005649161476597886,0.013146951924221995,0.010960028642446495,0.018399831313664183,-0.0030386886044552197,0.02648177034668886,-0.0040840016470405915,0.007262001823624908,0.001678227442802216,0.024934236685132616,-0.0036699050747311945,0.005679154281328369,-0.003443497038427612,-0.007206463553407372,8.833437416089218e-05
2023-09-06,-0.014783778418076432,0.0040465892094314615,0.0019541102912588038,0.0010211152415737779,-0.00018697998903693946,-0.002024302314131754,0.012387089476905588,0.0044223008810480025,-0.025776266546107096,0.00591769012982768,-0.030612367047312627,-0.0092173980173188,-0.0008566250746921966,0.013120637512584077,0.006835794486142133,-0.01742169247810499,0.008631901496071182
2023-09-07,-0.00627095313967152,-0.0005374216533002851,-0.011050810558855706,6.000433110853187e-05,-0.01850816534616795,-0.011793565845640619,-0.0078797081340658,0.004892522082843964,-0.0024050854358287355,0.020285318772422567,0.01036924511535564,-0.012540155049413082,0.01808990295077395,-0.002786839820242637,0.01656334409088167,0.010342605917529335,-0.004890355050173323
2023-09-08,-0.002479162811497626,-0.006720563701616111,0.008298301672806208,0.003420560693334407,0.003047618894416848,0.00896968205283799,0.007490195992178705,0.004868502991011159,0.012658120940407525,0.02929284140282662,0.007152795965852832,0.010995951270102333,0.029305231179171498,-0.01084990358177762,0.0426425693804775,0.0023118015138023917,0.014567679624245322
2023-09-11,-0.030953461932257342,-0.005683337673214051,-0.01857874431920803,-0.02063258373251775,-0.035700699774418365,-0.019287186035784054,-0.022239347343671723,0.0009688049937339738,-0.007738137024778768,-0.00798401695618578,-0.003705532733062844,-0.022058882725640605,0.00089987484855647,0.009971660205715827,0.011825937816138277,-0.0038438651371216492,-0.01254204782416779
2023-09-12,0.030543322309286802,0.009798537269631868,0.021919675084163703,0.018624701309185143,0.012012732443641205,0.030114452518927193,0.024580500911629333,0.02516959178557343,0.027594529460280404,0.011423262472245899,0.027739132403490796,0.04057038277535119,0.015857403027880634,0.021885869711518957,0.017531464077490844,0.013950820502972583,0.029169529182915266
2023-09-13,-0.047511558469791826,-0.023180488078407446,-0.0062561322619321125,-0.0036568328424094743,-0.014399696042388443,-0.008799902249322367,-0.0033265161362727724,-0.010859372385958022,0.0017513724762794336,-0.002245946227565576,0.010253497768903053,-0.0016560016880696748,-0.00893143781123762,-0.023832591650351675,-0.0053327121843352865,0.00292735116145848,-0.008936978286604003
2023-09-14,0.02090270335223976,0.012141432689505738,0.017905173282896092,0.006197372733620865,0.015350809912769492,0.01316666924150689,0.013672102186014667,0.0073984792827177515,0.008741038325309702,0.004566559018959193,0.022835655497039253,0.014776963012284039,-0.001623742958309915,0.016166158678027287,0.0032307912573978914,0.013426671997572193,0.017863259364593764
2023-09-15,-0.01209863854373383,-0.014176788420895536,-0.007469707740291764,-0.004365116965149851,-0.024543552538742297,-0.018416763018527904,-0.013741140010323227,-0.002369084884112027,-0.013864713639344717,-0.015237832070518875,-0.014446217112307869,-0.017087742140776574,-0.015776230960881543,-0.016558107264163957,-0.015553452404578283,-0.010944505150644268,-0.015356069605449107
2023-09-18,0.005887882771298258,0.00829651300373202,0.0073642432879375,0.00432409968701708,-0.003623205789654582,-0.0022695579587176384,0.0032745063089878457,0.01258629690422386,-0.0029289772461034147,0.01644867056779531,0.00962395843346231,0.0025698713724007227,0.01173266180193333,0.010399356314214625,0.01809570204155153,0.0026206455618364988,0.008054946733358603
2023-09-19,-0.012643307927902248,-0.007679846015264946,-0.010604034613937774,-0.00011958523784372233,-0.010302995435599871,-0.021838179585315753,-0.005567620562113684,-0.028377205048957688,-0.005287879796540773,-0.0268004792234674,-0.006012665605533929,-0.007690033661931439,-0.018211411819822554,-0.012743032905246698,-0.024746991371975557,-0.004066300985890892,-0.002635233385272162
2023-09-20,-0.021105092249216195,-0.010502959028431125,-0.016157977627363262,-0.0030503055737213236,-0.022657622829230673,-0.027131773003155724,-0.016088664390629615,-0.0033793789364633398,-0.00413478930918787,0.003417683942173566,-0.011360238497003405,-0.023704688828562137,-0.0012478476537122196,-0.010590869705715877,0.0021729742311831224,0.0,-0.007926373287209909
2023-09-21,-0.02761630978649343,-0.02067048616943523,-0.017330929793239136,-0.00899875945739903,-0.03070163716794838,-0.023187222945293295,-0.010007280857982748,-0.012835959006049391,-0.01779373589144473,0.013755235488422723,-0.015221743397531795,-0.02630351491961369,-0.001082664834212821,-0.01622331073858596,0.023291554368942702,-0.024496863779437272,-0.01408926778599806
2023-09-22,0.001992965015670922,0.009697994876224802,0.0007557995107247972,0.006598639306184095,0.003878312079146351,0.000244737842235887,-0.005219233342961482,-0.0031893115873042888,0.0024157183450956854,-0.008464055196530706,0.0030310573183618406,0.005274881436048151,-0.011339080283806369,0.003740175462980666,-0.0070403807060949175,0.005082139951597231,0.0015685095461623888
2023-09-25,0.01989075432972154,0.01412411351262266,0.01602887345578119,0.014614031076090717,0.01974667110785222,0.024710467296846117,0.013747823288648098,0.00861414297390306,0.0090361157516059,0.004821933727395145,0.005287767617047523,0.004293461900525264,0.014167823618465913,0.013550111101781948,0.008742306865773042,0.010113073840240405,0.011223295639839481
2023-09-26,0.0007313156665955667,-0.005292493989043301,-0.007681536318334126,-0.005393995333892065,-0.011786990248363494,0.009789140964980403,0.002751641712839703,-0.004636185892375577,-0.016716628525630717,-0.020622458491516227,-0.030958764914142733,-0.00015835140749820287,-0.006985020303084566,-0.011864965954751283,-0.03384715031326213,-0.011189497980942376,0.0015485270955297725
2023-09-27,0.032399600138176554,0.015121683694077737,0.02969721132983283,0.01930862784817955,0.040255606534668864,0.02309271384694145,0.027244179808782576,0.030399541291661336,0.011536226261101845,0.009336379140863604,0.0004651369716126563,0.03879633107813607,0.011555964064474677,0.02824290190438905,0.016739265435752992,0.015485096871753035,0.03255739069881414
2023-09-28,-0.0035395390466311794,0.009379296770750667,-0.0030060815033861044,-0.002630877907968121,-0.0006141679372998476,-0.0026191834351991794,-0.0005725867434794862,-0.005710075753062593,0.0006002382675736051,0.013120865578010399,0.005890464292932274,0.0042682503586026765,0.021357475730077846,0.0023025460368577555,0.02243852654799916,0.009091106758287282,-0.0060731634707994475
2023-09-29,-0.02675830449693839,-0.03470881198398734,-0.023793858688420988,-0.01154837454232649,-0.022741177358582387,-0.02093168530619227,-0.014382047022582611,-0.030868843846595606,-0.005398903779510578,-0.0200089964587582,-0.022499551762224623,-0.015179102854326332,-0.026179174569609387,-0.043321345775510056,-0.03716510877121881,-0.02092412022088297,-0.0158198837623299
2023-10-02,-0.03819922303667034,-0.02151749985764051,-0.022537586415429134,-0.012335247909347813,-0.04297710966986068,-0.02445544639285613,-0.03021682778180801,-0.018024463601814644,-0.025331780514950664,-0.008722099747797363,-0.02490934086455765,-0.03976553584717468,-0.009405004463702071,-0.006174960779651628,-0.02554540024705132,-0.022558659860026475,-0.01658452005005917
2023-10-03,0.0032884481116899344,-0.0008683549857755324,0.0042698884389502645,0.0023416411181544916,0.002190743748113011,0.004690198900497045,0.0045938205612618965,0.007291879780424004,-0.0037128601339152523,-0.018330835374379295,0.002101780029772682,0.0025681464198277215,-0.028482470545758476,0.011563766566059064,-0.032659947043307325,0.0012148962687019704,0.0017297161743643485
2023-10-04,-0.041603804589729565,-0.040254804696251645,-0.03630955895240984,-0.023303053477831015,-0.05245926093976039,-0.039278875618760534,-0.035655148453631935,-0.04468318490735024,-0.004347607400875697,-0.03653159729401767,-0.010164594323268328,-0.03874473472250595,-0.04445231457460619,-0.047432066650261895,-0.03675676775340153,-0.001213422086736471,-0.03738232907777461
2023-10-05,-0.00736643277826321,0.006336794992553241,0.0007941590258218056,0.005274741737652633,-0.011533921343219289,-0.007540252188138918,-0.0026802374536585294,-0.005487041360829004,0.008109561428195189,0.002748525334580698,0.017767022139327127,-0.010326502542736926,-0.00914099303111049,-0.007701982087040649,-0.009248543002904674,0.013058092370329177,-0.022511457987630434
2023-10-06,-0.0037103232240550676,0.011394276052557384,0.016840110553161924,-0.010189005153764863,0.019836604821752424,0.01874057846218724,0.04210311607655992,0.016552589210187874,0.006188305036747721,0.006325557898186229,0.016976247448805104,0.03332210310831929,-0.002648895858718192,0.005415152385396027,-0.007452199635033074,0.00959224116510038,-0.016698716792429957
2023-10-09,0.04203219147654513,0.03172279142929124,0.05627329127906289,0.027676710937035054,0.05491998335705883,0.054358691826467576,0.0346492599749737,0.06771782275114457,0.030750209440002285,0.023676606533592492,0.03858260018593307,0.04527682594978133,0.01849995545292793,0.04560133713083703,0.0033192259736061214,0.020190051019044253,0.034991257920606866
2023-10-10,-0.0071482791933829,0.0028736202547960943,-0.011738744479951935,-0.0010797022819009072,-0.0006507623280637143,-0.004165469137078492,-0.0005752590706709082,-0.0038730981195733705,0.0035798095371755156,0.01596480766229469,0.013798419067077683,-0.003116258124911897,0.010610630625103923,0.006524756277687338,0.025679673032525496,0.001746039320657422,-0.00423726722907003
2023-10-11,0.0010286763744540295,0.0,-0.002906992040042633,-0.032664667934432345,0.014760066879553335,0.005208828578400437,0.015794913459988624,0.011907761008604245,0.0017837824754833864,-0.002618844657797159,0.008973984570426419,-0.009846776297683602,-0.002313518604673437,0.002388174774129004,-0.00468493942996695,0.007844343565679868,-0.03585345132176698
2023-10-12,0.007449278667282622,-0.0037250486587100395,0.008913533634110404,0.000806725338316161,-0.0012832497974628598,0.012483386871279922,0.02209617829361865,0.0021611861097885487,0.00356075419396773,-0.006261879728047259,0.00948699890406024,-0.002052077839636457,-0.012307110568845703,-0.0066372129792485746,-0.02600298060230366,0.0031710486621956413,-0.00018785725789594032
2023-10-13,0.051759162551419546,0.0023008097532177807,0.030963624054459293,0.017552651839949807,0.03641029806943674,0.0378411151095821,0.025930253196371877,0.016774443998757382,0.011827350087305177,0.0041330318530834464,0.014977977130279818,0.018190465795428823,-0.0013544725352364617,0.0101080425308262,-0.001425990558375112,0.011206733292884241,0.031934063631205545
2023-10-16,0.022788003919518074,0.009181879539625903,0.003603784384148323,0.008167800515200607,0.020872122601467646,0.00763071805407467,0.005042847331477862,-0.0016496260183451739,0.009935743839914801,0.017206777800668815,0.013744121075111249,0.015535236268479524,0.010669229515612333,0.008310620628191545,0.024990010844617494,0.01534545961099032,0.0007280057210521385
2023-10-17,0.005688584486826853,0.012510939114692698,0.0011973470126620533,0.013240447271280154,0.010728569758517104,0.0020144234683290296,0.0063317506500071286,0.016052670834380667,0.0028933179276726673,0.003913662735786083,-0.007991810525171061,0.00244766019016307,0.019055301205908703,0.01328858036992231,0.01176476095562995,0.0047578978923144,0.01309679077358128
2023-10-18,0.013198217056966888,0.0030889447679971482,0.009006733425139135,0.007936099975495825,0.0030043880715944216,0.010871074879985398,0.008606669782395437,0.0020910777582172635,-0.010963551086653034,0.017510199833405293,-0.012516184418328469,0.014802176045137116,0.020542347430448693,0.00581021951534666,0.0253211835798961,-0.006963789615803129,0.014004892108974154
2023-10-19,0.007210800782852855,-0.0039190192953659775,-0.0016588486876369934,0.001065538012210876,-0.016573421218778916,0.003462150973484901,-0.00588490472273806,0.003014248070684289,-0.007584510119664101,-0.007468043435066574,0.008304061749644376,-0.0006014719351505882,-0.00911815278160577,-0.010232855543001906,-0.012012238483274706,-0.002244168051023898,0.0006199702426210596
2023-10-20,-0.02067361844616522,-0.020798519820705685,-0.018357457845857073,-0.013423866481508506,-0.01888342129095877,-0.02202148549934302,-0.014444904094697342,-0.026583484184514172,-0.0011758401526743567,-0.012954750048537855,-0.023551399614503477,-0.01925971167990015,-0.014324249485181517,-0.029348107282452518,-0.009364103159612891,-0.018273760623562674,-0.01716522477745519
2023-10-23,-0.023007653687651453,-0.004879266778150315,-0.021924732587195073,-0.036864018076769645,-0.01262411761208504,-0.01193442452785709,-0.006967435581451409,-0.010923553169485234,-0.000588644658174764,-0.00934649642131502,-0.012429830700033895,-0.03620741707302433,-0.004315563818490964,0.01082297815455946,-0.0034304544905353618,-0.0022908396987316726,-0.014674078644378197
2023-10-24,-0.004612619255928041,-0.005480374521362297,-0.011455460154828567,-0.025080966858897158,-0.005030415907726127,-0.012913950703951516,-0.012460857320994445,-0.03409366618122267,-0.007655913128939096,-0.005486537239993372,-0.0020976904844948185,-0.0046163433344525995,-0.009907165814477814,-0.03127124576555351,-0.014762976599582811,-0.010907172803361287,-0.009684860852724353
2023-10-25,0.0004877997689796132,-0.013341133587743026,0.0038348946786770366,-0.0049789591272156875,0.00800503541129216,-0.0016161618259253885,0.008697828390852758,0.003728423886524057,-0.00356075419396773,-0.008612315949460214,-0.004954973906608928,0.011834334332407659,-0.010631698332652095,-0.006666626183131297,-0.015062214712142197,0.0,0.001845254065579116
2023-10-26,-0.014627169036500298,0.029394645266187958,-0.017440438991690232,-0.0071857430454286275,-0.014210998931612262,-0.013797833707867468,-0.017974361315916232,-0.023031129917648552,-0.00536038198233002,0.004818518368774782,0.0007545794246608395,0.0,-0.005779275412649443,-0.013246252010288395,-0.011824045105185421,0.003482375633415691,-0.009117009648747953
2023-10-27,-0.007174486861202256,-0.005996785455677833,-0.004310619343835587,-0.06720501925357303,-0.008479976623835817,-0.015241390619615935,-0.010326453208647224,0.0038022455437014546,-0.019760416380391055,-0.013913122773164477,-0.013268937005274761,-0.01643750701847191,0.007538561659601983,-0.0007157842410198123,-0.014358670883959368,-0.015326755135077086,-0.019051958506811073
2023-10-30,-0.011213650221032045,0.004309193190592309,0.0028862110701841637,0.01205386987098156,-0.012828797162571903,-0.004286280228797068,-0.010121667084336927,-0.004545349992568282,0.0026728327133858087,0.005890395815127958,0.002597675439790059,-0.008998914299827132,0.01361219097369859,0.01020942736837438,0.0055034173489305616,0.0052862426975635035,0.0031265313083481683
2023-10-31,0.0010082683360990163,-0.01544620796652052,0.0055866248930336315,-0.002464225452177282,0.008663555218661578,0.006377141022657629,0.011929374490983191,-0.002029552489219655,0.004339714904578962,0.02989240607771282,0.008429285360500804,0.0022702225810840027,0.014496604337572716,-0.013120529757197574,0.02221501118732938,0.004966581050684038,-0.00028332977613843013
2023-11-01,-0.002769570433995394,0.012202168715687689,-0.01792930166391904,-0.01200845539981954,-0.007730156599291438,-0.01607907367992456,-0.00567606104522389,0.0020336799494233837,0.009259311931925751,0.02618187095902047,-0.010122447390710776,-0.007280476309439177,0.01770836632958983,0.0035932382623611314,0.005748185979963516,0.009302243089841955,-0.0019839500651015474
2023-11-02,0.0020197783063338193,0.019230991262732644,0.04585579271712281,0.03319901320087415,0.02293874582036204,0.035662213887885263,0.024026078368441617,0.029680249377881607,0.033639045987663874,0.003607930375110646,0.03269277488007205,0.031127856683737187,0.01748664716781101,0.02685279846481259,0.009629511336158858,0.030817957078991265,0.03284751262597996
2023-11-03,0.006802649674039651,-0.0033988027756126638,-0.018603482284329953,-0.007730709304003547,0.0014808322066452995,-0.003808639370041389,-0.006983549871894312,-0.00739081305182665,-0.0017749271508105124,-0.032034439116191304,0.002850602544906433,-0.00410934505062277,-0.011259728822986204,-0.00854265281212152,-0.01961853438722072,0.008102710251575163,-0.012189674223091251
2023-11-06,-0.01651666349246539,-0.007104145608118784,-0.010688930259894702,-0.004132135521857316,-0.013096662184539642,-0.013576750655880931,-0.012091220891699783,-0.019111624498727275,-0.011855515563448993,-0.0057037674240625336,-0.008378097176997223,-0.019996912022895552,0.0005136251659887403,-0.006857647656724031,-0.0048247484266404905,-0.009146119134877617,-0.017721111190618033
2023-11-07,-0.031043262503035907,-0.03091009356186336,-0.02717982867629909,-0.017619145907121547,-0.03060787090737349,-0.029900310287182763,-0.008430494761530571,-0.03972672072623118,-0.007198575035691435,-0.025079907393809497,-0.023838223329411323,-0.025101153183322067,-0.025588424930973352,-0.05577178568848995,-0.022015590694680287,-0.012587497038643813,-0.01567972237902393
2023-11-08,-0.0359767445080158,-0.003543874267159297,-0.006941355709060626,-0.013918800766590578,-0.02450892856318454,-0.011660067568984522,-0.017759113592042075,-0.004216012776226852,-0.012688815181481128,-0.018199223743756154,-0.01653788588496219,0.01578072785275131,-0.018004374820150826,-0.007500609056502183,-0.011946279749720956,-0.005099292810765932,-0.012283001558118789
2023-11-09,-0.009534087489845744,0.005334657093553963,-0.0026213396448235837,-0.003230284682693707,-0.000905359929555094,0.00074244777490029,-0.0025002710801832473,0.0002644880718256637,-0.007955985893064121,-0.011846819847721402,0.0031431114637154867,-0.00932127358832524,-0.010553766127638697,-0.003589469115594879,-0.013653636357379373,-0.007972460418184668,0.0002915319060976529
2023-11-10,0.01540126113750273,0.012382216775923549,0.012790218553965671,0.00711584905230378,0.03352971504157054,0.011541600279796338,0.013690665808420599,0.012963080225997015,0.014188835698284219,0.023483929185277308,0.00830335675928029,0.006602687643465055,0.025400117032776004,0.010617965448464384,0.022931827491538437,0.001147928238523832,0.007672806814755573
2023-11-13,-0.007312919314211852,0.0037856509287703677,0.002868715978156855,0.007344924663894359,-0.004384093806975908,0.0029339340804643843,0.002980030287345281,0.009663070501883642,0.0048662559453178655,0.011231212432394111,0.004661293355923135,0.010331334680125481,0.006258720871740842,0.0131331075920611,0.01304319312453428,0.0014337053399662292,0.010506173722165668
2023-11-14,0.025102173158997987,0.006672574871018355,0.0015603762070270921,0.007292030805712724,0.007045511607499666,0.016739826145422354,0.006195486267233763,0.01345053212788816,0.01694912028410478,0.026642144458500105,0.0165480491351484,0.0019478279306008872,0.007621579814859114,0.006481470600489425,0.014565220507421817,0.010306310983292377,0.003850246198762175
2023-11-15,-0.006920230791298221,-0.001153044506726264,-0.004413998695934174,0.00351562742244238,-0.004809786735250121,-0.016384286758244326,-1.0700784758288506e-07,-0.018887136411834038,0.0071428714327670395,0.0032367939612223395,0.0059335936295923375,-0.0069659366768832776,0.004086117489058738,-0.012327440847692994,0.004917522916361161,0.00255027861931989,-0.006040860891877831
2023-11-16,-0.03913175963180726,-0.04096925815022012,-0.026427946816211967,-0.015827469623967194,-0.02702112519106048,-0.019257334555607963,-0.02111800099046479,-0.03277813368633986,-0.005910305379341008,-0.03479007674056411,-0.009074632373647584,-0.016149979116265256,-0.00795162121370685,-0.02924737191781579,-0.029917173528852814,-0.017806778206120644,-0.011576528182851042
2023-11-17,0.02845194507072879,0.014139617932097837,0.023216286613062298,0.018974382319766336,0.02415909864495558,0.027340374984813343,0.02393417053664959,0.02178578510617135,0.008323442199617892,0.019296779202455205,0.016941359770268116,0.01077750944335043,0.025015357172998076,0.014200609406379572,0.017962517830363733,0.019568554927728243,0.024399918146875255
2023-11-20,0.0035258652242169397,0.004746311274409942,0.006981485475412663,-0.0005540042120910638,0.006393081687369406,0.009919665048434112,0.0,0.005527589024600044,-0.0011791199181897527,0.007370152016461073,0.0039022755710469426,0.0029527971020100185,0.014952260776378568,-0.002081062657287247,0.004995622928174903,0.005080282648496359,-0.0043825297529597185
2023-11-21,-0.010270164056494169,0.001180823446317758,-0.0019066784775464418,-0.0023549041254871117,-0.008762242149048638,-0.007825841032132907,-0.0067883017950181035,0.0002617562841555898,0.010625694978769973,-0.009128214061331241,0.0002990384256198464,-0.0063787602480637196,-0.0059266416714753856,-0.00037924932697697145,-0.012507197634609724,0.009547862635373328,-0.00038291282649383085
2023-11-22,-0.001638315712528593,-0.009731405766116419,-0.0027783146432152073,0.002013542146520164,-0.0019890521269725348,-0.008692137814583112,-0.00599637669865094,-0.008374650535097006,0.009929831672007339,0.010702249660122343,-0.00373643774666077,-0.008889012160282705,0.005110376991865895,-0.0037937757940877948,0.017780294322274903,0.007788512068445996,-0.004307901888205401
2023-11-24,0.008752526310317643,0.009231646436514085,0.00557232699043575,0.0039487745775397265,0.004207345186115097,0.002679285701815637,0.0030486627874219963,0.00448680225136755,0.003470221286256292,0.0019434356740164471,0.009900938751735477,-0.0008303496183670322,0.0052537062374438115,0.0015232736441255224,-0.0031906744117666808,0.0024842281392192245,0.005384190609059036
2023-11-27,-0.01464216107737526,0.0023606703485963276,-0.005974529832507791,-0.0037263733093327867,-0.009261160692673687,-0.004048508634651671,-0.003944682376469277,-0.009721678766267838,-0.0023054178412832416,0.007023548995495066,-0.001633848531353177,-0.0048204568864327335,-0.002528805226066133,-0.0009505686294647431,0.005201631111554805,0.0019273504821875065,-0.005833357867712663
2023-11-28,0.0011010551222521148,-0.004415617007130779,0.0015680600627829833,0.007966112005840076,-0.0024482951796087615,0.005203221889620524,-0.00019493586707386434,-0.004510611495042172,-0.001155466487651191,-0.0037195600778839877,-0.003273500487147807,0.003173542093792614,-0.0027888507755353675,-0.004567211880443733,-0.0029456417509207133,-0.0016487536488906107,-0.000577192192721232
2023-11-29,-0.0019242305444397978,-0.014192858735987968,-0.008784223178283646,-0.010995545004839458,0.001338694330776935,-0.003235316724733095,-0.0012987793293049998,-0.005863333032504414,0.0017351419962052805,-0.017134611470776884,0.005971122861001987,0.004495566954971109,0.03576274815231173,-0.008411363813246142,-0.009262273593625303,0.0030276097813219938,-0.01501445941819124
2023-11-30,-0.008537620070344976,0.012297451003725923,0.014038856537103461,-0.002154242297211284,0.0020051705820602894,-0.0013793546079229335,0.00403148440706258,-0.007238931951739969,0.01443417865675567,0.012006536609413976,0.02166491773983248,-0.019559184867718904,0.05457366100679395,0.003277450534972859,0.010315895700609534,0.009605018747285143,0.003908479203583948
2023-12-01,0.005555615262452962,0.0011853211949293119,-0.0029419257245739683,0.008425935733426648,0.004447461886403881,0.0043065789806358,-0.0009067913696436669,0.01836391780199076,0.010244879935745965,0.014947283541357992,0.014814830822119207,-0.005409959550778831,0.006284342100287388,0.006725584086072933,0.0081366163798966,0.013318865752070419,0.0024335529678432
2023-12-04,-0.010497478956065787,-0.001183917871982465,-0.006074807082807943,0.0004143512842997854,-0.010848021510885264,-0.004854374893399238,-0.002657573593057183,-0.009016111998700227,0.0056337525755600915,-0.00019787614356936434,0.004866143476075946,-0.016488165631648455,-0.009714614888334139,-0.006871465665441834,0.0006329975359657958,-0.007778975139601463,-0.005437594645716692
2023-12-05,-0.028754766644933594,-0.028148071355581727,-0.0121364715651896,-0.013874546219201367,-0.02014305870460975,-0.008536750154099604,-0.02411289131602845,-0.02783000260902513,-0.01960785147396593,-0.016315516772710703,-0.01324597627674895,-0.010024289352186133,-0.005761432981656545,-0.022595597902628772,-0.006405126909026171,-0.019735463850005797,-0.019427888336009502
2023-12-06,-0.021845557333902366,-0.028658404919552738,-0.02315732499698364,-0.0023096794255549336,-0.012105977835190629,-0.01804004431805195,-0.024442223651020667,-0.036217756937684586,0.0017142581360505282,-0.038544381987669296,-0.01169157988837799,-0.013966372258461424,-0.02114327427036511,-0.02924322092321141,-0.023239229388984817,-0.01158265743391207,-0.013241849597588562
2023-12-07,-0.005876919586333629,-0.004080581142320461,0.002985855250815961,-0.0007719356993296511,0.0048555141770803,-0.011691061187168339,0.007577863905961824,-0.012621993805833398,-0.00171132448413025,-0.011174647425182482,-0.0175261629880048,0.0017762689558304956,-0.003040116220414113,-0.01363729507769107,-0.005377639794226452,-0.013053813414407367,-0.006961942040134117
2023-12-08,0.01891817283855346,0.01607322679987,0.011005895352719675,0.013270674938421045,0.014496060017593182,0.00515414739715836,0.007724074459160679,0.014816766421788197,0.011428470178568517,0.010171031533939168,0.014419455007141035,0.001240977968918644,0.005617174988197693,0.007016119218683059,0.005488650388778327,0.016890763091702343,0.011481639346263561
2023-12-11,0.006672460118216206,0.00837475722753278,0.0008031288057135377,0.0002772307765308568,0.0072578525645432546,0.002017544313565267,0.005446213083465157,-0.0045804921607502935,-0.007344617437648804,0.005803240092665529,-0.0148005426134582,0.010448062959182103,0.008697670391731194,0.007172110483509853,0.006028971416939921,-0.017736393468266387,0.0007030819360742679
2023-12-12,-0.014985739186519798,-0.006459685314972097,-0.00980749249570323,-0.012816146132350603,-0.024093818177092885,-0.012835505762674448,-0.011100643118253428,-0.009490854286825723,-0.019920267343697784,-0.003336880555032007,-0.017402838286113997,-0.026463386198524508,-0.009413707210729427,-0.0022380689996739367,-0.02089404284034868,-0.013757575819351109,-0.015759862822401938
2023-12-13,0.019602338261817565,0.009287834302994735,0.007113332800163796,0.014806880216461371,0.020304828604587266,0.00688362674885501,0.010684251596223326,0.007258963242081862,0.015098626913897961,0.022947759643646926,0.018922044860919973,0.030063048742912546,0.015492602052905369,0.00305865915714576,0.032258064516129004,0.007265342584436452,0.008872897617905107
2023-12-14,0.025537627029647014,0.028834289527210677,0.027715766858319668,0.036788814633937905,0.03544296064458141,0.03094561208820168,0.02662925767299673,0.03459194551661615,0.012013600250678547,0.0288420804184768,0.019313809056864306,0.02691355403429352,0.023199148377633483,0.06566381146944766,0.03509620044969575,0.0,0.02689056337501916
2023-12-15,-0.010911912658066125,0.0011928030920849153,-0.003566854735964853,-0.0038685375464284633,-0.0026672229317605822,-0.0040630649761783655,-0.0021507703486602914,-0.001950249157586903,-0.01130560263686664,-0.016634524667961448,-0.009911271427537227,-0.003403538373210724,-0.001844660318730984,-0.004387639320808545,-0.004722004412047731,-0.0011541328694107955,-0.00669433962636079
2023-12-18,0.008203471396095896,0.014592083409734835,0.0031430215638981185,0.002209483977286597,0.00824596163447433,0.01257157948658949,0.01645876223331255,0.010887879162524206,0.004573989535868517,0.02311639599412163,0.004710848240637278,0.007001389419840409,0.011011169711532931,0.0017244140284609077,0.02605576043573743,0.002310872436372957,0.007433130928052867
2023-12-19,0.010381845090326136,0.0,0.013838106667650285,0.013094892940286318,0.00972601597557432,0.00748239053957489,0.00976668550869908,0.01684603645165983,0.0039840411273692755,0.012910885007240358,0.013040213581978044,0.022553705409999125,0.01904048098948996,0.013389482819587517,0.012735144553338351,0.010662669095176103,0.013182636019958505
2023-12-20,-0.013607483481295146,-0.0011743658803724522,0.001716885716252614,-0.009166423947672087,-0.00963233176296574,-0.008977279298244989,-0.008399662744751901,-0.00977719590131998,-0.007936401597519849,-0.0009104962120592974,-0.009979855476907717,-0.0021557668553996434,0.0020178466745919277,-0.008116238630852979,-0.007934415931257544,-0.011405686021520811,-0.01670066277216231
2023-12-21,0.011824261745964515,0.00029432251978067647,0.0011997459361547946,0.003061485847207779,0.013483580195490452,-0.0028823132665465323,0.002759452333119361,0.004936922431214796,0.007999891952793936,-0.006313992458714668,0.01577813993321131,0.004487336568320455,0.0016407704406087298,0.0005709189227236511,-0.004677698987298418,0.00865307810952487,0.004542298766994968
2023-12-22,0.0005565955986952531,0.00234997054080055,0.0071044539218136915,0.0022559950675027363,-0.0008725176912013355,0.009828110522235312,0.0008319374359151421,-0.0013647104263387888,0.004535279793389302,-0.01172519279118478,0.009060761213200319,0.006121756538267853,-0.0017127868027598803,0.009509392052329924,0.002122451410509152,0.004861552708197436,0.0017693699217447012
2023-12-26,0.03698562760408053,0.01934349167810434,0.011558601504161103,0.009003781372842967,0.018555039714221566,0.01660261003507979,0.016689089412658342,0.012571915808463396,0.007336326886731026,0.008019986523972511,0.013968012560159115,0.010360013357746167,0.012382745425971953,0.011303592983505695,0.007488783112997055,-0.0005694814385127644,0.0022568865248719927
2023-12-27,-0.0032179871618001066,-0.008338166809105596,-0.004453075407816476,-0.003280706641386688,-0.005572119518022944,-0.00024133388311642356,-0.0057233109878827015,-0.010526527221782711,-0.004481619347524557,-0.01446600931391473,-0.0022488959434124878,-0.006510283269114847,-0.007515485048973369,-0.012108878377372845,-0.010286090789395241,-0.002562399289213868,-0.004699407344213591
2023-12-28,-0.02878681050997456,-0.008408393563283934,-0.016794654804381026,-0.014087502107338556,-0.013793209714738297,-0.02365817157949579,-0.017458368457316742,-0.012274807216108186,-0.004502404800938109,-0.02001595621890251,-0.006480950482685044,-0.017529661276788455,-0.013808609418053952,-0.014897292861441924,-0.013124117221456566,-0.0028547363613377064,-0.014460077682979966
2023-12-29,-0.006094237438886818,-0.0005846557690013521,-0.0036909591752821713,-0.004072813660202401,-0.010052251088975894,-0.003131930505329783,-0.0016093346777547035,-0.0016569650989513018,-0.002826308726806559,0.010076521803945804,-0.004253876608165119,-0.004335325739583729,0.002258485546182465,-0.003828294161639434,-0.0006917660882996834,-0.0028628493226260376,-0.0020960223042755244
2024-01-02,0.006410427318767509,-0.0073140681625856185,0.013095504418172421,0.002145387565933632,0.011920365449752612,0.005374002902150288,0.012445122396941954,-0.0008300825796613287,0.010771151219836073,0.02696092608241707,0.011392671770167784,0.005694024254890406,0.008637402667253324,-0.0011531855825797077,0.005076905570201129,0.019810326393826072,0.02380481487137498
2024-01-03,0.017723672022701642,-0.0002949517056770601,0.01989971083997455,0.019066048665315805,0.021160658582584535,0.0277962776208438,0.020126050469241097,0.01245854301540028,0.012338656927327607,0.03629574891604448,0.01013793139568242,0.009325584322437797,0.010872178211865258,0.012889739212812668,0.0235726132813181,0.022240974377041534,0.008401726365381501
2024-01-04,-0.07346953980654791,-0.019752169850829726,-0.028766714256216575,-0.010963123792955609,-0.02520849883472387,-0.031685274994670665,-0.027158538377600627,-0.021602498722304908,-0.005539997155279419,-0.02843750309098858,-0.012127074953986128,-0.02458336368406111,-0.0034622009707049317,-0.018233771437143664,-0.025646748446246592,-0.013494712802082365,-0.008719305876260242
2024-01-05,0.00851692352874256,0.00511271491346843,0.00042911585615490466,-0.001725879165505817,0.006793804324207509,-0.0052882701643678365,0.0008341795132487118,0.005310456680635012,0.0038995776313239805,-0.005867008457518308,0.010159265415416785,-0.0030446668612522654,-0.00029582743272249523,0.0032891662595437854,-0.010052964778863527,-0.007537672594516098,0.003029740890942545
2024-01-08,-0.01776341822284222,-0.029323706355163237,-0.017420310101959324,-0.005983807716836598,-0.008924533756167974,-0.02168141280770919,-0.001218317283301018,-0.021128940464300805,0.004994550775616391,0.024655736292638286,-0.0044697646619149545,-0.011367472933554335,-0.01027796938023684,-0.029695545047501715,0.0020931521846188073,0.002812685105079371,-0.01666177407510716
2024-01-09,-0.02253182266145215,-0.02527756203734466,-0.015196493164877256,-0.025418150888380286,-0.016692363145942135,-0.014434706638917327,-0.019260414056732955,-0.019880637407424295,-0.0033132126740337275,-0.012479017034891182,-0.012347348189987617,-0.013900757971104793,-0.0047815002835552844,-0.03497609496751508,-0.016245056908845812,-0.006451535672513775,-0.01238628844218681
2024-01-10,-0.01213237105180831,-0.012333896077137974,-0.014012105967668442,-0.008236168833823942,-0.01853910093125033,-0.009304978950265608,-0.009164767525599027,-0.012749948710793824,-0.005539997155279419,-0.009526440790048274,0.006677140710397378,-0.011486272428993027,-0.02852641279057533,-0.00226517695159012,-0.018872472704425824,-0.005364177471919307,-0.009832220169674999
2024-01-11,-0.003377305841465006,-0.00192122355956581,-0.0016188919612089014,0.005397885390867163,-0.007965547494510283,-8.681290913026274e-05,0.00019825157530140025,0.0035222638358771707,-0.006128235594841103,0.01668406180844295,-0.010443229905384932,0.005809799558078144,0.006722862395019957,0.0072239212448017565,0.025887636227923005,-0.012773120161588936,-0.00020255861286233579
2024-01-12,0.0024645459556087435,0.011228785905225136,0.006306082164433402,0.013697700372393262,-0.018811618648711503,0.00930593533969426,0.016183371905809985,0.008481948621600122,0.007286796981675447,0.013321411124022298,0.007558642385000702,0.016278738493490374,0.019880215430287285,0.02356549386957152,0.02734381847022216,0.004025166659679558,0.012972465811097456
2024-01-16,-0.03902893687165909,-0.026967164915665087,-0.02739467997962397,-0.02430886281595579,-0.02548503045556827,-0.02605529224650316,-0.017420851034179452,-0.02813223641891427,-0.008347052120854404,-0.02121160005096101,-0.014862035336866586,-0.024801956015817583,-0.025588922220797006,-0.033033034265751104,-0.01673004130215472,-0.010022723885264373,-0.02261134361100181
2024-01-17,-0.01471056818079075,0.0039128039816609395,-0.009849150483862035,-0.003967018141475709,-0.014155538699929027,-0.013465260677876456,-0.009129323536304579,-0.008057426647570254,-0.014590376329873367,-0.013755753937080284,-0.007758591366750056,-0.007064708206891979,-0.009268571857346197,-0.008488666679062562,-0.02312462264650439,-0.01677776626005889,-0.007267941136329892
2024-01-18,-0.004219296323959343,0.0025982159892274925,-0.0059495999780430076,-0.009083360958981435,-0.0002431982246529074,-0.004881108338861906,-0.00026701256239014537,0.0021060962341004075,-0.014236961049574282,-0.001315764665607011,0.03171146254401269,0.004446813928774107,-0.00467757591357798,0.013990488331255158,-0.0027708828143517827,-0.00411884387536543,-0.0018560324797941563
2024-01-19,-0.0019719340821495734,-0.005507023558928181,0.00879101651615688,0.0029616094062694387,-0.002677831700498179,0.0007265546378392163,0.00881521525301654,0.019813870056978322,-0.006354689879884856,0.007773472616359189,-0.01698236795775454,-0.0008854254634709235,0.011122464849082192,0.0222405026272523,0.017465800951722787,0.000295468480076444,0.0015496272456516635
2024-01-22,0.011195283945328871,0.009120580501793096,0.001761210243896194,0.001757577012166056,0.005125731769216824,0.004266337316422897,0.005825604651478411,0.013541307656292911,-0.0023257121547960447,0.009543697551866126,-0.009423511845741972,0.005671872457187144,0.004415240107249474,0.02095082958282979,0.007490663363389993,0.003248698988203458,-0.0013408634882037251
2024-01-23,0.00455893129312912,0.017753387283824917,-0.0006476655605162085,-0.0028074176377191895,0.002913896130473992,-0.0024404453172485185,-0.0030933168315473436,0.02526870842668627,-0.004661761951925136,-0.003043018207027348,-0.0057649891167712575,-0.00017641155497793992,0.011183426239427474,-0.005130265385759114,-7.739788316785123e-05,-0.0005888494139864031,0.01125809090457075
2024-01-24,0.01685567236136265,-0.04725656997967376,0.015556888742054076,0.01991706623929934,0.007748045503115142,0.015583878070649426,0.011421342702794934,0.043342994499022236,-0.011124174702235146,0.007338815424865475,-0.001739740769490239,0.010224018057354067,0.019525385827956487,0.02479165756745627,0.008055031608279473,0.0023564773550370788,0.01726048189428231
2024-01-25,0.021358012011961858,0.008655009284248116,0.02170159165826213,0.025186546888569916,0.020903525372598875,0.024623050733492358,0.020365851243331345,0.004615591517169504,0.026050647750121225,0.013991051797368703,0.020766792044964344,0.012214126533298897,0.029774849514849766,0.01548289870734032,0.03311602527627744,0.012048223878240893,0.025401870353550127
2024-01-26,0.002184909220743325,0.005940509169546804,0.0016063220834536818,0.0038364274984337143,0.0030595341361734363,0.006007975390978304,-0.0005120027369377445,0.01432423556596607,0.006347670118597604,0.020665166905962984,0.0021340220376155905,0.0067230861298854805,0.018670522586428318,0.008576373168130313,0.02565805510101349,0.012485423478104218,0.008518351139091385
2024-01-29,-0.007474522940024597,-0.015747785696499816,-0.0056135911465361454,-0.0004022065344329029,0.0035195231049085507,-0.0050199287898500256,-0.008832490299401363,-0.009059441478194707,-0.004013986786941204,-0.002367381548425751,0.002879746137533834,-0.003082135311012868,-0.008058610064459404,0.005291192254452737,0.0034079883083857343,-0.0017206534871684331,0.0012622661480437003
2024-01-30,0.01725752680951409,-0.022000198241842628,0.02195363284900309,0.006975992709599588,0.012859530092130367,0.015831542756446826,0.013366851384110534,-0.010217800189979087,0.00719853119478997,0.06088432857279025,0.0025843602841062463,0.01167977309753443,0.023869394526606635,-0.07236859449065258,0.025364772349199427,0.01120385558016701,0.016677911857122973
2024-01-31,-0.03362117278060739,-0.028629770116469944,-0.01911446712801035,-0.017918990903148635,-0.030009329600481416,-0.02560379516058453,-0.020327419410352765,-0.03151327369787116,-0.016850603544235176,-0.025251730253090687,-0.02262641041261715,-0.022580646475394484,0.013341683533508508,-0.01317107110867688,-0.013634640745171955,-0.015341054762814,-0.01945636478034163
2024-02-01,-0.016916636426580145,0.004561306587409719,-0.004380069394342989,0.0031199297078177146,-0.00523556369657141,-0.010457781474921934,-0.006634685658643225,-0.00617097635755659,0.0065011392657516875,0.011654630920807652,0.003370046676189453,-0.004342537164240934,0.00859270473156859,0.006159941911140665,-0.004391569239355242,0.0060588052485583965,-0.0040852149546134475
2024-02-02,-0.01818175345791495,0.012574184839938551,-0.006733704635820792,0.02941385510831096,-0.01196172366388426,-0.015541694644886195,-0.01636980166039481,-0.018628340402165877,-0.0041104121046043884,-0.007162856208734469,-0.0027747462494208674,-0.004884798471714413,-0.0005495637207206805,0.0,-0.0031816617753865906,-0.0020073590767636373,-0.0041018909082316535
2024-02-05,-0.014219791614953459,-0.006553883272699346,-0.0059659221882844005,0.0005913622652176098,-0.014770007103643512,-0.01082531353377314,-0.003994122289102231,-0.006902588336125115,-0.017099053785825102,0.028798020860224538,-0.0029285999448700473,-0.0010519208176490435,0.012167389647007143,-0.009183553227985697,0.0185711636629875,-0.010632209145338578,-0.00411870389695268
2024-02-06,0.02381770003380268,0.020486059575251403,0.01409467940143494,0.0001312612486563669,0.009584938447239288,0.02033724523542979,0.015840111420612812,0.008398786118372303,0.001199856917990294,-0.02618045279167336,-0.0022029330577902906,0.010354476322193218,-0.009032989758742005,-0.0054893901691187574,-0.018374884923155865,-0.0037758976635429153,0.006892841520842019
2024-02-07,0.0009828178214592587,-0.0091867359737553,0.0071737512659812985,-0.0014441337012510713,0.005598720738222207,0.005720476341624092,-0.0035528588108255654,-0.002297597303940746,-0.002396774071310004,0.017702836059494853,0.008831250248858113,0.0008685074328482756,0.004249297294081744,-0.011664144590752268,0.02430521281826037,-0.000291531088954633,-0.00029334094034250136
2024-02-08,-0.0026186193282832226,0.006868156834615169,0.014066996491686634,0.01268651535046983,0.02662783486337994,0.004799120211460561,0.013403747127198384,0.00834754616487654,-0.001201298227121117,0.0005307860665382247,0.006273705642193095,0.007462557600688147,0.001979186530868926,0.007165349411435207,0.004391707797522848,-0.007290463610428177,0.01711997671519927
2024-02-09,-0.019691381740436942,-0.008867754256013605,-0.024056247889371662,-0.01960265757237112,-0.01933521881549849,-0.017778117439353758,-0.011336937219540544,-0.014844334164803352,-0.0012024865497871629,0.0017091713891939087,0.001014972803733416,-0.009991258604563513,-0.007900653590015572,-0.014856727062737995,0.00888559102674713,-0.00029400355655806454,-0.021159940453487236
2024-02-12,0.020421797104592132,0.02253040410621221,-0.0005399266708406847,0.006885581093808879,0.015628908659722773,0.016208948562502323,0.09384444520860913,0.0005794118939816961,0.010234918074681243,-0.006354244438638967,0.01723635511463506,0.009744167333056941,-0.008307476442305672,0.02251489612466906,-0.003704671678903093,0.015280632205020961,0.013756458728656273
2024-02-13,-0.027887199932262186,-0.016610066547545044,-0.011971169941853987,-0.00973155159443484,-0.008049165229240485,-0.016127550570384286,-0.0022891907150376367,-0.013611062301881027,-0.01251508103366239,0.005861893033679122,-0.01067909578564874,-0.007237549418582012,0.004915329701841165,-0.011632561719924772,-0.006735186326954912,-0.014760985002149507,-0.008608859732453622
2024-02-14,0.0057374411550426,-0.0055155164082154595,0.003188561191604933,0.00272222082658069,-0.0014319612936998238,-0.00018019385347012307,0.02572450072053689,0.004110304595467573,0.0,0.0,-0.0053251835678134185,-0.005381034869930579,0.00034440017391346167,0.003572671530954974,-0.003744007249260828,-0.029083674985459607,-0.004933854053358666
2024-02-15,0.048657660186997465,0.012131889741337387,0.015182025246063713,0.034007366590648846,0.032265822848209336,0.029186470851479296,0.05098339882978875,0.03333332936977951,0.024140095468496714,0.008417613242998723,0.028215702459629677,0.049040070360735655,0.007988482717063539,0.01738235345103578,0.006735670392127524,0.034493294211884296,0.028659297462498845
2024-02-16,0.010240051192496713,-0.0017124609574286076,-0.0038737793919061403,0.0011007369455777738,0.006251361054560034,-0.006039382150889061,0.005041099769007573,-0.000848993238778073,0.008249827090306194,-0.00758843882177751,0.013087623703222917,0.0068209182632770204,-0.01039096940413975,-0.0002058953556369758,-0.01725465082961619,0.0035098726334257258,0.0
2024-02-20,-0.018688627006144376,-0.003430521819507204,-0.009315411396536466,-0.004074709988893033,-0.0011505304977091901,-0.003786473834421211,-0.0075797029312452135,-0.00509748166370394,-0.002922067236344472,-0.02893293844172118,-0.0041671216493149865,-0.01586260807049722,-0.01856608216139577,-0.0010293529726145279,-0.032320589799413324,-0.0058291649332841144,-0.009447654263924243
2024-02-21,0.014848290361243244,0.009982842194931507,0.030399869739329066,0.009350895838407647,0.016125412470653355,0.028551033672060244,0.009491074884313111,0.0,0.021101816630963777,0.010712790827856145,0.022875963516560738,0.015278796952861828,0.017075240162028216,0.014220649368166693,0.015700290788632776,0.016710626613693602,0.020437904292186726
2024-02-22,-0.03880408293616655,-0.004771574034314385,-0.005758829113954089,-6.438587424029141e-05,-0.003173902014997454,0.0003439508243319178,-0.016801059063529356,0.004839064048635322,-0.009184851472588518,0.010237794766097208,0.005318719553481177,0.000992187293852309,0.021386373806217662,0.0010162145213608031,0.019175971213146736,0.006343646816359572,-0.0008584187718083669
2024-02-23,-0.006287142615433172,0.02363007931181227,-0.006326965984853161,-0.0049540003580128555,-0.002046822071139487,-0.03900359949048915,-0.0020935363832833565,-0.0025497505488478733,-0.0005792974478285862,0.01067072297151972,-0.010173941044072321,-0.008425662024796332,0.003341843735630956,-0.008932102774518613,0.012877494406950074,0.0011459562752764718,-0.008781890298493633
2024-02-26,-0.013653047274968966,-0.001672862403645392,0.008160736174301242,-0.0013578275897295766,-0.0011394244221129002,0.0016987709314033594,0.004252478517123626,-0.008520009184225463,-0.006956711630336065,0.017105037594226546,-0.000821864869333,0.0074976306929996905,0.008157351687740677,-0.005325709530124345,0.024791413493677306,-0.0062964431837667645,0.003948380485743641
2024-02-27,0.019581268725266776,-0.004021476370776655,-0.007205084211426849,-0.014826595267620313,0.011179340817413896,0.016867411612865535,0.004743037317227472,0.001431990359430424,0.0023352733551773586,-0.007596808154996415,0.0200244324231178,0.0021497722029766297,-0.020025836978077027,-0.0020593817370753165,-0.014542546821077806,0.009216565150108158,-0.0021103456894361328
2024-02-28,-0.00827811945579049,-0.00807529292236353,0.0038526810436936287,0.0011828151691037903,-0.006543108912655415,0.002018507748439591,0.010171266088984554,-0.00028591874603345335,-0.0011648541640228993,-0.02319866573241469,0.0,-0.0056106636793104014,-0.028209661739019953,-0.006190558050565342,-0.026367070956506367,0.006278533326495417,0.0027876156473909397
2024-02-29,-0.005342087633300463,0.0037313186607226267,0.004462759028871943,-0.0021663031150278567,0.0006812509110565301,0.0025399386449802552,0.015353860295822308,0.0034334024869711044,0.01399411626355751,0.012383145120454131,0.010084789646791714,0.005808228516184233,0.00899176493116638,0.0035298994531962613,0.016162684293657748,0.0192853247468896,0.0019171656693743877
2024-03-01,0.020812272166928603,0.01250429623167193,0.015105644463936807,0.005262862972057025,0.007489497692877656,0.01432813437637237,0.014519045320845247,0.016253323033273315,0.004025320130826238,0.02351839480841722,0.00013301874438576,0.012374123655726654,0.011858765149213246,0.021104729808684386,0.012865473607760691,0.012799071859201261,0.012629207920204832
2024-03-04,-0.012495859778345553,-0.017690294336187184,-0.022759071815876886,-0.025718093137811704,-0.0004503299071543232,-0.0023253911108201963,-0.017573926322428934,-0.012906910206622157,0.00630013424412712,0.0031176412856959157,0.01903373701488209,-0.01108195109285326,0.0004162651408974316,0.0014185319532833418,0.009910711602026723,-0.0008241359417408001,-0.0139833906963438
2024-03-05,0.014318950254927021,0.025144281583679984,-0.003762101808574836,0.0047690695673576755,0.01600183213583284,0.003194230388377406,0.006540340438603298,0.00485576840827151,0.008537239757534065,0.008172758743396624,0.012539083197040224,-0.0016479884536679812,0.012754791691533152,0.004856507369209506,-0.002695182289787712,0.008798379265904765,0.01226518890634165
2024-03-06,0.005581171584321254,0.01292679158871457,0.006923220215101056,-0.008423085544026265,0.008207731590551548,0.0024957085570878057,0.006220247812065427,0.004832418895530877,0.005643194464565404,5.707454539294332e-05,0.0009030829379215177,0.008418575286342378,0.004585839004473291,0.00745056053278681,0.0009008219760320291,-0.00436065042111522,0.010696943006186954
2024-03-07,-0.0026119860449014265,0.008835026887942465,0.006697016967173397,0.007011163381387409,0.009680895334099882,0.011674965930494885,0.008996588571066111,0.02376220712096888,0.0028059433114824284,0.021634774121170652,-0.0019332092496884279,0.0029570886008498665,0.016624619210156677,0.014991092895270786,0.031777997080299825,-0.003744547934084741,0.005619519029499198
2024-03-08,0.008510702616955967,-0.00746014083072255,0.0023061587527430927,0.003414512369132927,0.005883733430370297,0.007382158236368008,0.0026256799932780073,0.000552640333686405,-0.0022383303812406607,0.003240932470397695,-0.00361561735429472,-0.004095070753243779,0.0008712172328635415,-0.007483287028527519,0.0033549674918427197,0.0036191713418560756,0.00940653189550189
2024-03-11,0.012658288487380931,0.022875749525636646,0.019911622599540824,0.014144637533918258,0.011048196717809322,0.017688683019651874,0.006601568044582562,0.012427427784869272,0.007851731102614723,0.010359129086800367,0.0016847549970346876,0.011842170368785432,0.0010042902614140203,0.02242058536625624,0.006754373629567434,0.016366317020816146,0.005905278788224555
2024-03-12,0.007692260905941106,0.006070411000912435,-0.0019957872192024606,-0.0007236048019283459,-0.0019281436334942503,0.0001654561023081147,0.00010840120922428476,0.002454998591955304,-0.0016691686787417837,-0.0011575148423060844,0.00465780017412043,-0.006176834441976031,0.005886885809470055,0.0007762745799511084,0.00126231677226607,0.00245628275405263,-0.00642079853748434
2024-03-13,0.03562341820158155,0.008256488148239205,0.021996273208683137,0.013167214436552444,0.017818708691423657,0.014316694575359445,0.016475197870733593,-0.005986411038553463,-0.0027872332304974545,0.042439020120117465,-0.006825623770799871,0.015047509980165463,0.027266021424388942,0.019391099502644504,0.052411714864599945,0.005717433066604549,0.011170479219533958
2024-03-14,-0.002764046300090639,0.005984310379906654,0.018970678920565698,0.01176164932471524,0.018948410454308506,0.009953370009212703,0.010343368545129294,0.029564823191349676,-0.018445999302019067,0.00047653024906813,-0.00012956910105899055,0.008378972164176268,-0.000582455171389773,0.01255459446747098,0.004791037287492861,-0.001624297614249981,0.017712245854298647
2024-03-15,-0.01447504934078192,0.01189729730747957,0.002170546685865471,-0.0009634140837043725,-0.005014799519018842,-0.008078191997893502,0.0023217293293378294,0.003190541766926014,0.0022780274603526607,0.025717070427942135,-0.001426675759313989,0.001118601635891281,0.030120359059026658,-0.006763115903782646,0.027040500725223016,0.003253880498831352,-0.001794415339258837
2024-03-18,0.010625090270405257,0.002165872418299797,0.0018328021787832327,-0.0009000027978797176,-0.003149896951087472,0.006352356024711181,0.0006318655829178343,-0.0005298691191097937,0.002272546855902169,-0.001857279747244589,0.010259644044109173,0.008778856254870737,-0.014274214012126918,0.010592089112497538,0.015821333244311564,0.005945913670132752,0.009256770480678966
2024-03-19,0.02473732186012434,0.025625203168971655,0.014635045502737754,0.007785766121914284,0.020223401157156706,0.00865911672637476,0.013469446971211552,0.02015374994754837,0.01643996756408761,0.015970776099011985,0.007713289909217602,0.013607470436771685,0.0014673748547557874,0.019651858597710126,0.006615320232118416,0.01423965490652046,0.007034882103211126
2024-03-20,0.019613553095491287,0.005117420056234501,-0.0009015306382748056,-0.013216543017016802,0.0037165390653519648,0.008504388720550704,0.0014534708062414747,-0.006498587405395662,0.005577219163620528,0.0060029033159911815,0.006888550216605394,-0.004214720801415828,0.011274419402025782,-0.0014684813163819976,0.013023431866671986,0.003178890243508814,-0.000884391875874968
2024-03-21,0.0035513252042813637,0.011080924395812541,0.013124213387128547,0.0020057029679363403,-0.0016456696052168374,0.003023066307419331,0.007776230308720544,0.006279345587638208,0.004437171014221253,0.007383099107805657,0.006841532057136446,0.0021948295544977903,0.002015710011669336,0.0007353204625517584,0.008314996498741234,0.014787339780374609,0.0044252151371826365
2024-03-22,-0.01327028003580788,-0.009478563465688428,-0.0038862399105438206,-0.0012914470013005719,-0.003297016244337425,-0.009835024590837405,0.001543127369947328,-0.001820183007416265,-0.0027610692765496214,0.0048189959016375905,-0.005536690086294205,-0.0018771980397809251,0.0023258524974474337,-0.00826593978607637,-0.007837221190646226,-0.004683747135250549,0.0
2024-03-25,0.03377175459668069,-0.0044855130182193115,0.026009947001442546,0.011703201510220529,0.014058481343333762,0.019304778900660402,0.009707422567829305,0.011201076264723886,-0.004983496022734624,-0.0016984940872875054,0.0036695312405314873,0.011597159911320043,-0.01875187018254232,0.005927084430025431,-0.006779033845357274,-0.0010459225645917947,0.01022122993313257
2024-03-26,-0.04943625066184143,-0.013818030002813453,-0.0019013146834973016,-0.007669383592125212,-0.005300800290543917,-0.011552232862810596,-0.011903041508501855,-0.013137696448551894,-0.003338693459463027,-0.012260306922595832,-0.008194601747489871,-0.019055262916825022,0.0008948234969126112,-0.004419008199682661,-0.007359642996077165,-0.003140404549987763,-0.0075011711116516055
2024-03-27,0.0252431947318148,0.007919550111446405,0.006746492393227443,0.006955726430996956,0.01373245823576208,0.004849841557744483,0.01173738121175072,0.013573411152632442,0.013400344384622676,-0.001975926041823728,0.01182150510083213,0.013897774052965994,0.01507013766776688,0.01535037757740354,0.0033484153451253107,0.011814104461349784,0.010370014670985306
2024-03-28,0.019875620065441968,0.012390462577269501,0.0034690235382026646,0.008890507279018856,0.01455706292781933,0.01147241304712976,0.008344875822832387,0.015194584270379563,0.010468282715792698,0.022894368376596974,0.007160759350961277,0.01230514072717992,0.027553999136764373,-0.001639365692039263,0.017162244830606133,0.011157242012150181,0.01104643935067351
2024-04-01,0.0305408806204035,-0.0017910874153987955,0.010999420647276992,0.008494927402504349,0.015344730754125901,0.01501874119931279,0.006459025528367857,0.012937527000234983,0.0038169275117569956,0.014441777197503614,-0.005737841489236173,0.021388040558565358,0.0,0.007480393808151353,0.011424201948719181,-0.002566284104753347,0.006451947833983951
2024-04-02,-0.0025405615015843264,0.0044856329661546734,0.015464849699768024,0.004400263913641789,0.013150198184590955,0.01911220648445311,0.0046127727637552685,-0.0005008779045749812,0.0005432847559441178,0.03409821997959561,0.0036381185448348674,0.013257050174425355,0.037651759877347146,-0.009779045844843348,0.02652927683719919,0.011062627346904108,0.01957445996677598
2024-04-03,-0.003678430269126287,0.008633508976878979,0.007346525431686013,0.0041305444077242015,0.022278243749055182,0.011645653846507065,0.01422370247270699,0.023302494267235296,0.007057129841137488,0.01693629911977368,0.0018751872760371935,0.006690350153917501,0.01899813761579039,0.0032917738986386613,0.017774376057700048,0.0012722626257721803,0.00016771319934072437
2024-04-04,0.006248447140249969,0.0011807051958012682,0.0009116575495697887,0.0015583224116717531,-0.004358655956237079,0.0018687074915202384,-0.010678014256712776,-0.004652314112310152,-0.006468606090935358,0.006001032309036702,-0.011603216421582907,-0.0011814439156050405,-0.011753861796048537,-0.01075462468855759,0.0013305740262037347,-0.006099058968449089,0.0035204858155402086
2024-04-05,0.008749553363455842,0.011497619616347876,0.013434654133797963,0.0056631561309319345,0.013894226448191827,0.01425054459315822,0.016264464955544344,0.014514184155686616,0.0016273910009132475,0.01331803318624436,0.005427809673855366,0.02395377515290731,0.00041013618968333,0.014004029230517245,0.015392634520377202,0.0030682428784698512,0.013782241917243976
2024-04-08,-0.019585857414287866,-0.0017486860596472864,-0.008238577196620356,-0.00204216941518065,0.003003492726638468,-0.003604624906329623,0.011012151076282395,-0.006789640854307888,-0.0054170940567958015,-0.009811657587539546,0.004142997887224942,-0.007509069723952377,-0.012884391146010143,-0.017990127762895547,-0.013632431552528579,-0.007137404483727905,-0.006756196693621042
2024-04-09,-0.004280735468852992,-0.001751866430461213,-0.00128368028395065,0.004526474790002011,0.013288464486431506,0.011886396529773524,-0.0050346189573561295,0.00048818379818649227,0.0065362438555707225,-0.022398431615790138,-0.0013751575723861542,-0.00261874079208535,-0.018629385739587168,0.0024055983187296626,-0.025595560332765777,0.007445706687989384,0.005225937629281363
2024-04-10,0.004585772381626496,-0.0011699996738595564,0.004309900386439747,0.00413582438222404,0.006834101784430668,0.006493283810527828,0.003405912669498967,0.0031723870000075483,-0.011363801630952297,-0.004242757548435283,-0.010141626899711653,0.005689397868280599,-0.0015113684261359728,0.0005538695329376786,-0.0031771590317610787,-0.00917454750264568,0.00841728550847698
2024-04-11,-0.018544921903786094,-0.004685010889760921,0.0007528976235924301,-0.004794931322446461,-0.011190504818014757,-0.004928934256664963,0.009843310215185808,-0.0041352582968744445,0.004378649506993293,0.004971062943029514,0.0035416402217867127,0.004641574674408844,0.001513656118200979,-0.0036900935331767304,0.0076265896620311135,-0.00720165570637088,-0.003355153988160442
2024-04-12,-0.019767422046900296,-0.027655414344436302,-0.01294010894801434,-0.01809858809443643,-0.00890538705980315,-0.01442430534384953,-0.009219334776203625,-0.031020993360580618,-0.0119889076711015,-0.01648842182172794,-0.008066701846782043,-0.003609530495239821,-0.017653003635599962,-0.03703692796495306,-0.019769643638709034,-0.013471459576260392,-0.011659310860113514
2024-04-15,-0.01660741862479298,-0.018154138508849615,-0.007240780897448396,-0.00861882351737997,-0.013852576464763566,-0.014808875934885113,-0.004797753569554697,-0.014368580035766687,-0.008825392828927137,-0.008382538968568443,-0.010800272531368615,-0.009709093273280622,-0.010277489881003521,-0.0063462626479655615,-0.016537955922033776,-0.006302575685346423,-0.005732541597547769
2024-04-16,-0.019903439858854788,-0.010786038896265504,-0.005527772479524851,-0.008312493713727664,-0.009491276101202484,0.0043054997862155275,-0.006817875554352093,-0.016879739065534083,-0.015581538866216382,-0.015264119409130417,-0.00989091562046418,-0.022241379008761664,-0.018281322955955415,-0.005031797843589647,-0.00984347456061363,-0.005020980866275004,-0.008271916236893162
2024-04-17,-0.00738482921949879,-0.002492042389524163,-0.00926443980466296,0.000767827444922542,-0.009773829096350828,-0.004211817674675822,-0.013728713111789914,-0.010405961026680233,0.003957297744060506,-0.006867405527688164,0.007784114062073133,-0.012571222686354355,-0.0039904881609009735,-0.01167097998366573,-0.01011875733400669,0.0007967236057886407,-0.0005056406442586203
2024-04-18,0.005269826654154208,0.005621432231022849,-0.004051932391948454,0.007480952761462545,-0.004644786678983381,-0.004833723625530695,-0.007705701689508682,0.016035904288848046,0.025337719458121244,-0.03674795623324423,0.0025748113269481454,0.0009094972346392893,-0.02505565076884586,0.002558522562162713,-0.02863458440932931,-0.002653923392182289,-0.0009272677696648968
2024-04-19,0.005593423699342015,0.012422261600632867,0.012283853852413706,0.015421479677079075,0.007777488429819401,0.010701100990694767,0.005711594145168419,0.011125620118719759,0.03459653424377862,0.00697371645669409,0.022470270543373694,0.008933814796117101,0.009131874173458288,-0.02139780804425795,0.008615856062467175,0.024747076718047545,0.011474978545705783
2024-04-22,0.0033993914108549905,-0.004294355639949066,-0.0003865215794622845,0.012000138014129025,0.005788079810374214,0.0054816640279060636,0.009165931884577372,-0.009211896929398722,-0.0010616567007327715,0.009522167685020566,0.003516614029070775,0.005553314625135863,0.015124946279591267,-0.0068204606293487124,0.012264097795064322,0.0038951934010438283,0.005672260708159849
2024-04-23,-0.012627158064971167,0.01663588453019549,0.003943433331909274,0.00574365052032122,0.008440523038019787,0.006721675488556844,0.00883602612692913,-0.003357551307855311,-0.0031881283615803335,0.00706181757348423,0.005505986784724692,0.005820779649287733,0.011397795974471325,0.0008080289299230436,0.009885588339263451,0.003103956976351352,0.003898524139452686
2024-04-24,-0.0003119451634338022,-0.010000116077605203,-0.004312969120850885,0.004421101494414659,-0.008940428889692487,0.005934639171856659,0.0042569900024505,0.0033688624363343855,0.002665289810613203,-0.0025545373091089285,0.007467431072262665,-0.0008904677379872883,-0.006610721950182308,-0.008879989907587427,-0.003223051899684415,0.012119714875337806,0.0001652881949940621
2024-04-25,0.009672403679072517,0.019283593172286118,0.006420087509473094,0.010454157126464025,0.009788758008353327,-0.0017698699517711969,0.009062731511526811,0.0,-0.0005318451044792338,0.0018579735207595593,0.005311704190415378,0.00816871234627814,-0.003485477701386963,0.006719642212471788,0.0007784288182572929,0.005095427613596382,0.002313105993547726
2024-04-26,0.004017303876639344,-0.013813704104608915,0.0009992038266950498,0.00369063765931954,0.0019007810109152867,0.0025116703322973777,0.003186632055965477,-0.004648667959142094,-0.0063828143268857,-0.005613695093551918,-0.003932032658254703,-0.0014731650448506217,-0.03707722801161972,-0.0048542952640744375,-0.007957828681115608,-0.004816068957641195,-0.027775586197705815
2024-04-29,0.007079331556239632,0.01157142955726842,-0.00015351185556633506,0.002652375842973731,0.0070196629647363284,0.004053311166501317,-0.009145021235121509,0.008821815333275307,0.011309050129084897,0.010686120851475023,0.004441065425636603,0.0066391406541459475,0.0008585585060993939,0.00020296921837958948,0.010313637900742467,-0.0012735586793107823,0.014242122458945072
2024-04-30,-0.03911997825388991,-0.018061475448928888,-0.03532478307113851,-0.03042127625175295,-0.035795053827367695,-0.030238660916166893,-0.02297664668436561,-0.036265530243810296,-0.01720384772723249,-0.09371111055354198,-0.01628740235422388,-0.030631594389575634,-0.05496874045831579,-0.0351553547064305,-0.04560935173722647,-0.02167821120555735,-0.0114509528952782
2024-05-01,-0.02989823233373534,-0.02237899070841054,-0.010189562772740968,-0.010169263716745425,-0.015240181296156341,-0.016498980794626195,-0.025456279029658524,-0.030424100891572325,-0.002735497497496575,-0.01513320409551111,-0.027805783135749218,-0.025551976639211826,-0.02094857008355888,-0.006739578284260528,-0.02633382345888502,-0.012252412002532354,-0.018939744737183295
2024-05-02,-0.0432785291513732,0.0012545093757092562,-0.016808885320940825,0.006890921936760996,-0.001190719271333407,0.014236242936067622,0.008264809794960915,0.010184223893631827,0.012616422016171303,0.02223819322804288,0.00038996606995977956,0.003258375588823581,0.026103895750839046,0.00890599828318095,0.010792765097698886,0.017155003832506566,0.0018099576524768235
2024-05-03,0.002741508547433602,0.006305137527609084,-0.00016334301244524951,-0.0029863823283710067,0.003973068111702949,-0.013505088336596138,0.01958207000073653,0.0008173306743253228,0.005958960557410409,-0.002186160743373522,0.003638707616306469,-0.004175610684372111,-0.0018072234337060955,0.0016812672734185519,-0.003177980489406096,0.0033730274807448613,-0.0020648366531795803
2024-05-06,0.022556342052620026,0.002506090459560628,0.010799242287973465,0.012792568840224394,0.006331623619900917,0.0035377389745485655,0.013349972493154949,0.005172898020561423,0.0021541102033144632,0.0012598206813687618,0.01087665664962767,0.00978404868248961,0.01051481354286099,0.006294555096906684,0.00867120351029338,0.010085492392311268,0.006465582667800174
2024-05-07,0.011363680068753323,0.004375177442732747,-8.097876196999643e-05,0.0022796020379107773,0.0023593398586765346,-0.001686074052060449,-0.002497836912733975,0.007584096558706177,0.008597581392073561,-0.010176157357105864,0.003842544864629316,0.0007689821478231718,0.0006200965409233206,0.004378593050076152,-0.00967102351493676,0.0012799739839763902,-0.004967947027257558
2024-05-08,0.008261626825620594,-0.007467366303755996,-0.0038853623799792736,-0.0007990858191727623,-0.008238372444927533,-0.0033009339365991375,-0.002258366859257066,-0.004301195755700982,0.0021310452997618246,5.534916957206093e-05,0.009825247360578881,-0.021361436482614904,0.011913768465684926,-0.006435559877625785,0.0025530901136687767,0.005369504227320521,-0.00017198960377284855
2024-05-09,0.01212724098410023,0.0275861530553676,0.0026816014637696117,0.017903064302734473,0.005735562362646496,0.005622557218247337,0.002460309867230892,0.011879083421268755,0.01063256801471657,0.011053989993778268,0.011246082095580645,0.0087937935291591,0.005308169912415561,0.012954489145833525,0.011459855712708356,0.006612442023506748,0.019715804656232683
2024-05-10,-0.0161917759751683,-0.013422762907796648,-0.005709098259715439,0.0022366107343394503,-0.014355842002239827,-0.0035232331469353673,-0.007510236861068775,-0.010938982313679735,0.0036823023012098055,-0.01842222950545147,0.0004995360385962044,-0.010429711792427687,-0.014351238659726873,0.0004126401449908723,-0.01724689929365808,0.001515956300812027,-0.004052756253934642
2024-05-13,-0.0059249697129724055,0.002164466427668099,-0.0026250834370598053,-0.007779622368972561,-0.0043895500703056145,-0.005380633955819447,-0.007023186138391702,0.0072834275821556105,0.003668572554445415,-0.009467685928201686,0.006619114139903681,-0.01038224495456408,-0.003571385888262335,0.00515452909821601,-0.0012809603733968666,0.0005044149853963287,-0.0004238347330461911
2024-05-14,-0.0009934037960231956,0.006788092192255402,-0.004523264174240316,-0.0055915026780051225,-0.0014026029203639823,0.00023188140404339919,-0.0037726112327512995,0.00589171261760324,0.013577260933850477,-0.018835212764874543,0.013399709674014604,0.0023843848853877248,-0.0015855087244102117,-0.0026666367780744382,0.0,0.017650101035174615,0.0060705295588476815
2024-05-15,0.012263909138721996,0.00919370164395139,-0.002809034148020584,-0.0034228681958721197,-0.0024084345943065077,-0.002626872862472429,-0.006614510318708189,-0.005324613055634919,0.006697369525832553,-0.005959029639894808,-0.0008569985431442495,0.005074566921929424,0.009389149797126128,-0.006375744026901886,0.01141548355401234,0.0027254047999130115,0.007733313133921671
2024-05-16,-0.0009823442478431588,0.0027333714658961394,-0.007207813179187728,-0.0020444687798141237,-0.009454642235643407,-0.00906337498026466,-0.010928007722740385,0.003211783138669322,0.00307071104856238,0.012279336903984861,0.007719707025268585,-0.00820446604958236,-0.00246257483587653,0.002276831285577874,0.005009101862977872,0.01186063879514676,-0.00598745832649894
2024-05-17,0.01212724098410023,0.013325140326560181,0.015688827254375592,0.009808160971899182,0.007717308747823726,0.015791165660163697,0.015828019648967295,0.011206223933144521,0.005101898676939554,0.028036891155288846,0.004742237673244887,0.008749655797386291,0.016448035604250455,0.00351077650655629,0.04769711044244751,0.007814375037563881,0.015016582673850198
2024-05-20,0.0006475951542428415,-0.010460198228830597,-0.006737363887971637,-0.009405566971868562,0.008061107490402897,-0.000615717432993157,0.0008095362682596363,0.0015827971740935975,0.007106764469652971,-0.019981008589623706,0.0009679452594615334,0.002523121227642422,-0.018085513814652288,-0.007408778082403256,-0.013729922716506193,0.004119088341266952,-0.008107672800795052
2024-05-21,-0.005825261519588065,-0.002718150011649545,-0.003970408879691578,-0.007260722982318946,-0.004997883197766284,-0.00739265583075166,-0.006419686228173793,-0.00869317323477925,-0.0050402879003133005,0.002839504082070121,0.003627289510077958,-0.0034606856370984485,-0.0019387006732228818,0.0012439988721661965,-0.008487038414135228,0.00820478070776387,-0.0069099352862953545
2024-05-22,-0.019205670437555056,-0.028164808316706424,-0.018437122361743552,-0.015002734772546433,-0.019489626648670044,-0.022110170842813748,-0.02146938771465301,-0.03348390488288888,-0.017730427035472784,-0.0031715577017151775,-0.016263090440034267,-0.010891927094799247,-0.008602677704205086,-0.037481911851343974,-0.0024017827176719964,-0.025370890977489347,-0.02011020857414836
2024-05-23,-0.02024560517833962,-0.008725502035023314,-0.004568853798132322,-0.0039982882870229774,-0.011680378347459275,-0.016025239829215,-0.0019755270280420456,-0.010723152089745613,-0.015987673262163216,0.003068134658017696,-0.01800137662743817,-0.011171354772705921,-0.004968547756876052,-0.003442288547262695,0.0034569288615797777,-0.014980368677016354,-0.017059363389292592
2024-05-24,-0.005420008486659356,0.01760455052549914,-0.0033999082925422197,0.005161307965768858,-0.0016588887791628704,-0.006127670192700552,0.007814160859059616,0.0036130156746976283,-0.0005242704874680593,0.007023103872140668,0.008230257575831734,-0.00016135334620726027,0.003445963611151459,-0.0017271774452105593,-0.0008612047433494974,0.0004987102923550424,-0.0007928960100557214
2024-05-28,0.01600821678973241,0.0012357181065847378,0.014584096912622746,0.008177578660055529,0.01578410819852083,0.02092974233092737,0.022226820313393514,0.011354339399172186,0.0,0.007649105631236663,0.001360687947632222,0.004196957461513273,0.0005608506215220022,0.006271718562526729,0.007080480263802702,0.013456305056916529,0.012696186199067094
2024-05-29,-0.022125399004164215,-0.014810131484554012,-0.031186869885364454,-0.013455920735836457,-0.03516649686122808,-0.03122765198216837,-0.013855089203807847,-0.01944145367698913,-0.008389974628429497,-0.03739696016579297,-0.016922104391600024,-0.01752131918173594,-0.03201172162252153,-0.01912747046181018,-0.04817520650442175,-0.014015300550886844,-0.01070864437366048
2024-05-30,0.01919771451851693,0.017225028045930957,-0.014490219323823328,0.008667878288333153,0.008476378328041712,0.0027068480590906052,0.011896112340731735,0.004188785446600951,0.0047592980010460195,-0.002609233147681689,0.004397622342976026,0.001472529184756599,0.001447148042780677,-0.0010955247163134674,-0.0240590630461891,0.01346626939767992,0.0031682345232493248
2024-05-31,0.02690890148493552,0.03078826708437088,0.025532668108597667,0.025527631142949314,0.031309078544712765,0.018813696045342443,0.009729280561822096,0.020578363508435782,0.025789462747067837,0.026742688959023653,0.013260075119277293,0.02107489228592363,0.026880575789149708,0.006580446682935337,0.041352205714364265,0.021407322271965512,0.028686762775488983
2024-06-03,-0.035702593836582475,-0.03972514765208668,-0.022407262488988722,-0.029820966155340578,-0.04074974372730111,-0.03942190083496666,-0.04290871101814031,-0.05340592123653798,0.0005132417558320057,-0.010531718991034555,-0.01802471705624631,-0.03087991490600972,-0.022377184992218746,-0.03966004986084648,-0.020364098392075203,-0.012768008044506618,-0.023963983292042634
2024-06-04,-0.016304352074736572,-0.016174384382739326,-0.014051298597011486,-0.008446678115157757,-0.009133525991868341,0.0013374511631785158,-0.00781311709606336,-0.025043477977235273,0.008204855363333818,0.0029184217089255338,-0.006286204375908988,-0.011226780546001125,-0.013963742625279663,-0.014976153293987604,0.00935413695581322,0.008296878633965443,-0.015552430686134877
2024-06-05,0.001381276040709034,0.0037939483902835747,-0.0003560282321277697,-0.00736592761852406,-0.0006430437181592641,0.004257046227548411,-0.00015827694484837895,-0.00652800274146359,0.006612633546312363,-0.007645866097940601,0.0015182416005747879,-0.0008347844091254331,0.0029199499125101003,0.0015068679343257507,-0.008623920094106063,0.00629228184337749,0.003993890463998895
2024-06-06,0.007931003036794504,0.0,-0.0002674261335554595,0.00612984329123667,0.0030030926825026505,0.007480601339714399,0.009778430395768645,0.01015566861614503,0.0010104982726444334,0.010407264877488887,-0.0026530565875929613,0.0040107390748278515,0.007132890573583017,0.010648037205149397,0.011230866588326949,-0.0038480373827506353,0.007513972990203621
2024-06-07,-0.013000446580772484,-0.003464662270886487,-0.0017825642131145125,0.0009620524703504163,0.0006414438545969681,-0.008415119257907167,-0.003873427476897784,0.007687528768107077,-0.009590997006550528,-0.003585169671473598,-0.003799607622924972,-0.009986793265089111,-0.0021680769385697962,0.020384680275447264,-0.008602431461984805,-0.005983380528744808,-0.010704421454659108
2024-06-10,0.02149050549304876,0.02528451287300637,0.011607102544991532,0.004228618665557571,0.0070527513856415425,0.011648155101204871,0.01928549415059,0.012617287200545002,0.009174141052231244,-0.004340377780434945,0.017418791333999595,0.020587200674092365,0.00036201220195475337,0.009652256645180435,0.0010361673494718726,0.0186731189171645,0.0029267848522229745
2024-06-11,0.00746522705756103,-0.006165258404997265,0.002912751354076981,-0.0015948849021698575,0.003607856160569245,0.0036187014512594207,-0.001546854744029602,-0.0008692695592068533,-0.0005048879732078015,0.0006884691973831902,-0.004748742934381989,0.0021495742106232285,0.0012309912675925183,-0.0004446335318000205,-0.006404131743875441,-0.0021708385336443037,-0.008047432120956488
2024-06-12,-0.012125192603056112,0.0,-0.012672828481589349,-0.014505772387223836,-0.009304214188804005,-0.009014134167753984,-0.00010326106316149719,0.002320107850505959,0.004547666716827159,-0.03267242985178531,0.006906163979330637,-0.005114756658193054,-0.01648708198230675,-0.005560481603800738,-0.03398445229264557,0.004350727956555112,-0.011054710447188643
2024-06-13,-0.025911957240747907,-0.018920611826165668,-0.011587518559853183,-0.008948194201708448,-0.023265976139429934,-0.015132757058650248,-0.01704092469102092,-0.02285883294218427,-0.006036175854726156,0.010369718452926335,-0.01783272080669407,-0.008291821666088217,0.012205131949512449,-0.020129610028057132,0.009704977887398991,-0.0007217181962586583,-0.008022894254519297
2024-06-14,-0.026251342991570392,-0.017072200856032005,-0.013526912186528905,-0.0017665505383179791,0.003303462443909222,-0.007220826181283502,-0.02301047209714835,-0.025170218696110358,-0.00860333885689224,-0.002580341911435635,-0.00838001493768048,0.0006689079997241887,-0.006610212212671107,-0.018489034514350355,0.0016686327430275316,-0.008429731882614533,-0.008451573870718487
2024-06-17,0.0043134817909098455,0.030234593592960657,0.0013712473398983516,0.004063498705350499,0.004389582009044712,0.00710437568615907,0.008549941212771417,0.014884636422970665,0.004083902793379224,0.00976064346980432,0.012163986915064484,0.006016081406272855,0.0038753487687657184,0.014651163842540393,0.0069301688998590905,0.0021859317060439754,-0.006873795639083413
2024-06-18,0.0021472156961062083,0.0034344373535213357,-0.0011866575056647122,0.0009139249283611761,-0.002403692300195326,0.0035269230798382623,0.006984451024070859,-0.014067820673732911,0.0035586405886181005,0.004192482002273623,0.012776611641773128,0.017607884297376808,-0.010488539223010962,0.018565222006388993,-0.007742741026170785,0.013330268926439182,0.009413035289196348
2024-06-20,0.010714345492901511,0.0258244093402642,0.017548560737867147,0.021587465283483986,0.007448002693723144,0.02083682929970898,0.02043733576273765,0.011840031978446408,0.003039386266970201,0.007016460511499956,0.012365967652619991,0.019262109487293344,0.015531825679836242,0.022952218375578592,0.016873295128803534,0.014111444796485184,0.02157623759882288
2024-06-21,-0.007420395193026508,-0.001213411386463914,8.974019661844856e-05,-0.008682372254168458,-0.00369642610880927,0.0004918656862982207,-0.009598991595902606,0.009300722723740273,-0.004545476723497699,-0.005700666262270282,-0.014435803054844376,-0.024343288174990874,0.0009419820570533144,0.004399387757812345,-0.014822454204335145,-0.008018897216299892,-0.008770337920795734
2024-06-24,0.04449985214956653,0.04494410981984487,0.03439923263951261,0.025953077769945487,0.039720595978215645,0.026628494837008132,0.03745804613961545,0.02080879273356051,0.020294449215661592,0.0076445592555158814,0.012644070415549491,0.038246962623521785,0.0033313401729453407,0.03985987172182215,0.003461800796482839,0.024964223061748836,0.02970389533857154
2024-06-25,-0.011588318849093615,0.012786868464392365,-0.0015628152699349585,-0.005335510150476286,-0.005667620569431486,0.001995115411611792,-0.0007573248783558917,0.008153540543212046,-0.0004974182395529603,0.006896984062232159,0.0016071276337119578,-0.0023716454986876245,0.012197774668876837,0.0008425292158718012,0.020301249126572385,-0.005103193536908024,0.0028057093712448022
2024-06-26,-0.012413831714315648,-0.01090384175623138,-0.012001002188605114,-0.015840060229427855,-0.013721591408171085,-0.007725971481067684,-0.00464927756792477,-0.017042168795212476,-0.017910326121027942,-0.005080166542663189,-0.006047963713690652,-0.003644945847058101,-0.0032801499925904087,-0.027146625971454563,-0.0013656750984778476,-0.013989293929073554,0.0003497324238666
2024-06-27,0.015013948829259771,-0.0014505293542034225,0.003168692773787285,0.0023727873371073294,0.006207146826557652,-0.0002408528601755,0.011322026718357803,-0.012342022584227008,0.0010131642194188828,-0.00797470038265602,0.0027318722772176063,-0.002863100636579241,-0.0027185758765208012,0.0168722782672166,0.002995218136460309,-0.001182169444544412,0.0042828318909824414
2024-06-28,0.012727898498674728,0.021789662456513703,0.003597350082772177,0.0006396250964693095,0.008296207511830467,0.010598234361033132,0.00502029910890589,0.005058043683986657,0.00556692258695568,0.0032965132766622496,0.009907237023781601,0.005423543987889579,0.012697327962192917,0.003616268857268734,0.017657759836250397,0.006155098033151951,0.0019147270629007451
2024-07-01,0.006453785301322901,-0.006539767250361095,-0.00017483753129410307,0.0006394305959500635,0.006961918676424039,0.005323006339904568,0.01758325463937571,-0.010361036590003092,-0.004026247502025959,0.007551323556717504,0.0020845551947212826,-0.0023798606536004074,-0.001700199544586889,-0.012717267162058676,0.007782503298862098,-0.002588075737594342,-0.0013898157532538091
2024-07-02,-0.00911234450928411,-0.007155087490731127,-0.002098560357543744,0.0014695577680801097,0.0008379858716309752,0.0008691888033698358,0.00584169818668312,0.005683492162681603,-0.0035370623217009234,-0.0037187632598743026,0.007464713571709636,-0.008269738455773834,-0.0032639740310073106,0.002361396375347491,-0.00012634124771004895,-0.0021233086790446443,-0.0067849953768820415
2024-07-03,0.002384282859836828,-0.006341830535481541,0.005695595256242303,-0.000255297885680017,0.007117381144707391,0.0009474060709786514,0.009907196874720414,0.004758971840748805,0.01217019335138425,0.004881135862219166,0.005708732669216232,-0.000641384386978805,-0.0007117711807231863,0.013279256283198482,0.0034184138559707478,0.011820348079985887,0.005079702268677044
2024-07-05,-0.028202521663828084,-0.007252762369467702,-0.019342874135359733,-0.015314937991275701,-0.02244850662927289,-0.014435561930053242,-0.016430522633750333,-0.02013017572041509,-0.0035069374335215953,-0.024287039400428978,-0.006642594758687559,-0.008504450274153585,-0.014034374654095294,-0.024730540378605226,-0.03608833515647725,-0.007476512682622061,-0.012112221700779857
2024-07-08,0.008391536566076052,-0.0014611265579197452,-0.0028431025011624866,0.0001293957760482023,-0.010844055903330263,0.005522800679484741,-0.0008845664332440828,0.003323196777226034,0.0010054178740321884,-0.019151983236691095,-0.003039645979179495,-0.013594476707766256,-0.0177022416661895,0.0021673631863514675,-0.031548618790916194,-0.0030603541389110367,-0.010496567553553438
2024-07-09,-0.0017335796540893789,-0.02165626902984441,-0.00926688420922317,-0.008747261151201835,-0.00988814582655273,0.00031825716550493155,-0.003688118426582676,-0.011442346923000946,0.004018159511428587,-0.027169155209467055,0.0051221332623687665,0.0011484372766117357,-0.023096744200446828,-0.02249153125005754,-0.011219241770477506,0.0009446270241404431,-0.011053723818372552
2024-07-10,-0.0006948250179737991,0.012264298474927937,0.012051513179976547,0.014054157008662083,-0.0032567553356962486,0.0043766187724392225,-0.00103661125387422,0.005787425503883892,0.005502660978258245,-0.0045420305935441885,-0.0012132470736141432,0.006391458953413087,0.008734349139489783,0.0017700571517085262,-0.009569325536129769,0.0025947912538826223,0.008833508037913607
2024-07-11,0.035453660741699755,0.019799049258471868,0.01297420218534695,0.0008379775669709044,0.011108602369476195,0.01544922638809143,0.02361776419290318,0.018170866360514237,0.0029850543535046015,0.013010414250543612,0.0070456086200756385,0.0011398346748412447,0.02201980119765934,0.02009705674594664,0.01200827101782842,0.004000015368050391,0.011883418141626079
2024-07-12,0.006042174278134693,-0.0002897003500766937,-0.007456736143233611,0.0021253678739356907,0.0012925821985854125,0.006085620423573523,-0.014480766590840854,0.009517883796865245,0.001488137249070265,0.007121425892522293,0.021230272672449146,-0.004554341440458409,0.012561896852428811,0.0049794257129596176,0.008728811574425288,0.00726490513835687,0.00017674041156112708
2024-07-15,0.04971648840758647,0.03507233173222413,0.012639338206259065,0.01574649583413601,0.033777992934870715,0.028693159584249228,0.03310960001501062,0.038008242162400174,-0.0009904786314792746,0.007554682008102942,0.0002362091036558489,0.013071864050953286,0.010314659066570586,0.033175422465542725,0.005611137810648703,-0.00977167945350621,0.017127253123484953
2024-07-16,0.006675052963019512,0.016522190901720357,0.005411474459848797,-0.0017082137894850469,0.00395419779043138,-0.008518598516394027,-0.008865405279902538,0.02072104239668393,0.003470528774849546,0.005758493735215753,0.004487617754542317,0.0019355177039233062,-0.0020705119724986343,0.015846574153691062,0.0005377032696975981,-0.004934341462759617,0.00720414381327239
2024-07-17,0.01736667793280544,-0.0038567952759059887,0.007726270334930785,0.021930348880418338,0.008499280784351582,0.01355186961437993,0.008992533436943617,0.0111236586019956,0.014328119275198503,-0.012584225166510143,0.003644424357425624,0.016580908890764245,0.006868074024496851,0.003694593775983801,0.008197391390768693,0.007083931556952638,0.013788464475096518
2024-07-18,-0.002172577612002291,-0.007466753941702042,0.004565834743892605,0.00458995726666811,-0.0039054303442462857,-0.0011332215109829402,-0.00431402235026801,0.002200146071005493,0.025328609652692347,-0.006281716678290583,-0.02260740005264017,0.009184389291672757,-0.02160007962710775,-0.003680993998467663,-0.015128342636873016,0.014771308878855471,0.00986059827161756
2024-07-19,-0.004354615965159403,0.0011144664023019502,-0.019380788712493935,-0.01741062856935849,-0.01485760768099742,-0.022536398386215795,-0.021711177713682694,-0.05598249316387838,0.020902569742909938,0.003890130728165353,0.00035959629186765873,-0.009414757968560616,0.005591817890963524,0.019499221827485425,0.003721975011428791,0.016635844700298996,-0.022979750221906903
2024-07-22,-0.01542827849283912,-0.007514661963866409,-0.017752596667798715,-0.013572081457349117,-0.019690022881757696,-0.01802701937851159,-0.0038448846435854556,-0.029360491793607335,0.016752157066094897,0.004480331639546975,0.011501004618436506,-0.030413398323209884,0.011843735736483119,-0.0046305545138994875,0.004651736329667644,0.017500126407119954,-0.006892625767848992
2024-07-23,-0.01854803476563216,-0.00028024603993237474,-0.01326552697532657,-0.018472739248734826,-0.01794886845253607,-0.015915563649222197,-0.030877402186611724,0.0029949592189300045,-0.010526386612776828,-0.01163348751926363,-0.014212870079605033,-0.01306972843714671,-0.02169726231584701,-0.007888362145761718,-0.014427866159341662,-0.01541209850051417,-0.016135870501584826
2024-07-24,-0.013359422121659192,-0.021037869416798527,0.0024359833613365467,0.006360108778020734,-0.008267937244365475,0.0016011894102561097,0.0023693416858636684,-0.014929600173810509,-0.026364538351501432,0.021833202011700914,-0.012856049788004476,-0.005628239548179481,0.008025250318261845,-0.020795038928537513,0.0132773355627136,-0.03607079804679714,0.014108003401989366
2024-07-25,0.03302507978510616,0.019484275365214465,-0.0006299237882805286,0.015928166811032485,0.015357594515722273,0.015507698127595893,0.004878517517181047,0.0354650268301433,0.0009503118120215426,0.023575195735854093,-0.009250210948882454,0.007657734075482425,0.03141038158568166,0.004164068394618914,0.05496547668476026,-0.015768445853599156,0.021041711895638526
2024-07-26,-0.0022377760677617653,0.058178646159276814,-0.0015311792519573375,0.001904228400139596,0.0012964922260656486,0.0008659349182018605,0.004804949141487658,0.0070257616762341435,0.014238153386910257,0.006705438000872643,0.007616578661432394,0.00016514463174033267,-0.002105208264710501,0.012440234477682166,0.013503421826528195,0.016738424572009913,-0.0008516175181549901
2024-07-29,-0.013777634520803828,0.021779520193957014,-0.015695387158271235,-0.00785586554724671,-0.014026754074351722,-0.015493623669010304,-0.01240287099437476,-0.01511629975830775,-0.003743539809163199,-0.0039963169747692096,0.0021946202133698023,-0.0059463890544105835,-0.01265720340041232,-0.019864707005964544,-0.010495394042825623,0.009642370362604513,-0.010483138787375945
2024-07-30,0.008122152030035634,-0.005978570986881593,0.007239806314616182,0.01896538176028595,0.010505517695590605,0.007748958404391715,-0.0009583025020005742,0.012396665730127321,0.020197184576885574,0.03681073872504448,0.0071778459680174045,0.001495539504447363,0.04814476357135056,-0.005223637675852877,0.03829799887926866,0.0004660274898216077,0.01782935344880565
2024-07-31,0.005156259606438729,0.012552151710353066,0.011736693724868186,0.005640325326526252,0.018626804795176977,0.005152494684961928,0.021354955390248342,0.011078904485316787,-0.014091114826471962,-0.007123284436683863,0.006522418890870574,0.009125496673670463,-0.011483328745379273,0.014282780640240134,-0.010765882270280414,-0.0002330477706110612,0.0035541731766370876
2024-08-01,-0.003526718714631283,-0.02763423822510569,-0.025269728488957588,-0.048918938881937324,-0.04188807136671391,-0.02910096566036824,-0.020216498396437466,-0.0415226631016713,-0.0028393582860009037,-0.021692342699504708,-0.003400727302485196,-0.023676248948290124,-0.031138349327755055,-0.033754423171752146,-0.026143878587352565,0.00395912309501778,-0.013829124917164815
2024-08-02,-0.08011578878958847,-0.05073040260700612,-0.02417194460964356,-0.026667507367760135,-0.050377365848760514,-0.0015433264171113015,-0.04621125235183199,-0.042719488863405375,-0.018509905268492832,-0.049312872213209236,-0.023031827729852572,-0.028797739310875703,-0.05101099762256123,-0.03707679524039309,-0.050431384941521884,-0.021108659871246438,-0.0005985649725555042
2024-08-05,-0.034977458327494326,-0.034415399007977965,-0.011345350201188431,-0.026186511405079327,-0.030614581003629904,0.0016271140600592204,-0.02052266309857298,-0.029541284763566655,-0.029013434985073916,-0.0157311733007357,-0.019333877202815875,-0.02583662672468079,-0.01584930889134062,-0.025817896324769163,-0.0061928338796090054,-0.022748824426582992,-0.018052593015192797
2024-08-06,-0.017397548077577873,-0.0026236991051388214,0.01176240353320468,-0.009885367609283047,0.01205404315700398,-0.006903835706208339,0.024408868132907546,0.0016192635245764198,0.02888425163370356,0.05455106354504524,0.04706192534521736,-0.000889941310087683,0.01093914447892863,-0.008453301659603119,0.00819570809387482,0.038554721332732855,-0.005314938183505813
2024-08-07,-0.0033197726559895946,0.0008768284141491556,0.010680654073473628,-0.0057247599466957455,0.02834670052392929,0.006951829998374626,0.008855967689503252,-0.006142941400887669,0.006776455993158237,-0.0090117192942053,0.008989022943321379,-0.0003563926220291336,-0.0013527898518583825,-0.012442438260439337,-0.0038964161793714203,0.003969290656326452,0.013314493394972038
2024-08-08,0.05292366134105686,0.02803751397833154,0.01253148002147797,0.01460555799242469,0.04493873870215115,0.02980830568801074,0.0319261032221696,0.0159401494639122,0.012980971749142922,0.028343527595883433,0.027329782088217236,0.04312961312343355,0.01896180588438945,0.019365573049853202,0.022526385073918576,0.01999991076257457,0.019104432203887134
2024-08-09,-0.004569338963563707,-0.0036933263260718885,0.003140272429515978,0.003460549675682989,-0.004212177092691505,-0.00205063327095123,0.011544801584382425,-0.007364708400379616,-0.002373082431272544,0.009646979430063096,-0.0038673010070835456,-0.00205026638948147,-7.400137002699925e-05,-0.0032045182650307646,-0.003495883290382751,-0.013680094784524366,0.008143168978459459
2024-08-12,0.030720400404480097,0.0022811720752466957,0.020402417594421962,0.0002066278633336971,0.009127546980854495,0.017703341887414625,0.007608612275967763,0.012258075871178775,-0.004757454694698571,0.003128040999819559,0.0021176894700860593,0.009758637503056722,0.00347103645829816,0.00803677142511039,0.002713906124435006,0.0011560398007584016,0.0012622328612994504
2024-08-13,-0.009249785528349874,-0.0093883055406484,-0.015359481973905353,-0.005999062447797354,-0.01522163853180214,-0.018715531102835747,-0.025584844426556064,-0.009241582160200323,0.0,-0.0035719577852795226,0.0065742907911872095,-0.025771426059832625,-0.008978425424696623,-0.002961311073060635,-0.02607453713476382,-0.004387049245888397,-0.009579911759908799
2024-08-14,0.0010373811079922302,-0.002010356492223031,0.00913798974123492,0.0036074606445093416,-0.0033602625515063433,0.0014244456671992367,0.0015805562286725916,-0.007076155168359688,0.0019120388810955902,0.01877670039628465,0.006997876912812062,-0.009049862228081684,0.022575275388531102,0.00022827746876386001,0.0018978770043933668,0.00626161355027488,0.009248249355772842
2024-08-15,0.01830730891923782,0.009496486214623623,0.01737858861940378,0.014723077511411775,0.021353022442624603,0.012486125936477244,0.012724808559379186,0.013281464816245814,0.0071564129347749805,0.009494655343271763,0.007296733673464617,0.015279299529698864,0.007116831996926143,0.028780459317902407,0.010012181803592757,0.011293099766173098,0.006186393381327093
2024-08-16,-0.007801847687433194,-0.0039909126861686905,-0.00044945776579607966,0.0032016728412262996,-0.007702367278429878,-0.0004682714753476702,-0.008953112975457977,0.003196920287464655,-0.0014211714194642955,-0.003983528432386807,0.0056340835372612474,-0.003459532065634874,0.0017304894311627184,-0.005772535924293498,0.0034829248721539585,0.0056972235605559085,-0.004716535807456457
2024-08-19,0.0023932944604552198,0.0062965632552971496,0.005036643552853715,0.008170966811032576,0.0022177583546481028,0.0014056634518977429,0.005235602525280436,0.014977687931824857,0.013282882053913703,-0.006276654101016965,0.010747879156637774,-0.003818778865918415,0.003023361727329643,0.012952232630773386,-0.01067944645366925,0.020167777437368306,0.0030465502385825793
2024-08-20,-0.0337654063959425,-0.027019349225592793,-0.01691405732284168,-0.014574807264357559,-0.025448052223779216,-0.02331573362008632,-0.031096849995745357,-0.024175788193262937,-0.01544952677256306,-0.04074905309436894,-0.020475304911919845,-0.02125815129607944,-0.041971095545130566,-0.029321225854537336,-0.04695736072598666,-0.01554875461257954,-0.03332496311809574
2024-08-21,-0.009530650017956277,0.0070154376906557125,-0.0020938190370325405,0.004354140753595637,-0.00454135972579206,-0.002155669441206376,0.0072199874340181935,0.004182630023611189,-0.002853056785319552,0.006938647809264564,0.005081499014973234,-0.002670440602910107,0.011254697206429576,0.0038611143600455478,0.018476666482481363,0.00406141407025995,-0.0063711165636819445
2024-08-22,-0.004989140308048645,0.004934501144961079,0.0031927835665799265,0.0028213045975320483,-0.0038777983489570733,0.0019203408329526717,0.003191569355831758,-0.001922364224156703,0.0014306594156996422,-0.0011048848868302485,0.005400442925164173,0.0014280154362580344,-0.005377914341169854,-0.0018100117437631624,-0.003058311963928473,0.003820238798637021,0.007729399705105111
2024-08-23,0.019698918623118233,0.017331405969154945,0.0130037406503134,0.01296920313412464,0.02358613048091862,0.013416295990897442,0.01820283394449196,0.01958267043994799,0.013333383332081672,0.02054940435772723,0.006514336275825761,0.020320856977287916,0.016596424539603527,0.02266548406909563,0.017011787843943083,0.0138795423034479,0.013858629318197035
2024-08-26,0.017913718956946267,0.0059622349058932045,0.019389509881949873,0.005961261570876397,0.009843219902432754,0.024901538186129724,0.010552203934620197,0.0034635342528051005,0.006578923022598104,-0.012035699472231376,0.006017991715111748,0.002271109402195881,-0.0010341120873911258,0.010638184189071254,-0.01905791636992915,0.004415991560637655,0.021406633090486515
2024-08-27,-0.018978537318184108,-0.0008465239644640521,-0.009950732784552718,-0.01043765375021577,-0.010854926353333072,-0.011533230805702233,-0.013027176156800935,-0.007844435892233048,-0.0014006034485010144,-0.019110716223277646,-0.001805862894166177,-0.009238231986852363,-0.006285614169545428,-0.012280557092252953,-0.015095533098409497,-0.002418143895310587,-0.009511067798416928
2024-08-28,0.004924354855845525,-0.01242970935700849,-0.002490431560640105,-0.0064648940379485875,-0.001343822015103302,0.0012446614809786816,-0.0007188873038093124,-0.01960785437356216,-0.0028050388973531737,0.00023530277741357075,-0.0026006480906088925,-0.0010556130832325428,0.004390435979684693,-0.028863219379844596,0.0008515579330610201,-0.009916320671449652,-0.009857321618498616
2024-08-29,0.0269513069263263,0.008581425780256557,0.019795001964100223,0.009726203675903156,0.0091948233141117,0.009788685774172468,0.011409654396507651,0.012258075871178775,0.004219442487580327,0.006120168567526285,0.02199294398577334,0.007573081653782232,0.01133585356633593,0.010059527167485482,0.005388079067604412,0.012463922412301098,0.013817465532779183
2024-08-30,-0.028970699235210118,-0.002552714388921018,-0.005071250443670516,0.0035949021554568805,-0.004889024064221537,-0.008924428434249676,-0.008537097054463483,-0.009241582160200323,0.007002727002100029,0.03597125106825527,0.024514684771087314,-0.004020207693498534,0.02791219847028592,-0.004300689097064381,0.03469415385746766,0.006155242738232314,-0.0016082814236334508
2024-09-03,-0.06142509776781668,-0.03355106136079178,-0.034625234781326175,-0.022237131295984924,-0.039303089468534,-0.04028882277615098,-0.039106066719212906,-0.039884231094091005,-0.0004636532281206973,-0.01863131266160145,-0.0012992593665319685,-0.027729023009247067,-0.0378448540651265,-0.0386452352136053,-0.036529640799707774,-0.004806701376876332,-0.020942993361325213
2024-09-04,-0.031787675160795725,0.002059563758389338,-0.01174329791917439,-0.017903942392712646,-0.01813122675494283,-0.006875290364476649,-0.01706852485172805,-0.008760006326618774,-0.0069572555836489025,-0.011909067096600667,-0.009973947221093238,-0.013899015673001336,-0.020074242216893468,-0.01654152180659285,-0.012308079364952929,-0.024149228260868627,-0.012210920693191518
2024-09-05,0.0030899722594466272,0.0014676614485733541,-0.01022480380346713,-0.008024443265008507,-0.0037877925698210912,-0.010017968700641866,-0.001465187564723136,-0.01189668167649871,0.0032694399702344334,-0.01915572832635981,0.005365705454452918,-0.016291191606225608,-0.02570085739782968,-0.002420231392553207,-0.029434840233178106,0.008548886880524131,-0.007802887864402641
2024-09-06,-0.028109210346462077,-0.0049839202535605365,-0.013308486711926415,-0.01681674753826512,-0.017585557536151875,-0.0098724522236312,-0.023259574215862666,-0.016511828747510005,-0.016294217261954458,-0.014602865972476398,-0.008169131901411886,-0.03181998027313848,-0.005818902888526378,-0.014555935139070941,-0.009814169384066651,-0.012714816466340206,-0.004683244857027202
2024-09-09,-0.012678353342212123,-0.007365656009791666,-0.0039616205082938505,0.012557735796543845,0.0014513212280451437,0.0012463611690487486,-0.0028932764631366403,0.0031479331107275854,-0.0004731119606116163,-0.016566362964033687,0.010762238262887136,0.002883002296101278,-0.0013266668499096745,-0.005169942959085461,-0.00022349241711872025,0.005874645153263192,0.021040381529555674
2024-09-10,-0.04293720061420969,-0.015434981404550352,-0.015151452209697713,-0.014754071820595516,-0.028260628167480872,-0.012697004707543091,-0.04307793621423517,-0.01290100797740723,0.0,0.001776426507230866,-0.0034768289796939245,-0.010970020041214501,-0.008517721829556235,-0.020291955358973324,0.01438576468706998,0.006064522707208697,-0.03643158618762943
2024-09-11,-0.010062986691107612,-0.007235338554766213,-0.013750048429690742,-0.002531767939483176,-0.007457426765018593,-0.008993937675482289,-0.017435356407821012,-0.01200978851398904,-0.013731156589995575,-0.03014550492769774,-0.01613601294385336,-0.014205146647332967,-0.014817102396325166,-0.000505238763699345,-0.023440395451830964,-0.0046884888634832755,-0.009925881243367685
2024-09-12,0.0038119909029217247,0.01093231578450471,0.003217320401852186,0.009645822816895855,0.0020035617751896773,0.0027141198088449503,0.01400602618938418,0.001787498461212511,0.005280776015407662,0.018157874252018313,0.0028813359990591536,0.006514053541059717,0.005759961762880961,0.0058125215857398604,0.009179716792377057,0.011440057820209848,0.013762218787184644
2024-09-13,0.010126676965635406,0.0033043242808530326,0.005830899186738847,0.010056732730197693,-0.0030324505732466367,0.009727552708055365,0.009130243851793063,-0.005353141366212677,0.009551262277412764,0.012942065294148763,0.009613156315003257,0.0011767223267129534,0.0077951964878879565,0.004019875551247276,0.0010440690494304405,0.009301733536984491,-0.0007191708166713884
2024-09-16,0.020885357548240613,0.017365182623860997,0.019806813146878266,0.010525756024698074,0.0048161024621113935,0.01926781458168758,0.013861458347577571,0.019375615164594295,0.015610110433681657,-0.01571110488709404,0.025281850747699508,0.00470127967793621,0.005051218416532333,0.01101132915349834,-0.003798588446714768,0.009105051322487068,0.014035021468800979
2024-09-17,0.033142373329949404,0.022071766779819146,0.025959249631182235,0.009289666901003857,0.0206862276528208,0.012492938914874907,0.028373628575685927,0.03132674306552019,0.004191832234822224,0.01776282686571129,0.010461153534787604,0.01501268379517895,0.007538971853497722,0.027227604142016304,0.015327193936673478,0.0019806338419408043,0.01304234078676969
2024-09-18,-0.005544613747412663,-0.0017276281843094932,0.0030474528079169616,0.003835308888321176,-0.002224457179421435,0.009659798414444865,-0.009178516771175649,-0.006825781167799194,0.0023192453921949685,0.0048819423334058865,-0.008028706913802974,-0.005954799110956532,0.015666359969083166,-0.0019278455193862953,0.006332681214278324,-0.007687130906646966,0.003503235081649958
2024-09-19,0.00995635296106645,0.048745399011982826,0.017768233576939352,0.007154616486229282,0.014862578205735,0.00659268986804018,0.019706076087401936,0.014776650386973733,-0.0009254940379426202,0.010202358731678629,-0.0013845140378152543,0.005410750611689608,0.01718983744593472,0.032110310634243744,0.01485426484248853,-0.006418897927820355,0.012393019011758932
2024-09-20,-0.011435434843503733,-0.008800956777281321,-0.006150930748605954,0.004758845120442778,-0.004393436087709146,0.006629430678831927,-0.003468709555270455,-0.0020319543015687724,0.009263513706132098,-0.011782542132023122,0.0021328710870078815,-0.00749573323832986,-0.01946439648573428,-0.007953324126771855,-0.030499423048180763,0.010915651814155547,-0.006293125736782645
2024-09-23,0.014758756729010614,0.011376348623409527,-0.0016384166295554392,0.012767893134319808,0.00809016017629749,0.013488921068634863,0.0234805777958631,0.01628791722928513,0.017898100420901786,-0.0010340020736032685,0.01383420041148642,0.011618954808498616,0.008771185866537357,0.011553796507768332,0.005354482517918591,0.01851032658423435,0.018131518626623322
2024-09-24,-0.003930929297210395,-0.003017750225592475,-0.007110839753633469,-0.0006099565175617938,-0.0026750458601498828,0.0013308945189383081,0.0009716193974089737,0.000667797508769663,0.001803419938974038,-0.010778339417721328,-0.0004198579272916003,0.003062866981219381,-0.012508525529826509,0.0018649323562056619,-0.01745796379710718,-0.004110706547077236,-0.0026415205499153993
2024-09-25,-0.030386697786213945,-0.00798036481076081,-0.029198364670192878,-0.023601104033960763,-0.029505209540959476,-0.02611419942910609,-0.026424935810117622,-0.036703349978054356,-0.005850610410079948,-0.004862974127766262,-0.005670418583753056,-0.02442766312858835,0.0029351457475241816,-0.027221909923464183,-7.536685300368884e-05,-0.011514384952061252,-0.019478838969686607
2024-09-26,-0.05779404785612152,-0.03550611394945036,-0.032346696582864265,-0.013753057607331698,-0.04849229574509262,-0.033638394552399475,-0.06464298872916763,-0.03671646388204708,-0.01856041445582035,0.011010867642430533,-0.05850672680722091,-0.023669705672012653,0.006391896912398831,-0.015307544533756379,0.028687731472140765,-0.016703199385554313,-0.01716481190524921
2024-09-27,0.05961127831981616,0.040551981701604456,0.023555922925386108,0.024649700463858837,0.028782431006618037,0.017196981097028496,0.010482124536815185,0.03020505449423383,0.005073830101774757,0.0012847950352847803,0.012226518914210338,0.022440344383569455,0.002831416690353805,0.027204321387449548,-0.00475799273514077,0.00938760254698412,0.02677310284804557
2024-09-30,-0.002853805877052751,-0.0008289758191486474,0.005347578648597251,0.012234500557698702,0.00410705244998244,0.004002010821274382,0.010373107376964619,0.013961560466090539,0.013767732976071922,-0.004521946973041757,0.009862532178185557,0.009994299949692698,0.003052118188936026,-0.008039550388280192,-0.0069130219313212615,0.010850299531877106,0.012087843861727343
2024-10-01,0.049059818570814206,0.016597434911998388,0.038848800289637886,0.016500144663058824,0.016359788712105194,0.032782957165363946,0.029698482504281865,0.030292585113996795,0.022634876009984595,0.017862709341562866,0.012619501277560952,0.03317801162492895,0.011715386656448334,0.028367007874121608,0.018069822879718034,0.015553012822770107,0.02311882371595919
2024-10-02,0.003897065247992826,0.012789227283886095,0.009051782599155844,0.008350281905215917,0.01861178885296333,0.010790669710290857,0.0212370101215702,-0.0020045976457966352,0.015493476377888449,-0.002653487595333126,0.01213684105512769,0.003568014960392274,0.011128883631312814,0.01854435703791557,-0.013020993694843885,0.02761013634694387,0.013257600678476589
2024-10-03,0.029891342670257837,0.00886606457203687,0.01866623226466868,0.001987331121062752,0.031851902199245385,0.01916929986225635,0.03866734684633033,0.028791396164332905,0.017872600056116905,0.05720147960438959,0.014025761857387353,0.025261909839678687,0.03316706309194739,0.02162028556974782,0.06154193603026292,0.011964621794064101,0.008722891492068063
2024-10-04,0.013569476459696528,0.010119717861236666,0.018857843302678035,-0.003371784021229507,0.015075346617961172,0.017814759100508226,0.033510281858975643,0.011714924863654996,0.011563083227343451,-0.016357682075505142,0.005490425838164281,0.01770408581079308,-0.0022311863514774544,0.012697752246766836,-0.011178260629571612,0.029454518217747028,0.018355415064772007
2024-10-07,0.0029750605055836044,0.000791042095634964,0.001571615568888074,0.0025206755780105006,0.004479001501759505,0.008413630084409318,0.02512733902683828,0.0,-0.0016934741584634372,0.007500839942371718,-0.00409535636136571,0.002690077468048946,-0.0008656505418520588,0.0028596905388915683,0.010953532379438524,0.0010075456050706588,0.004325882966245365
2024-10-08,-0.0263254290927869,-0.01317187518258045,-0.03417019652713704,-0.015682849831457735,-0.02182576611323228,-0.028828927149436523,-0.02872199653375318,-0.03345133054481564,-0.011026078938397244,-0.07664342748073427,-0.013074696731778745,-0.02843864512440475,-0.044548811233467545,-0.031805288519907604,-0.053062978243668124,-0.014895365036364794,-0.026561430953093934
2024-10-09,0.0026655609899548516,0.0034703992127347316,0.0015341895516303161,0.006050394467127962,0.0067176766985928005,0.004525459278772681,-0.0001032200517407933,0.010316250522780734,0.006860860128597324,0.01637610039199444,0.012286306375490996,-0.007731951822962491,0.01806090291576168,0.001586008181288845,0.022150495698376016,0.013077255174511748,0.0004097177832982357
2024-10-10,0.02012923944476608,0.0005320611067440861,0.008020323208234759,0.006481864417614336,0.021448985794495945,0.009392166537147917,0.0016001173535289404,0.012187051873897348,0.01022151725009568,0.013775278221094922,-0.0006331099432486109,0.012430453889605841,0.012618879377812364,0.008821272377100842,0.02403856369587687,-0.0022186726139757917,0.00860021652115428
2024-10-11,0.007818284398209974,0.0023930017571847095,-0.0122474818814714,0.005311417969066534,0.0023331245897293407,0.0019668644153674197,0.004637795241749121,0.0029287149300751825,0.041315459805749244,-0.003579017511655791,0.02027662247359463,0.003481708101567227,-0.0005131360375272287,0.004036089233692808,-0.0025927280018458454,0.02041636807253111,0.003816824400777463
2024-10-14,-0.013668265330067486,-0.0015914209291023607,-0.00923155220700178,0.0023773075743502847,-0.002094915111112039,-0.007398927838014546,-0.021850600167944823,-0.007787165236463833,0.0072873385910883215,-0.01071475256142429,0.009212243945346144,-0.015522292983514707,-0.006820631101066121,-0.0017866364983543104,-0.008219681761654662,0.010697386068473591,0.003802311644911738
2024-10-15,-0.06928837859324011,-0.03506896084045308,-0.03891474875894263,-0.026683356030154037,-0.03895499580295836,-0.031870498041453144,-0.05731521450331778,-0.04414640933726088,-0.004823050558446895,-0.03372310769325426,-0.025845981496106618,-0.043591171435049536,-0.02968557266839389,-0.03914995704397728,-0.0461855394853784,-0.0023519922821022554,-0.03006129817234382
2024-10-16,-0.0020121714359704335,0.011563649139473275,-0.0004753296132125051,0.006769239816512229,-0.012378562327685638,0.0006285892291342243,0.014963603648744606,0.002394555721018543,0.006865845629830947,0.005604297635493971,0.0070540254368804955,-0.005818338450233607,0.006925494962300549,0.016996630815423686,0.006461289543568283,0.009233746848641866,0.0025757591118771295
2024-10-17,0.004838713862723498,0.0038105943794217723,0.009414240728962797,0.01660715673156754,-0.002703216730703284,0.004665873730439918,0.008220929209378225,-0.012286611070193354,-0.004412380200689681,0.002596629366836911,0.008259272451729638,0.008973736083733641,0.007860220461813006,0.007097046979667843,0.00833811023339659,0.0033094641475110986,-0.0025691416219346674
2024-10-18,0.009630826909769352,-0.013015298989982771,-0.004522021320877423,-0.002976178075056901,0.0019711525113415007,-0.0033059629025303794,0.0001631302453326544,-0.021077933465351584,0.0052378179590870655,-6.305348479263007e-05,0.008191615666123253,-0.0011600372110770474,-0.005624162990918946,-0.04705626884036074,0.0028538633975530026,0.015909830604802,-0.0028250958922627634
2024-10-21,-0.0019872968447722794,0.0013738562350356087,-0.006435066789620136,0.000862458823694956,-0.014264485793143988,-0.0071869660265757584,-0.008587480649422718,-0.0024710510050507395,-0.008416927145908581,-0.008780626101437927,-0.004216856145675019,0.003097254795369153,-0.009653177214669961,0.012166198008387141,-0.01123746326853059,-0.006875554310661447,0.0005832533294580777
2024-10-22,0.01287221821948692,-0.012894379285373181,9.524966476925911e-05,0.0002650418385903297,0.002245547258318048,-0.00509104776800573,0.008881160847554082,-0.0007075914596849087,0.0028293739576641386,0.008476105346559848,0.005680734211843452,0.005403212068750163,0.000837468732286295,-0.011784202730296456,0.0015499753013514805,0.005769205076509021,0.005163237074616411
2024-10-23,-0.02740279715393812,0.028348999121726726,-0.004666711695119341,-0.0029153468436630137,-0.016430451206339902,-0.0027185114862414705,-0.015812733228467657,-0.015226717905843845,-0.0016121638728952004,-0.02831159867735722,-0.006264720107007626,-0.014971098296597374,-0.017575787238981455,0.00476994805043196,-0.020779684505461526,-0.0009560315831007582,-0.003562543009542174
2024-10-24,0.0073498632243995665,-0.005945998134530006,-0.0013395421926253315,-0.00019953011814033417,0.0,-0.0023249594967617027,-0.0011594629507176712,0.0014383702060565273,0.008881679424757705,-0.005722912923354806,0.00682093313896015,0.000584500807193411,-0.00487900794031404,-0.020887849453766316,-0.011513187672964054,0.0070813573781816075,-0.005653882559265355
2024-10-25,0.006080419559446604,0.02011970020463294,0.0018202607333193122,0.002392965881474751,-0.008099052075287938,-0.010205787171377656,0.019180874820599048,0.01436268328836765,-0.0016005515563188855,-0.0034015681531256448,-0.007801159738407448,0.004479119690004474,-0.002490583296879789,0.011878899186422265,0.007917061548810223,-0.002280399479809736,-0.0008362910170305327
2024-10-28,-0.04512482741180057,-0.00319832226358463,-0.012432759671434868,-0.001790522401153516,-0.015309984444019209,-0.008930664428428603,-0.033571950326165334,-0.012743421177106473,-0.00601204335634864,-0.008466752889285778,-0.006621297196000131,-0.018417911143252752,0.005617565484989706,-0.008385333401099038,-0.001057328449416306,-0.0039999741495391206,-0.004937532016862312
2024-10-29,-0.01645581354772374,-0.008288737011189928,-0.00910331497806538,-0.013418148862420987,-0.01166125128792972,-0.012943382114017243,-0.014310659202505627,-0.01326643733973587,-0.006854938848280034,-0.0383265111547505,-0.004894731260394192,-0.010863343477149123,-0.04360312235788344,-0.02319387977699905,-0.033116626479283484,-0.008606005804334238,-0.013624961902224064
2024-10-30,0.0068641221923257945,0.01078456570284092,0.006450441443774713,-0.0031646201959008025,0.005506125581731913,0.000248828421657743,0.005750442782541887,0.006177455469990045,0.008526283294527426,-0.0035795138943885974,0.006384047972300966,0.0017971568973147445,-0.009734642158990892,-0.006925585747061258,0.0066467321334857665,0.012538615852935031,-0.005030712300227558
2024-10-31,0.00553890870573337,0.015737562356448853,0.06370161748816128,0.005200925982747906,0.008605102283192556,0.01194831106931149,0.0006793415344619191,0.0018057182499722213,-0.0017106622352686118,0.004904938989189311,0.0074874952207897305,-0.0011958764836172975,-0.002048112100158095,-0.001992566925293926,0.008001362700146508,-0.002286047239794975,0.0007711929762117542
2024-11-01,-0.021610265065319267,-0.006039864729661115,-0.015519554589836337,0.028557856170523754,-0.009307294091301932,-0.009183375174944386,-0.005430861272498699,-0.0021629995094227805,-0.013463973710356791,-0.01608595496155163,-0.026384360374703153,-0.010776327075884717,-0.014857920739730357,-0.007736537208684391,-0.01186804652189899,-0.015466869417797735,-0.01567046544495576
2024-11-04,0.019489023410807382,0.014080611971779566,0.009458554978980738,0.00587985538107616,0.02165987181549678,0.01729557337893617,0.022467452113511976,0.016257191545950844,0.012820532368993831,0.012645808374768475,0.024421624016699894,0.019971875697056607,0.008499314318308304,0.014084581192372214,0.013492614316322982,0.011248942527801065,0.03183994733996265
2024-11-05,0.0012743551480072224,0.010741557827692372,0.0032150736755067744,-0.0036369799541845493,0.0048530075992863075,-0.006670372173059658,-0.02297514031892023,0.014219791624857647,0.008983034573525783,0.031875245054591606,0.03105386706740587,-0.0031645611683153163,0.0066925949989777855,0.005704401825025185,0.016236773084699507,0.01745310625659191,0.0029508943689819933
2024-11-06,0.04921508389436147,0.10782797456111926,0.04047250553766246,0.028094628257709697,0.01728519789454941,0.04168365736288715,0.045493378956422914,0.06904997130183044,0.06637015779543964,0.03804487785871635,0.03640598749584045,0.01964281470352902,0.04973723770193139,0.07940815036615612,0.05035597033296213,0.042978294049292876,0.01714856776736373
2024-11-07,-0.11322276520817287,0.008422989898788869,-0.010824604221230327,-0.006023539760439678,-0.028235867740246112,-0.005817510662574188,-0.011055397179844717,-0.03114742746801713,0.002277060764088956,-0.008051447652659416,0.018982367904482933,-0.0035027664046739515,-0.00953861425294733,-0.012108779722900476,-0.01874416692153147,0.0019878849323344827,0.001239718007682189
2024-11-08,-0.007295970777879801,-0.0018561006607469288,-0.00026886233720724295,0.0010206532371077603,-0.0005142798438463325,0.06057255265725203,0.0015971240814018905,-0.010829054635880131,0.017796155078719122,-0.0016233393181067646,0.028999465485638254,-0.013278483641200212,-0.001815641613159391,-0.0013876777455905653,0.004261360445234175,0.015692812976523696,-0.0003300747072668697
2024-11-11,0.018373888580544895,0.025336947705130175,0.004122290944341689,-0.0027398852235942517,0.002315244515517234,-0.007605163401866455,-0.015119824347808009,0.030790080112558682,0.014508949152573392,0.015024382973391148,0.017544001594527403,0.005541152689314766,0.011783322878482494,0.02570640716912176,0.0097301056004091,0.01047772038156225,-0.005284551043537644
2024-11-12,-0.013531599519312376,-0.009975162987038044,-0.012583644854362808,-0.0077318260665426575,-0.01591362330320023,0.0002253757812935575,0.004354316548695003,0.001991557258915533,-0.0033002479805340768,-0.005446680806221016,-0.011188750986660279,-0.010234026188115086,-0.0018759517804304293,0.0009031560746766143,-0.007245505665470553,-0.0028119901391165936,-0.0009960835926963174
2024-11-13,0.006858701667622036,-0.01373941804441281,0.010665277198407264,0.02208757605075662,0.02008360064887249,0.009164067347138483,0.01295095293173909,0.0,-0.013980896344556348,0.02512730415588771,0.0032461585294143447,0.016504070127755677,0.01730622300661122,-0.016692992894869585,0.018537487416221188,-0.020091741179591116,0.009306230040046604
2024-11-14,0.0263394892601454,0.0025540079407426752,0.009837189861616968,0.019405381035886737,0.006903620835736479,0.006252229476710891,0.005955663054989513,-0.0026499549665469635,-0.001492576554449454,-0.006096406667816967,-0.0026809008875142704,-0.008802742837911715,-0.001154643098675967,-0.0032117624439056414,0.0032959845309443736,-0.0003595992625817779,0.0006639684702367532
2024-11-15,-0.009734484463274296,-0.0055581687285194414,-0.0053134118551103615,-0.002348577706669186,-0.023108164785465513,-0.004660141212302182,-0.031904331450885004,-0.013948829493053205,0.01905828111890817,-0.00392064303001316,0.01789019152601279,-0.013814841352416285,0.008862538665064923,-0.006214091258405774,0.0010000751694243526,0.017452361211429457,-0.010368234232110862
2024-11-18,0.0035747263923742167,0.0030274944520851665,0.012820509137211111,0.006070554585177135,0.007798209490057939,0.014714610576377352,0.030011199139350797,0.0255977887758827,0.01870193100335027,0.015236234013756844,0.024587916217602368,0.018811332034705197,0.012022172589409186,0.00717932061817983,0.027468447466180823,0.023165275813962438,0.008381502147495778
2024-11-19,-0.024042859583473963,-0.004643575984205173,-0.0058897923645019334,-0.007215718751129363,-0.02218216986561683,-0.00996045679101587,-0.009785724827137576,0.0006568320891697788,0.010799161867538931,-0.007003495347029487,0.005332956324471949,-0.008053467288860361,-0.0028936066616216394,-0.008967499559414005,-0.013888046081751426,0.012789453292704644,-0.013963912097660236
2024-11-20,0.00958041263685483,0.03358988888533654,0.0030066430346864514,0.010839518162285788,0.010287489026432395,0.007767496946371688,0.007439602242983234,0.023301609368183707,-0.002849077664173527,0.00943683208654833,0.0004420801322202461,0.008118852199471949,0.003894807727427896,0.009976642184966744,0.001844968895615029,0.0017066379047172564,0.014245929188005713
2024-11-21,0.014008153731021933,0.012863939575828764,-0.013488553701022199,0.00185961115815525,0.010444148305007284,-0.005358438074655969,0.006833370786862636,0.022129489993644613,0.019285819835346718,-0.0005647974659057642,0.03172486682677067,0.012374843768247823,-0.000304198349127649,0.012175634526779389,-0.0006376497026054917,0.017717143207679475,0.013380914747068706
2024-11-22,0.014705882352941124,-0.014037336718113469,-0.0013404432409557243,0.004516417669175432,0.019379760130805446,0.0062729604400546535,0.014176396294055538,0.002196513492581431,-0.0017520269024979829,-0.005084960161010232,0.002569568468877792,0.007566842268070806,0.014154262824819686,0.003858244638474284,-0.0014170356686860064,-0.0015065958445594774,-0.0011480443180837963
2024-11-25,-0.0043918283127921676,-0.015819247155677396,-0.05055936273479311,-0.01231818668399376,-0.029911383917245904,-0.03204994631623015,-0.03097844718431786,0.0015653204952190691,-0.022463895026329395,-0.012493619278594936,-0.047244706338519404,-0.028692575739409643,7.47684452178099e-05,-0.010852393720861553,-0.0077355547492490295,-0.024476073763202044,-0.01494371727583943
2024-11-26,-0.0066167569994292075,-0.0004594113258818977,0.00640906811932096,0.013531800006345351,-0.01463291343805817,0.00424314509223267,-0.01993889407013638,-0.005626722212161095,0.008617452310154539,0.004089351936523933,0.017306332765017585,-0.011697014203634781,0.007277948710983528,-0.0061713889282487555,-0.00014290810803030407,0.0030933149787204517,-0.016670918033666604
2024-11-27,0.0,0.0018379470654235064,0.005712850248845491,-0.00258403203513069,0.0034474206112715677,0.004149530061127393,0.001250355987759466,0.0022006565280436874,-0.0007119794479738539,-0.011327440239493836,-0.007580432141508497,0.009428268294390696,-0.006703877926648505,0.004139869369512494,-0.008869909442034918,-0.003940387990822858,-0.00262778235426675
2024-11-29,0.00577274983543008,0.00779635763578046,0.008846100596458406,-0.0011104993977244515,0.0029070264665791434,0.0012774686766090504,0.007945869747449263,-0.0006273693932274949,0.00712501318034775,0.005085113107686778,0.008970551637464519,0.005166919303907447,0.004724374136784837,0.006413318503934562,0.003752856919390535,0.006535978589112368,0.0025496776748816785
2024-12-02,-0.013686645106431139,-0.0059158410318453925,-0.020306492469040927,0.0017293752265858942,-0.00895920430567354,-0.015158235340541393,-0.009910431804546094,-0.009416197158496398,-0.029359667758242614,0.008069108120733581,-0.02781685414639512,-0.0031633883230134385,0.018286282585808777,-0.007055143738556535,0.007621434601501331,-0.03537259015097194,-0.0009325201881318357
2024-12-03,0.0035811271672736567,-0.00045775893736466067,-0.0008477750503314008,-0.0017878043213264139,-0.0007976738390388372,0.004266822925954816,-0.0003982067895936803,0.005069654226429687,-0.0007288448018899496,-0.012197533809503947,0.000633859942089865,-0.0003964921771787422,-0.014292974796128122,0.0004583630074481704,-0.01905239294084471,0.0026572427341187144,-0.0015272855181854839
2024-12-04,-0.00981272908346087,-0.02541788730744332,-0.023950986631459004,-0.02223331085199798,-0.034326612916515065,-0.01722311333019233,-0.027139245922497945,-0.03011094772582401,-0.0010941393067099847,-0.03273522337312018,-0.01601675884893583,-0.029762042491297325,-0.0288518402270298,-0.014639593217675495,-0.024732573177763895,-0.005300401016149259,-0.028809463537422753
2024-12-05,-0.016216050075340438,-0.001174781915780132,0.008984561897878995,0.006379547465850344,-0.009093678429255347,0.0037829693555124777,0.00988376396387003,-0.01895416003310213,0.021175532904964767,-0.001994682246163504,0.012690930524105193,-0.008588868674861638,-0.005895848426697103,-0.01684618346408928,-0.0076079834355506915,0.015275319780397423,0.0043751706734509455
2024-12-06,-0.019230819902424923,-0.028228668819924807,-0.011681309210072044,-0.025669875310950108,-0.026974325028028545,-0.016997409500191685,-0.03387765189626679,-0.04130579432418835,-0.0071504141287923595,0.005596336148513625,-0.010170699995805887,-0.01938940466526773,-0.008857755288372848,-0.02522619192224196,-0.011499372840603761,-0.00542336543465749,-0.010541844317007332
2024-12-09,0.03874880446680362,0.0029047911511603797,-0.000581171830298155,0.011852592831989694,0.014861300956730661,0.0003129386656040012,0.0017381642865164082,0.010423872652582489,-0.024126817829517977,0.013515270851095718,-0.03559644341500745,0.024821091216973956,0.01087977334841761,0.0051268579464442965,0.023038160401043006,-0.038346559339119346,-0.00589934624968258
2024-12-10,0.00044947461073485684,-0.005310120990411393,-0.007755053938630074,-0.0005093481847771031,-0.021965571557155728,-0.009698886333699197,-0.023755459165854864,-0.00034385962365657274,-0.00774903596215093,-0.012550957386196049,-0.007420020120125992,-0.009278325002241461,-0.034286644408797584,-0.007286808057831218,-0.01657361628436893,-0.002194889781187759,-0.0020372413259848177
2024-12-11,0.005390718115189319,0.0303324312440012,-0.0016607509507231555,-0.005031893082516392,0.00086382131357432,0.00750343923339436,0.004597059556636474,0.004471986725822719,0.002231409522757577,0.0060244399483164734,-9.579964498995786e-05,0.008740892480781692,-0.0023085638616249238,0.01688303172070893,0.007330599170770391,0.015398765883313903,-0.006656677354156981
2024-12-12,0.02502244190931857,-0.00306162675182986,-0.012525771356556192,-0.009602392087870948,-0.01812424636037535,-0.007761045492877483,-0.01018910847443133,-0.01061652300893312,-0.0018553171812585312,-0.03744159954382287,0.0013418828791071924,-0.005776875803990222,-0.010691811043697541,-0.011068356567821902,-0.027083736516699486,-0.0036107922406032333,-0.0008933846070113827
2024-12-13,-0.003487371995305355,-0.004252287175599445,0.001090058934334115,-0.005429713146209214,-0.0008847430750826835,0.001580022482083665,0.006842167759773199,-0.007268818576791736,-0.00074362814389628,-0.004922048774352539,-0.004211854191002451,-0.011413053242241622,-0.010242724211375398,-0.021411120273764905,-0.004164167394380858,-0.0052087930328111876,-0.008764267756608879
2024-12-16,-0.040245082724410075,-0.008303557412709162,-0.014353545039012094,-0.0293102262127799,-0.03807553220344151,-0.016959659457741916,-0.02699898674165624,-0.028242684432772336,-0.011904694775077496,-0.05063206889202965,-0.011342773236373116,-0.02183039656838337,-0.05239568829316066,-0.008453668822650529,-0.03151614532243463,-0.008451187502418578,-0.021382064175818116
2024-12-17,-0.04056509620765558,-0.009330373774626421,-0.013156521634859253,-0.008369055985780416,-0.01288748351260327,-0.011795985902125605,0.0076134811890828935,-0.024399050603474914,0.0018826374661975454,-0.0014472455862150069,-0.010403602114196997,-0.0008583366965032591,-0.003955719733622298,-0.023821426414917246,-0.0014391974056007228,-0.005188172050988871,-0.004240813653076936
2024-12-18,-0.009976274396852225,-0.03308371063016469,-0.024526739010869658,-0.027209584039189272,-0.03326068833989859,-0.02858296405232774,-0.02535278476997116,-0.0382494021128057,-0.029312402035604257,-0.021233477345251606,-0.04067590559725465,-0.011597922568891805,-0.03427435418744351,-0.04109938533612423,-0.025222222428269436,-0.031290780689845255,-0.014720849303958006
2024-12-19,-0.017274491855065577,-0.005994048837461574,-0.006990073541758179,-0.02033591484905206,-0.01864947204736267,-0.011786312378055719,-0.019348992333290793,-0.014531569750956153,0.015873017131728062,-0.025248120629273618,0.00020474672582415643,-0.01434164713834063,-0.013498994048675161,-0.011251222766817115,-0.023081846629074643,0.010767224822638477,-0.008551078499857367
2024-12-20,0.027343759408154256,0.013065288641933792,-0.000630518520326695,0.012043826216454612,0.00819129811385344,0.006936193724003781,0.012282640136255685,0.007760835472744976,0.023246996823823807,0.013140957570486833,0.024779952996428545,0.03902107950167655,0.00018132849634433512,-0.0021672600676317932,-0.0028589204192724926,0.017500481598591966,0.003412126576422425
2024-12-23,0.02661597849575381,-0.004216259617817242,0.01324644402447439,0.0008399581571931769,0.006824879438869447,0.006804415924850593,0.007486818853944532,0.011166948366022389,0.007448832615974288,0.0044984286375744365,0.008892841410939267,0.01506481530343895,0.0009966865955171045,0.011675274490810184,0.0005060133702281533,0.01046915900416101,0.004061545955650336
2024-12-24,0.012500156997701461,0.015940306518927194,0.007574136143104981,0.006085418092972361,0.008392435154781275,0.008176886098024694,0.010698339184496142,0.022086870438928985,0.01035116998608232,0.010225527605050022,0.012082928345267474,0.005852786341710825,0.009956429966679448,0.012614201091830202,0.0016013408966755183,0.010175845629952551,0.0009406930024782323
2024-12-26,-0.0013717591286073194,0.0022064630287577103,-0.002265344826454685,0.0009733775367604114,-0.004161325952108497,-0.003475938120320654,0.001647797935401929,-0.0014905257916526526,-0.0029272630809680233,0.00029552250185260753,-0.009198462041751343,0.0016626112745325994,0.005556610980086418,0.0,0.00706827595313797,-0.01172173374025376,0.000845782541073703
2024-12-27,0.01144668358791101,-0.0019568968233086848,0.0003094871422537615,0.00013872330559516755,0.0028929270565141163,-8.304270625703047e-05,0.0019618035584743065,-0.0003730391022395141,-0.0025687434271505216,0.002067813273769259,-0.004148354346957817,0.007468842266989961,0.0034758753378152374,0.0018551113310640854,-0.0008355189439457344,-0.0003705305540400161,-9.379540373732898e-05
2024-12-30,0.014938981898419135,0.0034311875789561075,0.0017540502429309601,-0.006458229903638868,0.02467947867721576,0.0014949600448090905,0.016672868980916133,0.006345592103395248,0.00662257744332595,-0.0005156830328768569,-0.0004956726823994728,-0.0020593923836194072,-0.005329043913793852,0.000264449593515792,8.348151301884599e-05,0.004078608913742565,-0.0067617827132494535
2024-12-31,0.02988397871494719,0.0019542215379571015,0.021423546790514614,0.012371448357775039,0.023772240631939834,0.016586535413371184,0.017704066053037648,0.008531269257652463,0.001461951747506962,0.028760845956379733,-0.003770883173348949,0.019603789136887206,0.01732299078830546,0.014017730048141663,0.02508570331477422,-0.0007386202027486188,0.017114058299588564
2025-01-02,0.012559499898662008,0.013164163381258698,0.009176092634282096,0.01291089733580586,0.020470625361492578,0.01737628910816702,0.018006410319482358,0.019860224233511525,0.025912285058534046,0.01426540639232643,0.013645412578743299,0.008095700118051274,0.004213078268843651,0.0015647667691029987,0.00456825721807963,0.03252035167143674,-0.002416971316306915
2025-01-03,0.0017110907071467008,0.02646783836099509,0.010091801985778304,0.007770605870771385,0.015868337414967293,0.01491473153846501,0.025063046377616915,-0.0018030717633475968,0.005691928885063646,0.008834459163710617,0.011103485517178546,0.014053266125209296,0.014683944798827175,0.004947908881141716,0.009013321186651657,0.012884717596855388,0.005125341554730989
2025-01-06,0.010247603167986563,0.003985080022881116,-0.010881260739031284,-0.003990825275626331,-0.005305095025148532,-0.001422211984176469,-0.0077210525411716135,-0.0007226465754709421,-0.015564032898130242,-0.015482769404200236,-0.012439061480568725,0.005147535172174589,-0.007924722273774831,0.004405268534903861,-0.017222015237489785,-0.013957499325058187,-0.0011125949200774254
2025-01-07,0.0,0.013308361878641373,0.016801541463128178,0.015822531228298686,0.027851921236241584,0.009257128036594064,0.016387641938890862,0.003253901341469412,-0.0007187781566218021,0.008040922868669753,-9.844588405139021e-05,0.015363443738012794,0.00017366950041486362,0.015737974662250798,0.015312832559795098,-0.004658731922301262,0.009374433918908798
2025-01-08,0.0008452032414107968,0.0009216353164553936,-0.0004916405241287558,0.004746298334928234,0.01326018918901295,0.0070554901370971645,-0.008293815063289856,-0.02594584968149871,0.01726006431379723,0.004729708882814876,0.012203486672970998,-0.006983552619023059,0.009202113531086242,-0.014224101275422285,0.00967822260787976,0.015121602780900911,-0.01673559086992582
2025-01-10,0.0,-0.004143630755472083,0.002952087991370256,0.018895509613894745,0.023897644860125578,0.02296446180073386,0.022106604194227053,-0.00221985172848993,-0.004595365768134352,-0.00042148934957830786,-0.010695245682957877,0.002148852963628878,-0.019956974165729724,-0.00489563775063484,0.01565619649807548,-0.01542829764656739,-0.003647269041379131
2025-01-13,0.02956086373654565,0.036292165437787904,0.022664867456818172,0.014431163605736375,0.02167265605818991,0.0234380607970317,0.016249982991602296,0.030774828026320478,0.01278413657671118,0.03148950290752861,0.021916537689788518,0.026900566761344225,0.01799355756173604,0.031848781726666386,0.04876133562779139,0.00918574801541272,0.025811996375047608
2025-01-14,0.019278056863452075,0.005353596256189919,0.006236283415640864,0.009977451085208866,0.011150391289811434,0.009517429893912688,0.0003941261013020725,0.014388469112897262,0.021037918426212388,0.018194036462477303,0.019811390190372036,-0.011389390783680287,0.011122509892214971,0.0005019922094342544,0.005324236938425431,0.03623073901065066,0.003934374674719132
2025-01-15,0.02414492396429413,0.014421989227659582,0.005720732445744003,0.009114142998907893,0.03362006839362519,0.009501171513622397,0.010580802464500438,0.02517744505249131,0.010989017945676638,0.016932260188089687,0.00792162029997745,0.01190461347787597,0.014752263807587873,0.019312739138064083,0.028718662478064205,-0.0008612226022827185,0.016314313583397855
2025-01-16,-0.011787885730455416,0.01334208431227668,0.0012325065711376038,0.006631755742250611,-0.0002600898973150745,0.007223225382386511,-0.002450536407042514,0.012452495516521722,0.02105967403946596,-0.0016453656969340757,0.01665426453818064,-0.007590070622760958,0.0052940781787218505,0.011072557213953838,0.010586502941293707,0.0201689581068607,-0.0017038382050463818
2025-01-17,-0.029821039441209396,0.004532668836601195,0.0022725369976661636,0.013113213541029012,-0.012233191269533816,-0.0036111453604675825,0.0059178325136495236,0.02152362052763568,0.008316833788088562,0.006592205535272511,0.0027608019522025185,-0.006309663585938541,0.007523295139500563,0.060598806615618006,0.012054272303331892,-0.0006758983734118651,0.008983084665672658
2025-01-21,-0.028688406528326382,0.01074350952105596,-0.014832351511480324,-0.020003675341325966,-0.03214757454435757,-0.003953826347118716,-0.017926480701795366,-0.012374485769904076,0.030023019774948922,-0.012311818246071415,0.008168171118353218,-0.02732363290021711,-0.00033189276229717013,0.003671572468557649,-0.010776383114489696,0.02519449707018695,-0.007567695077499992
2025-01-22,-0.0038380999779126235,-0.026147873161917246,-0.011699309458525153,-0.01156472356894278,-0.0073509084507240585,-0.014848415852481645,0.003616827683144974,-0.03555714893619033,-0.014093572070407623,-0.02128375660396442,-0.03231682443962358,-0.006923732598513754,-0.01610086880142103,-0.04823980126546579,-0.03189273465724629,-0.023585766128078833,-0.017403857358649577
2025-01-23,0.006421305470736716,-0.0032745677047050226,0.009023871223533764,-0.00255733570361516,-0.0002742518553099371,-0.00029866798752675727,-0.00540569007520697,-0.01790713575596392,-0.009746545756785907,0.045389840302904716,-0.013264335875812772,0.0027888960295860965,0.03433155298937596,0.00960864378220827,0.041679111810482894,0.004898726264882525,0.005660687984849533
2025-01-24,-0.008081660127579049,-0.0024091353584734243,-0.020771146642607152,-0.0023076294314906542,-0.013443225346037146,-0.016121618109375846,-0.019079401182649613,-0.006078167474720786,-0.0068897936099406865,-0.017497156850053708,-0.003432213368694814,-0.020858157027451307,-0.006198084435752094,0.0052342676936101284,-0.007675491245401789,0.0013447525336953703,-0.013527110584129032
2025-01-27,0.0025727358368070607,-0.04390770745361117,0.008445369033916128,0.010150968117307535,-0.01751921039643667,0.0010620832736905061,-0.009580906610640372,-0.019784136077325654,-0.09283117503898652,0.0065298229802062124,-0.039031800788834725,0.005477736918369169,0.010011584961924891,0.006864039194515836,0.012031941044026606,-0.0842706051521207,0.013896595483350316
2025-01-28,-0.0017106979156935598,-0.006199792016896244,-0.01275687023971217,-0.006487238149874619,-0.012737070127815664,-0.01295859475773442,-0.013694662678144898,-0.0220182805156236,0.0,-0.01284401886328912,0.001493390291419372,-0.011299404971004456,-0.015437167547516117,-0.028678881791222244,-0.022503708533039513,0.011915702222473845,-0.01933378400872765
2025-01-29,-0.006855301821999005,-0.004852183177581626,0.0017755575284856828,-0.003328834860520158,0.005447051288296034,-0.00015356387526399562,0.009512561046563617,-0.010506573220446569,-0.005826660975812414,0.004978918103951235,-0.002187023082950934,-0.003469417142899389,0.008087022724011073,-0.009196693062789252,0.00977316326070432,0.002355034510134857,0.0058312051094995265
2025-01-30,-0.008196627110446553,0.03552366261381357,-0.0009847431144636154,0.004046440990386202,-0.0005703569026145328,-0.0034554094583105766,-0.002633789569778555,0.006446583632335745,0.029304049641541763,-0.009445845928975793,-0.005080602892008623,0.0018431401498948397,-0.010805593910407918,0.0019542150310705164,-0.021178140869792417,0.022772373963263703,0.008281967160048698
2025-01-31,-0.04610703209349398,0.03542589337854385,-0.025921322753640785,-0.045611605221639984,-0.027104072808156077,-0.030744342078086073,-0.03550254460611779,-0.019593017882029273,-0.02206401714673667,-0.02834092613404582,-0.02703521667765907,-0.04640222436703212,-0.024577716580819975,-0.018040135542366942,-0.017870059942798333,-0.020498292711145005,-0.02500682218449224
2025-02-03,-0.020975926529871125,0.02641845456556635,-0.003541520875308901,0.0010053564741701049,-0.010263831132616086,0.004849379879138027,0.0007300290729854719,-0.019600201347140356,0.014268857104289268,0.008853218241640537,0.015498143647709517,-0.006002169355133979,-8.487994116268549e-05,-0.002979005646883026,0.023909629915870312,0.0138914053169501,0.002433713131039683
2025-02-04,0.042850496465938415,0.011814291930591025,0.021324155424266023,0.025981139293409727,0.0198518374940575,0.013607540214726432,0.011065097909533472,0.032536146438884694,-0.0029006056438127814,0.06741503444906183,-0.0062480700252908195,0.026310051978844617,0.04878659035417354,0.026394436943745436,0.05000743983477163,-0.008540925317617187,0.026799798000634256
2025-02-05,-0.008932509324054205,0.01855714820195775,-0.0036787373472970675,-0.0015010934717215596,-0.008134864985551937,-0.0032781411030805563,-0.009260375370977458,-0.001898146989751326,0.005090863207658725,0.002549065924059679,0.009173514013919526,-0.00483293084406311,-0.002346037834730752,-0.0030536254949149466,-0.017134295337215777,0.02027992798743039,-0.0007274178186255087
2025-02-06,-0.024785914585044533,-0.0382804363956043,-0.0026943111296592326,-0.007124553749916718,-0.02108962071424869,-0.007987392578477026,-0.028708314730559015,-0.030810277908697614,-0.031114372800211454,-0.03419986567401312,-0.02134623528768531,-0.00802367766822265,-0.0202724930490078,-0.018622778021504804,-0.044471306545358136,-0.014775743918567508,-0.01319622997584935
2025-02-07,0.0013863748660658537,-0.01660271912846245,-0.01580948414062988,0.0047398106603979695,-0.008078901533076,-0.0014208965255947392,-0.011872642408429224,-0.011381383200064099,0.00970877019519567,-0.011913412777548538,-0.00010441721849396846,-0.004257137398016364,-0.004303848608125271,0.002746474787034048,-0.009010155817545384,-0.0012497128627411147,0.004242378154494464
2025-02-10,0.06091369558026205,0.026190398655400626,0.011386758054684476,0.02063961359680544,0.033484013459488704,0.03209484784559136,0.02232316105044152,0.03136154635989041,0.0011095057100340977,0.02438034331995076,0.03005945860087844,0.03420270479783927,0.028345835911819384,0.026145273279487347,0.02802825873627124,0.004111460111657195,0.019101893088466326
2025-02-11,0.01391906898032258,-0.0014837542163341766,0.022416561513683986,0.010720837623255708,0.025102296853442008,0.013250627070958476,0.0021649620309751594,0.01963045516404982,-0.010343535632775347,0.009884408626422925,0.0024319660872031967,0.004754013458628803,0.04720722928841159,0.013831659955353848,0.0005846871715187163,-0.016556797740156948,0.006307883152644411
2025-02-12,-0.040326047025288525,-0.014858841381258814,-0.03254345928000624,-0.016133134716079134,-0.03274492801061912,-0.026079150942657225,-0.040429416878674185,-0.019630149522418927,-0.019036928501571126,-0.039214459089712994,-0.013241561149860859,-0.016046122056289636,-0.034812987013959185,-0.007898633099298391,-0.043684716836048576,-0.00760315895904895,-0.03008674676023615
2025-02-13,0.0053643513625598604,-0.005602113155997235,-0.015243945681063797,0.006326719271896986,0.007359447179081213,0.001397075331775799,0.00456708057438493,0.01193710124271008,0.010654393848083643,0.03270559088602809,0.013829051502376233,0.001045411813762387,0.0039988948151643555,0.015199375299608686,0.0006111595803015568,0.04815756916397396,0.007266017448036344
2025-02-14,0.028901637411333336,0.0054171114683678745,0.0014565292012249653,0.0075890156368676465,0.012273614356533846,0.0022477172147357116,0.005250656025413525,-0.004566331824557568,-0.0003765190107760663,0.012784741376556052,-0.011316592649252777,0.0037593385523584377,0.01991380676611998,-0.007842414249584095,0.03297967799104762,-0.008353567744473933,0.0010172982861895719
2025-02-18,0.018582582032601547,0.012499940871866233,0.012362367180577927,0.005278882443063404,0.0069284403417408935,0.012605441102227388,-0.0014649607515563323,0.02178913694247875,0.007532911255379915,0.019030982686918607,0.008073611932528202,0.01622967339957304,0.017494598973336384,0.02155687688368868,0.021284301020477514,0.014390928672576964,0.017553537654496187
2025-02-19,0.0008485401184332719,-0.0019156265050561672,0.02175472210032292,0.006851696532116591,0.07712147414872672,0.027417066190612127,0.022327052317387297,0.00037401592692565266,0.005233674147752998,-0.009359959431609943,0.005677184353374942,0.04402132609313636,-0.002456124266303039,-0.011019858751331713,-0.0075259464297526835,0.008131506887276485,0.0014527225533707
2025-02-20,0.001271774165045203,0.00042645609219937874,0.024404959335917686,0.009921897115291012,0.0260845153935938,0.008473947796354464,0.011418907937276845,0.009349359544521985,-0.011156421298209929,0.010406085625582095,-0.005745995326873143,0.02157296939858533,0.012234496495688196,0.009957138730808834,0.014509672460385703,0.0030890767521942752,0.015412596319211547
2025-02-21,-0.03513965418929854,-0.027499622143170477,-0.03980390097042941,-0.01177646510188235,-0.027496579055406367,-0.01909039968302173,-0.036831371124958934,-0.02704708125131272,-0.006769542470856371,-0.028622038599988353,-0.005373684134819756,-0.03205996719694004,-0.021056722970812514,-0.02018754677619361,-0.03162259659999356,-0.017279770532046324,-0.011696373231826707
2025-02-24,0.0035102378143958557,-0.021920188362550497,0.008984984227294213,0.00618141999085986,-0.004801330218140443,0.00413284025038374,-0.005700817732288033,0.018278708276004307,0.002271868257273768,-0.0067646666250322784,0.00020398080394334883,-0.011106674369737779,-0.004309359161751125,-0.005031383452956395,0.002374678561224197,-0.0019149736101173875,0.005239690047074141
2025-02-25,-0.021425499934556114,-0.012998508415405952,-0.01760765999693903,-0.009310262157868787,-0.03832741788592975,-0.017286558898107596,-0.0213232039555159,-0.019072595180356644,-0.013978034047563148,-0.0138179169357171,-0.023950330968277478,-0.019454447369573802,-0.00645252981963107,-0.012520922646254262,-0.01036548587049324,-0.020059295149618794,-0.01384019559086902
2025-02-26,-0.01653255722348701,-0.012034560414646678,-0.0097857657931536,-0.008183111929845444,-0.011705880244402112,-0.01127021697820918,0.0033570506783857645,-0.011818395885176858,0.0026819292899744607,-0.028487694986389478,-0.0001042994812758824,-0.006954446276021153,-0.006494562226656342,-0.009997694620522912,-0.026185966058918986,0.012815983956284693,-0.0024606153965219812
2025-02-27,-0.07223979890180221,0.001608726451465925,0.012899118856148695,0.00986199918243913,0.011844530904723927,0.0059303835567452445,0.020730777876909245,0.006944437509472712,0.0015283654923357037,0.011483091864627593,0.009189561900791565,0.002059735490439696,0.01570462504412773,0.00763556107563379,-0.004071867059924683,-0.011247919697508824,0.006303799155080947
2025-02-28,0.013712007509641744,0.023175885071453406,0.018280875312324474,0.012446597606391663,0.009475956966330745,-0.028098841746523773,0.02165955923859131,0.010344779182551722,0.033956518958607296,0.01486676787052188,0.038803725280532886,0.00390538042999955,0.01789500489915441,0.018332950429897243,0.008485565933857409,0.03412726798435117,0.010712537426402324
2025-03-03,-0.0874397544792409,-0.022202300735421066,-0.06575903653159643,-0.034863272325907024,-0.04997244788990729,-0.050417612391610245,-0.06894816139240312,-0.05157372616037481,0.0014761405517356163,-0.02903179539015055,-0.036158849952595995,-0.048935145703163485,-0.036240194391014446,-0.04416710179580885,-0.017823047816434623,-0.009969013266528659,-0.032066769604912615
2025-03-04,-0.01694014984204628,-0.01697240749994766,-0.021483312325976556,-0.007120044294581018,-0.0046497956464014445,0.013024826538898804,-0.019999980589138988,-0.034386300349287025,-0.005526863805191962,-0.021944933519029264,-0.030694526836612668,0.0017220473572343575,-0.02160178929516643,-0.01858358753701328,-0.0061525932963582,-0.013888912062334668,-0.002041508268772696
2025-03-05,-0.001615351965164158,-0.012599166840793985,-0.019417595730558568,-0.007828817043543213,-0.017226328502919386,-0.002129276445971273,-0.016133572249775963,0.008757246793832829,-0.009633378610808596,-0.05258716732271507,-0.020471210823491015,-0.021921277215847024,-0.020852158749201877,0.008956040102339635,-0.045842693309211535,-0.01021121790845192,-0.019527658122098668
2025-03-06,0.011326746009243216,-0.009924421916616133,-0.0031501711849912795,0.014190061951757427,0.006238846041676682,0.0027902886405468674,-0.012702829267026927,0.010748239460362408,-0.015712619063542488,0.018058031057040846,-0.02318500237386034,0.004394559327848047,0.025472027003778708,0.00836908310327944,0.034822610944399646,-0.02863745175540966,0.020675359116424374
2025-03-07,0.004799967376230008,0.023627605175638333,0.022911998236948117,0.02216405820024625,0.024800656687898437,0.025124830998083825,0.001501104162876521,0.022494988894218748,-0.006461413402115368,-7.276242429798963e-05,-0.0018943463916699654,0.03347209226964187,0.027607955010939822,0.040493219658409796,0.0067459530851283755,-0.004211812388942082,0.01300868645146136
2025-03-10,0.009554183440322106,-0.0403356879900445,0.025046918934764628,0.007867415934486699,-0.014404981262854388,0.005029515731152623,0.003354465394520112,-0.004400098475908942,0.0,-0.00937836750298604,0.020654229085713238,0.007659608711595878,-0.0003962099427748944,-0.005559659952377061,-0.00039410667208050754,-0.006620026070388918,0.02549982066089207
2025-03-11,0.009463764894483973,0.016763890247129654,0.027018315278311666,-0.022148873833480298,0.005846253421115222,-0.011120868796578809,0.028951539889536138,-0.009240707759479494,0.010329043948176908,-0.011301957607469437,0.013126184257763684,-0.02280423790011399,-0.02045500034544001,-0.025765695164905678,-0.029731956779233237,0.017215832137223108,-0.023613481086777632
2025-03-12,0.023437339472998087,0.015053771899781854,0.024525720163573572,-0.00915101176278732,0.009880772488787937,-0.0017671664766061301,0.013135104321457813,0.00202754052495413,0.004165155758774963,0.017814696137383512,0.003778820048478515,-0.0038893447452814645,0.0034803142194694825,-0.0007483969082515696,0.0174754721094581,0.02456774831821873,-0.0002749269681745492
2025-03-13,-0.031043141237004468,-0.01741998223006258,-0.015959072366127147,0.006157017447611768,-0.027625923770348115,-0.025589477750404876,-0.005117708152646228,-0.014973552644591548,0.0007540973232640358,-0.0007292726780748771,0.005700833636905767,-0.014099642695470704,-0.011937329360016125,-0.002996325635302055,0.004952915378799494,-0.002131349934144766,-0.004215167348188942
2025-03-14,0.029936948874053515,0.02635364318865374,0.028693083522300267,0.02219901477665931,0.02980618070519081,0.023371103923220504,0.030178317230056706,0.029991724404137665,0.021100112758254852,0.030141492156772642,0.031337054357117644,0.023762223734364207,0.034530606726151714,0.02930130167653444,0.026549912438736945,0.028555985786691496,0.029723053330409588
2025-03-17,0.021417740673350893,0.02427646170097253,0.004143525211128818,0.010826569075135684,0.016208493576891803,-0.00274374360404106,0.01884152413663731,0.0059832236616670365,0.02546138647568963,0.03549446865720607,0.02084397202795296,0.015688952335032758,0.019411301826391725,0.008029121804170813,0.02950311292421892,0.019556559430958353,0.01662202108186306
2025-03-18,0.006989343543042814,-0.00410209854057797,0.011775398649034985,0.013167900834587076,0.007405114048141037,-0.008172756231212275,0.012873360330746042,-0.008723118215294812,-0.009715840740584625,-0.0010948389186039575,-0.004368093602939438,0.008252237844458277,-0.006037597680013107,-0.00724106226920429,-0.006920014023303334,0.00017128285283285472,-0.0010549589467168108
2025-03-19,0.03173033725084062,0.02059470625814419,0.007957800176509267,0.02014816381980955,0.019225476240938733,0.019335888514027344,0.016774243550192525,0.003199913450020242,0.011991472318360952,0.024451983234043295,0.02081420484775509,0.0065057522284230895,0.0045946086199808445,-0.0012155818939144636,0.013709077927805069,0.01575335306916892,0.015575529559983092
2025-03-20,-0.011532871552018875,0.002018026555626662,0.009671322860983045,0.004388907660972441,0.0022191692579569544,-0.005122506760925849,0.00558357314289748,-0.0035884397058961737,0.007540290107110881,0.01591223641792161,0.005996939080378683,0.0,-0.001395286634454096,0.004868342026145056,0.007396848597797101,0.007248824617542837,0.004245700185775414
2025-03-21,0.0019445882317119523,-0.012978234929178933,-0.0038119820570280405,-0.00012136768774462237,0.0005537274936391334,0.006999206865124119,0.0001263015914001464,-0.010004146472622377,-0.004632872367143603,-0.01309627929340551,-0.013015523384729333,-0.00041708407048257623,-0.02585008171217229,-0.00702516097542949,-0.024623725531437435,-0.002510430958532317,-0.003451209348022899
2025-03-24,0.011159533344213157,0.011108440554218113,0.0026492959367674374,0.0016386626652504788,0.022406465737175196,0.024766426362655913,0.01583599944686287,0.03476158395807305,0.027926904915956063,-0.008535615104844796,0.029796884787349542,-0.0004172581021902877,0.007809358171446901,0.01732126650349919,0.003345801129811754,0.024999951722632918,0.002597457625065136
2025-03-25,0.0023991944592629544,0.013004513229744052,0.0035227999219418216,0.005575243557878862,0.0002705396599731458,-0.006938637788052593,0.00366434815047767,0.0035157040108080295,0.004179731120860675,0.0027574989981076214,0.0007820216456884133,0.022746341625629496,-0.0077488446680192835,0.01390890314790072,0.0003788140299270104,-0.0029465030553524896,0.006822060185939671
2025-03-26,0.010052849275890008,-0.025674960342376707,0.006338460213085595,0.012233235241295937,0.013524497099707933,0.014130883206686429,0.009220199038065369,0.00038918827731349026,-0.012140198500699362,0.004829321158064781,-0.010939667353868643,0.015098934244569095,0.008606390362599248,0.0033110709902037794,0.019091118584504185,-0.015760905968333017,0.014409348995284565
2025-03-27,0.004739261126695871,-0.008859584673468701,-0.003682178792787205,-0.007858534208120882,-0.01574595261929934,-0.01896565168547848,-0.017536315834429717,-0.014007789045854202,-0.008778108204029023,-0.016420721842378083,-0.025479082439910594,-0.0048241424649591025,-0.014616492050766872,-0.007543386906085803,-0.009589742738147389,-0.008673815725555145,-0.003212816757545922
2025-03-28,-0.013207510791551802,-0.0126060618691467,-0.004376635332975387,-0.003360348587952311,-0.0032538388662060047,-0.0011047409671152142,-0.016788230850191654,-0.010655096123146968,0.004959362662845024,-0.022056282333701382,-0.002026648683217447,-0.01373452981283263,-0.023733130524704382,-0.005225761817809871,-0.013135272857170421,-0.004038517338244785,-0.0013572893662924246
2025-03-31,0.004780038890429106,0.02019502864728895,0.025886521025020315,0.007224969733076403,0.017410243676078574,0.013034293793054541,0.01485348465675429,0.011966605050535373,0.00563974018944835,0.011033919929938962,0.007514230049599835,0.010853998461937353,0.014126176663378898,-0.0019102337174130568,0.004487611577260742,0.009630094514713639,0.010192894479504222
2025-04-01,0.0052330867452912155,0.019340100834772667,0.0035230421894112407,0.007292780476256144,0.004545593459504893,0.008265699539272253,0.006191977470741961,0.007094996913541429,0.0035050610544011818,0.006452068647331277,0.0028218326582738484,-0.0034441459394574103,0.007045587558336841,0.009569543504188704,0.01264466947502041,0.013554191263156712,0.0009248504388081891
2025-04-02,0.005205940352028593,0.002678543933124722,0.006736834080545817,-0.012106096481768636,0.009315881415696836,0.0051817517698116156,0.0038541256493036524,0.005870740633237004,0.010129230320507832,0.008661199461268199,0.008743840465635255,0.002846265751707877,-0.002332119653814746,-0.00023712149751586864,-0.0008972223186362038,0.017005138122969665,-0.0031081327087824073
2025-04-03,-0.16478359454817515,-0.09038283561559335,-0.10226194264399324,-0.06217350482945927,-0.1255275110210593,-0.07755643655289479,-0.12514716918472324,-0.12879374414559908,-0.041493805014018115,-0.13056117484590313,-0.07641733156055686,-0.1100750696192897,-0.13606319395836508,-0.07063282956053762,-0.14466403091758573,-0.04172078574719895,-0.05258285270624763
2025-04-04,-0.14430647012404507,-0.13338233640883101,-0.09406830190730464,-0.08224435879547565,-0.11610369636092854,-0.07790464883176196,-0.12676954534471518,-0.10763736811022506,-0.08766229208246279,-0.058480438269913115,-0.12772382681116867,-0.07653756884357066,-0.07809291870734014,-0.11298138757141818,-0.08399682364690497,-0.0755547720731925,-0.07195588450864565
2025-04-07,-0.014492751681691396,0.008472372891992874,-0.007185076200646456,-0.02184526678145038,-0.02388254442699611,-0.013749435959515499,0.00940268207989714,0.0005005117430760819,0.0031633345237278565,0.004873291252689649,0.0006184738537959866,-0.044154125549728196,-0.022467493865394483,-0.04715359700553923,0.018912872999428343,0.005130988535112291,-0.013417472043516399
2025-04-08,-0.06216578239763848,-0.019882663147482993,-0.03513470747185021,-0.0229753530404464,-0.0632646264573764,-0.03732916744209824,-0.04239949572876256,-0.03651828777687827,-0.006306718786187937,-0.02556309019688452,-0.027190830346859207,-0.06812894417687254,-0.03851316580924491,-0.03590803928645536,-0.013968146560161765,-0.00948038689969477,-0.02108053071751459
2025-04-09,0.19101923311202573,0.10714297312366372,0.10706504549960205,0.06645720311030257,0.15932827441515784,0.08660432770613258,0.13148841696032343,0.14589822972648236,0.04125344654384855,0.10856154573949439,0.07813493417084927,0.11409586703666474,0.11047690981297054,0.1261344166332885,0.10192049453864072,0.03846858203606862,0.049915836698754434
2025-04-10,-0.12627159283764822,-0.053935427908671785,-0.08982626857485454,-0.07566934405399817,-0.10685543512400908,-0.08277075496854425,-0.08723022501671096,-0.08155871915132062,-0.017523873852692606,-0.07525461722778193,-0.042658572402233697,-0.09346239442002657,-0.059536573784784164,-0.09560854275856256,-0.05944783558161293,-0.023927617406290347,-0.055482031357940165
2025-04-11,0.030136839956607098,0.03464252762842923,0.03721946162034251,0.004815468954451285,0.01729716885630439,0.037568146612555475,0.04749897104467937,0.039467301839044566,0.026366934693539346,0.015633986934854516,0.016248373477241618,0.03290357544449618,0.004021225889242919,0.04363857591293496,0.015503085640372616,0.023969500648135078,0.032122451386767725
2025-04-14,0.01063834605898828,-0.003163587087819719,0.0006944532572377149,-0.0022854933940660294,0.01771181875982375,-0.008291910537862934,-0.010619190288583158,0.008542955983630307,0.012466913856884032,0.01150440217006543,0.009932096918994882,0.006105690263438435,0.004518344300204369,-0.0011780402351447838,-0.003342261869834773,0.017201593939768944,0.0024238506344202992
2025-04-15,-0.02039469446154507,0.009256861662571891,-0.008444197188939406,-0.005764127260740715,-0.006961386798188696,-0.0014863384030678883,-0.003917288403785801,0.0,0.015671577225285338,-0.020985073212744343,0.00935483261462755,-0.0026385513205514632,-0.016458927149684777,-0.004717015934070035,-0.025197155563545848,0.020571886331791633,-0.002804861966992145
2025-04-16,0.03223633849463092,-0.0007861296896246595,0.007466146966476295,0.00609476069796866,0.026989038539418697,0.01629027885908707,0.024225217418781808,0.00847049904777708,-0.009919073016565139,0.015053508118069159,0.0076045422416635144,0.01719569704648416,0.003741898027805224,0.011552262462207086,-0.003905129079909808,-0.00478308850896747,0.01057226866836225
2025-04-17,0.04814575657168563,0.020456274882041825,0.030338239438061798,0.01854316254195676,0.03447107425843354,0.020879618928918875,0.05698049108967873,0.05133005198795093,0.005565753596087797,0.029418816039824103,0.016863318981386266,0.03276982642061843,0.026198647093686356,0.02811136225185895,0.027349830626983263,0.006179124303888006,0.026202016228094926
2025-04-21,-0.03786472377060657,-0.028527554062309668,-0.016071034625971592,-0.030028273747328194,-0.027383637889997536,-0.01257908073294256,-0.038433434862051974,-0.027075002683095706,-0.048339508288210986,-0.00782958308861148,-0.05114248774942598,-0.017375980542325142,-0.021089716012535842,-0.013956195889772371,-0.011084812552293766,-0.03718862339949103,-0.014683890799149668
2025-04-22,0.04000004985508898,0.014814940774764418,0.02524272199625255,0.026695680170124136,0.058344531954457324,0.020254617344085846,0.031658252314647806,-0.05565691653059002,0.031407665274113095,0.03685288367513162,0.02725506701412872,0.024346607682048216,0.04009885867519136,-0.00028892418654591356,0.0332599361973307,0.031183591499008623,0.028002025133516018
2025-04-23,-0.013240928175055955,-0.06439015319287633,0.001893788779341543,-0.0045157430931486164,-0.0038462043759843745,0.002245686834730698,-0.007323901484419304,-0.004347923260615838,0.0,0.022147820695637588,0.007257572884858288,-0.0035026261124661007,0.018632351179682205,-0.01675819915843435,0.018139726901409414,0.004810894675024935,-0.008587313435205246
2025-04-24,0.03897762136452321,0.013653190569487661,0.020794080038014195,0.01748615540317222,0.012548332931549666,0.016940111099561284,0.004574510215915151,0.029112063500834173,0.010150420741012578,0.02412509133557572,0.019135292349020228,0.013557433994284107,0.018583448352391008,0.026447243025324862,-0.009956291443325993,0.019322937443188692,0.011735116797807477
2025-04-25,0.005535138101594228,0.0019239075080765833,-0.000871544245994782,-0.0024448876089356864,-0.0038130801699918226,-0.0034373805807360602,0.0044064410533464216,-0.01697313432223657,-0.000744350127575899,-0.0007271597414254538,0.00034769676941226457,-0.00024750777995896645,-0.006877599191684292,-0.011737577739702632,0.004498945037848534,-0.009729952425144517,-0.0005523158619550328
2025-04-28,0.01223237342785577,-0.006584402230148334,0.013192405873039936,0.009875359304210907,0.006379479958638079,0.009463226055888896,0.007750969595470059,-0.009592446888032846,0.008193648623942007,0.001018650295207646,0.01807452115611574,0.003716446122929762,0.017408900988064913,-0.012166860991521644,0.007728081716064095,0.01067254923870653,0.000552621083345084
2025-04-29,-0.018731195619355656,-0.00800885485455105,-0.011298997657756993,-0.005710261079402201,-0.007923878300572285,-0.010601001931404674,-0.008489628527580506,-0.006779526975545291,0.0051715806328869185,0.005305981981258867,-0.00011395817772430483,-0.0039496276293197186,0.0020797712039670735,0.00029309706323954465,0.0067100936094024455,0.00016757018639679266,-0.0024853845724627233
2025-04-30,-0.04310333463473315,-0.01447639452853322,-0.030039052963671264,-0.023259164727203685,-0.028434530881710662,-0.023023136053993087,-0.03395527710865731,-0.03364211023523378,-0.022922172739725077,-0.006506869786720104,-0.06487587986162358,-0.023296182299469836,-0.018301826487813422,-0.025212296267845713,0.004934328272237609,-0.018434620598594242,-0.02519390842865632
2025-05-01,0.04375794342642059,0.022316161153502545,0.017167756562519232,0.0014700730526990835,0.024662907047937166,0.012236071332255571,0.02136223441720797,0.0055499743584142,0.0,0.0022559278760712065,-0.014970728671505396,0.026135459228101343,-0.005765800824184986,0.01473684210526316,-0.010422925865115285,0.003926856337785001,0.001420119041995349
2025-05-02,0.014796522223955888,0.02514514541399615,0.008384002553698755,0.016439219737451438,0.008985997538315083,-0.007342487928589714,0.014684999623277628,0.03361762189634354,0.02015213589464837,0.027809999953294806,0.02285935363987157,0.004203931078805345,0.03566587154740297,0.02934186748246881,0.035254219850866964,0.020408127451392755,0.004065023134262713
2025-05-05,-0.05832310970687593,-0.009434015085592384,-0.04157103967694242,-0.021660852271868314,-0.026081451571453473,-0.02110769821531777,-0.02726397496353039,-0.03592227307043139,0.0014909322978786665,0.012575103157740797,-0.019572059973660627,-0.04432415578465554,-0.0023331857059299965,-0.027929903303068326,0.0034472703381689396,0.002833344445785091,-0.027681021847030696
2025-05-06,0.014838693937803127,-0.003285856037485879,0.00022826095296335502,0.0007381042753324962,-0.0009797967758353732,0.0018430649318224024,-0.008265880052446217,-0.02114801219277762,0.01265349854952924,0.008511884238812106,-0.010729898780580172,0.012110242643699198,-0.014125506731407,-0.0053315871623486055,-0.019607744221948997,-0.024430692649718422,0.01394396874975068
2025-05-07,-0.015893222576090382,-0.0024722488594270953,0.0009129267672374208,0.0014010226124379077,-0.00980712623815505,-0.006898467433511191,-0.018260192416688303,-0.004115216711219505,0.015067989763826617,0.0009684370697697897,0.012107535511321377,-0.006873733228579315,0.0015183310411568396,-0.0023822694233388564,-0.0004273534364578335,0.004088402802939095,-0.0009549879543981898
2025-05-08,0.04521977475513417,-0.0016527512548220047,0.012655453788023463,0.009205314811773224,0.054143275747328135,0.016115540835733855,0.05101493836577897,0.04545443868910648,-0.020999339700931596,0.03649176632796025,0.02492206494006366,0.062291675741516395,0.03448607907451717,0.024477460724621647,0.0408721710274631,-0.031896789777071555,0.013956610740289088
2025-05-09,0.03337447387223369,0.0066207675775464825,-0.0025895555374161328,0.010581088075843903,0.018791166836371165,0.012852135362069417,0.012556710427456652,0.00592898695947186,0.009985245765739448,0.006134554734806619,0.0006079831686014447,0.017374596717161683,0.01584378354227889,0.006701608228559586,0.009857886533732874,0.010515264076186304,0.01169039419562612
2025-05-12,0.059210329108216664,0.0309674079529505,0.04153973728282301,0.02260071622615345,0.03135559639581276,0.02645777127725646,0.03647855746331352,0.043713071203739684,0.0,0.04804826067635726,0.03329275976601287,0.040322653291935184,0.06996039202601145,0.037626702119134325,0.06149849850894795,-0.009191821877546524,0.01723985168798925
2025-05-13,0.04234897114878411,0.014885631286702283,0.020591702366733244,0.005154749065018338,0.022056627760896452,0.022707462649486088,0.022739921586247824,0.002823499682592434,0.006957144436641194,0.029720460961587536,0.017286009446513928,0.012083740992808512,0.05805528315527897,0.0072525209635219134,0.0354050275047999,0.0164538118487203,0.002748097597681909
2025-05-14,-0.01570935471903301,-0.00890504397792502,-0.01699058435369949,-0.004776992350061793,-0.009623779728913928,-0.009087159113823073,-0.009235800727540378,-0.0037540975636729534,-0.0014546077586128359,0.004175962506610231,0.0011559944720922477,-0.012840722542241112,-0.006928384370722185,-0.002769583339200521,-0.005847151599351008,0.002238673974547023,-0.008952901183862716
2025-05-15,-0.022564907804682788,-0.0029071176727001324,0.004213156299566423,0.004164599051931672,-0.01648997236428995,0.0023359211804097058,-0.013002372086162062,-0.008949614230650327,0.019665044122369357,0.010824247327158032,-0.006696875731831531,-0.010269174018235572,0.0005613542897038304,-0.00805317153888585,0.007817089886449136,0.009793767753599303,0.010140454778358787
2025-05-16,-0.009572121612628992,0.0015903425760597223,-0.005701348997882216,-0.0011245751037830543,-0.004191848675714205,-0.0031072344555318487,-0.005776608461145916,0.009981024814145423,0.003214298040930874,-0.007078431281356767,-0.004184591669732063,-0.007608912513394905,0.007694198891658344,0.0013998001334074583,0.0027332221194140693,0.00034028319611478786,-0.0035918757536893553
2025-05-19,-0.015349576865211656,0.003175428675141312,-0.013529756191149378,-0.01353373976779293,-0.017137546287787297,-0.013419907154710864,-0.012612421522258277,-0.017882288710402094,-0.003203999431834026,-0.01127219050299233,-0.010972153155269004,-0.01696103405106253,-0.018871083186415283,-0.01845115571678202,-0.010387555895015832,-0.004252329309897496,-0.015897887566349578
2025-05-20,-0.004041611723642813,-0.015035696023922518,-0.007963808466281419,-0.008809425437917962,-0.01590703387600023,-0.012022827109340328,-0.007176355557985126,-0.018687244275901183,-0.0007143521042667356,-0.004560338560834154,-0.012038331153897408,-0.009690292994498195,-0.010476207666454629,-0.015380429125501749,-0.007432258788899304,0.003928868710620259,-0.014276410641527515
2025-05-21,-0.03130441207241075,-0.018478708028965674,-0.028319767685666464,-0.012457085672809343,-0.02082679533908982,-0.010659022635628124,-0.014745293671572068,-0.028320370291172958,-0.018227280785569455,-0.02440545206155864,-0.02245850116683079,-0.01837722381087925,-0.07543434109342484,-0.02024877675969239,-0.03335611975143993,-0.014292974715317541,-0.012291457111154203
2025-05-22,0.001795598690846667,-0.0016372064789847984,-0.01170396712287558,-0.0019918002232774956,-0.011428596452868423,-0.005297168804384689,-0.00014652258266312224,0.0030152427280827343,-0.004732510498321241,0.013975904094233327,-0.00562137769992066,-0.0012155283388308735,0.010735341436657997,-0.0035428086742574916,0.007198732654281059,-0.003107230450926979,-0.0066563765789899865
2025-05-23,0.00657108500291681,0.004099515409240917,-0.010913661718496392,0.009239455117871387,0.0006422692119909534,-0.005505929971502566,-0.0031552586335119592,-0.0025050660974913486,0.019019907929958224,0.0013845517329673651,-0.002826628166755052,0.0051119277233369065,0.0013276822988050885,-0.00266664187091481,-0.0013207138432999033,0.021471839694816586,0.0005825902697498275
2025-05-27,0.0272995538001084,0.013336954648120791,0.004225801560106879,0.009447671772567112,0.006097672808399013,0.00952989254154124,0.011997767889465827,0.0030135293535851204,0.01184488801482697,0.02023747008142096,0.007394701623352873,0.00799221450358778,0.010607305044989523,0.008021315588753186,0.016803001544632323,0.018816798281610758,0.004755755256755645
2025-05-28,-0.007510087327376347,-0.014773017579737147,-0.01133843655420086,-0.013132152148991216,-0.015630030770004466,-0.0070125896995969494,-0.008800726577070095,-0.0055081881777506725,-0.008513666382998664,-0.02291625683744103,-0.014069066270973485,-0.01201339937631507,-0.01364474158586293,-0.010315298761056635,-0.0289191560451183,0.00865216694773574,-0.013620316726880577
2025-05-29,0.0093132163822236,0.018538840916820565,0.012059691287738872,0.013895098233402292,0.008101112013498168,-0.0051606643050857715,0.011226978100503882,0.011077492271499567,-0.001073373311820447,0.008259226445261447,0.0011167903552331548,0.008268439883515555,0.01693719030588836,0.002977895927783747,0.017568712825579258,-0.005773583074997979,0.005680198316519558
2025-05-30,-0.01903125206249401,-0.008297657738428832,-0.002920690750592869,-0.008773914798848703,-0.0273223500264117,-0.011922088506153061,-0.023655769562845874,-0.024402347483851283,0.004298106720326711,0.005127559804785076,0.0019831229592774946,-0.016401455749839755,-0.010463937354307729,-0.018705526253185,-0.0014710491756979582,0.0039820339625247225,-0.003797972141208472
2025-06-02,0.01881247093246885,0.007287257617029752,0.016051633123537856,0.00833950885726753,0.029081153224792322,0.025513523135768823,0.022593869941545996,0.02143948568891041,0.021754511763380613,-0.01238024603269039,0.020658244041699136,0.016184430441388065,0.007049702827137239,0.008774663717419307,-0.005194901059900836,0.012559913859285121,0.007331429405278644
2025-06-03,0.05424124359983673,0.005895040395209605,0.013722288427275409,0.012405688623277067,0.027938362659661653,0.01329261234138035,0.03408673649725302,0.020989481990164593,-0.0031414434767966792,0.02028346339081022,0.008847258910565703,0.030164096562826037,0.01478829395191128,0.023095326066765898,0.02065467478304761,-0.0026113832862919573,0.007278070743416576
2025-06-04,-0.019157064206439367,-0.00665958460700955,-0.022295556296297647,-0.015621649462500553,-0.014058137710155627,-0.018170561559532894,-0.020593024413446792,-0.012339569053799293,-0.018557254983396332,-0.03099325029761102,-0.03267665506556261,-0.01827120370176749,-0.030093995982906963,-0.017294763776038335,-0.03367695479619648,-0.016200300002669255,-0.014450966331561399
2025-06-05,-0.0039060663885024383,-0.003754236232160646,-0.006980818903898012,-0.003421307647668015,-0.004435928491891117,0.0023471653180329177,-0.013634951321655042,-0.002998406585147939,0.007491882190819643,0.008028019795868868,0.008320943269542358,-0.002147491875787999,-0.0022226400520654055,-0.004813468468030768,0.0026868092526202147,0.007318786462978011,-0.004594274645856045
2025-06-06,0.03641433662766169,0.020188383535988175,0.021909846564136748,0.024178267146289123,0.027689325113664287,0.027199937943584107,0.02262637787188093,0.028571363988335152,-0.0035410508433132426,0.012072387389199468,0.006527918754224427,0.01721672093059845,0.018355096907461732,0.023881401084431264,0.011585826348244455,0.0,0.023961338162224344
2025-06-09,0.007027005981742329,0.011345645353395994,0.00940145583782992,0.003922513235837144,0.011149109158214321,0.0024550532143392534,0.011169753264399729,0.02339165082390182,-0.021677276981918014,0.0009369559308229913,-0.007342218408744383,0.016455097835972987,0.015836958186812744,0.007381142427880016,-0.0007013358305621997,-0.014861381738759505,0.006713565190589632
2025-06-10,0.03489018084733364,0.01956687920353395,0.035665623167590255,0.018400294209661272,0.025114698328292162,0.031050377092808557,0.02420323412586356,0.03571424236638454,-0.005448743719178584,0.014787456952003897,0.007396525313058788,0.021162810976323554,0.022394443724729207,0.041031607241671875,0.02861388470643189,-0.01173317265044349,0.021434616087488534
2025-06-11,0.017116072178153363,-0.001279570445440803,0.023799145163402757,0.00997547690599343,0.029877542138165625,0.017305846646098688,0.023012952881343862,0.02023021471965425,0.005113331092051032,0.012420161891431247,0.014439626428916164,0.02117964713002185,0.018955411046644777,0.004786076063076461,0.01614490007630387,0.007801898314284905,0.019492550317641077
2025-06-12,0.017338180737801023,-0.01024838147342022,0.014354549336001776,0.0013123483137242875,-0.004061384534220225,0.00558695855056901,0.002753015248696755,-0.00946390970474642,0.00508724509496794,0.002490071876986244,-0.0030156873518981664,-0.0017841545506621648,0.004712595120773155,-0.0016810987372609665,-0.0041772556999144506,0.011107442048288174,0.003842324853355006
2025-06-13,0.05313274888315789,0.010613514536465862,0.023972974091791555,0.006484003929672522,0.02992067062016246,0.038892217173614796,0.03736705101729143,0.055050087783633295,-0.0007231329925369012,0.006542518003288755,0.013309121192932594,0.03775698879385159,0.0051844636731441796,0.018804377929477534,0.004569221786064448,0.0033567760258972346,0.02178074675051067
2025-06-16,-0.02427418285815286,-0.0012806819449285856,-0.02021446345101341,0.0008224383786699097,-0.013956151250662852,-0.0167625082804842,-0.025046791602769125,-0.01207415703091852,0.0007236562922769973,0.0037917948320236317,-0.019104573132330827,-0.024111977656103845,0.012034298839491031,-0.010743788469211979,0.027216483976677308,-0.010538574539156298,0.003210839597735493
2025-06-17,0.01365857743378962,0.015644914571156576,0.005263058104705953,0.01931114490310115,0.0025996859033172726,0.011852542476273875,0.012580172285417746,0.004364797525410857,-0.006869183530950562,0.01978661705989726,-0.009616519197441109,0.014339352771596037,0.007442225135155134,0.004734206194715984,0.029108749388193855,-0.010989096537452503,0.01351352779274917
2025-06-18,-0.022617965121630612,-0.01565659317583956,-0.017801060344801112,-0.004434013134185566,-0.019302759824460947,-0.006899870421070875,-0.02713647833493693,-0.031725181241650025,0.003640308473353615,-0.01563973135466523,-0.0023352885680791857,-0.013701641495688643,0.002248245660075643,-0.006374935146834515,-0.0165762190263834,0.010598278798941596,-0.007105215236045792
2025-06-20,-0.01674050905687796,0.0005130813256382094,0.009488317418240966,0.009177414465893374,0.007344187805907287,0.012441505407363662,0.00047053377444461475,0.0,0.015959406098786655,0.01015398749911478,0.014783836678430085,0.006174272565019789,-0.0003204393260021199,-0.00027887771607726375,0.012050096092479645,0.023173321093063137,0.013340348502516752
2025-06-23,-0.07911872231667771,-0.02999991511285749,-0.031471232347291656,-0.017987171781565392,-0.04257783546538296,-0.026572045102849384,-0.051730142990641714,-0.06777375232641203,0.002856173643560833,-0.014841509737143599,-0.0305936945927191,-0.036817967796309636,-0.030052946017846804,-0.05887280211250001,-0.028632358635745536,-0.00016545700226000548,-0.025806511334361848
2025-06-24,-0.011419257223882373,0.0037007496321643796,-0.025297031167831996,-0.022538504083133515,-0.014620914828536669,-0.010738577871524213,-0.01275213524254648,0.0004813383452684228,0.016019925781531663,-0.00792276038949391,0.008891644596185078,-0.03344709038910865,-0.012971913991617567,-0.006818733637392493,-0.008828183616866325,0.010582085297145438,-0.030427803140977483
2025-06-25,-0.020902146264619614,-0.010271271193029952,-0.004362878587346963,-0.002229373934243939,-0.006800528595284572,-0.007126283043923709,-0.009401015615990937,-0.025024062414993664,-0.008058911249618772,0.0024200839979235944,-0.004592790505981492,-0.0014125244013567517,0.0014229389067277332,-0.009552220132144074,-0.0009569199827558217,-0.007035392485999714,0.0002770396311482237
2025-06-26,0.03651708410502308,0.0196912353766705,0.021235878202067182,0.008448137567128144,0.010893273256373348,0.010933058781184668,0.020501325948746763,0.018756129477797145,0.020487453181597504,0.011044763359721488,0.014091527530401438,0.01744467543038475,0.004514004334897681,0.019590127801759172,0.009210047016752876,0.03592022161340269,0.014948685091572544
2025-06-27,0.00596194906219516,-0.006784836702069752,-0.007921489973798157,-0.004500332523212802,-0.007081361886843274,-0.002724306276767008,-0.007808491849404797,-0.003391350721007602,0.003115346305973432,-0.0006567055766893981,-0.0008608506193786836,-0.012974947902101075,-0.0076558861535567235,0.005320579685033966,-0.016646042719727583,-0.003181115631574971,-0.00554592074242799
2025-06-30,-0.014547361229106937,0.007356668832730451,-0.004768827328886505,-0.004172598098937885,-0.013643351886235333,-0.009850952112200884,-0.016956582545681997,-0.00923682724844499,0.014492647338109288,-0.007765251088441616,0.004676900372999171,-0.01384982863656714,0.0004193580575420075,-0.006174664832451882,-0.00200450330924995,0.002234000236380984,-0.014445043529271784
2025-07-01,0.03553854499546083,0.009128857146078806,0.02507248703933862,0.016621228290963463,0.026406831200556757,0.013209532467879814,0.02037849324120855,0.04072609405812666,-0.0363945334205894,0.023116967907599317,-0.007840274697503924,0.0202333889612738,0.032271582234863816,0.04142007144924165,0.026707270453405707,-0.06511706509425663,0.013357972343076563
2025-07-02,0.029039062104686764,0.029465047371060704,0.02663327228588419,0.01655570737416512,0.023277117454352902,0.013945033789841466,0.012624913812864902,0.02357375701067288,0.006000697821396006,0.026537473964397762,0.014199252592572043,0.024964999980468416,0.026877705868219248,0.02017053733338292,0.029345716520034593,0.007152632249902258,0.016569134396660967
2025-07-03,0.0020522966073663884,-0.004770300865436616,-0.008047516991359083,0.002635453179498315,-0.005387675539915593,0.002197275003282595,-0.007536802121058006,-0.008751619282118872,-0.003157907029719964,0.009113839340403551,0.0,-0.002959319352117462,0.006563420501219941,-0.007240131219905188,0.017739020503862113,-0.008454575498361594,0.010355648632590642
2025-07-07,-0.0061443823828734034,-0.013874762026785059,-0.01206227160740192,-0.006537754078760005,-0.016551326372164388,-0.02874536809404138,-0.021149814368608078,-0.02927504005820747,-0.0028158895211505275,0.002271904597551888,-0.02398338565150049,-0.010273997261867507,-0.006991892627782326,-0.019635593128569995,-0.005809907897693423,-0.002728548853501378,-0.009714702856700175
2025-07-08,0.05615661493509583,0.026093608826428305,0.035008147471025985,0.03962011722394254,0.06854342548684289,0.036284571181160796,0.042343459951339035,0.060794589520772435,-0.007059673637567432,0.01972233116350597,0.017837079365208286,0.05536336624183624,0.028480990215717927,0.045493655979762515,0.03429789631962499,-0.013508927109456281,0.02772021645434708
2025-07-09,-0.0024390769980623395,-0.01944652947236869,-0.01315383578024909,-0.0014358021665542564,-0.009450103649985886,-0.01661967230738115,-0.011408085012090896,-0.005415081004579214,-0.011731269822342072,-0.0036680373724169435,-0.005391952221317831,-0.003934520710765166,0.003923019506417935,-0.007936459167145027,0.0026907330747141245,0.0027734809539616823,-0.0034152731035395067
2025-07-10,-0.0024450406404478153,0.009661692228103202,0.008886138268959565,0.007515473310700571,-0.01850256262178207,-0.0013126162008185727,0.006403259027503383,0.005444563758365328,-0.00035952933030902745,0.016678800110062397,-0.0030804411458293934,0.006144465427064816,0.0297294765760181,0.011034406915570116,0.03850520009577352,-0.0012099653521981946,0.009929662684459606
2025-07-11,-0.014215425554086503,0.02493088186772563,0.002516403631974473,0.007394400406256718,0.0005891987001429566,0.010761513728982708,0.0090889344055749,0.04151624037675794,0.0017990868205852717,-0.013168002488333608,0.005314404293807584,0.010032711208939116,-0.01994170601689582,0.018008245834600256,-0.011368689465067194,0.007615157649865756,0.004350412331559639
2025-07-14,-0.03182526602637603,-0.02039317026312437,-0.015061187370439377,-0.02356579900715694,-0.022666932731032374,-0.003576150303116865,-0.0164207437184527,-0.0459271562616117,0.017241397935845892,-0.02351824345861364,0.0029506480479946084,-0.02677602671549162,-0.02049984957714468,-0.029214598271954606,-0.02731133451483525,0.014084437537471794,-0.013081607865603972
2025-07-15,-0.0421160249767657,-0.022071632871982105,-0.017202869183977176,-0.006330259076178901,-0.031024309714266285,-0.02357258991388589,-0.028740428800385964,-0.028610478927817096,-0.013418052046828888,-5.702448375521918e-05,-0.020102910944080565,-0.05280684096023558,-0.005735901348547401,-0.03175060132519936,-0.000470224530102592,-0.011348279186186638,-0.008865743242745139
2025-07-16,-0.027345771968089516,-0.007950769619275433,-0.011237217009772649,-0.005109920872636953,-0.013055481782826561,-0.007601606430402752,-0.010226314919543733,-0.007012540700399805,-0.001073757441329981,-0.018505944386409956,-0.009632316340312808,-0.001405393632433194,-0.035861851442990034,-0.01368677448722333,-0.037701750066618356,0.0018845124082893516,-0.006022500094035821
2025-07-17,0.03858881542339354,0.012926517167824558,0.014206072243089451,0.009738456221338732,0.032440800026921846,0.005134763848769985,0.03268097098494871,0.01412431203864739,-0.01504833187190946,0.010442790007662017,0.026146168730244,0.02158103657037924,0.01221000046184395,0.0023127456680147596,0.010336199672575042,-0.0066688916046682145,-0.005078834651833231
2025-07-18,-0.0010615515091426664,0.013782578497105957,-0.012606326606197316,-0.008851813118455287,0.0021355018041204765,-0.006332820757994684,0.003122179086012311,-0.01485613098146532,0.014186909559499972,0.0002297412960741152,0.02535723789636468,0.0016073219064887123,0.005751700091825018,-0.03893860993933451,0.010230021281415258,0.021690477256760987,-0.03483793340386443
2025-07-21,-0.011689688201981463,0.0032728462603586195,-0.006983859635998013,-0.002399399749254183,-0.01522070522974206,-0.010112253344559896,-0.010822530582435652,-0.0018848934383810523,-0.027618343602715312,0.003845782914164486,-0.035054196945851546,-0.014213638205262669,0.0011913079070029475,0.00660270265221774,0.000889480609967741,-0.028138193269913403,0.0025981534861856392
2025-07-22,0.02125337709483155,0.004266026971126768,0.021758307893140483,0.002405170715265248,0.014219578519906628,0.012361583378931673,0.01415903466816082,0.009914840953842763,-0.005164182409401086,0.0021158326259447247,0.0044787312203895535,0.013023226501513552,0.0008727037560622986,0.024150155825074293,-0.007998211235900055,-0.005547855034541804,0.004534949344906947
2025-07-23,0.02454647039882829,0.11644183042207912,0.022155270715810582,0.020527805953127753,0.013105770691448804,0.008055676927296362,0.013185847808530937,0.027115481248713325,-0.005932548953137551,0.013066893668779223,0.011518425495702367,0.0202021285467624,0.013395674907124677,0.02299856719822002,0.016745729286903543,0.006101850611080373,0.012806334648257867
2025-07-24,0.0052082444491552415,0.023276526300548328,0.006102835071084556,0.017698716505291534,0.0018049980431136259,0.0014299685630048131,0.011204653301990941,0.020482504131706936,0.02275280176230421,-0.03509055110222903,0.004163227730781038,0.004275408202128572,-0.027610405541365513,0.0028457966319246353,-0.0488003081882632,0.0180211041289291,0.007823089314443976
2025-07-25,-0.01036262064266591,0.007217857774773906,-0.007007176794271208,-0.006353206807764411,-0.010810827963942504,-0.005543867448510653,-0.0047489250414645134,0.0013381802357896877,-0.00109419358612739,0.0015176572675303923,-0.005731011647365669,0.001792462253908278,0.00522843236553916,0.006526668999948582,0.011614573083814195,-0.015829769651120484,-0.003520154961197841
2025-07-28,0.024607147935764573,0.010857798748260983,0.021800982166107152,0.00929986882994549,0.03491206664677704,0.027536116396672305,0.04086854556666619,0.017371872050824466,-0.006571620924918253,0.01882603894412327,0.00331113687827278,0.018787700869921542,0.021765243239987075,0.014942197603855512,0.019581828380178967,-0.005361528637725099,0.009420360222287538
2025-07-29,0.005620945027623669,-0.017185910669108573,0.009997972532932886,0.004799183680086916,0.003813431185683669,0.012330389970436562,0.013154394641040845,0.010507894741812018,0.02462323025414248,0.0036041575655403335,0.02029113532581217,-0.001975855498844714,0.005638639159709635,-0.010277779175961288,-0.00013826686285944856,0.02399588732265978,0.012921655809209787
2025-07-30,-0.010162629758479591,-0.004808721676876182,-0.013470695766772622,-0.02209780505818648,-0.013442699373087286,-0.015509530684397754,-0.009836056775966329,-0.029462720045288826,0.004662842835415182,-0.026506158018763104,-0.015334887205072478,-0.02309728438287828,-0.03122819457523196,-0.04097683615600589,-0.03703448422584599,0.005943253686288896,-0.00868173899273128
2025-07-31,-0.009753539644115405,-0.010542537647948436,-0.013758220388113918,-0.012503254369679917,-0.0159949992731232,-0.01006269978270935,-0.015496637220238307,0.0,0.012375082220306588,-0.0034548763750379408,-0.0009735425949414234,-0.010583169822040106,-0.006591567675498511,-0.010828099567422478,-0.006727534297360727,0.011985162050485831,-0.002323467324457207
2025-08-01,-0.043027531976154276,-0.03418417398520002,-0.027061039811141607,-0.0015826163265302284,-0.03251058497587289,-0.028495194363870713,-0.01695151400105177,-0.03571427321008491,0.0014255138772125697,-0.027381106351899276,-0.025776946748013452,-0.012061873090922659,-0.03220588079534814,-0.02218940307495365,-0.030077791245650687,0.005337786138641221,-0.017914825919657873
2025-08-04,-0.010292467669833938,0.0055159484043092455,0.0009702137866336447,-0.0023777404178586536,-0.00622282567332666,0.003516284294841965,0.011222296963583789,0.0032407146019872712,0.006405786968997074,0.014680112480710772,0.010634404502674943,-0.012669802821893894,0.015551826898082766,-0.0051434666465791645,0.013965807849747103,-0.00016599567497033174,-0.020704041178267074
2025-08-05,0.01751494880790916,0.00689343402478948,0.003769586402620817,0.013241353564833691,0.011584290159336152,0.00658064209686704,-0.014210468076395921,0.0004615283836788553,-0.008486615236844353,0.005715702787913335,-0.051735014628610965,0.005132972820943937,0.005022242048084102,0.018856364356181432,0.013255578718239569,-0.020909326626221136,-0.001210784729013592
2025-08-06,-0.028509862828132282,-0.008900032324529739,-0.0009656333459024946,-0.0016988081831585955,0.004333070901002989,-0.01010366821933617,-0.009060917163301707,-0.02121779869227325,-0.046005735557271055,-0.03836142943135301,-0.0062086181114924255,-0.012534848396933085,-0.01826821261729772,-0.019104499058759328,-0.024629221303811843,-0.006101675242387694,-0.00680714471643884
2025-08-07,0.07751937476146331,-0.011282616363745723,-0.005477438524969069,0.002487260087148613,-0.001849121837487866,-0.005317741378493168,-0.022443982713962085,-0.016022702987084858,0.0003738124778605023,-0.0057251602329400075,0.003323054104837908,0.02468261883213696,-0.004505961689628024,-0.0021301929784969253,-0.006518625796015809,-0.012789896570320036,-0.005257852912091132
2025-08-08,0.02826308034711733,0.008150924465585518,0.01414699157492394,0.012078870065843628,0.027477550330921696,0.0026731535410435825,0.006448521791810213,0.0009580748582960208,0.0048581170331329915,-0.004148381649179966,-0.013513539434790722,0.01674688160375326,-0.0014249803375321335,0.0024395230973515147,0.005279226927782821,0.0,0.008022883293140826
2025-08-11,-0.0044976847207351955,-0.013628945921859037,-0.004046678285738792,-0.01006392919681609,-0.012319683304240714,0.0048159302232584356,-0.03654167852365231,-0.019138747452551175,0.0,-0.01398909531247805,-0.010878338730264892,-0.01376336717818294,-0.0063794775304923945,-0.015211457396000938,-0.011403527640855726,0.002936583023158912,-0.009082572755100937
2025-08-12,0.02610434981994869,-0.004449600157514388,0.011333436156333754,0.006451745728376812,0.013690466622492403,0.010013737867541339,0.012058028702428336,0.022926696909265853,-0.01227232324383043,0.0032789645971371684,0.005431167892219868,0.010066399380233237,0.014108165956520313,0.01760885911878307,0.01221833863563715,-0.0051670518540852806,0.0028346799329577177
2025-08-13,0.005870915756632122,0.007998049611859015,0.013637718025816259,0.009259056392200371,0.00900343864615416,0.012371814585209195,0.010758817696056022,0.010968095117660503,0.011671756581101311,0.01646644471783887,0.017285637628799977,0.013589888356868585,0.02115960607416545,0.01851880863028743,0.020767642829021105,0.0017312736028949338,0.013851050218008254
2025-08-14,-0.0034047360815907535,0.009334958780484293,-0.0023988263576942837,-0.004555007843918379,0.006841303367940199,0.0026784321289738955,0.012879633873040142,0.007075388157233409,-0.0007443598918422945,0.003648396230646389,-0.007035779198771963,0.00044695745264355935,0.0012237679420170622,-0.009836097525694254,-0.0024236979218824617,-0.008987158898571601,-0.002044736781837475
2025-08-15,-0.00048812136853160215,-0.01040465638136101,-0.003345494014935446,0.0089586339897052,-0.004726819829102835,-0.0066783579945220994,-0.003907192250887093,-0.010772695176696656,-0.006704007707325599,0.0001230163729986078,-0.0116309879516725,-0.003573888230198219,0.0071701031840738505,-0.006923593293633568,0.0072153338493015085,0.002092773062269959,0.0009400105194992125
2025-08-18,-0.003417843568358947,0.0016354627933345967,-0.00581700078116576,-0.007856864299940702,-0.004155639213565099,-0.010589024041113837,-0.004992133900986628,0.009943100983847764,-0.016497905540933888,0.0020326916159951747,-0.012038444076146182,-0.00896650495618212,-0.006229256668349836,0.009396657219002957,7.312748364340926e-05,-0.016359267150860113,0.002159868452820346
2025-08-19,-0.00832923439901756,0.001866048482376037,-0.002553203816175742,-0.01048120365030114,0.000894276791849169,-0.0034826011432936843,-0.004013766669754171,-0.010314094212913183,0.006481247979479354,0.01051215088642099,0.006297950580872014,-0.005654901218231423,0.004357105443178799,0.0012014061041272228,0.008186490149981296,0.0008847674327594479,0.00655921102914947
2025-08-20,0.004940724857447787,-0.0023282160389639373,0.012052078138863997,0.008026232535154998,0.005955974599403557,0.008864682574636573,-0.007843976014440646,-0.0004737716626775912,0.006439211296193292,0.014375779146730938,0.002448958508658894,0.007051852880588738,0.011459428346054068,0.0005998640764952601,0.018705092701328585,0.01149013931291254,0.010333271237626951
2025-08-21,0.014257581281721832,0.014235712682113544,-0.0011592978791765685,0.015207003682738307,0.0032563794612432417,0.0012673665941749235,0.0009429973942896019,0.008530909971473877,0.00940922060010596,-0.005306938726020394,0.0046144491241399965,0.006550756799657664,0.007121532204706904,0.013489145450502837,-0.0015657716701457103,0.010136259813122273,0.0064498927308485055
2025-08-22,0.04895765620039616,0.029912518764413365,0.021101490286731472,0.016907605965420736,0.03747405638696755,0.021938971346379343,0.038260721868365266,0.046522521406927364,-0.004474189852949895,0.036013049002231456,0.011078077490361382,0.028501023988362517,0.04411406312696187,0.05323867375300839,0.036210730454640405,-0.012629728428256937,0.018767710014375716
2025-08-25,0.03327187027539802,-0.00737268345301878,0.014465842192350031,0.00012643529375555573,0.01734928021525306,0.00264229286487061,0.0138889797734576,0.003143128608994239,-0.008239794386712074,0.007607574237308734,-0.005478295430289992,0.012437296341874182,-0.00323214236056113,0.0011234714604397844,0.011969445087886221,-0.004205279194636535,0.004133654305186862
2025-08-26,-0.010733411534895154,0.00045021944600942554,-0.011509421182339996,-0.00530961101550298,-0.015096419745548983,-0.001070580282208744,-0.009017596964015495,-0.020590779690136896,0.005287035830599418,0.007724572306725408,-0.0001343292646948102,-0.007758721964514659,0.002856649863735905,-0.009256801717216656,-0.0010876155459114134,0.005278745871424073,-0.0022374038190711154
2025-08-27,0.021247761547772193,0.007424014007264335,0.008758278724344315,0.011947150612087842,0.009367170787589307,0.013025522894340336,0.021533633398743257,0.019195547476749564,0.007888770607638484,0.025243510122188617,0.008868651886877243,0.018027703142750262,0.021017706607731723,0.01868613529447183,0.025995358922177303,0.006301535558394189,0.011301601965691965
2025-08-28,0.017264252788344425,0.01764177247793519,0.0056179513344543075,0.000502374576420328,0.008998814972226654,0.011881428947821293,0.014347936041075204,0.01479822622802307,0.006709005341854812,0.007926188173865922,0.01078850630150896,0.013654795427284538,0.0015835022919734598,0.013896680492292202,0.0025865778036753273,0.00887111299631771,0.005321499979529465
2025-08-29,0.010443737966084443,-0.003730408067210478,0.005281921511485654,0.008034056715333637,0.006131468073792279,0.003860512348522027,-0.0027485659280275243,0.004418976577708733,-0.0011107892141941633,0.0022868150619002048,0.0064566696290737635,0.002104879790580716,0.005646390409593138,0.009868375941195717,0.005623175784625234,-0.002069026541706709,0.00829294144894388
2025-09-02,0.02670116153248947,-0.0008810296748442692,0.00020205591295030523,0.007658847967216387,0.008864207906558619,0.010254709048285626,0.007394458998274178,-0.0017598485574494838,-0.008895533679809664,0.0024482930707203643,-0.02304257676514898,0.00924164155041396,0.0019463639078338701,-0.025515604494871225,0.014933325952726229,-0.008638557209583286,0.003499794824691538
2025-09-03,-0.048657672138116004,-0.007936686219756517,-0.04384284068362987,-0.02329604591311707,-0.03679290680727876,-0.043774838914863445,-0.05051393476169741,-0.041296537238129094,-0.00037395229362968685,-0.006383548549604545,-0.010050980893079209,-0.036420296850830924,-0.024731161969557713,-0.017267980745396594,0.007129904593224934,0.0060995864767350305,-0.024239191749491518
2025-09-04,0.033509774928177416,0.0293334522614217,0.011833071820178898,-0.0023408786507933543,0.014253139887928645,0.008459177038083965,0.0031628245121095855,0.040759528103926135,-0.0007482585971617661,-0.00011180232101615228,0.006903815669439206,0.006695536379159428,0.008044224246509524,0.02885691361159326,6.428277521486336e-05,-0.002598192003055333,0.0043784979106098465
2025-09-05,-0.029436955738041393,-0.015975738831603636,-0.029445526646761033,-0.025556628269885917,-0.023046600517524385,-0.030180918399125956,-0.028233247596907818,-0.016466343874272593,-0.004492616323197418,0.007263456177084127,-0.02352785961967807,-0.01501832682954618,-0.00022793436540990974,-0.005276231638918993,0.008880982025244455,-0.006599515002085443,-0.028202833546812855
2025-09-08,-0.0215384519277263,0.0013162405382196596,-0.016675515920231865,0.002212832384165697,-0.0071922891922225896,-0.0023742744779652325,-0.010309252799975077,-0.014932096695102204,-0.004136903811446158,0.0050477035435811946,-0.017485715589363404,-0.01154429705568305,-0.01018623581191136,-0.0011166372624309417,0.003763329868058829,-0.0061189873351528146,0.005676116655351615
2025-09-09,-0.026954163795863018,-0.004162884849744253,0.005032703228682989,0.005519505965389859,-0.005795355595380025,-0.0028899042245733586,-0.007211581694340996,-0.0009188154708538177,0.006042283849028607,0.010982938489585203,0.006726324462814848,-0.005288771778185097,0.015973966750669533,0.0,0.028406418967795055,0.012664936987540676,0.007282575774792521
2025-09-10,0.07525398558454155,0.0323430721626512,0.026779841859611464,0.018986080943544925,0.03526673257683788,0.025147005253136623,0.02457984968502558,0.03908060436160099,0.027777684683531367,-0.008134209803769776,0.021018914873663475,0.03140322258438144,-0.0065762838835975446,0.01062051330332947,-0.02057724910473724,0.020670547725317512,0.016719432674190404
2025-09-11,-0.013310452585220567,0.0010656929605306065,-0.002014373290187832,0.002915299512749714,-0.006475354580976145,-0.0021619918368954716,-0.00873671135381926,-0.012831941578230532,0.0069394490570484635,0.003412424041225437,-0.0006815356582965393,-0.006262095443202664,0.008369960002553523,-0.003595190964664541,-0.00574126845274292,0.009700478600614737,-0.003200079049447191
2025-09-12,-0.006092287849198241,-0.010219216888816773,-0.01806010621260734,-0.0072038233310910416,-0.014734929200518887,-0.015333309517921445,-0.011125602511682264,-0.003585781291240653,0.00036276634199050584,-0.011134757102044368,-0.0034105510026065655,-0.007605477579860298,-0.013129977075414745,-0.012767079010591487,-0.005520698044524153,-0.00033997104972383063,0.00017844625466922892
2025-09-15,0.0030647724529819786,-0.004517208920912563,-0.0010819334483638254,0.0012729636946917644,-0.02200976563401369,-0.005247150580427018,-0.01716818452950053,-0.01979311979674392,-0.007976814393284903,-0.0018861121461388741,-0.006023464247297605,-0.004379148435408431,0.003058396402723318,-0.022490804709588308,0.00542377963963836,-0.006971544467277657,0.001693922052847796
2025-09-16,0.0698386060659113,0.020527170611291945,0.02393597072214737,0.014175853170000252,0.03553442513969074,0.028075506715323106,0.028915383318916632,0.028912328431676793,-0.005482390621945332,0.016950270424246794,-0.0004128673253563919,0.050362728264390366,0.014179216733998024,0.013517462509688327,0.03217606767013659,-0.00770557024835028,0.020738775737513482
2025-09-17,-0.014280004474430341,-0.01587965260983537,-0.007615860549038178,0.003447380475964712,0.012582114289575896,-0.00827536176778687,0.01481001570648055,-0.007582421807766915,0.013230329338573155,0.009235283370699454,0.0038576427961742876,-0.011934661142130931,0.0007516400573490678,-0.012769725533684495,0.006332946266723427,0.018464214989536876,0.005319155126325414
2025-09-18,-0.010761603133357611,0.01721166608304192,-0.0036239223838735457,-0.0078081734431949545,-0.011296186125337782,-0.012683552685926913,0.0012101031936133655,0.004943810044067298,0.0036271596777115445,0.001895357738587844,0.009881990838130461,0.0036025451222962968,-0.013444487790096327,-0.0014371487794963,0.0010998154914800828,0.023043014053824473,-0.011796268482569539
2025-09-19,-0.017573238067739916,0.0012690778572341799,-0.01668814169901256,-0.01655740659474525,-0.02999142826089396,-0.01960782089640667,-0.006896851334537879,0.006708283360548739,-0.00903494808696148,0.0023239041253930726,-0.0275890966349166,-0.026604811746874013,-0.012409607780131449,-0.00892339380317686,-0.007506895776486666,-0.00447162905353482,-0.009742823821656255
2025-09-22,0.005536676181826294,0.006970876767639744,0.0009792882839603223,-0.0010243397709333024,-0.007067124058883212,-0.005086239440702189,-0.006014351338497259,0.004442532190614745,-0.008752861260477696,0.009651658784225026,0.0009783784324608469,-0.007375197162125535,-0.0011563158583799416,-0.014812893647498382,0.023490359897418545,0.0008317965461486221,-0.007091069932133598
2025-09-23,0.016094869564381442,0.02643178501451393,0.015867629988635112,0.008779185098923836,0.022538585466775674,0.0022527791549968867,0.024130258508093583,0.07341888309305933,0.010669643336177481,0.019332459597592777,0.013683348468795264,0.014423020771215045,0.020915442480153645,0.01680433423869987,0.023732308643498623,0.02044550017037916,0.017229084862725008
2025-09-24,0.017924217815362686,0.019211069812733683,0.02310913243673851,0.011180424846472192,0.021171557635106364,0.008904660974292211,0.01709103650107391,0.007004605619800763,0.0127411642475459,0.011683236944982633,0.014738189810157953,0.01012497934030998,0.03258210581636689,0.0034793172846845355,0.0025822968221114184,0.02394532203295241,0.005353300395846361
2025-09-25,-0.0032760444523586285,0.004612002159751771,0.012339146168973913,0.009674455344843125,0.01562055171215504,0.005141442085140779,0.008159923875000974,0.009001458521009642,0.003953928411374097,0.017296884566738724,-0.003121991995541862,0.002132687682049994,0.018229815154146234,-0.0005777815064526015,0.021014996156188293,0.007158725550793887,0.008990812787293079
2025-09-26,0.014379661436447977,0.008383202970486447,0.01725034110315815,-0.0034842394118910214,0.03439607263499278,8.527257206036865e-05,0.01687362610448906,0.018248233358453714,0.010025113930467233,0.011453759174904876,0.0061273986336924935,0.010214966868673736,0.002732304325022694,0.026886269976450494,0.006937262054243165,0.011056671218905967,0.014101723500214769
2025-09-29,-0.014175817973405724,0.0005938056477106102,-0.026705952348130557,-0.025349553054546448,-0.0397404456836864,-0.0337567817712342,-0.0315008842445933,-0.004380716138242979,0.005671876800022346,-0.01117312808780846,-0.01069163500611292,0.013271498826223471,-0.013552197759798101,-0.011542667315205701,-0.019871233702923985,-0.0006249178842657743,-0.025592930813542858
2025-09-30,-0.002465068598519693,-0.03620172137465627,-0.013145603586944055,-0.005189215243210588,-0.01295038846788421,-0.010851312873601082,-0.0033430416531213814,-0.01599991157517533,-0.002115010469102563,-0.01898513983294492,-0.001778272983443796,-0.01767145983630669,-0.011267072910158382,-0.021076699471540894,-0.010921372814299724,-0.009692040064897878,-0.012869908755468007
2025-10-01,0.03212516360857509,-0.007389169612850077,0.009197551546166638,-0.004571933628167657,0.007415658689020832,-0.0075812070503415985,0.0030747065122365136,0.012195053458369909,-0.00035328391096289824,-0.002230943411291708,0.00013712718546443625,0.009947039449229367,-0.010513143652987389,0.020948447709780105,-0.01521210459419009,0.005367018882606933,-0.006740719821508145
2025-10-02,-0.047086995747118277,0.0008271039496776655,-0.02178911902694569,-0.007827632840804233,-0.028312482172851983,-0.007818766330484062,-0.0024383342991378676,-0.02088360582236992,-0.0028269195823649174,-0.0003639832448315561,-0.006988229179088923,-0.07313508531259294,0.0026005018438606253,-0.02792814213872974,-0.01771329205993788,0.0058093803877008465,-0.00625040964774326
2025-10-03,0.027638168524982465,0.0020661310836938007,0.008353091013657554,0.0011737083133191994,0.006993106780184499,0.0038948180313498337,0.029890277398702425,-0.002871222112401206,0.00850466052472032,0.004681615373174797,0.0057955256934492105,0.014017773411333811,-0.014302685990104202,0.004397511784880237,-0.02610807270342408,0.006556394539203092,0.01770143228682608
2025-10-06,0.023634980156719276,0.011958787823401984,0.007965036017679283,0.003060768647185297,0.010127163105492443,-0.0034285967463626443,0.011053294292410865,0.0020568355822709883,-0.0186226435350495,0.0019676014058518376,-0.0021951185868345213,0.01226309459878272,-0.0006766877240295122,0.009632328047590955,0.01882797163748373,-0.013957860117572385,0.00829946242063273
2025-10-07,-0.0015923767076894135,-0.010187445556481323,0.003371686802783991,0.005778489717221058,0.002291751143259191,0.0,-0.00127431591590077,-0.003284022141866294,0.002864369005570966,-0.01023162098454311,-0.0038499085327381444,-0.001541817075014218,-0.004137930219336616,-0.005203943613342976,-0.001529911169800835,0.006134003438503788,0.0005254070718980763
2025-10-08,-0.01913876087626354,-0.015026847270623866,-0.01554142262374092,-0.007552749458806685,-0.0005716277572486161,0.00045280548198411985,0.0010744607941439721,-0.014827031589773165,0.00464117241187334,-0.014774907401190362,-0.0009662246583908018,-0.0063975623646990165,-0.008083258194379161,-0.012787005183693911,-0.0044737655340805205,-0.007347163127165546,-0.0021003872421503367
2025-10-09,-0.038211422167923836,0.0008360005055678688,-0.019200009536247897,-0.013659414615969756,-0.017729484320483158,0.012850568947816221,-0.032602071140825584,-0.021739204713800198,-0.022032684654592183,-0.006094069099274124,-0.015612013487997345,-0.011545302847618344,-0.0015993619064695874,-0.024727696916429287,-0.0026470925388826227,-0.006299246085372356,-0.009735133613318014
2025-10-10,-0.0726965353633342,-0.05951137774622284,-0.04687332967411162,-0.018069315266841968,-0.05385745159939803,-0.03439954325241357,-0.0304416991551425,-0.06111115823571467,-0.015261633146360198,-0.03556205532956058,-0.030315869187225952,-0.05323448839270206,-0.03303074569851083,-0.04255958131418258,-0.024628139712706942,-0.007765366421231601,-0.019307495770727434
2025-10-13,0.04010944640552072,0.0099910642305312,0.013007822868897678,0.020416658367385265,0.021846092982738874,0.015267931733050855,0.016378025197701263,0.024123904285250575,0.00885607073084227,0.013875929155694688,0.006947556288233514,0.006405556223241238,0.023903380333657687,0.017339220566993774,0.02145293506846957,0.0011179664678624412,0.013636769365224177
2025-10-14,0.00394385036567213,-0.014508655573778007,-0.006870891072398022,0.0029615736548962435,-0.015055717812671343,-0.0054685220010118885,-0.0019703622073115046,-0.0026665827161296285,-0.0010973092954310593,-0.0015267502306324232,0.00014371319517203496,-0.00330025952522206,0.008090027673671063,0.009296627597385365,0.00483243590991167,-0.005105236788611411,0.0004455433113912388
2025-10-15,0.014404178576524096,-0.008030344866923556,-0.00487699553011256,-0.0018374520498388724,-0.0030570051188526515,-0.004490494415965829,0.000775642361883877,-0.002228238190727816,0.010985001761720792,0.0038773129959157604,-0.009485441968442254,-0.009460626751293666,-0.00970645701861017,0.0,-0.007460368593243172,0.0227709455588756,-0.006055781649846881
2025-10-16,-0.010326983197291306,0.003822769445654073,-0.00945969400225588,-0.0026296146113149454,-0.017786059304226276,-0.012703689777149973,-0.017613141704394875,-0.02545777417149231,-0.014487403779117725,-0.014578684778168927,-0.024666094250697435,-0.02005733679722732,-0.009338594623839347,0.01074592248698214,-0.028512772640732265,-0.019598648222238224,-0.008691063636789509
2025-10-17,-0.020869571038259815,0.012096743396774023,-0.004947700920493903,0.00903033273922138,-0.009053974792861408,-9.41464673176462e-05,-0.0025099174630838217,0.02062325580731672,0.006247525893851913,0.018327352960898713,0.012942303667590416,-0.0034113270136634233,0.007089491566457218,-0.008809049842726013,0.008824093535670485,-0.0011194592943580828,0.014461367644381218
2025-10-20,-0.0013321002772272994,0.024347068025391883,0.006706633886242042,0.009145538830153788,0.005986146413348159,0.0016947223544045986,0.015098072082655012,0.015716297842805815,0.005113320204567673,0.009757784454453633,0.006462006914921492,0.003178415786138089,0.008277099279920153,0.024517251121636496,0.015211832713790896,0.009606199371607893,0.004098299024749785
2025-10-21,0.004001631405986972,0.01015567622285718,-0.007465941517589947,-0.0044665448552292375,0.004071540452016631,-0.0033834897839392086,0.0024081965674538353,0.11582660094419905,-0.0007267066720612059,-0.018253175980828318,0.006128846506415542,-0.0029246265848216213,-0.013349641827853143,0.0026922003693796714,-0.015483463998227087,-0.0114177951179808,8.881461742316077e-05
2025-10-22,0.025078397583379708,0.011764668832930258,0.011572729430412876,0.011574160491532925,0.010916927465961956,0.0016031363068489402,0.005299127727913522,0.042392977303789214,0.0021818497687997596,0.031005594909735867,0.009281865999789307,0.02004394695579137,0.02177285242416893,0.04116949121123481,0.026507705874377896,-0.0028873384608845143,0.01774469910886789
2025-10-23,0.07557897483696951,0.03361515309973884,0.030545580724821608,0.006363801426803706,0.03178027309002296,0.01760664223453179,0.03436891621507221,0.03458765613700976,-0.04753279075496453,0.03935510451065283,0.002443231677265123,0.027558263325833554,0.033561699522702604,0.031804948817518275,0.06956204066878668,-0.051962619028604995,0.011071408748871914
2025-10-24,-0.03208776878095021,-0.032521923656913754,-0.022757515239458237,-0.006387481981927734,-0.01405497786907317,-0.015729134614348106,-0.008901283488779055,-0.024614289602342465,-0.01485705725524955,0.0013267675006800594,-0.016485229558087067,-0.007229592511823868,-0.006111542858306285,-0.004998409577220975,-0.012014116147706533,-0.02460551144278067,-0.005087130693129049
2025-10-27,-0.020562285814642367,-0.014799182734144822,0.007497480694863334,-0.0017998047773076786,-0.0012131824873553576,0.003760181082617553,-0.010009698693424385,0.009416217389720538,0.011214265213137287,5.0995354204719234e-05,0.009911110678641366,-0.006342540491511395,0.0032599165397118046,0.00921014873469117,0.019292633500634704,0.003305409968603179,0.004766437487511377
2025-10-28,-0.026135536230158074,0.02703869590506547,-0.02142297857719888,-0.00740595628495111,-0.027938152275689077,-0.008241262730260712,-0.02257604146128256,-0.00671635180212693,-0.0026768776781010972,-0.020486121432641835,-0.0027422811744248765,-0.034751669414308295,-0.01299659997361835,-0.008296519713353101,-0.0287354318635471,-0.0013871023034979224,-0.00784888984347587
2025-10-29,-0.008358894342266776,0.009611308232871707,0.014863536313089343,0.006293395721231887,0.001249627382400087,0.0009443245056086624,0.017641894941793135,0.03230644372970426,-0.0069019404261650985,0.0184172697871543,-0.027496240718783427,-0.006122911827736277,0.03247032980931319,0.02704969154271586,0.007795018041944379,-0.010592142573550012,0.012344547451220489
2025-10-30,-0.006211208095173171,0.005380866984365129,0.0006812021967876891,-0.010187044368483389,-0.0012480677627486614,-0.005094349630191619,-0.010304151492383506,-0.01892284813936196,0.00694990827907449,-0.0006129380329475964,-0.007142835768640388,0.0029571533907959413,-0.006739066136998151,-0.01384751708895704,-0.0032814513585714966,0.01123201652078154,-0.015113708429093986
2025-10-31,0.01116074618650753,-0.0034994322863162175,0.008168683137132815,0.027357980061700538,0.014995346453924974,0.0036032415530953266,0.007316177388005718,-0.00445097078657497,0.004217801766283946,-0.0036805181464087955,0.004196640083907521,0.012284842078198466,-0.006785018515901409,-0.007158491894161956,-0.003174540067735876,0.004338777513319236,-0.002877289998728938
2025-11-03,-0.0070639755774631885,0.004751095877298939,-0.0032634587561446438,-0.023332546967271717,0.010157071564021791,-0.0018897196605538458,-0.013408697073711062,0.01266764767466877,0.007066430048327188,0.004514887212587304,-0.009246655370888202,-0.006796158851400502,0.013075003698589382,0.02662233602428965,0.01203116497954837,0.020044954355434408,-0.0052466507285752195
2025-11-04,-0.017785749406648454,-0.05040281966998439,-0.007451680433329999,-0.004219739451886917,-0.00822679290615791,-0.003597028312043671,-0.013095607859377911,-0.013612975301804164,-0.009202388917114446,-0.06134118532453525,-0.016064921778354724,-0.02052779873118571,-0.015733872421947237,-0.024311251580811932,-0.014510522641970836,-0.04269022565159397,0.003340402431368572
2025-11-05,-0.01946582767919902,0.023276068373702552,-0.0023889077333737463,-0.00475894859351178,-0.006451660281576843,-0.0006650240157466403,-0.015277533223322148,0.010816857621059217,0.0030958772150664338,0.013059057833657794,0.030477418827272285,-0.008233452940502373,0.0013258272561429418,0.011904772208926495,0.006090745763217775,0.01822693644970852,-0.004030146416845959
2025-11-06,0.09141271891590397,0.0053146591520072395,-0.023260962345334035,0.0018340983547968648,0.002783046354400298,-0.0018063194941264626,0.025347910318601174,0.008487081028778487,0.007716146445340355,0.03512729189531005,0.023238193258603657,0.01383637491887657,0.01669987826075503,-0.005198385238420644,0.034500876699306016,0.006951654878010416,0.00721324748133334
2025-11-07,0.008037291128361712,0.012264672568475854,0.013658623439854134,0.01360009839167775,0.039161332811583405,0.0039048498735880788,0.020458754855822603,0.008781567167824189,0.016462382170136403,0.005396373046776093,0.0045717196921368775,0.025062170354411162,-0.001808996851961231,0.008250777372926121,-0.0022158375771313965,0.02830517319743109,0.023755520300231092
2025-11-10,0.021821226348480938,0.01942761980987151,0.01612341575104681,0.004063948098670389,0.006528022830606828,0.01100460959807359,0.007518151670140805,0.005077941098621919,0.01920907060764354,0.013418721436326386,-0.0032295760242637694,0.011861466471763116,0.005074439038001088,0.006819524736487281,0.020271285839442044,0.01711980536315072,0.008530954613687358
2025-11-11,0.009856204067971941,0.003073837283771086,0.02788162880190037,0.00379062032139732,0.036556611745962364,0.02599228671677123,0.023630385499524786,0.012630890286749796,-0.004434558453783488,0.01919945390916733,0.017525702610332816,0.0011960538838535761,0.01586723159232517,0.018965080585869654,0.009376080806049902,0.0,0.013195664008612606
2025-11-12,-0.028466747912079704,-0.029009285813654473,-0.017863136757373166,-0.018689165806023644,0.0017065919795924422,-0.005487473376482144,-0.013364808896807578,-0.04027087386134642,0.002598293675492469,-0.016139535932916615,-0.002750009886967608,0.0019117332279834365,-0.020092325223217022,-0.040946579752978884,-0.01835689489810932,-0.002805253663553997,-0.0138586689726653
2025-11-13,0.03348677653415555,-0.00042081225283263635,0.003929572004101267,0.014740377935279492,-0.00511072238627952,0.004598162532745365,-0.005441900517260678,0.0033420370817982548,-0.004442695109134975,-0.011782500264141849,0.007837473267495065,0.0021463883400072437,0.010723004585816653,0.006653819993009735,-0.009913204604793613,-0.013900402865958283,0.005672082980972881
2025-11-14,0.004050297372311329,0.025678811944671587,0.02180722015700054,0.013112123005055931,0.022830930694360818,0.010618783620791383,0.033384065084834935,0.010362607727771866,0.01970984349659788,0.027751965537330392,0.015120786313735701,0.017610652070264576,0.020215254882854916,0.017350424590746094,0.034019741960282124,0.023493934794969196,0.012992572906397548
2025-11-17,-0.016538994198595836,-0.017442958629897753,-0.01999341086690165,-0.0177641320757983,-0.021484316540021697,-0.008333323889456734,-0.01896781477463705,-0.024908330963836933,-0.010211524017229134,-0.020051932504500547,-0.023123747384098725,-0.025023302060734554,-0.031675275576365736,-0.030860804349491122,-0.018485899795893768,-0.01770787609656843,-0.013496530030359999
2025-11-18,0.02214931026056477,0.003759383358044266,0.010820624999285933,0.003331001413800827,0.022811401688850097,0.0008220219898202874,0.021930874152711333,0.006386096279983322,-0.0018422681337924018,0.018574192392601274,0.00827770087148716,0.01990879355367925,0.012879663005388453,0.0067038934171221864,0.03940585295526211,-0.012351842380016742,0.011471831755285322
2025-11-19,-0.034911811826795924,0.008739041096439859,-0.018956323601643232,-0.012498385515019472,-0.016448129057284988,-0.022633889202461455,-0.00595004526757259,-0.012318004875599975,-0.009966797377972014,-0.015558112365474774,0.00028802713957110093,-0.025164633979724793,-0.028321629916926216,-0.00499446499206424,-0.02750369830813959,-0.004732113365997548,-0.014114123342234053
2025-11-20,-0.02785857524483204,-0.008457088589170159,-0.005796773907648656,-0.00916288640692553,-0.0034014639680580716,-0.009524726077324797,-0.01640994403656104,-0.031745988553643634,-0.003728644178398799,-0.039126451678302865,0.003887759919535272,-0.005790171004856792,-0.018588742390454716,-0.01868376374446401,-0.04676325167909656,0.0003395583938383684,-0.0028121584403648647
2025-11-21,0.024379760703387543,0.01685043954442267,-0.0011432040468567495,-0.0021954243887137848,0.0139363940191235,0.008485004593522305,0.0012990684314697631,0.007806357727542901,0.009730654605337286,0.014637724634291027,0.01161788413968079,0.005581144009059624,0.01310707084059426,0.028417147304342194,0.015396278423672083,0.011882563275273705,0.0005127555422987928
2025-11-24,0.019206709919133536,0.009820006904242451,0.0021746093695265145,-0.0015336630944291496,0.007854194574914652,-0.00355245097333301,0.00819443322843627,-0.005809493268055688,-0.005930349425027237,-0.0023081836544578405,-0.004253474230205279,-0.00024121411916611102,-0.003888833487421861,-0.013263298933804624,0.005304065819588644,-0.003019571666397214,-0.009480650739508434
2025-11-25,-0.013518979430007794,0.001418042465497038,-0.010735464354918789,-0.008146817633977954,-0.0030617005738403646,-0.010507470552599152,-0.004199410505779322,0.0007792214486863625,-0.011185566795389956,-0.0009464636462509501,0.009255208909521473,-0.00048282507541974606,0.006981990490065648,0.005320556468616067,-0.0015483774716228416,-0.0010096818083915604,-0.012589548949041074
2025-11-26,0.024501544549806686,0.002023106980265199,0.005425982620471892,0.006597936054087761,0.016192113938662045,0.006921399309491205,0.01557610925032371,0.0038924676921090473,0.016214154101448663,0.009157978604004802,0.008888312327967496,0.00024148239137899985,0.006188062753088586,-0.006685111356111384,0.0021252498358146354,0.01431705552236795,0.0022705765520512067
2025-11-28,0.012160585753975939,0.013527231304172105,0.018371791145776584,0.010835588518300465,0.018131940706435312,0.015536639133872931,0.02196771240619455,0.016673082805617856,0.013729011623704324,0.010378641702110114,0.018319080446530744,0.014002971330281389,0.014819229296191283,0.01626470744239006,0.013125351737540258,0.01179010396739244,0.010020076226870955
2025-12-01,0.012414970573163764,-0.0007969375475954665,0.01770213153551059,0.009329457622594406,0.02158660899665965,0.0172462508126765,0.02339619993297526,0.015636996477736753,-0.001098035047934487,0.012439899211064587,0.011810012669432934,0.008095248589786275,0.02044384358090401,0.009933695207587023,0.021384883934232768,0.008370180475471445,0.006124915760672867
2025-12-02,0.006724652694609867,-0.0135566681690511,-0.010746756980040129,-0.015012307605934971,-0.015847932287871402,-0.005924838434879565,-0.001152825849456196,0.01051444313722616,-0.016123151341713715,-0.017538526095499773,-0.00787194973234362,-0.008502689659922624,-0.015669681277293956,-0.006557360595359163,-0.01113319366773824,-0.020019489814532943,-0.010717660464799383
2025-12-03,0.058939030718001106,0.020412390624806376,0.02822259818159134,0.008918408132212008,0.01154052174983411,0.02246476676310949,0.015386695621399271,0.024682203611981368,0.011918125196502594,-0.016969357622305004,0.024486981205156022,0.011195844666915367,0.01657341884472663,0.04088705906099599,-0.008289884541990755,0.02225540915410118,0.020974154633768727
2025-12-04,-0.00890539995349926,0.0023767751923964298,0.014268681856177245,0.0044197866053026225,0.0005306781140239636,0.00582912963183202,0.007134544216683247,0.01569339869344244,0.02465953760785622,0.003800843741026405,0.017091694129128143,0.005182639080543616,-0.0030747528184120743,0.015179807754857944,-0.011861049974658644,0.03428113287041845,-0.005602699834593272
2025-12-05,0.014601323659239496,-0.027860222768714693,0.00612107672133555,-0.01484295132102853,-0.006364347450823593,8.916885010656905e-05,-0.005704758093602491,0.0222781225575015,-0.002514438005629671,0.0019984322965103107,0.002231855993352072,-0.005624621118641593,-0.0004304052960857341,0.008919171086380517,-0.004629909498589879,-0.013352177812434252,-0.005122103133673117
2025-12-08,-0.035424359187309684,-0.03678852597135407,-0.008645575354513158,-0.008599916200904056,0.002668865739840376,-0.013818336095880568,-0.006809562116485091,-0.01300530948525902,-0.017284788596217515,-0.00456613050962007,-0.018469925524594255,-0.02521801286111358,-0.002152617771901455,-0.005720214759081577,-0.0033307051318930414,-0.013692116448787983,-0.004805162404285412
2025-12-09,0.009563913817018932,0.006330424050533967,0.005921638094598558,-0.0014794689015679152,-0.004524964117062491,-0.011119184489932654,0.004126262590933516,0.017806272711046178,0.0010992420542361714,0.005641693727301611,0.0004003809749699716,0.004593899215694197,0.005896761307082832,0.0015690798692578056,0.010140687745293642,-0.006456854487944752,0.0195723319124792
2025-12-10,-0.0026524947800736776,0.007339062470689717,0.03606980007820115,0.01966456809587913,0.027005382744352602,0.018648924766386354,0.013340209487208377,0.016095243462800113,-0.02672028901781842,0.002988532426390078,-0.01574173379890509,0.010651128155525935,0.028095384093496545,0.04255865821456961,0.003878584427086995,-0.0170592503896988,0.01090904615591981
2025-12-11,-0.014057786827859409,-0.012073277653198988,-0.0009297476639706925,-0.0045571209015331515,-0.02265035813626659,-0.0172305434204586,-0.020214657585074125,0.0027547549003255067,0.008649825390646626,-0.021902890134791297,-0.0021686846572779306,-0.013173642643431127,-0.0026423635228394193,0.010268067605103237,-0.023238606500074033,0.00694212764969282,0.0
2025-12-12,-0.0007707271132560978,-0.01264217470104223,-0.012098048317208843,-0.004843456614161412,-0.0005327985330957352,-0.013697422125848124,-0.002292534202963936,-0.01717026782733233,-0.003355735871782173,-0.007161529067715056,-0.00040750541493794756,-0.003155364554326967,-0.013874270061794647,-0.022062404562672056,-0.020999366417839616,-0.01125444752658522,-0.006023094344211777
2025-12-15,-0.025453160845168465,0.0006401199959613635,-0.012350834913142816,-0.0012666910042560264,-0.029774618785369467,-0.019257501583127223,-0.01672191276811441,-0.0073375614745929685,-0.0003741639018439713,-0.0013995958255750285,-0.010327392105335065,-0.021426928709067483,0.0004948579599053371,-0.013941760512023116,-0.002376890959644218,-0.004352277948691641,-0.008920992985516185
2025-12-16,-0.051840156742277044,-0.039880468953276016,-0.03804580420640824,-0.020360609880135216,-0.02985895805043548,-0.03917678279452419,-0.03245489661188794,-0.042942568002620196,-0.014595724931969256,-0.047005593831749404,-0.023342091647152396,-0.03159979110078215,-0.06875838987497174,-0.033161996748827804,-0.030255964547035274,-0.017989263055148808,-0.026154922462371832
2025-12-17,0.027963300444230565,0.005997310203804007,0.046160647164976476,0.018875835787870665,0.05300647321529284,0.02908238148856568,0.03361070338410066,0.02022799304701861,0.012153425852948319,-0.01295312561800721,0.026992877553783545,0.043936213659546475,0.0015936355767647292,0.02446158421894462,0.0005528334449682593,0.007361780658072137,0.023805473078393424
2025-12-18,-0.033292713197856094,-0.01810552585750802,-0.028748865796529022,-0.012239284227306135,-0.03328818555579793,-0.020336151668708724,-0.04588821422383749,-0.010093799287286598,-0.011632206581334126,-0.036618905492176834,-0.018617435338780464,-0.02215111298124306,-0.021668335742034306,-0.010381531653286369,-0.005954242356094208,-0.003059173154949746,-0.007410058780951467
2025-12-19,0.013019733820597068,0.005396874945805763,-0.003144391945852032,0.00040622030011872035,0.0033593737414645553,-0.006626977401474332,0.007687076079587074,0.009468320219760074,0.005694738933843979,0.001249217230658406,-0.000278947207942859,-0.002768725458793031,-0.0018586312287565132,-0.0013112539655391053,0.004754883085259065,-0.006818979151063331,0.0012871686216937572
2025-12-22,0.01202319631013693,0.019011387824239057,0.014900961338665253,0.013874884844825353,0.016462087094165412,0.014617833053618634,0.002227911408226424,0.016955306564995665,0.015100078791584925,-0.021090795709081456,0.01604576320089568,0.01640588881696048,0.0007759472781292409,0.006565183511632933,0.005162537074776097,0.011328571490261119,0.012511735525196244
2025-12-23,-0.0020482987141475784,-0.008121267437386503,-0.006215662081244022,0.004739598504721831,-0.002470426229091105,0.005511475662941745,-0.002020890690950794,-0.0007095402084789093,0.014503593632937406,0.009892601411858326,0.008788773288063156,-0.004221508831319998,0.0010076474201399233,-0.0033916732696512852,0.007459431465343114,0.014086946856613158,0.010748995955895069
2025-12-24,0.0,0.002434271138109567,-0.010029208306477466,-6.638276657522368e-05,-0.003852544015942372,-0.0011538675844269264,-0.008436800514353249,-0.004969758948157432,-0.0032992223595469383,-0.004026608435590218,-0.0029949177284380735,-0.0024937114684608908,-0.005498628434516317,-0.006021019570140562,-0.0018207188672485497,-0.004853581843771604,-0.0016746399478494434
2025-12-26,-0.0073892186145517735,-0.001103691595574885,-0.0028322682881085637,-0.003189398228931939,-0.014640853269927145,-0.003562188257712151,-0.004084214124712937,-0.0024972904054171297,0.0,-0.012308979919496199,-0.00532484046402959,-0.0037500146800810708,-0.005139849272335351,-0.004740508159437384,-0.002796880057558848,0.0010090915227525254,-0.000922704697810417
2025-12-29,0.008271370775523312,0.002872888101719928,0.01190743905729974,0.006465805660525792,0.014297676279795724,0.011014506549894998,0.015446763901636684,0.006795458020675715,0.006987759533680915,-0.0005498621525477088,0.011118831087153724,0.014052681976603143,0.00657532880149847,0.0029108156655441864,0.01006035723393195,0.004704238275413886,0.011921756863249255
2025-12-30,0.013125514226026036,0.015645624277632386,0.015869568511381882,0.008742355840413829,0.017689362867196357,0.00974773423074593,0.018038546495485308,0.012078086135445254,0.007304694172581394,0.001344700195166526,0.002172002467788703,0.02598367462448925,0.007543400569386405,0.01715036217187116,-0.004829165828529436,0.006020125595980197,0.0038164520742349772
2025-12-31,-0.00971669908042605,-0.011933182410933885,-0.005207219838480048,0.0006564973933191887,-0.005160277599209673,-0.006151866422366203,-0.0060825877511786475,-0.008073043926806744,-0.003263264480842798,-0.0072640863281722146,-0.004334804768027722,-0.008200682876342569,-0.004013638953694332,-0.004409791579917166,-0.012556139650880316,-0.00083110363202199,-0.005372324933258454
2026-01-02,0.03679488957694521,0.035133949478949544,0.033009191155033424,0.022898734177215108,0.03385205532369184,0.021521690501799196,0.013370467901338001,0.04741692499754535,0.00800288943273908,0.015433848237875303,0.011428456286135757,0.0306420131441838,0.011856925908262372,0.04742045724556743,0.015480097323471442,0.012310732524289714,0.019195619584211565
2026-01-05,-0.03509474403212698,0.040941848611806275,0.02585318502195255,0.05099438030477765,-0.034856084969463796,-0.009974694229533454,-0.03511868172304111,0.07837832841215131,0.006856770739857021,0.059343573606998934,-0.009281635780438502,-0.027135397146640705,0.07206856159478825,0.08955233381729166,0.09231148235834108,0.005094501725317002,0.022095353953396346
2026-01-06,-0.02411112411392413,0.0063175330046976175,-0.02106845757189424,-0.04461417491977593,-0.0180575074889614,-0.011299514482328021,-0.017144004059396756,-0.03414784765933199,-0.0387096851314791,-0.02583741320043409,-0.03774610538133227,0.012369644770325205,-0.02378914740967042,-0.0038813088752596148,-0.012737435552395593,-0.027141890872491525,-0.03438088836089881
2026-01-07,-0.020519233337840115,-0.01093555790672307,-0.03264348663123251,-0.008560054747798418,-0.03956522946163077,-0.02333325414507703,-0.02782592423381247,-0.01459614440308854,0.006711398595603102,0.012263697807819884,-0.0021164783918384833,-0.017968353469345444,0.009001251839540592,-0.028879276099874507,0.03135689569494793,0.01495797606505267,-0.021148382765624252
2026-01-08,0.08465153612659027,0.02784604730926543,0.050883597541034,0.026095420277036263,0.04699737879562638,0.0294490110258796,0.05133509024911742,0.05892025810682866,0.010000093005195554,0.026433293592944995,0.02276587853001799,0.05464741128390971,0.04598191653704631,0.04861930326186781,0.040574345706492876,0.012584880018807088,0.03730279852760798
2026-01-09,-0.006700797603350517,-0.0045816803760407865,-0.012256926189729955,0.01795916493985228,-0.009143886492577802,-0.006157111142648275,-0.0016931997691951306,0.014299160453048687,-0.005500600706459524,-0.005082692145246481,0.005115244097529947,-0.008558863283624651,-0.014283803933276773,0.01733067723868431,-0.03157019265665073,-0.013573227468197446,0.013831235874492531
2026-01-12,-0.011111083569421587,-0.04042429708172868,-0.020613306091278205,0.0014188088932922671,-0.0011185027592686136,0.0049562197237287275,0.0010176429342985127,-0.02237220172659482,-0.007374651326983006,-0.0035761919456954727,-0.0028884184160694604,-0.003266467726483091,-0.02328364267037608,-0.0011061529381892754,-0.030548445232198018,-0.012599484899316171,-0.004654540267422291
2026-01-13,0.032102614692564035,0.02127207353581806,0.010052417647432588,0.009424552086193527,0.03135498380803914,0.024658587128760567,0.02473568287034844,0.022257150962473382,0.017087582807446156,0.0017660668423411519,0.024279179591526256,0.013810921955451416,-0.008282290566461903,0.01661118327125166,0.011802896999482115,0.015614593263175047,0.020236992170056034
2026-01-14,0.037713932607737366,0.02062489669952683,0.0402238612805057,0.020565220524943584,0.029315920278056407,0.024990721365351742,0.016665546235737017,0.013186230903251106,0.005478574368345646,0.029798072320587954,0.021548823488188873,0.023320185934167625,0.026797505185086612,0.02331159778260883,0.02624613437284662,0.0036368932067412096,0.02892358646125137
2026-01-15,-0.025477664615061735,0.04041621317728583,-0.014052182341024788,-0.006457774384367898,-0.042194168027716805,-0.024562036783423724,-0.018929294104012562,-0.007869425891606219,-0.004358921497582546,-0.019327354894604465,-0.03295990290224071,-0.02594761112666255,-0.009760400979973438,-0.008516000468878238,-0.010347849918234564,-0.006918138831751075,-0.008217951998567341
2026-01-16,-0.008842840329800095,-0.004807722611149368,-0.007480009707358182,0.0006016817069787184,-0.0033038778671018454,-0.015700952575370297,0.0030499647823736264,-0.006406376716800666,0.02006568868225478,-0.011036620605128,0.014315083210153068,-0.010887220818850851,-0.012356166739934449,0.003435641603259487,-0.0060678598642319725,0.02089899866949363,0.0058854397412611
2026-01-20,-0.016679601873270333,-0.009468611315793019,-0.027192234161892537,-0.005773954093461153,0.0024862289267961746,0.008450394510354453,-0.017054541108569743,-0.015658438205202296,0.0,-0.004270348158880388,-0.004570011142136621,-0.010772779955977918,0.0013740737507075274,-0.0059918908885920885,0.006922435651421477,-0.0006499054162809603,0.004388462712117125
2026-01-21,0.04694289829527665,0.045454617260086705,0.017064535765688227,0.00865088101494571,0.040231505174184834,0.017324214307368635,0.028917477887951515,0.04054903833128276,0.02217455331920859,0.014867238859015197,0.023764701151881118,0.030066270937733952,0.02289294231499195,0.044564035430325166,0.018730046407047674,0.02715011138637924,0.024145322560718885
2026-01-22,-0.02814766075677655,0.016234307058369035,-0.0027791942006293313,-0.00041985023303425795,0.006092588106465957,-0.01601110963835828,-0.007516370200073785,0.01079136815749382,0.038838364299284,-0.009691121222378696,0.03613807684131953,-0.008273868379712779,0.0020473567980330287,0.01648806355873278,-0.006907908919672634,0.008546968753170292,0.0002244857447475379
2026-01-23,0.009784696565048545,-0.009915566060146208,0.015173391736779562,0.00035998244979684735,0.01737761790146508,0.018905259443177114,0.014290438952818674,0.006820849927080097,-0.004041802204502898,-0.0021620497475193234,-0.00712830546585419,0.0220160980876829,-0.00274772012987623,-0.0034468260804074724,0.0010701477012620142,0.019460165253352812,0.009952141808674098
2026-01-26,-0.015503889331616838,0.04395404864142294,0.0010167367523141735,0.0046785582138049175,-0.0002587590280814789,-0.006738744811805697,-0.003246463064189964,0.006185596369361113,-0.007778115032666677,-0.016193474290471133,-0.006410238185654449,-0.00408163122753924,-0.00812499339628292,0.011190126680858059,-0.020364537217236633,-0.010314040069268726,-0.0009632771488933267
2026-01-27,0.01692915819498242,0.0037307341704793107,0.014423646958887426,0.009253705822593439,0.021227031191782375,0.009200745314144054,0.036477317299021816,0.002927230980555473,0.0085207802004863,-0.004346825657829956,0.003096728543328542,0.01434421342924308,-0.0027067333779406955,0.01931586966037835,-0.0020187174495117644,0.018509916056560716,0.01475813413855831
2026-01-28,0.006968703193880321,0.002300852993831981,0.015219747538889106,0.005205469639987248,0.009632419954988647,0.02237769719898952,0.0072272801663675335,-0.026269540366576583,0.016221713771981117,0.0012806822829696252,0.019552474171465217,0.006285109464345684,0.014784852469136078,-0.035333567126032084,0.0060684873963097186,0.021991305430305363,0.005481326338554471
2026-01-29,0.009611648940859974,0.001765818779043249,0.013906733382727854,0.00741499121561584,0.002761696779209899,0.009547951399579535,0.0174706080404885,0.0008991357700809388,0.005653418617729944,0.021684793713847128,-0.008831787159385263,0.013160887375367247,0.014076487614600897,-0.008594223062305062,-0.008314276224949846,0.004781914440759261,0.021296680530785705
2026-01-30,0.0057121604255929714,-0.012162828834455186,0.013910548809459522,0.03335458367951416,0.006760155365415299,0.0004460269085393431,0.005396441905808125,0.0038934112224060513,0.00826718596296283,0.0025606227636931767,0.00801939405572627,-0.0006604875909124175,-0.0036092089808874572,-0.0014447339834435802,-0.005808551565903319,0.00029748326167378103,0.006334072123790779
2026-02-02,-0.01968956347339057,0.007316196450336987,-0.023409770177758138,-0.016223702439402854,-0.0017408785875967503,-0.033175713934503026,-0.0323879312189056,-0.020584643756074494,-0.01943895828138953,0.004086462266456925,-0.03584223225112826,-0.035029826841442735,-0.009194657673084139,-0.006821063510800474,-0.006669252706914208,-0.013678434055294453,-0.021216465585299327
2026-02-03,0.022016194093713137,0.027457909036727957,0.030651295209576546,0.023041985515075636,0.02416542538872468,0.01863295858073144,0.02672717650016687,0.031678229844307015,0.02397832686505974,0.060313144200141666,0.03916615052777894,0.03333331282070584,0.04112761229198947,0.035587959939195724,0.06686277823654763,0.032559745473071056,0.03851163644371014
2026-02-04,0.03476945665731379,0.020172400255747513,0.025545649760085887,0.01791727255732467,0.055460905229952395,0.03839529010293008,0.03751225794255597,0.013876676151781453,-0.00857517464032198,0.04446105968633396,0.026446899873169283,0.03159522274317683,0.04456751199105602,0.031953417859448274,0.02673329036467753,-0.029781083070317904,0.026855907207996577
2026-02-05,-0.03287064870598988,-0.030589813600868654,-0.0242587179122018,-0.011035673046149053,-0.0050703076068499,-0.01901102493002571,-0.024912718744971918,-0.014560450946138226,0.00898202876780374,-0.0004593278213994578,0.0014937244609340983,-0.03426857895358404,-0.0016808792657182492,-0.0358326037392217,-0.01054997962544546,0.014444686067960788,-0.010230918059639493
2026-02-06,0.03700900189361356,0.027196612075263138,0.025147651005714478,0.009094483582506419,0.014825227048554046,0.01075652119606052,0.013047692321747295,0.03368801195404658,0.00560496914909514,0.036613348068005536,0.017151239597758217,0.027057093403000776,0.02182235035176716,0.024035661060167968,0.04398883611434257,-0.007416193091301371,0.020331316475490357
2026-02-09,0.001092578339824568,0.010692553262504179,0.01003526151389833,0.009620800688657116,-0.007532592294772766,0.0014951842844606045,-0.005810788736801964,-0.002286800669235256,0.01606560658333711,0.006206843062155132,0.015762561013062504,0.0075576814075100085,-0.0019011682737287705,-0.003155852268242998,-0.006414014226602038,0.013897268944890184,0.014491689675481645
2026-02-10,-0.001455110880898114,-0.006717060702196798,-0.011039554062100998,-0.001862171479717234,0.0,-0.010274894863130712,-0.0064473493124033165,-0.02521512273517612,0.000645401479971941,-0.0005385121180718766,0.003969784562661172,-0.008358238022952102,-0.0012062942129429377,-0.004352976863858937,-0.009335584823914056,0.01459098022088745,0.0025130694744202042
2026-02-11,0.02950824730089585,0.03550294700758072,0.034511617765494496,0.01953261011560481,0.034038688951974816,0.04897957893262439,0.02498627967846012,0.029688455434349947,0.014188985301806012,0.021993657618301965,0.01725376679298396,0.02096386651078208,0.026635190140092524,0.03068465462137593,0.02215542789854319,0.03312037678622959,0.026189142115693675
2026-02-12,-0.04741682877750064,0.0022857261573270282,-0.0034168804495708915,-0.01840487742250685,-0.022242064258994443,-0.003129791713472052,-0.009407703643194099,-0.021124700260988227,0.0076311679977028035,-0.05090107942796773,-0.003533647922078109,-0.03704480459909709,-0.03244580533442809,-0.017843274988105784,-0.03437624483931789,0.00014051807741655153,-0.02976780039080318
2026-02-13,0.03714709462804344,-0.003094996104716863,0.005413623763490749,0.007346440585386693,0.015923645496546568,0.024437939420994148,0.01027366911351102,-0.009623827120741058,0.019880092225430523,0.026461927834776633,0.017848733985791787,0.012749945805873963,0.022462630738580236,-0.004936910697626806,0.016555748151099614,0.016167647271040142,-0.009871213962654224
2026-02-17,-0.02077363748017025,-0.01820560846354824,-0.023781719490906683,-0.007748966768862275,-0.013882677226089934,-0.008117354192788029,-0.0032517932116431503,-0.007361632031139265,-0.005878703496634663,-0.013381862189419724,-0.0058065356711299865,-0.0028218151838931282,-0.010077008430170786,-0.010914876174479171,-0.014137964308135187,-0.004427305979117446,-0.015223940851543327
2026-02-18,0.04645202292744455,0.028065466772367653,0.023902087502688962,0.018388222672834464,0.00908255854994744,0.02104376875702685,0.03214901885841348,0.03144462592529318,0.004979713956261067,0.00015040301310964566,0.013783465627212887,0.02546803558531363,-0.004805336921223646,0.03511246925952638,0.010742958716959405,0.0025015216316970346,0.030713399703180322
2026-02-19,0.016427810557267275,0.016574590118805466,0.009681570417916063,0.004949132113062804,0.004950596577824484,0.01308589433106122,0.0040802140344236015,0.017256260670807988,0.0077423579348714355,-0.015533432894287769,0.0010369460296553168,0.09382297104481152,-0.012642862155074486,-0.0009692150202625927,-0.0011030165786594104,0.0004158084023557773,0.001924622443174595
2026-02-20,-0.0006877418574934291,-0.005594663755550178,-0.009499013814364687,-0.004600112272900803,-0.006045778254187839,-0.0063777055129981,0.007383183970440577,-0.007350919192918748,0.005838958249788639,0.0014760147024541759,0.0051796292137993305,0.006015931694153931,0.0021876194412249195,-0.013387649665639656,0.007628912916408215,0.011223447724467706,-0.024441921810266276
2026-02-23,-0.01169992407874787,0.02346886520241287,-0.005880826478412593,0.005328304151971164,-0.01621979070940316,-0.006256087901653662,-0.012442431501510587,0.003702897980022213,-0.0009165763546096217,-0.020024262418799732,0.0,0.011381222257124124,0.002395287440994265,0.007669620365238217,-0.0167861561837358,0.0,0.02362842390108466
2026-02-24,-0.0034818128048437202,0.016491325897678877,0.006461624304602287,0.0023253616209488737,-0.008930645670639392,0.011364528717894506,-0.0074790009677541125,0.015607238749182129,-0.00030588497013883664,0.012809703308836129,-0.05084168038520276,-0.009155157968703587,-0.003164465706297803,0.011904709962803572,0.009828297953711429,0.00712527371445959,-0.00994957982503808
2026-02-25,-0.027253705447808918,0.0013905973585535136,-0.005244598558832081,-0.006042959698432826,-0.015249582178170074,-0.00970083842584979,-0.027533121579994546,-0.014529200062500025,0.00244735302389798,0.002458032210493233,-0.007359224446684354,-0.019441793433418564,-0.015871956104177687,-0.003664355693850152,0.0015551134091604801,0.0063946022294323335,-0.0013399356022909537
2026-02-26,0.045258533721105776,0.0013887848304627859,0.00627217694715787,-0.0003256334210851586,0.0009386528433370511,-0.011183641704629044,-0.004708832038706756,0.012475083440799395,0.008849462026419674,0.027072555861884062,0.021147378455273813,0.00961917788441724,0.0036205575166288195,-0.0032908061945412515,0.02078739968090315,0.010815125247511936,-0.003488610669514114
2026-02-27,0.043642690188110844,0.005546961595435773,0.024932257922020806,0.01411813328160183,0.02039372508008963,0.02435400876178262,0.04252013584375369,0.008121111869323183,0.006352108340232032,-0.014223941895192382,-0.014877479986821651,0.03208249427008747,0.012265548460353326,-0.0029131425519665077,0.00417105509795368,-0.0006687066412228715,0.026659638371742345
2026-03-02,0.043463946401338216,-0.006589119405773669,0.042129324364107656,0.015206737879513543,0.0326212675767068,0.0368309906589126,0.028033205573869235,-0.0008334139926535755,0.01863539684708826,0.05857421294896836,0.04047367738444785,0.021288592905886805,0.03790570888337075,-0.0013634484253484125,0.050185673144870435,0.020610236638544333,0.011278619340691298
2026-03-03,0.005048915217873207,-0.03532309358754737,0.002368061145029632,-0.004377730756614406,-0.021134579467034342,-0.004974703524805002,-0.007990732748042295,-0.019738647949707477,0.0020654364861367736,0.010294576335379668,-0.01555971218270158,-0.009776794539075984,-0.002497089285387055,-0.052467297781694566,0.013028709925688498,-0.004982933941028889,-0.015497322652886059
2026-03-04,-0.023547906328299506,-0.026543009486205582,-0.024215283464665616,-0.014514986067509228,-0.011590953614418531,-0.0014842128797777354,-0.004618936231108206,-0.01880885822891798,-0.0011779147955893743,0.04146616014013338,-0.00023582397486610063,-0.0013039955027612793,0.030917466937137483,-0.014203443411447969,0.03624088919698387,-0.0014496544497148989,-0.01323843532340463
2026-03-05,0.04115752672217243,-0.011333850249333755,0.010116705328929498,0.020803008294000058,0.02368357210370231,0.025113446332449385,0.01924167801575516,-0.007841946212921114,-0.015624917658374926,-0.015445926872489912,0.00991016941575329,-0.00690169089308057,0.010441997242207401,-0.010231699869922561,0.010771259540630629,-0.013197827653628535,0.006274105573070177
2026-03-06,0.00926494120164989,-0.006313289340671102,0.0021400599741359105,0.00021078657993744976,-0.0008984199883136368,0.0029000088670825264,0.008378032083147025,-0.0032202483338521493,0.005690434321133919,0.018034558517399324,0.015537407445674,0.01784362736841083,-0.002883860490777046,-0.010548577935145742,-0.014910251575820599,-0.0070884560465409585,0.0029849867626785542
2026-03-09,-0.0027539433505616717,0.004848644136303815,-0.0003416281539139199,-0.002632518749877799,0.007643914444766864,0.0019785968725578584,0.012850366765757792,0.017621192678168862,-0.008338362426856372,-0.025216938089587138,-0.0111583157327102,0.015316573450941062,-0.017835752764605473,0.0061833782803197845,-0.038641456328340484,-0.014278017662729403,-0.0050923522483152794
2026-03-10,-0.023626891444753162,-0.012645550841810516,-0.024609071003272143,-0.01662796278983425,-0.024988930007576404,-0.028708122994088092,-0.024554282703616814,0.019913411354490984,-0.010210133114257447,-0.002178950812504965,-0.014890731950192082,-0.029948901270592354,-0.003067478556324721,0.019495640280948523,0.004954975821998664,0.009018839918659038,-0.015354839982790969
2026-03-11,0.0361408297483905,-0.0062352746049479935,0.025229956801612552,0.02952391378900776,0.037986299547928315,0.036124820900929056,-0.009698893127952024,0.016694929347291554,0.0036407211834796893,0.053477714122440956,0.012753962397428209,0.04631029433885492,0.043076932146469904,0.001247074802374959,0.06464839947875567,0.007584074481454817,0.023290235123560432
2026-03-12,0.019411601801999856,-0.0520603117603321,0.027599752124203514,0.027008708128747783,0.01829803109711725,0.003999631975872164,0.002094603080445623,-0.03033675260751656,0.008464278615661458,0.01468639167567698,-0.009678185196562716,0.05091755312272128,0.027079609942040506,-0.07494278722995129,0.02060153443063406,-0.011828036757735583,0.01286449242188703
2026-03-13,0.025587542108656214,-0.029338186173378022,0.013553952924227453,-0.0007614662136037342,0.006528853522686395,0.0042092459489107,0.030280763664617627,-0.03300806029785486,0.0008992669576470824,-0.016907946012974406,0.005062962529919224,-0.009073754295118364,-0.007754505651706989,0.003590586000451479,-0.022136434248976933,0.004726418604710014,0.016869640337443093
2026-03-16,0.0020307881894987556,0.017139713683217872,-0.004676376039312813,0.00010149044959884002,0.008648644427967644,0.006811339508552061,-0.00021934939092693728,0.013950842813916564,-0.00239581308794079,0.01220276551019217,-0.0004685347648402116,-0.010884562104792272,0.004283814423141186,0.005366695920904219,0.008586635750773342,0.0074993017970930165,0.007109946774932485
2026-03-17,0.03850610470555038,0.03279580161173201,0.012776144852644222,0.00574080943755928,0.016505868446684335,0.008995737594280184,0.02681954829325983,0.043325533396584515,-0.001200900056743559,0.018869508041518657,0.01453349231362755,0.008384239557504891,-0.004438507512882439,0.02602314591708277,0.014576306966306962,-0.0027067014107466925,0.010048960990123534
2026-03-18,0.020630056034833144,0.008421114635288163,0.00634819839880052,0.0032327517722583465,0.015605267276973755,0.01326252862259203,0.013139576668941277,0.016273736649669912,-0.01983774079875167,0.012775477488607079,-0.004274518344965839,0.011259365295775092,0.00017373701154799193,-0.017559004423216673,0.010594983491831522,-0.012077626223235272,-0.007682138006848138
2026-03-19,0.03960671629209567,0.05619339409880775,0.019166998416735526,0.014248988826470965,0.013081366941580352,0.009453327133174483,0.003321387983451274,0.01960246975945168,0.02545232726313773,-0.00194711156346572,0.025525062353916494,0.020554952065184207,0.03241859661337876,0.05516323043272253,0.015138823971026616,0.017307681141289333,0.003616983387778605
2026-03-20,0.02758800783816029,-0.005929858180253045,0.007141676549675902,0.0014396339952256199,-0.0026644772146566797,-0.0006484686999189693,0.01171765754177323,-0.010831296340395147,-0.017942544394148885,-0.013784113080745786,0.009276986560682321,0.01896604623608944,-0.01609287597810749,-0.024885029171029194,-0.009129606654112776,-0.022279184332560042,0.00954730933243142
2026-03-23,-0.002045662533910253,0.03612264367067608,0.0021273469795830557,0.01725085014187777,-0.003493570382506861,0.006847900126182305,-0.0039471827637042045,0.026827255195804645,0.026492153845334654,0.0,0.007958784851649803,-0.00658866944542813,0.007351687029413467,0.056187067308685945,-0.010297722096826667,0.01643415934358461,0.009143948901490395
2026-03-24,0.04534979083801227,0.015352682386710281,0.016982526185901348,0.007699402442684411,0.03670852879866948,0.020403643270070493,0.027531588852768518,0.015995674182637476,0.006526115354993811,0.04893996522518429,0.011343445010349118,0.015586112282255815,0.04163836666832754,0.025583708924791893,0.018366402769012913,0.011684717002095946,0.02637617529049341
2026-03-25,0.012745180001034973,-0.0137030039839654,-0.003247118364893664,-0.007930742002330904,0.0027849637483177148,0.004770994751753577,-0.005277629837373898,0.013644877500383457,0.0014736380615731903,-0.010905677029900862,0.012975615640052895,0.009795903606301337,-0.015370413728456933,0.02732137851794758,-0.029824216841352724,-0.00872949116125088,-0.012818977381954477
2026-03-26,0.03581791647374821,-0.0041519488117715,0.03350655224040744,0.012868597671824133,0.01864708900783163,0.029886225237014008,0.031476477915411305,0.0041418160526356385,0.002648691110193946,0.029264223149298774,0.015740337648311842,0.04058216525621683,0.015003521657340313,0.008094054787096239,0.05798591595969227,0.0033870959848314453,0.013291624462953289
2026-03-27,0.037149547657109316,0.013790835625409503,0.004127714216266787,0.016170203095777325,0.014021445117643694,0.014034780358239685,-0.0017311829704518278,0.04202103145093394,-0.0011741116033341381,0.014498019280508201,0.0041679539226378015,0.014916025456207072,0.023205350507802924,0.022748961982171023,0.024905327181915737,-0.006481192731242702,0.033609365142416525
2026-03-30,-0.01464287917178786,-0.04017714807351802,-0.0068012419558654,-0.0020838332586173847,-0.010562708189811976,0.0022064555449237133,-0.015804557508007466,-0.028698658656687637,-0.011166486585987734,-0.026795238678227862,-0.010642843761467069,0.01408452852700215,-0.01842992814578237,-0.036822404548162546,-0.015924834254615106,-0.015085680573895921,0.002807164762685499
2026-03-31,-0.029721135580864755,0.006097517354801241,-0.006697248902947428,-0.018081702299185154,-0.02329191434986122,-0.03549262585652713,-0.004329248067871272,-0.006877085430180063,-0.0035662983077694443,-0.003997490542233528,-0.027646295442299684,-0.018719804736961554,-0.014230919206268955,-0.002716917078188774,-0.012746280384960729,0.004277688421383985,-0.010555741360441018
2026-04-01,-0.02568328801635189,-0.01162974934445371,-0.02742424627871165,-0.04586757172588829,-0.03437994949581713,-0.02870583449882147,-0.03625054647291459,-0.02539118544942831,-0.019385486521032558,-0.024653850881036554,-0.03352139042448243,-0.04261542555995168,-0.03589850757965185,-0.026464243549797706,-0.02274563969078902,-0.013053074752787719,-0.052339930265919654
2026-04-02,0.01668682754341755,0.000662877889578084,0.016669252214862595,0.007902353002086748,0.01852230052154491,0.015809773472972743,0.01710209020781006,0.004473613126757758,0.0027371845456858335,0.01498988730611539,0.010760147664838238,0.011891391770414206,0.0032453205839413357,-0.011792995238962933,0.010892057633494545,0.0023667095482751144,-0.000559791739393467
2026-04-06,0.023311185514666155,0.0052998283016214565,0.008580927423079032,-0.0005528684127898975,0.003232990334797403,0.0028743337504841815,0.002011552582008358,-0.009169436904273742,0.006672592045008585,-0.0013651707121005163,0.0022649383247155264,-0.0001588430674313024,0.006356004098441614,0.006877068511840889,0.006104321840695093,0.008194379892583425,0.01667807051668735
2026-04-07,-0.0013948023207511762,0.00906089369140406,0.0009876829981927404,0.013476768087673063,0.006042312436487007,0.00824882379727887,0.0063314525327278215,0.023796943871797316,0.0033143574621397054,0.016652833630407038,0.024067727152384144,-0.0003176148669565837,-0.014831197593828449,0.011450345918531557,0.024065525401465004,0.01997528579570651,0.003305407646910341
2026-04-08,-0.09799812596338286,0.031183661017761377,-0.04970787464269688,-0.04291949787792104,-0.040840843104361535,-0.035914815534047295,-0.046189294433729544,-0.023760385514595805,-0.010210133114257447,-0.05476320364409626,-0.04259066556196134,-0.05036544012220545,-0.03835138502217195,0.030387299909388377,-0.04711918432675788,-0.013911343962219935,-0.046916010498687655
2026-04-09,0.0056775364108736515,0.004116511614497886,-0.013975380468031706,-0.013116224977816726,-0.0006261918012095968,-0.01776334267198476,-0.0008580231117720771,-0.0029100487349926762,0.00030335413228921304,-0.036468635250948345,-0.006799554331875068,-0.020746191983384787,-0.041250045295761595,0.012721723726139222,-0.018945116404888163,-0.0026024749513627876,-0.007553453772372043
2026-04-10,-0.008724703539896739,-0.009303030481077945,-0.00745116352403441,-0.009508331611622456,-0.0018796722505058927,-0.0028554369674907987,0.010198136645757083,-0.0026532476985375864,-0.00879589845326878,-0.004026505756691168,0.00034803480456835345,-0.009567697854426127,-0.011299374327963463,-0.01180053301107531,0.01582305453748467,-0.0010986103302300654,-0.016318494569759867
2026-04-13,0.022262519939461267,-0.004297284482323804,0.008731124365392917,0.017130711833409196,-0.010880923775572482,0.005653860009265932,0.004728654619112538,0.027134958908749285,-0.01866582494835478,0.011993473095630147,-0.01020767431143399,0.0015524949759095907,0.007221335364895776,0.0,0.013650480698063516,-0.01649706771391568,0.0008525247720341245
2026-04-14,-0.06229440801553876,-0.017103545982750767,-0.039071406830393784,-0.02482013368786884,-0.04273330541294873,-0.024605917581679293,-0.013696439708865471,-0.028490085572629664,-0.01309639491685588,-0.00603668889918163,-0.005742415793863809,-0.04615915812585569,-0.010224437485436333,-0.008282033393767985,-0.02685065967972322,-0.0013978065470546808,-0.02227459903979434
2026-04-15,-0.011612118946179528,-0.023093247565524,0.0010943292109104608,-0.011282099070582086,-0.0004420014839228159,-0.008982661568351258,-0.0034314390455330024,0.0007998042300871866,0.0015797958027672365,-0.004019065337024119,-0.008722263657412799,0.008125716613219813,0.016880831161712573,0.018061798238564686,-0.0024620414051000905,-0.009518518486642091,-0.0015412100674709883
2026-04-16,0.035519194392769515,0.00882305805557615,0.02228394585800464,0.017521946744833983,0.012160075970214956,0.020552677029360922,0.004196479223651295,0.016249347698825023,0.00283913491367338,0.014392719700580425,0.013198562876209685,0.018627957724387523,0.011707131165694218,-0.013162978182640117,0.02868095117964864,0.0014132148568841707,0.019931557451895232
2026-04-17,-0.05699207630194503,-0.013531391672416238,-0.045488184887042316,-0.02211001378439459,-0.03385753305836858,-0.042067621344685224,-0.03418161620761806,-0.026212253812765263,0.007234971459221695,-0.05547203832137604,-0.019950669110135877,-0.054158586364875694,-0.042613103965578936,0.017978001461363302,-0.07483254183135646,0.00409265875742526,-0.03645219844291081
2026-04-20,0.0064354051376118715,-0.010204099337267847,0.003533220433508122,-0.0040219819833510195,0.016052386472971802,0.005684108989778114,0.01764017731831724,-0.012651516203202484,-0.002498440977441785,0.0020122118460310645,0.0032331153037179483,0.01282761092185436,-0.003965006130755011,-0.008735203160797123,0.011759428965366414,-0.0033731889646911872,0.008467580833579014
2026-04-21,0.0453154181504869,0.018252514169593725,0.03271796578884678,0.014897714891459302,0.01468623771644495,0.025317315921536965,0.03461438162210473,0.040076373923742414,-0.011584247248703217,0.02909588406721908,0.010861841295419783,0.03395744017526248,0.023306673703592073,0.0109194315875909,0.03142123314458134,-0.006769103372629148,0.004604627598387312
2026-04-22,0.019009432307889096,0.03800836249392536,0.01945785475074846,0.0018281555498205204,0.03333335299182094,0.004379688626669154,0.02144357364987548,0.02516377173093365,0.0076021617805166475,0.0078057132557092235,0.016176597435652695,0.01278182889768531,0.00796832215311638,0.02994129941854573,0.0041562162823021165,0.009512936432449104,0.007684017524937525
2026-04-23,0.015764571153338958,0.03118000019041811,0.014437178802591433,0.006869938114201002,0.021859132679135085,0.006465707285113753,0.00887197725364186,0.013807217754153056,-0.0025149349842212843,-0.004367971382127633,0.013362782481503244,0.013672202870308237,-0.006971721186166846,0.007175787612176077,-0.0022615601560357357,0.007735566656930759,0.006889667990523485
2026-04-24,-0.024055869954219378,0.06900298339890165,-0.020985804307973588,-0.012739819657356377,-0.0043614144636319185,-0.005527707837922002,-0.004090232950901496,0.017906719810183658,0.00031517478729070625,0.01374943367726944,0.003325288723089237,-0.012277397737998408,0.0208112465498127,0.025758113696316753,0.00863885409056997,0.007397076331833619,-0.010761960218731548
2026-04-27,0.018552845849633348,-0.008123055690095304,-0.0006570019157843277,-0.002321846601461508,0.0054235196933460905,0.0006760553102151956,0.008368026532357575,-0.005698677288940135,-0.024889738884636414,0.013696778112235686,0.0028571920942237483,0.0026260632466543754,0.007675759231262846,-0.016384738935476983,0.010175893874547759,-0.007896883817217981,-0.0048351058212842135
2026-04-28,0.005724733760744893,-0.010383153428785596,0.021696270902171078,0.01937447282762106,0.02655597095672313,0.01921630796863605,0.01853165538437951,0.016944947311200442,0.027140576960200447,0.023678465577188,0.02324783180381962,0.02339794650160032,0.006276685233773671,0.007604641817196889,0.008478521692063534,0.019969276385135792,0.015992910032473162
2026-04-29,0.043208200970614064,0.016846435933916215,0.03161195155512386,0.020492651915108517,0.032336359822626726,0.02459853332842754,0.026292184807554797,0.024503735393948123,0.0015727773648164245,0.0396405794712722,-0.005234515573245058,0.03668314216536972,0.05062674764550912,0.0008983664276656089,0.04590667303033413,0.003833501590285948,0.027298101458409274
2026-04-30,0.01016866504258429,0.012498245600714775,-0.01925929617245392,0.005670546829223522,0.005677303751545182,0.010422750785010093,0.0015098104997726125,0.011719633845555189,0.03234926453425491,0.026797936140215306,0.03515454534719509,-0.0029624140874370264,0.03262427353179853,0.021184978622568407,0.005093513884584011,0.040780091476162905,-0.002198265119970344
2026-05-01,-0.014731052607304673,-0.007894360736092398,-0.0205914755072113,-0.01386361134480285,-0.015767956161406804,-0.011524594484352946,0.009823431514131231,-0.0151300521194766,-0.010343818624075296,-0.008618934673396694,-0.022712527460418852,-0.030868308287578694,-0.016522417181568216,0.000703151815667935,-0.022606745256418037,-0.010090358487972129,-0.010237790407773395
2026-05-04,0.04709689493376379,-0.0015914132821484017,0.013962167023187755,0.00865543544642211,0.013844949182756361,0.01914362899226174,0.02908747453377747,0.0076813360606236,0.007384024713361859,0.025959738734746995,0.01500728155822495,0.026571320232957385,0.012940496569335824,-0.022663285476174244,0.019281467012901343,-0.0017208961601855588,0.00615385954644343
2026-05-05,-0.012851078192743559,-0.014539156759635796,-0.012729197029290318,0.0018722240981803306,-0.005267264251345272,-0.005578589661410449,-0.03514448937418557,-0.006193407969606435,-0.005543583399156171,0.03155940752125863,-0.006730677328711909,-0.01543056053821068,0.010029781134332394,0.006650994687061651,0.007232811399919825,0.009415201424097797,0.007742887522395714
2026-05-06,-0.07666348544393797,-0.016376551898509395,-0.03584169032306239,-0.03882886648611572,-0.08609534082245296,-0.04353083368101063,-0.05383637895623383,-0.03163954645798295,-0.021988270315054015,-0.05654293299562596,-0.04910020296612183,-0.07111563761676898,-0.04737601863668739,-0.014999950096760695,-0.06612738359742365,-0.031003734325249277,-0.03996645677191357
2026-05-07,-0.05378576387046541,-0.0470975841149297,-0.03380991515520826,-0.014365949556221724,-0.02768236408743019,-0.028212910337882202,-0.023733842870871436,-0.0316832264190362,-0.0018999383675258885,-0.014321806236209489,0.003154345382690993,-0.021407857905019867,-0.019857939824223014,-0.03915879826646651,-0.0014365105823661573,-0.010981658647148396,-0.01419058992257538
2026-05-08,-0.01876378965542902,0.005666618011511693,-0.008791748936719301,-0.004821933011780355,0.006621072882082135,-0.006570430479111988,-0.009188767049008173,0.018149321700116294,-0.0034898101233505896,0.010773592013490152,-0.008268348153694483,-0.016870579717918943,0.019309568628423035,0.005094319752747323,0.01992799170089743,-0.01357093121494335,-0.01371259158244742
2026-05-11,0.03205843557470334,0.01111284766002174,0.022294966966229124,0.017178763687317522,0.02455595531213195,0.025224885265394237,0.03948065169036652,0.010795893490489705,0.026743037109692835,0.0310777079434581,0.030882988741018025,0.03978881858035743,0.022149731816018203,0.031162015272213184,0.029328912347620584,0.030850596952770815,0.03534616981468264
2026-05-12,0.010626637825412732,0.00990704837334655,0.020077870274965326,0.006549660989587647,0.0008560054471280498,0.006151234461488242,0.010196271201104334,0.0357675294132942,0.006201635534521577,-0.0019406752688548856,0.007290153710751479,0.02049330553826123,0.00039914278579811224,0.012925488710065158,-0.004070524412633003,0.007414380692874367,0.00634691212219729
2026-05-13,-0.003235329881016713,0.0026059315518660586,-0.003987464988485789,0.00026897578198870065,0.002779638317625066,0.005964182585746602,0.01488774185933539,-0.0163069727184032,0.011093999750112715,-0.011508464892343362,0.004071022092824839,-0.0015994662679477134,-0.02057786203307921,-0.004672830508662407,-0.012220753046360167,0.01311377621176546,0.006240469798209913
2026-05-14,0.0037868896765484994,-0.01223063087362719,0.013373110300749058,0.0034407950589909753,0.007249426080617072,0.007856107839600002,0.0012999205548700488,0.006582111496106657,0.017982239088720986,-0.0010839264540578597,0.02522799370754414,0.011747982780903499,-0.0018043717503997136,0.006681088799826984,0.002744761054846334,0.026152509898263343,0.00798298454021018
2026-05-15,0.05039071246446625,-0.007583920966369062,0.028914900262215326,0.023896282881815223,0.04762909328912679,0.03139922774737869,0.016478632939629145,0.011382902557659946,0.006886252844390706,0.02495779247694685,0.014171186466983787,0.04890917179204246,0.027345398696900336,-0.006636748096452427,0.024390260772022998,0.0003861168486731792,0.04065901124833604
2026-05-18,0.030015405605385403,0.03259502485957988,0.017400501273072022,0.02626894554548631,0.003839190577898499,0.019463934085042434,0.010119810585944133,0.02442527014206486,0.00446024988482141,0.017645012973787066,0.015597941727320652,0.0013418895612549164,0.027839680271827927,0.031960980197419664,0.03102812691833101,-0.00038596781999478136,0.016274068445146783
2026-05-19,0.01892891953238185,-0.011176471132490207,0.004576840800732507,0.014973773324348683,0.00020121661037708627,0.00916151103224605,0.01045628071530591,0.004675124462166336,0.01568979055696884,0.013447216010961105,0.015784912818205488,0.01675037101900423,0.014349345227034682,-0.006649192953058769,0.015859538679228624,0.02201054001057945,0.012835727831585375
2026-05-20,-0.038865726822755575,0.020161918989977767,-0.02198066909240204,-0.030012635059042725,-0.024753478058503475,-0.018503109400598405,-0.01655676282643459,-0.015821330530888522,-0.020985153976530446,-0.013930165811671391,-0.03244424867025586,-0.03014827784691454,-0.01666861098328898,0.008983575840564084,-0.0336988375463424,-0.019143575021907777,-0.03857282767317982
2026-05-21,-0.024923740618645218,-0.014822616097843078,-0.014792387608409618,-0.001672576851169505,-0.027857945833842046,-0.011650203663390424,-0.016443993146227465,-0.008037789008880192,-0.0026793139516556597,-0.038471901893476046,0.005100381879342919,-0.0006794274738024519,-0.02949695214526793,-0.0005236811975301014,-0.04545280872859281,-0.004622591793594477,-0.006334761323473104
2026-05-22,0.01199786861310348,0.003951273407917233,-0.0007466214408220484,0.002198839313896306,0.0023349452545369243,0.00885852063902326,-0.0012937226889460085,-0.011677829990695554,0.008656742870324363,0.025037245983623446,0.015223416619383423,-0.00033997727578594095,0.02091347679247546,0.0005239555832172726,0.02434779603193249,0.012255038285406972,-0.0023826074796587937
2026-05-26,-0.033505117128059814,0.0101423701433625,-0.03229288663500318,-0.03510416003324268,-0.04404915849932045,-0.03554746666826314,-0.02780130515266832,-0.009404316563855097,-0.027227088434709,-0.025917897496817166,-0.03817921618985376,-0.02295532584242721,-0.021441759396098492,0.012220708408360537,-0.022311353897270347,-0.027144243202577578,-0.032984820152507255
2026-05-27,-0.0234667261645366,-0.052899714219354355,-0.012353084225682043,-0.012506140407527289,-0.019273322201615373,-0.013950062565975863,-0.011735807516905172,-0.03602736440528698,-0.019774791232252453,-0.00403144250042331,-0.024657268096561213,-0.009919939515280585,0.00431327511605839,-0.025526087723081847,-0.004597230813151221,-0.025805501995028957,-0.012749436584141738
2026-05-28,-0.002457666670617975,0.023892370018227638,-0.001216050127228585,0.003453991976267945,-0.0036142011454328715,0.0020848961947181888,0.0067413259431490236,-0.006818040009820003,-0.009621401079150438,0.01732441876726143,-0.013490634652093547,0.007558469616709029,0.011910879443576272,-0.024424761373272874,0.01876511484654353,-0.01667350463035211,-0.0063555925309976
2026-05-29,-0.0027373516842810197,-0.012826455364429945,-0.008783332900305862,-0.003114215571632939,0.008614809134827928,-0.008916532198512295,-0.013701454636094401,-0.012204592572557349,-0.02601063776194934,-0.010185809414309577,-0.035394075193778685,-0.012037634799687225,-0.0046969003166308365,-0.01034104215047238,-0.0001224920181560618,-0.023793196259686344,-0.011567831782125393
2026-06-01,0.036233804319045104,-0.01424541996765838,0.014037570713101744,0.018469754927454174,0.04090810531121547,0.02429133419955143,0.039429722655333954,0.012870130805465285,-0.007400284465274742,0.039755525475568154,0.012032323244958176,0.0404378816456239,0.024789592676120797,0.003666352198613554,0.03145164504471909,-0.01891019975156749,0.02836301770024341
2026-06-02,0.0015894334375521346,0.024932533594573147,0.011161127224477374,0.009255797349333461,-0.0019434797238329082,0.014346442767420475,0.016932067754172664,0.01982215167947321,0.019124835314715538,0.017010808238764996,0.02083589126203078,0.002885295206156213,0.01287165806258228,0.03305940011801045,0.022730905409203084,0.018132472027835522,0.0012049201041330893
2026-06-03,0.013752959011687382,-0.0041836029956405785,0.018653218978830877,0.011516924543803597,-0.0008653676316264791,0.02107081982909964,0.04046449637487903,0.02677664775018118,-0.0022264446018821493,0.015775767843607236,0.00034586722936036374,0.009307815682991105,0.011612637703819706,0.010397183419762923,0.012351832751389846,0.004908264281901165,0.019858282163609076
2026-06-04,-0.0028697844093755753,0.028629282078654894,0.0015119283053353083,-0.007168849039412506,-0.004114368393371426,-0.004381517972404048,-0.0363265471759161,0.004630826163187107,0.010519613540919348,-0.0005987155101558894,0.025360256143383886,-0.01626427978331857,-0.002923926819931033,0.020404548535443823,-0.009944561958385889,0.010745118202735382,-0.0032125789476651345
2026-06-05,-0.043171159174998364,-0.053244552644268306,-0.01752918078524124,-0.005521654482764982,-0.03718204660016855,-0.02200465547306152,-0.05085245125285853,-0.049490505416729946,-0.0006309355938589611,-0.01887278485501953,-0.00786956189656185,-0.029657380901446984,-0.005756539418616313,-0.054128585060385426,-0.01170558468273808,-0.006489102132714142,-0.013943651856582862
2026-06-08,0.029805861672397294,0.035948105435867905,0.014939373703657388,0.010303842179167688,0.018066926102988212,0.0172013239717681,0.028968955518003492,0.033690600229513645,-0.012310616534130459,0.015877296457644796,-0.0011331654420670967,0.009660966815619787,0.0018571451912172687,0.030617851954279907,0.010046238889131365,-0.005141730556913471,0.01220647889196691
2026-06-09,-0.02788099652526732,-0.019895053555588738,-0.017663355857379215,-0.013105121826537891,-0.022404651375252382,-0.020121184042437568,-0.01997980661696741,-0.0217283902485923,0.0015979149765998901,-0.030131260560565143,-0.004083953400015994,-0.016179539665884368,-0.024097715592762525,-0.012378454109726267,-0.01784137185068313,0.0,-0.018714909039534655
2026-06-10,0.03796771821078604,-0.008339825507469478,0.026800229954689003,0.016277594526476813,0.05740863819812869,0.021480993776639146,0.01189250356556304,0.0027764112125883145,0.015954087179417265,0.019872190005642443,0.03166650075084232,0.014389792414451374,0.015195547865671566,-0.006087743031868875,0.016589148353621574,0.009358903062484325,0.01148338593479381
2026-06-11,-0.03210531902525815,0.00729925455184266,-0.03802533506605066,-0.02096938987765662,-0.042703837114320686,-0.026732191761607682,-0.025235370438008498,0.0007550013412922496,-0.015075389949526397,-0.009381653100835385,-0.015126437232313661,-0.02854636246893627,-0.019920773755443322,0.00882727239507286,-0.009263862901455089,-0.008856888043663802,-0.02668960279181487
2026-06-12,0.0065254067960698325,-0.005356061406134538,0.01404301104047101,0.007534122269702737,0.015691562976299478,0.0008788843145721703,0.002818630041853787,-0.0040241179115031445,0.01849489376997271,0.010620699446255655,0.015582928028740506,0.019289700221330808,0.007579968164581619,0.00321433014840089,0.012010956152318286,0.01385470980292669,0.002796631973456698
2026-06-15,-0.06077799090875602,-0.010769685280015207,-0.04034878902947525,-0.03642776415368043,-0.032451719153162695,-0.03417484474135335,-0.011294497914109414,-0.03585850193560458,-0.01502819111880005,-0.0482585049998816,-0.03466169190904478,-0.0367881463985521,-0.03449428102864127,-0.043965864981984404,-0.04449688208683922,-0.008185404443635358,-0.04142569770959703
2026-06-16,-0.014667922801825162,-0.015049621479143016,-0.008195310389821131,-0.0016075378945852314,-0.014702490411114488,0.0005304154350191936,-0.009686266914378905,-0.02566795246497766,-0.000635687682749464,-0.001554636927716846,-0.013035980333336084,-0.01450607654807301,-0.007272272357795151,-0.011915834539628412,-0.012259226848592375,-0.00013980286941650544,0.006670395267263762
2026-06-17,-0.009632123134015846,-0.02356959689041338,-0.0011675628604917998,-0.01404692209171643,-0.007227735206463248,0.009087367031354265,-0.014033560425371072,-0.026075266712463185,-0.003498751145829093,-0.02339605933520139,-0.008457871249830107,-0.0117383505666393,-0.028081422104260567,-0.0516298571477084,-0.017859340026933568,-0.0032177300801886632,-0.007895097229928094
2026-06-18,-0.026525237079333408,-0.027634424337853236,-0.031202205423807805,-0.022243533004033256,-0.01080326161081635,-0.02454033874997985,-0.010675040311303396,-0.035881874878816,0.008298782978710895,-0.0069497777754981005,-0.006426718984946511,-0.023001530913359658,-0.006161328530901455,-0.044506294719846795,-0.014472237210403582,0.02624565258360745,-0.020818517978170914
2026-06-22,0.0354223607541202,0.012669094085964394,0.01819187330144878,0.008235932800547019,0.022079779885079143,0.02192649240457456,0.023433297185031066,0.0068708931700312,0.02089264444232497,0.018031315429443806,0.014818319530564228,0.0034735682407531776,0.01366314743127095,-0.002911230551662647,0.03165466991656385,0.025027272058543604,0.0047892596483922745
2026-06-23,0.0005848810440469698,-0.007945894694434297,0.002461330796109884,0.0052552984250897605,0.007897796948047153,0.015583811999928754,0.0005856905560441827,-0.0017060015381910043,0.008992276012419032,0.0049739691079333515,0.020512149258781642,0.004423068119929319,0.011460063206325533,-0.003336766381810796,-0.00041024549319024217,0.011207525036528443,0.009099320038135073
2026-06-24,-0.026008231820124905,-0.039195619430951956,-0.027734845709246114,-0.025741510830914582,-0.014980357693591295,-0.003335810634802261,-0.02357516737605414,-0.03446301301619259,0.0015365914293790084,-0.008087962634891976,-0.008516859251985753,-0.0218265249787446,-0.009979950405530569,-0.024691421421232707,-0.005129638984149976,0.0010555723721901167,-0.02025327224001594
2026-06-25,0.0027001470921466098,0.009932561235412862,-0.004769862725386487,0.004607800960522601,-0.003275694872427626,-0.006396457332636385,-0.005068617070470793,0.022713701567892874,0.012887281536180906,0.02859929921885218,0.025312017670795717,0.0023487753283690793,0.018500875324119148,0.01737819733862822,0.052097502402265405,0.021879477693700577,0.004747952638936903
2026-06-26,-0.012268005698179318,-0.006673651265024394,-0.004229026395020097,-0.00685095666214075,-0.009154915577880951,-0.00741065660751139,-0.01446175481204015,-0.013267935268561626,0.0054528982570065665,0.001971888371253172,-0.003351096262195652,-0.023823421749987417,-0.0006404374587055672,-0.0088569295885782,0.016897999496855,0.005030303054158969,-0.007342838404632568
2026-06-29,-0.0015147399700263797,-0.004420098940465134,-0.01661002253563959,-0.015140911161263926,-0.005211973721335306,-0.0050528306331422135,0.0035017041183249553,-0.00350763870077897,-0.02771912211478722,0.020310142785648022,-0.00549199654946031,-0.018003630639336077,0.01398202998553244,-0.013191462629628226,0.026795712941058092,-0.036704320810564406,-0.003515352419310225
2026-06-30,-0.011832452629279788,-0.014384699655081046,-0.0023032736794614816,-0.016085950096698776,-0.01595622664588192,-0.016675502506854123,-0.02636536584395799,-0.004106818424798875,-0.00929656840709503,-0.013694901832456141,-0.02017361025007869,-0.010592798047409646,-0.028727375924528786,0.002371712408271609,-0.022078692050249038,-0.009592342714121127,0.004850746015954366
2026-07-01,-0.021492194773114703,-0.030270291152561857,-0.007118075538332658,-0.0004223130610063741,-0.02589544295079571,-0.008787521981839075,-0.021731679017821914,-0.027687884735822843,-0.007819878143609515,0.03598389810551694,-0.013917608623646105,-0.012970991807158105,0.03223893571631442,-0.030114068867576615,0.03455694248982866,-0.02111917907136085,-0.003218219909896569
2026-07-02,0.015374924128858325,-0.019323637817987627,0.014628993753688757,0.02118412063711128,0.0054658688373447895,0.01703093007309331,0.00046520977668595975,-0.0015146171116207086,0.010718900537192155,0.005587622291336469,0.024495420825002556,0.020233651407797648,0.01100288291091811,0.000887145816684809,-0.006235232411611058,0.005084550826584211,0.005943572907485928
2026-07-06,0.003090213066932357,0.008904882154088245,-0.01098068232985383,-0.006501100042709984,-0.0027180777621348406,-0.01062854070667385,0.009823276623573074,0.001213671254385762,-0.011540910389881809,0.009911736361668533,-0.004554249060489957,-0.002044540470927503,0.005158153940327814,0.013073377599762015,0.009560899303927561,-0.004375166769136074,-0.004741372598464633
2026-07-07,0.04744309931143298,0.022910837738530754,0.04692030577277917,0.03515756838248962,0.05079284455052169,0.03980214405324323,0.03931394012828515,0.023939383029896177,0.02524453812408467,-0.009888859120872784,0.037058180784872,0.05879940280958973,0.008515119579403096,0.015310451971667804,-0.015167254361129645,0.031035459292800605,0.03847851327158702
2026-07-08,0.031176519837122996,0.05709567405446969,0.021025442170366393,0.011263787392342017,0.02122144610037835,0.022669804447057684,0.03345153152050795,0.034921577551906724,-0.00030776753347605545,0.05388055294159555,0.005404338985140589,0.03695820116357118,0.050156627149843924,0.021757967802503053,0.06257979077813669,0.002530564829223758,-0.003952284703236164
2026-07-09,-0.050484882870101666,-0.006599539980478686,-0.02438593301576797,-0.010910995193042727,-0.02978528918548773,-0.02943533507152707,-0.02465170316821852,-0.024306649944525027,-0.002463016813287533,0.009334503680521022,-0.018209839870247824,-0.02407167217492623,0.010702313601834268,-0.004005882300629593,-0.0057621370005849215,0.0023913951534946243,-0.026004418912178084
2026-07-10,0.004505767627203117,0.0062937103660272165,0.009442793489578216,0.013501853357688054,0.004997598338527753,0.0041936388055767715,0.007637353026097582,0.007913257435611332,-0.00864208152932211,0.0015530645697019452,0.004692772705628956,0.011281073827813959,-0.007691545570900349,0.011007519627005635,-0.0019911723964249894,-0.005699142777576993,0.010330343522494845
2026-07-13,0.036782231653514685,0.0017372965263449114,0.0349412642331548,0.03287979999532298,0.03551977305848131,0.041088715760263295,0.04476800915867485,0.023844133706789172,0.0037361134195184054,0.04631013794672101,0.02524469134950258,0.03630179629040331,0.052718225341936265,-0.008375102465844053,0.053796118220422295,-0.007464643876993637,0.04053848880111155
2026-07-14,-0.004038000618503457,0.0020811004327341287,-0.008684060513403535,-0.002414898196826498,-0.0075462616010022465,-0.011460591787408991,-0.00474954806342931,0.005964222285375964,0.009305158798095237,0.021961635194194695,-0.00314567692391432,-0.00437879351310777,0.015936224159238455,0.0038006469892652994,0.019067472289871823,0.020413702540293288,0.004013527349182366
2026-07-15,-0.007529675472222053,-0.009172653504084027,-0.003665005180259362,-0.0008801935782282166,-0.010829520833607997,-0.003912678479477516,-0.004877052652616953,-0.004799482203840744,-0.010448667894977448,-0.013908995192272289,-0.009466894306732865,-0.014660055736383404,-0.026259535009451773,0.0002102759018252076,-0.029094645893638305,-0.021058252603638694,-0.003997483340467567
2026-07-16,0.00029178712834276865,-0.012401743734390847,0.01238112910886624,0.012444852561014352,0.0023293378385800256,0.007201607091239737,0.0019498709492029587,-0.005957453933179702,0.010558995330490317,0.022294297906463978,0.02164127122813464,-0.0022317078456978168,0.026305024581880554,-0.009884276604591236,0.025968798793756687,0.00470564824469033,0.00996474055754093
2026-07-17,0.027421221965845177,-0.010435085746232753,0.016572160545379022,0.01914501061974594,0.018591751672154766,0.01782593789815068,0.02845422500148076,0.005136992481647118,-0.007375544199603956,0.022069639527886986,0.005591368535472929,0.02255357036455985,0.02751833256362679,-0.0019116254207819372,0.03127279413017581,-0.018065114985577835,0.009660814506910809
2026-07-20,-0.010789269804060364,-0.014298512892249815,0.008456076002311574,0.012434642922739991,-0.001140840740791016,0.008578146783028595,-0.0008182210643746801,-0.0031232654494893763,0.008668777963487528,0.008669245933504044,0.00042770741642672583,0.006015275477323945,0.009378353444141618,-0.012768714214347332,0.01181977945395074,0.010629687079404704,0.006786167411514166
2026-07-21,0.026693453107831777,0.022302860454181284,0.015733091098176777,0.007168849039412617,0.0073092668740672995,0.016656078846920552,0.022622612608127257,-0.05468534250053325,-0.0061387011050678675,0.014113053693929345,-0.018490746704941663,0.02373620956491651,0.01661882537281234,0.004311260119058469,0.0047556384471016955,-0.010787527133936159,0.022580193365284495
2026-07-22,0.018581076545787445,0.0039020048681515096,0.010978684180235287,0.009996271839304294,0.017687134262643234,0.003904054301884896,0.016116105377689482,-0.004820696954378145,0.0033970623401606836,-0.01232170548718936,-0.0008712415465272905,0.017699115044247815,-0.004051487070058868,0.023180931742528665,-0.012325152248216953,0.015403452072197954,0.01806073430971611
2026-07-23,0.006633440070347385,-0.009010573385611509,0.011869684650706258,0.007461963971433949,0.009135468753439735,0.010347260369194977,0.012166263220449336,-0.009688097289855202,0.00861808348167692,-0.011240603802265547,0.016130887533714056,0.0017391038977581097,-0.020954564920244945,-0.009439828943269224,-0.01820405054485641,0.010202740744071237,0.015797985764024025
2026-07-24,-0.007413417260867083,0.020681085420972245,0.0004992182981364834,0.001903054276235272,-0.005519982224471254,0.006185949979407024,-0.003941841081847697,0.019871662011976543,0.002746357967915891,-0.009703149250890886,-0.0007508368555810829,-0.005208320225830065,-0.0010145240956328516,0.1101227946402239,-0.009041521631528382,-0.01661129568106312,0.00031872216687212074
2026-07-27,-0.03900414351027692,0.05834056055025649,-0.03891570217701423,-0.024590543480871863,-0.04174069782194678,-0.04153290427217948,-0.04338477591443757,-0.03687054595400241,-0.03377964309124071,0.010056893736938965,-0.03971668692059993,-0.04136123845446571,0.005078068750710818,-0.01697826351566445,0.008033088384227005,-0.043378366006387226,-0.013826921289160965
2026-07-28,0.0054691599749332465,-0.0351543091042722,-0.012805031693951863,-0.012736842693653716,-0.011584800782384108,-0.004775127792768452,-0.02803881122749785,-0.028011237892988095,-0.00440947286301463,-0.0201697126402548,-0.007377580347302404,-0.01820498806561588,-0.009479334852203869,-0.03007958000236932,-0.019840598464054837,-0.008899523170931123,-0.011177889672220553
2026-07-29,0.05067278678212328,0.00444751039818736,0.03470639178483159,0.022816903350043605,0.04219407509373774,0.04511603465550307,0.04634546414071883,-0.001280780391260783,0.007592540790326119,0.008724099891003645,0.01351350293960607,0.03893933733057198,0.004663560011273216,-0.020408189882622274,0.00816379914835963,-0.0004276853923200763,0.02424199486528189
2026-07-30,-0.010081714555668309,0.020095359652597455,0.008216197002413272,0.002345456095983689,-0.006522737775508047,-0.0029464706549046094,0.0032139562736137606,0.01442765688669212,-0.005965448248503313,0.017362023521206638,-0.010333361812892017,-0.00142777116009829,0.018325992156620785,-0.0010211994233539912,0.03448152805058102,0.011122293444170817,0.0014035908647260786
2026-07-31,0.027250146266804887,0.009849809563786005,0.012181856778850086,0.023503726412334558,0.021734275276580783,0.02185422345281518,0.01591830248806847,0.019279437102137864,0.016424504469225054,0.007609558764067881,0.019535195517942583,0.020017853737486213,0.005128190560516499,0.013903105223875833,0.007697062278724021,0.008884462288564432,-0.009747085511364606
2026-08-03,-0.012057898355284924,0.005290091695851151,-0.01095619371188461,-0.01854393182152836,-0.012408627521319993,-0.02024352489207293,-0.020694779222122373,-0.011162863379951982,-0.015118259563814074,-0.02982912406113769,-0.016714954710352115,-0.02803571898855639,-0.025935367278868804,-0.005646265899139635,-0.0171300270249789,-0.015515803692289887,-0.0024447261583624424
2026-08-04,-0.029020876751338687,0.01512905863719105,-0.010238376823236917,-0.014390737354183614,-0.01166705096082954,-0.014826939263564376,-0.034616340665465484,0.01473828117700271,-0.0006369572613583729,0.01817410567186073,-0.006686268723640532,-0.006850568951734748,-0.0014549687289969748,0.030419771319427857,0.003869423191592336,0.01533440048807333,-0.007093947637009768
2026-08-05,-0.031843559048691183,-0.0009719754018461257,-0.02458875263997462,-0.020955856614878865,-0.04449487215481385,-0.06472971201481825,-0.02970759637222664,-0.016687346551484628,-0.008285478919268785,-0.04753518920806854,-0.004677737078969901,-0.023234684620648816,-0.016222210020005234,-0.017713066465581684,-0.020535730613410963,0.0041951533128439245,-0.015133850240548363
2026-08-06,0.05395265262888893,0.017512579029270503,0.01495131259773097,0.015127895002110536,0.024233795534946312,0.014676311431178535,0.018585195186456405,0.021684441504905116,0.00514138313294632,0.005037805638831605,0.007909244134596705,0.041442101567074285,0.014663022886217902,0.03265878005736145,0.001984111765843233,-0.0006962181320572247,0.021169937932562055
2026-08-07,0.030112300180031193,-0.015515054600142353,0.007279888503047616,-0.014109794597141234,-0.0030155663714840353,-0.010719467604929145,-0.008384787571950603,-0.019071059393143797,-0.013746812523548368,-0.003508726002776519,-0.01717277528704375,-0.0023197906136938062,-0.00783379481288382,-0.019596448520812215,-0.015446030649927,-0.018952070371593854,-0.01162491532198473
2026-08-10,0.09008767721032207,0.04094233125914193,0.046084496417185594,0.04475778749547166,0.055374618275098264,0.055514289910865156,0.05812591068427975,0.05487610581874258,0.017504019497616152,0.07417830508697199,0.045359850173590344,0.0490073633687127,0.05693689101386723,0.05283993236787343,0.05578094862599792,0.02059654711384029,0.04410611269084597
2026-08-11,-0.00975137789895364,0.011549834045485596,0.02349018761786037,0.008978521783236548,0.0008818543868849282,0.008296953070265234,0.013770986882684966,0.004756324658632627,0.0028671600617351523,0.05026231458949848,0.013061770566852093,0.006990619552349031,0.04101703169216764,0.009022584788187293,0.0284807139959935,0.006402214255277094,6.256832297490966e-05
2026-08-12,-0.016001913546861868,-0.008177731820120937,0.010959405758942609,-0.00030508409575003004,-0.011894292893790626,-0.0018130719518971716,-0.004313195579326301,-0.015088775645340058,0.00794155030607846,0.03516429259679321,0.010380295153875396,-0.008635322119398214,0.005437703250670722,-0.019932992138937733,0.019418306268831564,0.019222782970253816,-0.0003129181472054654
2026-08-13,0.0007505323587866375,-0.01306783087336394,-0.021838243021954695,0.0055950458262947755,-0.010477066747847319,-0.01208603978563505,-0.0011514756122156244,-0.013517589443800992,0.01103064273141463,0.023316618769548603,0.001838414260853849,-0.014517480532827531,0.03116413111775418,-0.010454216212205547,0.03849072499789985,-0.008955170421219183,-0.007136113261067223
2026-08-14,0.01175003051757817,0.021752854634114582,0.018149692341558943,0.011633811291046348,0.03289027043359516,0.008485941002515762,0.014836383115462315,0.048112040555301494,0.02306726376346968,-0.002665717527882694,0.02536699578587953,0.011438472074267736,0.004299041285436456,0.03284668844700356,-0.0036451649103397266,0.029572782114460017,0.009394167639527273
2026-08-17,0.027427738494451015,0.0012342152334363643,0.012863290561510476,0.01349997587311047,0.037513659279049705,0.024822896507833425,0.018866953338266157,0.00900647722593817,-0.014929855829547867,0.007765398053708461,0.003474069254406853,0.011651821419877972,0.029707658449293906,0.0016737832107371897,0.01615590715232429,-0.023271277540137025,0.01502482730623833
2026-08-18,0.0189994484377356,-0.007087813153428546,0.016933236935170015,0.014997550727579245,0.005465674540644505,0.017447849184064612,0.018081395645567877,-0.0020156244551545743,0.016702662240847266,0.02241885012404743,0.018359211137251252,0.012872600097357578,0.0175944132735133,-0.012068321705629215,0.008237522196639757,0.022872707623931232,0.02539322850390069
2026-08-19,0.025489777160271565,0.0006207466482286428,0.0066296685342175365,0.008825199714245668,0.007526589627277813,0.0052454525575300615,-0.006999339066749433,0.010386625826050544,-0.024033986203259694,-0.012212128801045496,-0.01091992955523069,0.004849513699451968,-0.004928383834896022,0.00638971235268726,-0.01082696231826541,-0.025156388376713967,-0.004771643499530853
2026-08-20,0.021634030154281447,-0.02636483388851929,0.03300656684145298,4.864777358193351e-05,0.023033837766833987,0.018129561087269375,0.011843688250103401,0.019131911864838536,-0.014650910033557007,-0.006985416531315014,-0.014686008027670838,0.02379764189623157,-0.009451456310985318,0.0,-0.013718014977285864,-0.02129980344204041,0.008375247849975898
2026-08-21,-0.022527596615223078,-0.007008579727052822,-0.0001483006342312132,-0.0024298974078745816,-0.004056810670072131,0.005650835117652742,-0.0014216806259299553,-0.009806609233263042,-0.019930435177180073,0.006950814164115471,-0.013424911876862566,-0.003576092637615713,0.011958312988281206,0.005975718902549554,0.02152199167158142,-0.016601596489116188,-0.006259363974342125
2026-08-24,-0.00991012471132613,-0.005614348303888517,-0.011270030909033335,-0.010620197248482177,-0.01771891973363937,-0.018556003144476918,-0.024297622852730294,-0.020090500622846563,0.0006455925777664184,0.004989986102454713,-0.0033216027205211773,-0.019412702145508942,-0.0037468127871507217,0.002413301860187067,-0.008198089410226705,0.006809524350692486,-0.006419947639000223
