Date,AMT,ARE,BXP,CBRE,CCI,DLR,DOC,EQIX,ESS,EXR,FRT,HST,IRM,KIM,MAA,O,PLD,PSA,REG,SBAC,SPG,UDR,VTR,WELL,WY
2019-08-28,0.0015228243515523765,0.008000535409991905,0.0031685714007634314,0.01581185384845951,0.0026013213424671555,0.007811077114161069,0.0011562198374186483,-0.007156819054533914,0.0028225704376882987,-0.0018973799610477737,0.008584584594892863,0.0025412230944259484,0.011534736041609372,0.0032950066523211863,0.010307786396456686,0.003555452540922266,0.01012052871871072,-0.0011058092551365917,0.007798944740341707,-0.006381286303619227,0.0073553626930065175,0.0029405644850235557,0.0002744524567297457,-0.00078698108139863,0.023952087444743198
2019-08-29,0.0011734169594441735,0.013364336758705297,0.011449844573276247,0.030333275578720897,-0.003414051705272092,0.019129380303801957,0.003465369695129672,0.00756940379876081,0.005660958453276965,0.001735622872100162,0.011322684790705084,0.012674308797144818,0.00791927212663146,0.008757490704173199,0.003637753410461464,0.007357673047446944,0.010622888465371183,0.001145029787436913,0.017529851361910875,-0.002394220827758309,0.011464758367851102,0.007329492222825529,0.010986318744199197,0.00888736383014499,0.01793373007223953
2019-08-30,-0.0009549314169542411,0.0030790099805915183,0.002576301677944981,0.01239588178206863,-0.005344157421366846,0.00024271791500685147,-0.0011511341263932273,-0.002581649523658913,-0.0009019450083959102,0.00585766447474545,-0.0023161491081031826,0.0037547834647133627,0.0009424887078299804,-0.0027128945829413276,-0.0017333616415122766,0.0014516216558435602,-0.0011942718303800115,0.009533490329785899,0.0012416051496464409,-0.00034307214730988633,0.004857365279585357,0.001663590105314805,-0.0031241648033347724,-0.0013381900048716755,0.007659674420047002
2019-09-03,0.03323352753812836,0.0010013464951632578,0.0029590396761072224,-0.006122052650119891,0.016601379370049685,0.01536837836288596,0.023912092280687913,0.01731128564271689,0.004233428684598639,0.0044290953830565805,0.01888385388671221,-0.0006235613835181564,0.016326612826803588,0.019042279291829667,0.009472528885683618,0.022354781074690022,0.011360753785820021,-0.009783198370617363,0.012711082285451258,0.013108468840339338,0.003827122951540529,0.006641654674273356,0.016623659582334138,0.02032161888473749,0.003420818635059941
2019-09-04,0.013580278926949685,0.017334535861962985,0.007142723829139719,0.012127065618152466,0.010096078192029845,0.007328935412423299,0.012661817673236708,-0.013111969090133346,0.008647865870516247,0.00865581879443833,0.01025460454323368,0.01933875762253434,0.016991229804282026,0.004805080277451523,0.005239393458942088,0.01364974280436737,0.009459789081309955,0.007324156677918969,0.017603193862943067,0.01282596482195375,0.004280687756955004,0.004123646336455344,0.005495064889990076,0.011819143218595896,0.008333325444616069
2019-09-05,-0.022068255741494847,-0.0026212336172076744,-0.0007709126741255456,0.010840617629791938,-0.013416325833336074,0.0017398653569304923,-0.017782730929290613,-0.013410755575715139,-0.00212063397345974,-0.01878257728733357,0.0030827120277534537,0.023255727592407016,0.005163709184121901,0.004782101893956003,-0.0015558270326108126,-0.019479676764079357,-0.009136772096827728,-0.02200177760312738,0.0015041671219797603,-0.022578618163751063,-0.0005994128255585318,-0.00718692446718594,-0.005331802274555653,-0.01481755304850152,0.011796023898667185
2019-09-06,-0.013404109212918125,0.006044648863502644,0.00424304363641137,0.013358401958407429,-0.004283778129555049,0.015394298045730448,0.006506794994257437,0.005607737086152476,0.00720648176294203,-0.01204582391269926,0.006146016827044853,-0.003588451992225239,-0.0012086669642727976,0.023268336725745353,0.003662031906740193,0.012666903925924844,0.002364415254889396,-0.0029429282301729476,0.005106593432274931,-0.003115596764724504,0.007930149315900525,0.011996139528698269,0.008174854432234646,0.0032933824652743304,0.0045129168407596065
2019-09-09,-0.03693165666352349,-0.0036573302380910055,0.0014599169209024154,0.027664274914307452,-0.020213276811835157,-0.004120756870458764,-0.010399480529336591,-0.02865927938777668,-0.004249973578119848,-0.01219335972928981,0.0052150484527375696,0.028811685750521177,0.011497746497053596,0.02118851927307852,-0.0026395671511142416,-0.009216725693011574,-0.0018868956733416598,-0.010446447354080957,0.02196642035575036,-0.03956097453685403,0.04601650793031431,-0.010218975278797227,-0.017280479908212576,-0.012911836774627705,0.006364814680021702
2019-09-10,-0.03477664051942586,-0.006161925954235814,0.004219120873194759,0.006865421474092859,-0.028993484074527287,-0.0034349518216852948,-0.014768224539679076,-0.012579004983202302,-0.013787003941196474,-0.0211360014011146,0.009264240445237215,0.016919644631852027,0.0029912993852458936,0.01771267264780696,-0.004202999111668992,-0.020597706654552295,-0.016070027642548057,-0.01887673497901632,-0.0024855372285432775,-0.04329368126983635,0.019025405263952244,-0.012182315655021703,-0.026646742540258672,-0.025828418492410576,0.01711298084623447
2019-09-11,-0.016234316074858812,0.004749182790701134,0.008478853385452956,-0.011125048214200794,-0.004737280451320158,0.006658717135284542,-0.0025945712730300885,-0.005644921200866904,0.0031138261334373585,0.006563959829229304,-0.0007343601723848181,-0.0005739788286378555,0.011034928507126063,0.003978169737863357,0.004767939708890001,-0.0010858958953934295,-0.009367193518950767,0.006814300461629008,0.00732908526653242,0.004770116306172856,-0.02077904411973719,-0.0006273666798956024,-0.00694833447209775,-0.0022758929420130247,0.02377497817940033
2019-09-12,0.02891377702174136,0.006892869159835557,0.010680256242632469,-0.0070767444262227475,0.009270407993656749,-0.00698476609843901,0.00028891174558443034,0.019755990801779255,0.005710727936426352,0.003946963331233677,-0.002351454332279679,-0.01951799742976279,0.007079840484799371,0.009905494370077372,0.0008555563602892224,0.011817418559253667,0.018790203651547488,-0.0004405487307099776,0.005093127986003587,0.015108794950441373,-0.016469275475500034,0.0046018408613548445,-0.004058301741776793,-0.002623209855936892,-0.004287541817878604
2019-09-13,-0.015901388861267463,-0.012126660478441909,-0.015213914595907818,-0.013157916751484144,-0.017073674365678637,-0.017466241109227454,-0.025136978492959483,-0.003859544496798595,-0.004289607114635885,0.00017237813452664064,-0.005229786298464045,0.01405178796798956,-0.029198603564352,-0.013241340229412257,-0.013213187072069088,-0.024969583346849733,0.0017848616498110648,-0.024561222893338952,-0.014622969956378351,-0.00967875732468415,-0.00863006422912449,-0.008952984929759045,-0.01672053205426227,-0.022184148626623656,-0.016505271559499213
2019-09-16,0.006500773608828503,0.010823248323353463,0.004794491644114718,0.002222202442310417,0.011140527193363114,0.016650718249418217,0.01066968452019501,0.024459641766062523,0.005175831929190133,0.008611724505420915,-0.0031841701729702354,0.005196283147435032,-0.008295100545955503,-0.005467493378580435,0.008664177248621119,0.01844974168939051,0.012234228279810022,0.016019525632961384,0.002498108511361119,0.011374929458979999,0.0029883110730675178,0.011975047920177007,0.012574934459074871,0.016606385025863535,0.006567087709298924
2019-09-17,0.02089743597411231,0.0049621055319448715,-0.0062863827893672175,-0.004064992800216882,0.03276288411286976,0.013371286049904008,0.029618773494057393,0.0163291903230951,0.013938010124503686,0.005123018709121796,0.007725621567545415,-0.009190074368248147,-0.0012392225848666394,0.003498525492978022,0.012572297995257609,0.02433435473700074,0.014315960880201928,0.014069384282342723,-0.0017589417561932885,0.027203631085644275,-0.0014250159475378554,0.007058481711960551,0.029918424006251332,0.027263347312499908,0.00869869183385874
2019-09-18,0.0014008102404265976,-0.005846929952536106,-0.005792681387539966,0.0003709952226402802,-0.01354545429036036,-0.02170529661662368,-0.004557246092701583,0.003739589015550937,-0.001246876435197497,-0.007560357768982007,-0.0015478415644555321,0.0028986688284420303,-0.0027915660632841233,0.004481962944101081,0.0,-0.005279535777976907,-0.009949217613201,-0.0014354188553994396,-0.003230062515520604,0.0015809977543619347,0.010702545111599626,-0.004123206024466142,-0.006440284551545328,-0.0047031774432269025,-0.00035940114584598337
2019-09-19,0.024637924733340366,0.006665641980588388,-0.0031432132313263805,-0.0012982139688672012,0.004909065765507981,-0.011731533557616691,0.004005678429559678,0.014313712054574212,-0.0045066475054252875,0.00017138554395046413,-0.0013288965889793891,-0.0017341452706909344,0.0,0.0024789926233259596,0.0011568861604538405,0.003316771830685239,-0.0003526907927363654,-0.0003191443216502554,0.0016202648144025833,-0.008603112251402312,-0.007701350577013044,-0.0016559459408189703,-0.003309834077706131,0.004725401846602084,-0.0010779702870415964
2019-09-20,-0.0066502217760139315,-0.003895003174261391,0.0006150954412684762,-0.005756686487980667,-0.0046729294169333135,0.009690370039934892,-0.002279725892662343,-0.004534174492416554,-0.012571439748381597,-0.0074452906540415364,0.00022330038727558232,-0.0017370845556340386,-0.004665606969229241,0.0024728624156391543,-0.00593136234612035,0.003570700801453608,-0.00788044195843185,-0.010343868000298628,-0.0039704856898625795,0.02213273896914414,0.002716681756130157,-0.006634977120946628,-0.0008305686817843272,-0.005599100398033574,-0.005397798549779398
2019-09-23,-0.0007976970490299884,0.0006519890835334774,0.001075960619003835,-0.014195034053689382,0.0061176505590825325,0.010237765038845215,0.0014279564341068696,0.026939903872431836,0.007217610796413254,-0.0020698256720527164,0.002681422392051269,-0.001160535912856031,-0.021250039254077868,-0.003453584454254033,0.0006973299666477306,0.001976632057306249,0.0032008861206467287,-0.009483498219955977,-0.0008861126016400656,-0.0046734321121131295,-0.0005807954533001425,0.003757245864555392,0.005816603452525992,0.0029280394727215775,-0.000723654043201627
2019-09-24,-0.00097624358888182,-0.0025405514746887903,-0.0056044356445519306,-0.00795752517353332,0.006433858436414974,0.00989630015083387,0.008271579343457347,-0.016623282678512874,3.075926825313324e-05,0.005184187868717105,0.0005200770289273127,-0.006968369466734181,-0.003831280058534059,0.0,0.0007745491209849575,0.0007889761908901338,-0.004726911087401642,0.009533329519682887,-0.0007385594946888174,-0.003130140699979189,-0.006130967289196487,-0.000831553504341942,-0.0023406410410479195,0.0012348468477607621,-0.0025344000228678665
2019-09-25,-0.013856875432150861,0.002416259570669599,0.005018339922331139,0.019480527996059926,-0.01587657091532846,0.0008621793009779832,-0.0073549854965035966,0.012603597050506954,0.0066430181336798455,0.006274621094305877,-0.0017075277220199858,-0.002339188030738071,0.0,0.0044555339706005,0.005029347137821771,0.0003941770990989468,0.010567658481281716,-0.007223832753011528,-0.0010351808327782042,-0.03438407317679604,-0.0015583282556412836,0.0002080354765272574,0.005244020838144348,0.0,0.010526322388224374
2019-09-26,0.008638930170635772,0.011138651491420903,0.018591102607856236,-0.002622693646442409,0.013634435751652019,0.006736130754540159,0.008264506937919025,0.006508601823518312,0.008829004917921157,0.007773285552829634,0.01249519127221288,-0.009378690643850551,0.022756222007707327,0.024149835599756475,0.0043882386370917015,0.01510606555676075,0.013629345753997324,0.0019106770015826502,0.01924473001579141,-0.00016270177687571774,0.012096656650514959,0.008114701432213378,0.012218824376379445,0.016261599896251422,0.002155277651959775
2019-09-27,-0.018026643846678625,-0.007262162105534875,-0.011546665789959665,-0.006386178472368553,-0.02908489897300659,0.002489744906316149,0.003956916500643226,-0.010976795994954935,-0.005818116551261632,-0.010933978785796494,0.0031586610100702295,0.024550992444594133,0.008461389718048995,0.0033683167554574567,-0.0009964181327087873,-0.001941150610285436,-0.005680039548561888,-0.005923607195471692,0.0033407024111331562,-0.03715888372112108,0.01503671965085629,-0.002476741166618779,-0.0010850448551725789,-0.003641899893482625,-0.003942520190349574
2019-09-30,0.009818062293825314,0.006074174524776099,-0.0035349127044821405,0.0020793344514458134,0.008268771123915997,0.007450610012696091,0.00309711238447008,0.00031172891662456514,0.000918706309487316,0.0011140732487719962,-0.003075458279355514,0.01052017457062071,0.006525661079348266,0.001439151662757432,-0.0024554452887082245,-0.0028998519033014425,-0.006528249751141302,0.0010610968851645364,0.005935162094763191,0.018240902992294306,-0.014623970067083158,0.003103484487060326,0.0023745223985844888,0.003987344035854212,-0.0032385548364093353
2019-10-01,-0.001085154252525422,-0.0058426788202293745,-0.007558196278798945,-0.03433314001983123,-0.015970063983942295,-0.0057776975247987306,0.0022450198120234077,-0.01249976930684582,-0.0031223957044720363,-0.009844101048693599,-0.0032320608043164833,-0.017929465432990233,-0.003395940384112617,-0.00533980334361428,-0.00023050106684874283,0.0020865922794497394,-0.011382251638468066,-0.020589608478457366,-0.003597606093611594,-0.016877503185833254,-0.02113735792576954,-0.003712659204226476,-0.006435828884050254,-0.013127712310131212,-0.016245831102142394
2019-10-02,-0.004074416989274465,-0.008097138569910123,-0.0251786492690812,-0.03399097305038146,-0.0021199731855767734,-0.010847789401529417,0.004760530604182689,-0.014168201795933255,0.0009213331476383146,-0.004063425804687215,-0.002210891238641377,-0.0229682466219564,-0.008054576196088181,-0.0014642146844818793,0.004231245947789342,-0.0014312928610294984,0.0,0.008575420944698653,-0.010976178503480094,-0.013919231173196045,-0.020937342109203505,-0.00269149456369866,0.004823969383460858,0.0035770739668494755,-0.01908247624016135
2019-10-03,0.017773501402913006,0.01474652520066666,0.01953112018352754,0.010717872014555763,0.006153608370295327,0.015588177028270644,0.008639981913709516,0.025341865105117378,0.006780787787755704,0.012586777768264445,-0.0011075207659207997,0.003616766017985995,0.01748916039526449,-0.004398894624026539,0.003907257553712462,0.01407495545927584,0.014955307728104827,0.01477640571676142,-0.0026285591613929293,0.014971418018771221,-0.011195037236239047,0.009134378019507894,0.015635589363698355,0.017264506511186273,0.007856263287413512
2019-10-04,0.0090664550224282,0.004281899018591329,0.006411781274851647,0.013805494858516232,0.004223042193697957,0.004782449813373724,0.0055263500903877105,0.010247618711558104,0.006887026796715601,0.00685821270717768,0.005027401718736613,-0.0018018285678959023,-0.011356870184315415,0.006382054066322418,0.010683919044755852,0.007711514091472305,0.00795246769256197,0.0039047501333511203,0.010541576945767517,-0.002950300539531714,0.003390177555974372,0.008639803898183418,0.006887203036133993,0.006898009930420113,0.0029694629964651664
2019-10-07,-0.002876859633247575,-0.002906706854796326,-0.0043511298135959775,-0.004933886106852525,-0.003480060006878394,-0.01542973951721971,-0.0019234330831096047,-0.00746177381004709,-0.00251163489141748,-0.005960018722624749,-0.0005883249486464681,0.010830110278604588,0.001862832626428057,0.0063413914860623866,0.0018118743522683722,-0.0075250024034150265,-0.004989153549863734,-0.0008103562313205304,-0.0021731456147363604,-0.0009720253272762491,0.0014863149140298404,-0.00020357265954173975,-0.011802730386402782,-0.004567236573212563,-0.00036999261293124697
2019-10-08,0.0036398282541996174,-0.008098534713941397,-0.008349512923696123,-0.01566832862990175,-0.002619159838564533,0.005769412456931855,0.003579201516404007,-0.013528129495861019,-0.005643973122794965,0.002312668326388989,-0.006551411445709476,-0.02083315208981762,-0.008986675236624664,-0.003877760456737711,-0.00022608389852463162,0.0012856566158079286,-0.007229314322389602,0.0008110134411163372,-0.0072599127396206775,0.0034268969697091034,-0.015855005561261293,-0.0026522668275529293,-0.007193258943862357,-0.003932692243967417,-0.024065272146618022
2019-10-09,0.0020788023253679455,0.004898780851818163,0.006137714142000927,0.014305844634139975,0.0012399176299835446,0.012868515355952237,0.0,0.009657115086144641,0.004668501500910915,-0.0013673392385018523,-0.0011854070860216614,-0.0012158489106302017,-0.006879288332742317,-0.0038928560198753237,0.0024124267395218,0.004748134694371853,0.004111096437201089,0.002066137888596664,-0.0021941008582958554,0.006240709134344158,0.0007540859797479094,-0.0009679052954434386,0.007518745265120863,0.0018644283972077957,0.009863569692541097
2019-10-10,-0.00127992126266252,0.0018196842643596334,-0.0053181074993918775,0.002979768085503265,0.007067666454842136,-7.682047465951136e-05,0.0027438430024104843,-0.004869101455364011,0.005285022856714283,-0.004963243525478611,-0.0027447704130832973,0.004869239964277794,0.017002704013028502,0.0034195211793857094,0.003760239385415254,0.005620337947535692,0.003742958543096142,-0.0025473671139576437,0.0011727010364734891,0.01751596645243647,0.008288465680562185,0.0008246535832916457,-0.007733830119367124,0.0027368783709060818,0.001502579465155085
2019-10-11,-0.008087570303533242,-0.0010378661642495013,0.008020019982283078,0.026341809707735475,-0.011142054463745277,-0.010256211196075893,-0.005471765234554948,-0.0097693752831991,-0.012145601057935607,-0.0052457849933749134,0.013166508946827804,0.009085310763146559,-0.0018577239124812905,0.0097372266035618,-0.005433506151826917,-0.010669084067525536,0.00034945981169265394,-0.002999186953065225,0.002781643740129125,-0.005559703289405027,0.009580033907121921,-0.010919210496902143,-0.01367431711567324,-0.00458528776881284,0.017629282733175433
2019-10-14,0.005302215085739803,-0.0006496398705928552,-0.0049140402876836076,0.003087608034626932,-0.004023751293048661,0.004175897156948549,0.008252956864849725,0.001570402125599335,0.0017125886050617378,-0.003717388031087787,-0.0015416448001561722,-0.02100836744600565,0.008064569993361248,0.0014465022353553625,0.006297905983504881,0.0010265192677154644,0.004892872084613753,-0.0025613908354704673,-0.0007299382598805471,-0.0025263367364812828,0.0003365307009421947,0.010414978746759784,0.007208908758362442,0.006690200460344187,0.0014746974260273493
2019-10-15,-0.006337632414050831,-0.003834128815242366,0.010033685924651703,0.009811507132008845,-0.0108719029723513,-0.00046217390806801983,0.0016370355094992295,0.007313190617175502,0.0025036599235706003,-0.0020829454726993823,0.0035297326949335073,0.006131120551106095,0.008922994469386047,-0.003851746838206771,0.004297847690176271,0.001410549349195156,0.0330396821155432,-0.009946042892552187,0.002337715350124059,-0.00768070239850549,0.001614262537378952,0.000824177728768527,-0.0056431322908879755,-0.004357993413439898,0.0022082440019723926
2019-10-16,-0.009990837263549546,0.012982442190744292,-0.003958242724966254,-0.00038103366591957233,0.00029699697308238626,0.006241198662325864,0.0035408756626944538,-0.006577908424604595,0.00295438970532258,0.001478413488900543,0.0052757534440492915,-0.0036562858374969975,-0.002439977921422587,0.00048316506864232167,0.0017268297367627472,0.006659903693963409,-0.0007855880526183023,-0.0034582992894068854,-0.0018951203265904493,-0.025396259117671183,-0.0011417808147190511,0.01627215318304165,-0.00609102476917478,-0.004048934032278129,0.017260612966498723
2019-10-17,0.01775013475709497,0.0002577060500221773,-0.005298299624695524,-0.0022870734474974563,0.03630545300662957,0.008958284350323975,0.004343464093985228,0.006955995024851225,-0.0019740316727855367,-0.007554153545684894,0.004081779812034725,0.004281537016702641,0.0018346017114876378,-0.005313819265201358,0.004946961817564377,-0.00012676836228098232,0.001347648311843308,-0.005618864566916626,0.0,0.030479770378068816,0.0006053267400270013,0.0014188504735082041,0.0019497648655313338,0.0017582939083580218,0.011551779483874425
2019-10-18,0.01407659565158581,0.0045072169606521495,0.005483232393331594,-0.002674295964261497,0.03209620466692842,0.009182930265561273,0.010540411488752177,0.007991720104188582,0.00803251311469233,-0.0005248462799014586,0.0021051438797043964,0.0012179180091418385,0.02227644819668928,0.016027314939962123,0.00798037509292504,0.011196848585768526,0.005047111951023586,0.0035732111962916147,0.005111872333270151,0.016913983110128372,0.0074593272198817395,0.007893066051177788,0.01278844416852798,0.009980332092223598,0.009279483576566161
2019-10-21,0.0013532636305830792,0.009870911764773505,0.012620753794233774,0.008427551218576967,-0.004928222157466133,0.01015169728194687,0.004814131119634801,0.001630972545235032,0.0037430029291642963,0.012254803037375472,0.012170527779674645,0.02189760445062716,0.013134305711702599,0.014817916210606796,0.012652319680639845,0.006040151332044719,0.011270993850990285,0.009273486566104605,0.009880761679422534,0.007087172853321944,0.021677943523587873,0.0076304469870440705,-0.0023331176550454025,0.001302865371389128,0.015912121405641466
2019-10-22,-0.011595601449976733,-0.0026022477566239877,0.006616431568102765,-0.017853797040142783,-0.014300946545495075,0.0035736526864056373,-0.0013311695502684628,-0.012851856732463918,-0.00466118981622865,-0.0036321201307020212,0.005296309391694454,-0.0011902215201002875,0.0008840180948774812,0.007536519801545127,-0.00350706248894761,-0.002877107848142768,0.002096852639520197,-0.013331083781583875,0.002158355064927342,-0.0034578394153450542,0.008748384516756191,-0.009366138027017135,-0.009630208178139421,-0.0031447728134699204,0.013922608454675744
2019-10-23,-0.003175403594756654,0.0037544695953273255,0.000993704001059026,0.012763485962046683,-0.002830557660124522,0.0068984874770907645,0.01092799583938775,-0.0058077935243306955,-0.00800618234763617,0.0039924928247041525,-0.0029189867347059195,0.004171669985669313,0.00971420159644798,-0.006077416907870226,-0.0031530826546387614,0.007275947929374249,0.011672653799119415,-0.0004989414316608487,-0.00516866373940128,0.012245835068606992,0.0011652139893389979,-0.004023599172238157,0.016530429997059892,-0.008703355840991023,0.013045130590632725
2019-10-24,-0.011282148104680756,0.009066584886601392,0.010689308973998113,0.001527627127866582,0.005748486229534278,-0.010240146337243128,-0.008964308970280221,-0.005788920898459393,-0.0062741528677684455,-0.0011235442957594488,-0.0037842031519587094,-0.0035608835694418417,-0.0034983395365769665,-0.004703638946436217,0.0015447798851313532,0.006849481834854121,0.002394730751037022,0.003951279613243486,-0.005340023880716305,-0.0057261276275735185,-0.001616264499719966,-0.00141387894902667,-0.009701915275562856,-0.00307268878706235,-0.012537871624327512
2019-10-25,-0.030429253199401596,-0.0057177014318881,-0.0014354635217730394,0.003050521355285829,-0.005010092235698926,-0.011388400412042587,-0.03431727585136979,0.004260524006227673,-0.003647103855024425,-0.028732335155891575,-0.003440426956418663,-0.006551566485662463,-0.0026331212177660435,-0.00047280182175246654,-0.004993963399778423,0.00037088588292144564,-0.013356672556093518,-0.030533789352779173,-0.006094076955661887,-0.009774449327423218,0.007251816989146231,-0.00040453738089452074,-0.08927852563175176,-0.03170407407456877,-0.0027456982522579
2019-10-28,-0.027322571807130047,0.003981050635104566,0.003782927879766751,0.012164975902366981,-0.011347627251841796,-0.004065614559789488,-0.004131935628456707,0.002456934620487683,-0.0052290239894464685,-0.0014256977130245874,-0.002589264717052897,0.0011990836008635153,-0.01261361207336964,-0.008983057942761552,-0.003912329609949361,0.0,-0.054699441084157585,-0.0059829227578024335,-0.006131073686828303,-0.006717181803359562,-0.011056646731309683,-0.007486770156996836,-0.020606156564717648,-0.010459435467218614,0.010667653783490216
2019-10-29,0.02567031925448071,-0.016175746468129137,0.0046729636951095,0.00713617029324376,-0.002725735821816566,-0.012775834805208386,0.006915081449196059,0.0006875633836951334,-0.0005258248375226149,0.005889245396384135,0.0021634560042098627,-0.005389301643808797,0.005050316375341257,0.007633537594850193,0.0034830186007555053,-0.00037074837758210855,0.008848451151452386,0.009028226396030625,0.0071972304268368426,-0.015793246744669087,-0.006305259388901141,0.0026507025586857136,-0.011138491717440746,0.027573746633745344,0.00987419584145166
2019-10-30,0.004996235952218875,0.017593281642898084,0.04223538447875841,0.0033563360356299032,0.0016541433444401399,-0.009035833243526858,0.013461466404809164,0.006413870643494413,0.013705561019706325,-0.016677164979170933,0.015685599840605358,0.003010229636615458,-0.010345744302563853,0.029355930609113567,0.009895008677502704,0.013481229159933106,0.011887085115594331,-0.04874291798744124,0.017208536826426535,0.013449147472983869,-0.011055321134639029,0.023993374119585464,0.01533183547612138,0.011403882523135955,0.012474544779850882
2019-10-31,0.003866727526948832,-0.0019490683924612284,-0.012452236433604824,-0.0048318552238417745,-0.0033032650570212763,-0.018314084572462863,0.019788728917575327,-0.007668558453534313,-0.0015866590038876582,0.01281021168682428,-0.03648328008527346,-0.016206499875606295,-0.02031074961750645,-0.00827973543886329,0.016305812119774776,0.0009428647867411044,0.0009123676822870852,-0.0017915604183135203,-0.035985445059692256,-0.005126393113430661,-0.0033072111635584767,-0.002184308412327307,0.0030816420767298958,0.0025425941001251395,-0.02730610237878206
2019-11-01,-0.011739001789094261,-0.0020786517701021356,0.0017491564054619158,0.023155960712108126,-0.009871213251533062,-0.0018889832927758698,-0.01449669696995437,-0.00801022069445112,-0.007398125733893979,-0.009352379366072805,-0.002720575095309874,0.02257490066151968,0.02195132408793765,0.007884831790476277,0.0011512689658152997,-0.008680784993580937,-0.0036461441051015564,-0.0161537998546204,-0.0022307488872927994,-0.001953189998257776,0.022697347484474273,-0.010348327317485806,-0.016436392507761854,-0.007277255178783193,0.026703393225576688
2019-11-04,-0.020647714837280673,-0.007700975361185081,0.00793085731657639,0.0009125613474187944,-0.021248462422688408,-0.021530118872349124,-0.025333554604393904,-0.03386470761008786,-0.008037714096218784,-0.01987062319070876,-0.013196788276376381,0.02207600355973205,0.02535800218293338,-0.015186194490482752,0.0,-0.011347048804074444,0.003773872402641265,-0.014320825617742505,-0.01147709569494837,-0.02323245604602797,0.025697537488571287,-0.003016137949127584,-0.024988343458015705,-0.03487745492899541,0.007002181919177453
2019-11-05,-0.023973009973515147,-0.013486096624462984,-0.015953299706009783,0.012764419419980966,-0.021115333698521366,-0.005964330077828595,0.0,-0.029473358604537703,-0.01170431297985508,-0.0174293257127206,-0.0014940469460900108,0.016345670304693583,-0.028513154008978914,-0.005607562371980679,-0.02508099837835598,-0.02407679128622031,-0.021305853524655083,-0.003933098199952689,0.006483355018913617,-0.02489357185477581,-0.010439426581848377,-0.021783027586767534,-0.03155523416631101,-0.015421650872531889,-0.017549492388689747
2019-11-06,0.009562500581862032,-0.0004517953059207658,0.011737202085956522,-0.0442923846582961,0.017089740642945328,-0.005108288391469817,-0.034935871652567396,0.008896297080813742,-0.0011937842125446796,0.016711901815698704,0.006284993045282183,0.0011490215845146867,0.007187680909197525,0.0051690487587836564,0.005528947355599945,0.007285608623072148,0.01944138358098213,-0.003623257190923046,-0.0004492585002077165,0.011977651425668201,-0.008503134345392072,0.0030928333351347703,-0.0024811249180786143,-0.007948828306334144,-0.004381466488225905
2019-11-07,-0.011010693079490763,-0.007289449295369788,0.00028995289380673306,0.02675203692465833,-0.014935430307679187,-0.03276282189665691,-0.025774735767063017,-0.017635243880767426,-0.00981288498208921,-0.00854014059191488,-0.017919438156342782,-0.02753877653901582,-0.004460281298984348,-0.023375386422014754,-0.00843076213174776,-0.015608752783634938,-0.003540259856523509,-9.338214861576155e-05,-0.017236231810425218,-0.02060485512950505,0.0057390667444994214,-0.023843860121388172,-0.0051400903898691785,-0.019087783260051006,-0.006431991276345639
2019-11-08,0.0008753166444288585,0.00019489577872078279,0.002754369138517454,0.007155952103641061,-0.008339282414175031,-0.017779093568904836,0.0014863358799550586,0.01494715166545224,0.00028563538421599866,-0.015560007275321586,-0.004542895635339272,0.012979151199240535,-0.028076393262777333,-0.0019148421457957365,-0.009389257749791713,-0.016114078295356382,-0.002177171596067007,-0.014547467466017094,-0.005001036649947999,0.007630279084553493,-0.009489077982306249,-0.002526992687082119,-0.007666547925298861,-0.004444380664645808,0.009539630028831736
2019-11-11,0.007189002029033942,0.007926701325045915,0.0016626660394480908,0.004918937160975689,0.0022935326860931138,0.0007722393205018552,-0.008311030623673887,0.008843693068077974,-0.004794657878829933,-0.005926928585647362,-0.0008366535185200252,-0.007571144311183331,0.00983407721396845,0.0019185158007082315,-0.008135024062319585,0.003144117002114033,0.002871467282582918,0.0005677556163867781,0.0026290809196773957,0.0007005067701049139,0.0060199300752172835,0.002955505176519102,-0.0073900042858379145,0.002775245226992684,-0.003037028296996813
2019-11-12,-0.002893621714214034,-0.0025786145366661906,-0.021288809511834983,-0.001994209765334598,-0.0034321138897285275,-0.004800131614921543,-0.004789148212165917,-0.007027941794008896,-0.013975262344200767,-0.01126285843237973,-0.009210432106499855,-0.014671335474201297,-0.0060865852818919874,-0.0076587462143639096,-0.009857087263953401,-0.010449369341941961,-0.007902165769399727,-0.010876238372565239,-0.00030845624215347645,-0.009754160450206495,-0.011710490328147638,-0.010103092053748486,-0.00846034452474409,0.0006078894231957843,-0.01354092436927068
2019-11-13,0.017267258695799592,0.012085808278352372,0.008037208400125673,0.0003633144058285964,0.005434032562926294,0.00025853766768313413,0.019849810102605447,0.01786394387831014,0.013396742095750369,0.008519148852520475,0.0024583997414047154,0.0035736087742095357,-0.0009185014718489093,0.015436212356734202,0.023254075590185996,0.013991716383650488,0.015006151394076905,0.011999928423889195,-0.0018515402617881316,0.02177662703962646,0.004817928834198293,0.01403371768641093,0.0029012901264868773,0.009842993142643364,-0.0054908038285849115
2019-11-14,0.00703663194252635,0.0054916479210875835,0.00804621772289238,0.009079353600341289,0.01750756680194443,0.008524502144375168,0.0023593467300782045,0.0073604508810145575,0.0034484542634698467,0.01661005659507797,0.00950350016316781,0.012462721814793243,0.019613581420935278,0.024228092790748113,0.015373242411441668,0.0054677069020929725,0.013533592410640116,0.005999402831465828,0.016695005592322953,0.015822114782811703,0.008736309751938176,0.0075486662899419965,-0.0035735786384167856,0.005896399677517428,0.012077059843752513
2019-11-15,0.007412714169624968,0.008255853747475728,-0.0018145371256189646,0.015655910323242317,0.0075559757580516695,0.014942111748611486,0.013533528973088682,0.010464029905184136,0.015115553264884118,0.0008401164548523798,0.0010629753244137952,0.004689426453774903,0.009318096827086286,-0.0013912458069204048,0.01177571088742635,0.00284809463548652,-0.0002246645544481396,0.0012210371823493382,-0.006081791265700964,0.009702880476634146,0.00279984363148289,0.008116470570434853,-0.004439624427353794,0.00478523984978918,0.0006821253137132555
2019-11-18,0.00449917079597717,0.004598302505432805,0.008287523088263304,-0.006909982266793957,0.009355566482515343,0.013460050636488585,0.008708091138335927,0.014171273213205549,0.005955837818898857,-0.006529613791617095,0.0006822752634785267,0.004667246850561302,0.0068491800483132526,0.01114704260434296,-0.004771019721236058,0.010457089162456024,0.008866846528199135,0.0015478733347693563,-0.002600908717279693,-0.0046361529730506446,-0.0018829246157885393,0.005161107729930503,0.0008576268363573725,0.009882496900723625,0.009199262202930436
2019-11-19,0.005785571529216327,-0.0009405772308895832,-0.0031002681856640013,-0.0032114238648689453,-0.011917137401474487,0.012617203773120922,0.00719421353908678,0.016572081797158855,0.004955042010716504,0.002816613103860943,-0.001288495077079288,-0.0017420414805219275,0.0044365353240538585,-0.004593328604218905,-0.0020337379087517204,-0.006133053191539672,0.012682056201733793,0.0009367442306427165,0.0007673022353744674,0.016218047362571708,-0.018671815672145597,0.0039020985257531837,0.0051412671008455035,0.003300983348087261,0.00337598418310181
2019-11-20,0.010808483459713969,0.0043303781255157325,-0.001590934633821539,-0.006622497565032304,0.01913357494400736,-0.0053280969470183015,0.002571476788775895,0.006726275134870008,-0.011721468457048911,0.0015918320406882458,-0.006222121516001877,-0.019778777094217714,0.003239099342974061,-0.010613832630502196,0.00036398337462606456,0.0025715691158370024,0.005712550022086038,-0.001169668803976065,-0.012873535171236905,0.004715563462617256,-0.017302872745700415,-0.0020455563003528576,-0.003239433124440305,-0.003055268982399606,-0.007065962096039491
2019-11-21,-0.02000926896536781,-0.0063739195803703685,-0.009417054244743484,-0.01297299496762383,-0.010519554609706883,-0.012362006278419546,-0.021373595803512502,-0.015102864687917217,-0.01085609317346481,-0.012433457952810145,-0.006872427222322286,-0.005341251218512033,-0.01526279637008221,-0.004664391684952696,-0.014988395665584187,-0.019105430748771246,-0.007646202452449291,-0.012412799942988051,-0.007297464046125857,-0.01262711158355001,-0.011603726247744195,-0.0190653946737952,-0.01659254215442174,-0.015794199362645367,-0.016265631685902004
2019-11-22,-0.016062474669344518,0.004150757499444602,0.006142737133110199,0.0023731484303055606,-0.023108335967763516,-0.002002793319105134,0.0017470543384745518,-0.004623616210609471,-0.014242884782189158,-0.00037870549824869926,0.0021527731722565946,0.008949864124966345,0.007153721412947123,-0.001874341672899793,-0.007239132757208555,-0.003659880294167972,-0.0031922603865188748,-0.00863231550331589,0.003128281220501128,-0.02254849935439729,0.008122334402795639,-0.0058515078841973045,-0.001391587960202334,0.0017961494775968756,-0.0013780089020700714
2019-11-25,-0.0019036533221642449,0.0071399793494901775,-0.0003635031714206427,0.02203604239364587,-0.0070282263275280865,-0.01086945979341114,0.0002908265286771794,-0.006689577930151014,-0.0016732067394764627,-0.005113432636268067,0.00023010324318040176,0.013601350036618554,0.00769447734649531,0.006103461649693109,-0.0017856272446898913,0.0010498007139543297,0.0033127248198012715,-0.002918529263356895,0.0032738664198490586,-0.0034862298295876837,0.01042681411113433,-0.0006307636981611742,0.00400637988796948,-0.005499243368238038,0.014487868039235297
2019-11-26,0.02422380113663203,0.0026739692559898387,0.007052597790917048,0.0313614071583761,0.02298513194432905,0.019611094187693467,0.013077600911726162,0.0014986341261595815,0.006479151750622192,0.0184653238684378,0.005983329399387616,0.019836619029735436,-0.0425842772424041,0.006999457804715226,0.02169066408518816,0.005635485504858151,0.016178796358717662,0.01775347999952248,0.0054391054925504445,0.023969794795130728,0.010051189761161261,0.00883480892244548,0.021512581276071474,0.01646816775202886,0.007140525580332957
2019-11-27,0.0005587641661484177,0.006635858501822467,0.003609585493100864,-0.005528674653057286,-0.004687370222698495,0.004808414498857161,0.006884523576599522,0.01894769547891184,0.0022736121646289575,-0.007382800464799888,0.009530839382832168,0.015446240200715833,-0.019018628990885467,0.003706931822132109,0.00029186649759771477,0.012510924375070953,0.0007583901519701008,4.7405755783769266e-05,0.0057185255324732065,0.0018981917367795198,0.003183595741415912,0.0014593668624727218,-0.0028869904099093624,0.014901088646355864,0.004388946029899143
2019-11-29,-0.0040946862954407415,0.0012940895256787766,-0.003380805525276309,-0.00938153062272018,-0.0008969386461015194,-0.0020626619896014775,-0.006267864198011619,0.002937315134762475,-0.0024924451935156577,-0.0015065061152194081,-0.0024924427876132915,-0.0146479882302063,0.00437767603850614,-0.0018465906021479794,-0.0072933991774261075,-0.010753096388699479,-0.009199142443708785,-0.0067887165533433436,-0.0004607470873981834,-0.004504455446314726,-6.561924737935598e-05,0.00041651615794369157,-0.00681326867140164,-0.014565756997397261,-0.00806737126203938
2019-12-02,-0.020838154866110625,-0.01790568301416684,-0.012054307012869248,-0.008768852963625728,-0.020275435948410192,-0.013972691253014702,-0.03010318167753212,-0.030184747855339533,-0.023896385280377408,-0.013578732601349897,-0.017490770812783163,0.000571882902493881,-0.005292538889959841,-0.026827083175978927,-0.01800019566439126,-0.014877341506972841,-0.01682150468685062,-0.007831922314582962,-0.01952665281838073,-0.018310978388989096,-0.01554162618665611,-0.026430919578123824,-0.0073746310188372854,-0.01584451957696842,-0.010166124311730917
2019-12-03,0.00782527325582838,0.010462795242674128,0.0116898822331708,-0.003538583887466751,0.024436577003517534,-0.009726576441876356,0.01625786978091237,0.0052028167360065325,0.004857012727922605,0.015581554963510102,0.0060111440029706475,0.002285653101103735,0.010954756960259715,0.0057035718370683774,0.003441660158893134,-0.0011919632829494597,0.007999262339432933,0.013921684319093242,0.005645209854813427,0.012190952119989218,-0.0049713212093435155,0.00726849877394109,0.003801061068102296,0.008410333551529536,0.004108214342396499
2019-12-04,0.01017951361752023,-0.00750245119031534,-0.0033942190722202614,0.0126065179034065,0.0028330203024078404,0.00846721753746893,0.0002908369844021319,0.018693163293228787,0.0170807393463428,0.00197688277592567,0.0031408060359132683,0.0005701814203897815,0.007740036184916033,0.00519817800180622,0.004697137025593046,0.007162140507057879,0.004077874937325809,0.004765282692789974,0.006861359686584079,0.001659655870562604,0.006886540823313636,0.007639454283610014,-0.0012050147977346048,-0.0017871678028531512,0.00920562137208214
2019-12-05,0.000796830380059399,0.006247525218240346,0.008116051067315277,0.01472909294349889,0.003493532438621383,-0.0132659881003101,0.004070930580697185,-0.005098567129688036,-0.0008353319462786057,0.0059182052612183345,0.0016799244003058433,0.009686492799458213,-0.004608434566436337,-0.003761204211267577,0.0018553560874245978,-0.0034234373654986605,0.002744340876407403,0.002395235636804438,-0.008827873525250052,0.002464374630053001,-0.004291099242195395,0.006950617574579487,-0.00499702463925189,0.00334218099633099,-0.0003419108331221832
2019-12-06,-0.006228534059809943,0.005401288844151697,0.0011501124760289194,0.010886488331488753,0.0034076361271848654,0.007232997793130469,-0.005502293241099632,-0.0015532585499254958,0.002442693339249402,0.003922288184313061,0.004574335580422861,0.009593564803072052,0.010802360366571229,-0.00047158040853978456,-0.0015556503362860186,0.0034351975491462294,0.0008756123771884727,0.0018268949070530116,0.005625157245300105,0.002331224726731529,-0.0017513077639034202,0.001673317109108785,-0.004676220940138753,-0.003450257316263916,0.008889053426873073
2019-12-09,0.0021204188276922054,0.002840568081590389,0.004236148646152849,-0.0037607046274038547,0.003100388471834137,0.0029565390780279532,-0.004368350875247229,0.0027363824404764703,-0.0023085635367869894,-0.008092767134147971,0.008803178885539387,0.0033539494425272043,0.007633685691839753,0.00236048774082831,0.0015580741548690824,-0.002502147126947296,-0.00054676638955653,-0.002291303924970789,0.003729127899378293,0.005327709316565565,0.01045621918417905,-0.000835364169827324,0.000522145197745072,-0.00752020040931678,-0.004405449815393481
2019-12-10,-0.012461703527021917,-0.0022169727166621023,-0.0018588732168987043,0.0034317221538875398,-0.01383567125438978,-0.009518147708861502,-0.01579407204819505,-0.005332564443904175,-0.005269745650389179,-0.011347903865598474,-0.009854840004675625,-0.0027856498529718055,-0.003030261041501059,-0.0028261107203648717,-0.011629758819839742,-0.0018479294654817346,-0.002626276926714244,-0.009420766384925838,-0.005418055037134106,-0.009042924746207825,-0.005006922674353098,-0.0025076709698377275,-0.014434988707488161,-0.005412669835360373,-0.012933901609939014
2019-12-11,0.007428742896419482,-0.018266789832605768,-0.016618022017965473,-0.001196985214982127,0.004551920080217764,-0.004847445450544718,-0.013669870091479797,0.002528060791695985,-0.015537328083417346,-0.004363359208730544,-0.013903722478156966,0.0005587141897074321,-0.006991067113452432,-0.016060301392734178,-0.013415222411569783,-0.013622919397417332,-0.014703051068607476,-0.00676568263351307,-0.02490268856209732,0.000721368096663566,-0.024422894698510444,-0.01927539861510663,-0.005646548327936207,-0.018381933280034568,0.011379591382254084
2019-12-12,-0.008839098028806669,-0.014018625670738749,-0.0157330180363211,0.009416182819677044,-0.010568653026024832,-0.010953858243358594,-0.02651400288835959,-0.02028108093911518,-0.014634749393032775,-0.024390317320486354,-0.016950326590463693,-0.0027915925245806106,0.0018366034830041844,-0.019683304250532885,-0.006533012160066409,-0.019307949897510834,-0.009799525629102912,-0.017651210484786684,-0.029209987799835413,-0.032743475761812135,-0.009559948023995846,-0.009185904824250857,-0.02129567391019027,-0.02513232013342548,0.007500592051344901
2019-12-13,0.01349614175456093,-0.002422338597344198,-0.00014789126600811553,-0.011872469026611654,0.005151271950690761,-0.008371879741336574,-0.001857241892351702,0.007374745875284416,0.0006993971902264917,0.007783387623406135,0.0014106941547866736,0.005039129033485468,-0.016224915138692064,-0.005386619157436545,-0.002141106093222711,-0.008750068236963893,-0.004273261054072441,0.005777342820631581,0.0014797352825610677,0.0325801840061517,0.0023610519148913323,-0.002587470691682636,0.006346552865709176,-0.005813249123875042,0.003045925508241565
2019-12-16,0.014492744819916581,-0.000638877930716264,0.003996638194957214,0.01647790811581773,0.013717299801968785,0.015653873005843977,0.005581754588402488,0.01986080877223073,0.0015974219393768418,0.009287159713104565,0.005321878579428896,0.01782737962266645,0.006647646655473682,0.004431253824047188,0.00030656052939348477,0.007448318672427012,-0.0020329398188706493,0.0036506991540035116,0.014283356313774087,-0.0033974449108346017,0.008520904128276108,0.001297038076919721,0.013873632967724703,0.0,0.00033711588270013415
2019-12-17,-0.017022412943500265,-0.009401138635143136,-0.008698782799117066,-0.00641676900172683,-0.010036944622045074,-0.014546663675194527,-0.012334589851479172,-0.009381195908781725,-0.015947519113829633,-0.005327301179117616,-0.010042630877329928,0.003831520315918935,-0.012893280360095516,0.0,-0.0188447163032327,-0.017935618431472622,-0.011883320094354333,-0.004559288537165251,-0.004855670728875716,-0.030168427718057167,-0.006319397325754594,-0.013168831842742756,-0.007819370687044414,-0.016143511971951297,0.00033741355319993893
2019-12-18,0.028405731372313392,0.020916584707062258,0.007362306310627176,0.021583964216013163,0.030416729204878035,0.022933058257146977,0.012488632005067668,0.014223287252628447,0.0007764331279791481,0.00798500339987096,0.008021391226829433,0.009269107841644031,0.01306168837022903,0.008823345151965478,0.0061679808350776355,0.004739923047364369,0.008873054148551995,0.014471035667336096,0.014313314818654499,0.02767992984029166,-0.002143057265770465,0.003937390822636777,0.0035821901652950405,0.012790966292799855,0.006068599630466798
2019-12-19,0.02867634410394504,0.01062356610774251,0.0016980155598176339,-0.004824503619742182,0.019824951854799044,0.022161028682404993,0.014184033806866392,0.018516553935441493,0.007624338384602192,0.0032848210125677735,-0.002418565753975588,0.007023516348646064,0.0034589807354137303,-0.0019435592663333834,0.003492201263383121,0.0038854916987045574,-0.0027414500478217807,0.009173366256703064,0.0028865462552738474,0.018170236747999224,0.0069276885274576205,0.006319239781497732,0.010530159723669108,0.008418987480617535,0.005697055649438454
2019-12-20,0.01578939835645743,-0.003628670333549744,0.0006633111539073866,0.01370778500514036,0.014865894496210563,-0.008235271956494872,0.023411629243247356,0.0031081666531556085,-0.004452934959442434,0.00597008455389525,-0.005082931243416966,0.0037549958211924306,0.0015667997031016956,-0.0004869467816476236,0.005721989377217129,0.002073152537625189,0.00824633028560795,0.006567640401731856,0.0017589499618724247,0.012891163163800234,0.0009631277644315261,0.003031879933699244,0.014659169047687381,0.01707792700162636,0.004665254100921334
2019-12-23,-0.0033812289482949565,-0.0001883355943625986,0.00022077486822635883,-0.008740085498538885,-0.010000082281648615,-0.011862341022868317,-0.007130284715346269,-0.010507228478233044,-0.0017823623816600742,-0.006413252287345905,-0.0014151153471976263,-0.0005341255483466423,-0.0068833300608421855,-0.010228964454375489,-0.007842692378716598,-0.007586339120418506,-0.004884308563965045,-0.0060048135529884306,-0.011332982656522272,-0.0025288167203311174,-0.003574171059293363,-0.00993075728790993,0.0005222411074088384,-0.006840735869321768,-0.00033157525913063424
2019-12-24,0.0004850661379960375,0.005589803480799294,0.0009574953003921305,0.007985352476500784,-0.003841400573261433,0.0010288339008264202,0.0023936942051978605,0.0027986278477496462,0.005457906462025708,0.005780436198070227,-0.0009446407792009781,0.0010692895914374834,0.0006301915407571634,0.001968683667936233,0.002479855831969635,0.005698345881512301,0.00296800001336317,-0.0017597959544137787,-0.0011301305611601808,-0.0019118935712578722,0.005518600693015463,0.004142895380891742,-0.0019137128793778047,0.0010018738580437336,-0.009621784963419144
2019-12-26,0.00796162282749835,-0.0004371930833537707,0.008827076369898768,0.011387995130736295,0.00399913867830648,0.011735544452228241,0.005970352488601005,0.010938148088959876,0.004020962150172558,0.001915675769719849,0.004333564259774381,0.0053418715728712485,0.002204075967901842,0.004911496134672788,0.0005413590011884573,0.006633614657471698,0.006259750120043428,0.007147558559648548,0.002101292562787016,0.004622055096855426,0.005830793533257328,0.003257382164495448,0.004183324614311257,0.0068808444569801175,0.004689932630373095
2019-12-27,0.005310271692478885,0.0023119418878423392,0.003937788053721025,-0.005385085230597442,0.003413787098252019,0.0005926892385568205,0.008605349101711068,0.005159363410564666,0.00030018006923349105,-0.0008606678086100494,0.005334403071175942,0.0021258065695899386,-0.0006284095870278117,0.014662854990319607,0.004403699735579858,0.005628644353856682,0.0029408083317903344,0.001324878785063266,0.007419211407268644,0.0006217942433410784,0.006615670077509961,0.00303045938719837,0.0038187891620724557,0.005964532291730995,-0.0003334256081927167
2019-12-30,-0.0010040460780852412,0.001882731782320679,-0.00021973131759900344,0.0014766226654852055,0.002268283240068003,0.0010998039979530638,0.002059619317174466,-0.0038797913955107566,-6.660044986983582e-05,-0.0018177709868880676,0.0024192112597765103,0.0010744584754451836,-0.003772500431488468,0.0004817864312707254,0.004231195285752332,0.0,0.0021428499966840153,-0.002031841750593677,-0.0009604813468863105,-0.01209560300708512,0.0,-0.00021601321778907945,0.0025936207508769904,0.0006171581839167217,-0.0016676840895453182
2019-12-31,0.0042385924670438335,0.011961699177440721,0.008707187286443041,0.004095674905804314,0.0053039631383291486,0.012087042117627567,0.012037064553138244,0.005963405868426808,0.01041099029760817,0.012461535849231042,0.010360057831945824,-0.004294345794577992,0.005679932214800676,0.010736666848405019,0.010034146504167563,0.008326128307106995,0.0031510017985287853,0.008285756167400127,0.011057598993116757,0.010482734350968359,0.009282882168959672,0.007986423240614382,0.009670282839604916,0.009505214449330612,0.009020944922081053
2020-01-02,-0.005743651391084792,-0.011449206362737718,-0.016538593234061816,0.0030999938631237622,-0.00330637676141754,-0.014531522578589917,-0.02291843150371753,-0.007452523229576236,-0.008575498885463495,-0.008426364539016018,-0.026800222127348117,-0.017250669555865406,-0.04581085258172879,-0.05359719539469909,-0.017063519851750364,-0.01561851659509328,-0.008301416318290622,-0.007231520248087264,-0.022349014635868247,-0.008797126142005673,-0.025980504814213212,-0.012419688331207546,-0.02338074350115371,-0.02005359823010644,-0.02682104655519013
2020-01-03,0.000481442798577536,0.005697256100511527,0.007818370992878076,-0.008295353372324565,0.005505530844784223,0.01644100806028037,0.019299581052480974,0.009959536059393592,0.009789666287637555,0.0170915372104552,0.006864662994140014,-0.010422293529341986,0.007563176348807987,0.010714301606575827,0.011264568155808119,0.01807406734117678,0.011199073699526219,0.010784261222942293,0.011835419939333791,0.009042579451698174,0.0017922406655872525,0.008022571679623836,0.012058830357143613,0.01759415479647819,0.0017012453504328118
2020-01-06,-0.0002624495910870106,0.0024278491077931452,0.007025549744951176,-0.004592464956340914,-0.0084233250556639,-0.009004621336452856,0.009321370114968808,-0.0010939924295392256,-0.003984340589618718,-0.0006570872073793366,0.01181211019036188,-0.026053257422445242,0.017297621320632395,0.01312448794684995,0.0014496072386034342,0.005014511049646453,-0.003915603360183484,0.0035562130438300255,0.0025635757561706107,0.0009126724093588834,0.005228592082736183,-0.00215114114947601,0.010338160337840518,0.015205436819667018,-0.002038259195424441
2020-01-07,-0.021308259443777344,-0.03272701135667555,-0.017368778739614288,-0.001153397535148648,-0.016919418643481787,-0.009843684697146582,-0.0063494205635056256,-0.004448670927413412,-0.01223330483433216,-0.004509136869914165,-0.01786395470329072,-0.002845636197738366,-0.006095755806276637,-0.01195791073093333,-0.014932341472300492,0.00026968822102091394,-0.0064012203834938886,-0.003963249376733091,-0.014224092471724736,-0.015751195123427042,-0.01136143858532046,-0.012287329958317272,-0.008324650920588983,-0.006522439991387907,-0.0064668677931754015
2020-01-08,0.008673121138389472,0.013289827046221836,-0.005325278090109742,-0.0069283763831345935,0.0041766682072130745,0.008666792353059005,0.0017426462104892515,0.0032998962889738692,0.005770672758910633,0.001981584937331693,0.0033504565344890658,0.006849241821744068,-0.00096843514334366,-0.004034469697753673,0.007115427622120807,0.00458309360520559,0.005425262109358231,0.0018257614547252388,0.008106284105276806,0.010865331929240218,0.006576902095698278,0.0013098171415397708,-0.004896838978014406,0.00024287919303467298,0.0037684510223352508
2020-01-09,0.00376757986943832,-0.0035482335745158355,0.0005203745224320322,0.005980076508125043,0.005736882403200028,8.441340484877102e-05,0.005509069853534498,0.008889789064620901,0.00476443017064998,-0.0028251581754926702,-0.007791812913362062,-0.011904705337806964,-0.001292133382750138,-0.021265662024969934,0.000614364637914866,-0.017042588052242014,0.00011248066545777036,0.0004204464710775291,-0.010131675710687182,0.004874358266417467,-0.008047014382575712,0.002701150732468127,-0.0057994485520664885,0.0023096547136927104,0.008191244631849282
2020-01-10,0.019119188777364737,0.008266245308059972,0.0038645009264814956,-0.005284010692994334,0.015329748901416584,0.013898234028611789,0.007208812475293147,0.008506502540836847,0.009817703372017261,0.017850345955996216,0.009055256835749814,0.005163526767633764,-0.008088201852167298,0.003621142284801815,0.015732877650380228,0.00668948710084849,0.005395483391434919,0.00808069254467636,0.006011268790299118,0.015049771237013898,0.003882887157538484,0.008541101254643468,0.007070645637501816,0.004123359630321177,0.0010156795426188303
2020-01-13,0.019974309528813405,0.013936969546531675,0.012511239180680533,0.006972080963527638,0.006249967001418444,0.013292184788110895,0.011451235476241717,0.0016161652441792906,0.010251500925483104,0.003247510086378469,0.007226873796279509,0.008561692988040104,0.00587091623434155,0.018041244099620046,0.008915654014871821,0.016544763343861124,0.026386513359877517,0.004448026429104246,0.003230172077738569,0.021320859399411862,0.0034533943300245618,0.01172652852863676,0.0073721637926431605,0.015337838003643967,0.02299620846904471
2020-01-14,-0.0062020859129864325,-0.0019902897871051373,-0.002705501322064041,-0.0062644422860387294,-0.0093515357200189,-0.010002387621002806,-0.003679678684690324,-0.01421954068274478,-0.012046087834016617,0.0021274648708971,0.0066228766505471715,0.000565808613126384,-0.007782058716794604,0.014684195596527116,-0.005583512627559295,0.0,-0.012744894396101936,-0.002167990866946745,0.008692770932364313,-0.005558716101244032,0.01266424782328368,-0.003434091188533328,-0.006795283375645944,-0.0004756819416963376,0.012892312914283055
2020-01-15,0.006112562303937974,0.011404676034512562,0.006818238500365892,0.0018248276804766483,0.01479401156528759,0.0019876831138023743,0.011079263634250491,-0.00044337030881080874,0.00334656316039883,0.01144417663718067,0.004073047929948004,-0.0022624426502405592,0.006209219183527903,0.009480364337942193,0.002048908682179995,0.013607168527452806,0.017433524238343434,0.00896854173512418,0.006223919677460721,0.003378220667765497,-0.00020375385185833483,0.009476557530208485,0.012280498951510621,0.010948639160484497,0.009464853092518322
2020-01-16,-0.013340181652043759,0.009365731561002288,0.014199686455609317,0.006789201052424421,0.008191473109553371,0.022150625762478837,0.023602638453294356,0.015147209527733407,0.010566999100437346,0.0120449026254279,0.008346983304700295,0.013605507300171737,0.010717674086071494,0.005437773824798153,0.012342752536449675,0.0022376934986365615,0.012362810384407563,0.008110028576263417,0.003172121289606311,0.004929782679655936,0.009789073659698833,0.009814580432525144,0.016291295419605945,0.018834408240220757,0.011962290862362002
2020-01-17,0.005080937117948547,-0.005555174106585126,0.00201013939628214,0.003782887255303402,0.00013767727523239515,0.006226087186264717,-0.004941224664334887,-0.011963587320953262,0.009279885701615864,0.005860595511612221,0.0020889734709701457,0.0,0.008354786863089547,-0.0034415832266548874,0.0022438417202594874,0.0026255408356021803,0.009855664030985034,0.0033179911535414774,-0.0007904831089844411,0.005224652695935639,-0.005183776215969549,0.0025349360064002013,0.002899075588744582,-0.0018487404821877496,-0.010223532138954217
2020-01-21,0.014180220132175014,0.011663692486725719,0.0057321542861656916,0.001146971919127271,0.020378538004259372,0.010366619874804694,0.014345090327113397,0.0034009065550002493,0.008515004147723104,0.010667056394917829,0.010422162462116358,-0.016219249899504296,0.008922900946024992,0.00690674742519537,0.011642704030988549,0.01794423618926877,0.013790104722373187,0.00860696271275363,0.010284726956272472,0.009522391430087707,0.00906832863523288,0.011591165364920109,0.01122277219775758,0.01632149943553074,-0.005810107428298239
2020-01-22,-0.00663182255764283,-0.009223387401452565,-0.0032770325735822503,-0.003109633902682596,0.0032385718201954905,0.0043745241120465295,-0.00707122075552391,0.002593605062901183,-0.005297157119612983,-0.02696251729668464,-0.0022923176634275233,-0.003979514703686293,0.00315867267865122,-0.003429591476740934,-0.004574063591233801,-0.010679302625284715,-0.017055548091420736,-0.007455642849164779,-0.0037587579082787315,-0.007192345137493561,-0.020790115792385433,-0.0043746790166963034,-0.020010295722578175,-0.020501357479390636,-0.0100647603445988
2020-01-23,0.011354096491278165,0.013045294752969117,0.016011204425278258,-0.0011492315711636447,0.007330927841673329,0.0065722437219457586,0.014242784397432873,0.007573441266835346,0.008584952759177034,0.00774774474216211,0.0037527058822441894,-0.003995414514494033,0.004722679710946531,0.00540817518842851,0.010968969488688307,0.004552226907619472,0.01873508894596454,0.010000234857984847,0.007389086370749975,0.009500638578521903,0.008492140460234276,0.008160629957492782,0.0034316763820121388,0.014418754400381761,0.010823245100171519
2020-01-24,-0.0013035243172206945,-0.0045342679127725605,-0.0009145669403649581,-0.0011505538239424684,0.0008007660763880153,0.009047418392885476,-0.0008099235490521828,-0.006795244165879399,-0.009727500476421458,0.003346665823981132,-0.009613255490338646,-0.021203446693822126,-0.011281873306887347,-0.004890190542445549,0.004031800382636064,-0.0014245292681344113,0.004702516698865455,0.005690135670654017,-0.004525900142351991,-0.007293594689229077,-0.016502223967332474,0.0,0.005985103479862808,-0.003324491806281138,-0.009409730330628863
2020-01-27,-0.00021078707290111964,-0.005283542427038879,-0.006830488631352494,-0.005430341098714431,0.002668575671119111,0.005925593720185862,-0.005405513817282048,0.003361774254793337,-0.001712490704617431,0.0006311412540707106,-0.01987516012335455,-0.024590333706368983,0.002535947485484469,-0.010810721210140262,-0.0023365637967214248,0.0035006345927839355,-0.012064517331799252,-0.0009353127289571939,-0.007210944133549391,-0.0016196343184632367,-0.022027377503403445,-0.002698258968878764,-0.005609601977584311,-0.0009197463671133388,-0.011791491761988682
2020-01-28,-0.001221152825478633,0.0036020161755550006,0.0009927146661456998,0.01687624885737371,0.00951416552482165,0.006200549741586681,-0.0024458460576736174,0.014513125758497836,-0.0017155530093788673,-0.004324478830164513,0.0,0.013805648111531399,0.010432879439597587,0.003477422811529296,0.00585470198008764,0.00943138869887461,0.006000547053483407,-0.0021405356602249848,0.006632032447128067,-0.0039171038649006285,-0.011579372004053012,0.0031217520059283466,-0.0008545680417673118,-0.001381368042353892,0.007292001723791852
2020-01-29,-0.015768377385223742,0.0008515765288243937,0.012395508015901058,-0.000162680144519034,-0.017662515796110556,-0.016869702564396682,-0.001361961527819644,0.00018243566441356052,-0.015920515667728785,-0.009681463778809851,-0.009274767129325179,-0.007104793014966693,-0.008135037509603205,-0.0069310619695698295,-0.006257204098687352,0.0001280977899793534,0.009836558528102168,-0.0075968224354803215,-0.012235552868849253,-0.009572997290624663,0.00028558055273619765,-0.006639073367000425,-0.014029300628881636,-0.0025360644742304927,-0.009542632269629259
2020-01-30,0.007539286088702912,-0.00024285962876091638,0.0046175614264989395,0.006997563870416057,0.013955013683103479,-0.014808223900226292,-0.004091754670053072,0.0005308863445780965,0.028434937738065935,0.010324046591348779,-0.004839186781827154,-0.013118769472036496,0.005993757763918861,-0.03539360107140066,0.00666296980403458,0.010749632301745304,-0.0030049303147495765,0.009095917881558169,-0.009210726558254834,0.01764651309884102,-0.02556594117948574,0.00626577477514334,0.005379438917410884,-0.013059021062795995,-0.0009967831824803097
2020-01-31,-0.014710879262663012,-0.007782131877219323,-0.0016714488185546328,-0.013413086889592196,-0.008535659848765142,-0.021870732975639795,-0.014242859123086982,-0.02200694001938852,-0.007593035785623314,0.0009045729121079926,-0.0033482929956724083,-0.012688762349082339,-0.008780120040965622,-0.015503898577591824,-0.0020365857123962883,-0.004279257971857464,-0.03461204005493557,-0.001517284325741164,-0.00560973519334218,-0.016473491135464258,-0.024184649043174078,-0.005604358456429592,-0.0013807086304997718,-0.005737813418973725,-0.03724617882834358
2020-02-03,0.010054506274559616,0.009865272789781443,-0.0012556854278408247,0.015888636082312724,-0.0043380682679236005,0.0012196666517358956,0.003334752661961371,0.023519693046023304,0.005262079584991142,-0.009938391486926546,0.0004001215803515201,0.0006120891915186721,0.007592491851749594,0.006824381516860267,-0.0004375227927719827,-0.0026783338872763407,-0.010874044330180577,0.0018770984142280067,-0.0019344509246264074,8.010369052513511e-05,-0.0026286456881225995,0.0031313875418663706,0.001036858084507264,-0.0052996234801502284,-0.025216138328530313
2020-02-04,0.014439994879723805,0.018081102114168912,0.009708689298255191,0.02273459911327058,0.008445688151254682,0.01502374230132908,0.009415614195393385,0.007040650111673097,0.0006103680325695304,0.005749178491031293,0.017589948747692707,0.029969424816229218,0.012558827792513494,0.01303404817497511,0.01604082594993783,0.001534766636164031,0.016871901566886338,-0.004594475973730527,0.011789545895927622,0.018390939988631505,0.03381031308406879,0.008738737993414736,0.006215460909651638,0.005801781945421469,-0.0014172676593676714
2020-02-05,-0.004506158158419482,0.0008347424854278085,0.003458746971028326,0.007882705306548887,-0.0032568710132402368,-0.009040832081799621,-0.004389723101943299,-0.010841034887387413,-0.005006710817972104,-0.006714764668001916,0.00652162442508053,0.011876332951906932,-0.009302173612753317,0.01492557313901166,-0.0015066020015521708,0.0022981328736229045,-0.007279083416014909,-0.004526061198856235,0.012609660426889047,0.0015737432657720873,0.023162843402153355,-0.0006186507298459043,0.00428947022775672,-0.011065441792492803,0.02625956373371774
2020-02-06,0.006049336037875275,-0.0005360461533141514,-0.004687563302034459,-0.0007820934900965026,0.0036007140993981057,0.0012919263536794734,0.0008267396641379321,0.004107928011893858,0.01522477212993767,0.005024569468847773,0.004371713778977604,-0.0023472724865868377,-0.0006261310359194638,-0.002535673972138497,0.008696052491637518,0.008280513400058975,0.0039893378353992315,0.008508001114987174,0.0011033302737883943,0.0075814411515284785,0.0027762690259707234,0.0037153166362418055,0.00563818973311192,0.007855895401015722,-0.009336160822110418
2020-02-07,0.0039529011694416916,-0.0017279106875757178,-0.011566676935091724,0.0023481169172445693,-6.636064709664158e-05,-0.005966961638542934,-0.00027530216572291266,0.003760110201106004,0.00015856899314248274,0.0017269110814248645,-0.004974407943175607,-0.017646869877573246,-0.003131636389062664,-0.0025418591356727305,0.005985049439292123,0.0045484125957744315,0.00032236569667531967,0.005356342294978278,-0.006140857772861996,0.00904500582492429,0.0011358147492483983,0.00411249016215276,0.00135929337579066,-0.006377400619676621,-0.0024432277915564793
2020-02-10,0.02069112949488705,0.018024654907939253,0.0031533283783982125,0.0034359085568851366,0.016146758715375187,0.022712576082584146,0.01624872830224411,0.009949963845123255,0.008100783489223495,0.009436349770882035,-0.00039066662489084525,-0.0005988942820210896,0.004398129635432291,0.004077456307388205,0.008144944593838188,0.007168890600204314,0.016319487334678806,0.005283852717632431,0.010773141352514504,0.022872757306349856,0.014465814181021663,0.011673126326006145,0.0013572830757970777,0.011767419358344577,0.002449211773829729
2020-02-11,0.04341568014928021,0.00633171576913627,0.007404184036392758,-0.018210088232611832,0.053034915072101674,-0.004441634260445415,-0.008401111581507581,0.0025165465624494843,0.001544120471127508,0.0026968470983492754,-0.031022725808717122,0.014379786630716485,-0.005630268102022162,-0.02944175590078002,-0.0028100916060178616,-0.017483099927537715,0.016374525287165653,-0.00026524673079197925,-0.01802485044296198,0.07275041046995834,-0.006850278431044576,0.0012148546938990368,-0.011182758107491364,-0.0025849541649130003,0.008726020278084112
2020-02-12,0.0075118626503756225,0.01025338278037169,0.00554693873348211,0.009670208908491018,0.013537785017581294,0.012189419813946056,0.00437292861325278,0.01559740412808841,0.004247493559575544,0.005468322855817442,-0.0012904994738851538,0.009450674967083739,0.0,-0.018305380177983777,0.004156706474811145,-0.004956623112490233,0.006028544616933695,0.0039317746403413345,-0.005427099261836488,0.031021403445760543,-0.020481356458309063,-0.003436985440921303,0.005483256256051172,0.011307915823913328,0.029411871435080394
2020-02-13,0.002810458120583448,0.00098015326780998,0.0038619535877089106,0.006751517179225175,0.004350228707288739,-0.004092906824337272,0.014421627504453305,0.020236076067423392,0.007299906350977103,0.007845938984910594,0.008155718545275414,-0.012872983295125984,0.04938653163211004,0.008524208846055092,0.011295771727027004,0.006386857039739402,-0.003306318628883087,0.0057647352413907615,0.008345575830750906,-0.010347830676660008,0.011599938427738099,0.006491656998312001,-0.0022154924915827046,0.021430240252928723,0.01680683498013469
2020-02-14,-0.002530084551262135,0.007777600674474305,0.01133358601071155,-0.002495378279095628,0.012506116792225574,0.03927921262463374,0.010837264805095836,0.020291010329533066,0.00827360639250796,0.02114292333592993,0.0190629753182745,0.0023709986748712275,-0.006594773343073901,0.017432945960130564,0.009504723181362307,0.018530079403907163,0.01119546318960829,0.018638218210818014,0.018939671037249584,0.0166677545922731,0.001875168180908382,0.014311927876369035,0.020495443979297034,0.018471712067792856,0.013553674231781221
2020-02-18,-0.01295620032656486,-0.006173902541323439,0.0019020275202759063,-0.007817385978064917,0.001446040947163496,0.012927593572412244,0.0005361769583780429,-0.00780121197934347,-0.0007712069436185409,-0.0002600289618172047,-0.002751093369586899,-0.0035481583996578303,0.027761272121492597,-0.009864973935094778,0.004123540471663301,0.0018696211728697065,0.008200929379286848,-0.0045528230239813006,0.0034363398471990436,-0.009809509603208477,0.0017995092915368271,0.002185894910234243,0.0006697266296926685,0.0058218419578364156,-0.01761263778790345
2020-02-19,-0.01909603802106108,-0.026805282760666405,-0.017693923167423464,-0.0009454390081835573,-0.0036702151362724145,-0.0059307383601683306,-0.01366185697405431,0.0002024510678675373,-0.007069741099130944,-0.06863064612929715,-0.009694054649618034,-0.008308711271917568,-0.007633462107101696,-0.026743678330377607,-0.0073916015739770025,-0.009079710193275692,-0.005897554470455479,-0.05591994736018413,-0.014009654644254521,-0.006410319163847156,-0.015520500114193592,-0.004957372726779874,-0.010704222004763508,-0.023374834360835872,0.008300067207021922
2020-02-20,-0.002257372758509457,-0.0027772958727361186,0.013940697902022903,0.004731849051109016,0.008393532032857864,0.02937854128643136,0.012764757446573238,0.007254696134677552,0.013929333220785711,-0.0015816076782545485,0.015917253452106594,0.02812698937255509,0.015680213224107842,0.02155157013952369,0.01841001055881364,0.02811525018945682,0.012069283394541719,0.016362090052491896,0.011367224003494547,0.007865947379524396,0.025691519003303798,0.010960457736183482,0.054944894018034374,0.0031913375154681844,0.01646364698224967
2020-02-21,-0.002141067798601348,-0.004386344104765794,-0.007759145969923664,-0.015227648494275492,0.006407936225455879,0.013426270391480033,-0.0037544542991837515,0.011721145805968503,0.00895345293234695,0.017612291915295897,0.010575658627870244,0.011641222866509482,0.003495427901595294,0.005801944832310335,0.0004739181720447849,0.006471205757344833,0.0028294142253921795,0.015244240358876393,0.0033876892386,0.012049219544285616,0.012239597057273066,0.003942542320039877,0.009455108433498172,-0.00045874206880924806,-0.004535206511723566
2020-02-24,-0.007691990946419147,-0.0073815984598741835,-0.009809472459909152,-0.04240395132828145,-0.010115621787972984,-0.020705179605865376,-0.0013457791547977216,-0.016905543609244567,-0.009785966437481308,-0.0035712598941393114,-0.008682193426093221,-0.05466035620093468,-0.026124771877173103,-0.0052440695001635396,-0.012587090828804604,-0.0032749221556123143,-0.03275184612365878,0.0031005258432184046,-0.0040829867425419275,-0.0004733122894030606,-0.010334064679433874,-0.008050159188322192,0.0009526467138516459,-0.005510580579250246,-0.031564967432970104
2020-02-25,0.004202272026761378,-0.018531798062237925,-0.052649738702664206,-0.035125697037973636,-0.020076682451835248,-0.01278939571334059,-0.038814150444321904,-0.01597574663938428,-0.02424703279132434,-0.016634680643740185,-0.028385904408675167,-0.06329881627283862,-0.017585794602931748,-0.020558740911413742,-0.01946419159453272,-0.015212743995550615,-0.04459292426995298,-0.024683296099034746,-0.024597807717796294,-0.014956929219209547,-0.03906807484015429,-0.020388123774342293,-0.05138778764164287,-0.04224870861422081,-0.0567878466131041
2020-02-26,-0.014097761886597615,-0.0034829010377250835,-0.009798961555911645,-0.017770855686103815,-0.0020242708075469684,-0.02366319173025544,-0.019910231632082276,-0.003385867640180451,-0.0030515718920333113,0.006168228555916588,-0.010784630538173245,-0.03248865406412926,0.0027306964929920685,-0.016146349090530032,-0.005242095624552023,-0.014335126796921949,-0.004798136196856206,0.033275899046782076,-0.006627940002216337,-0.009653659847312479,-0.022545680473087804,-0.004243366206808319,-0.005350403462844211,-0.02711836124875855,-0.02386876341952182
2020-02-27,-0.04013676172759728,-0.051508743214690345,-0.05287648340386686,-0.006850507422410446,-0.08783595927359134,-0.05514656627611514,-0.06237459815958146,-0.05136240928004965,-0.0638921132841378,-0.06474059773543717,-0.04873481269770852,-0.007387650053104822,-0.055975590094271666,-0.032822804706557296,-0.057054628879372404,-0.08613369007334948,-0.049857496467475726,-0.0741358022848595,-0.04865737830670891,-0.056854288454440405,-0.048627470689903474,-0.04606343385420586,-0.07530694373595259,-0.06367654192485406,-0.037591242370248135
2020-02-28,-0.026317042288867776,-0.01810194921547248,0.0053803150289131185,-0.007074664297875066,-0.03443389922597806,-0.02500192950033686,-0.034483045696425796,-0.04132269572082481,-0.0449289293789934,-0.0032775817857348954,-0.004960842558228928,-0.020297651970102026,-0.02532051169518046,-0.01866511380982938,-0.03681073457069717,-0.0036741886930120593,-0.02802444461859044,-0.010363793475584915,-0.017447802406895918,-0.025010007722582106,-0.02162164821767132,-0.043182198596763866,-0.0225411819240966,-0.010055525257685605,-0.014789433603204616
2020-03-02,0.061508050544444526,0.024361690091883048,0.043430750689084974,0.03651584003113717,0.09037631621191888,0.08642075086205181,0.037610695963453455,0.08044697662364197,0.03557302745178026,0.050219011071811925,0.03085782188853914,0.033839703638276264,0.04241998314319617,0.02708927799306826,0.04750096983705987,0.03591659166346273,0.04734207065891938,0.04844101426281333,0.049616832446438996,0.07529492312334929,0.03363654113536052,0.0466874808270763,-0.02622265189240003,0.005880679981427717,0.056197163345069745
2020-03-03,0.007891922271947571,0.013947808631436187,-0.012189619327539147,-0.007905122793069097,0.012096987370432188,-0.006897172694198539,0.012183998494000647,-0.006010978420579627,-0.005282360172934708,0.002372154758306877,-0.022012845373866607,-0.05344011712018071,-0.009148198227773685,-0.0033668645054042434,0.01381099289372889,-0.005200992103741364,0.012688460407540125,-0.006978176802902136,-0.022723473155577212,0.005648387023773127,-0.0373367888137216,0.006159861330135907,-0.004010758804263381,0.02325275939249316,-0.025875027919638693
2020-03-04,0.03713204631463518,0.0360695168857863,0.03927780396030367,0.02477048876692889,0.03433824287194254,0.041592824940669404,0.040324932058574126,0.04930456335756328,0.037616960756860385,0.0391856683287477,0.040753518791472265,0.007057377882701443,0.041387914147144045,0.029279199090681995,0.056312540510097486,0.047587144260089476,0.05571110066186291,0.038397807370083914,0.053292612538103024,0.05783865522659459,0.008328458832121743,0.04179859391588048,0.03068071515767512,0.034281153190919955,0.0606060993145936
2020-03-05,-0.01875555721564781,-0.015296363634930588,-0.010063737231222114,-0.040229903215920015,-0.008070228968940274,-0.03785755692404602,0.0014462162875099605,-0.04464857087040475,-0.019117062365644477,0.0070135736119485426,-0.010157731720192298,-0.07848637558531424,-0.018037085236624173,-0.02242882299723703,-0.0015862122877895457,-0.006653905719707254,-0.049380250206395915,0.013181061703550379,-0.005639855704992702,-0.009629387519943244,-0.02907112430295944,-0.012360882751102364,-0.036464912835837304,-0.043691348467326474,-0.037486586125205834
2020-03-06,-0.0025107220545186326,-0.011681053684475251,-0.03035178420151574,-0.03874598442302801,-0.008752413343511734,-0.012550901553006533,-0.025996250370511786,-0.012972823618640272,-0.0081456933211278,-0.004884036011002402,0.004468931838431223,0.023574014610800997,-0.010896621277611596,-0.03021828479689115,-0.010154040135982534,-0.012624087484272573,-0.04269320959122325,-0.0005236796641171493,-0.020579866922824874,-0.049114361177573174,-0.007005899337666044,-0.008822375074010735,-0.04190020118523674,-0.029013977135962654,-0.013353106179181173
2020-03-09,-0.058704089518135216,-0.06764732415088615,-0.07331412660505232,-0.09912062075144923,-0.06553917375772067,-0.059030153568301325,-0.07354689124388214,-0.056861513081505555,-0.052331675219488116,-0.037447836415425706,-0.07135202015780318,-0.10326878799417494,-0.0698773267936521,-0.10155803855708023,-0.06280532728284227,-0.043443909585973106,-0.09443432362156756,-0.02349968042829431,-0.07015244172169044,-0.07153512177118382,-0.13455397063896257,-0.056509856682265935,-0.09472014495938852,-0.12276907091223321,-0.09962398795254068
2020-03-10,0.05179857562053125,0.05947372011795493,0.06031264945376491,0.06996141080962825,0.06035401515913641,0.11419577220966626,0.027528701940785494,0.06309439112700366,0.053430643566346525,0.01586408266556072,0.05376625378243327,0.0455672662489488,0.037225228835299884,0.039177909404358946,0.04296335904324833,0.04459877858153072,0.03973292886397517,0.028314594857204778,0.03167273525159109,0.06490154271998505,0.08152171450184897,0.030715372041665523,-0.021816339742961932,-0.004161427092327252,0.02004163691092442
2020-03-11,-0.04498325277858728,-0.03646902039238298,-0.06893396441805011,-0.05550279319076912,-0.03451523173749449,0.01896630993436177,-0.0953271600559451,-0.018811199727447936,-0.05649968319133669,-0.02955939725167056,-0.04580283446396294,-0.08478609815268057,-0.022838888017125414,-0.08220015746348708,-0.04419194962769957,-0.03956106444145524,-0.08867184367587178,-0.041106694491919615,-0.045360407036352135,-0.02550677512837607,-0.08919612875815852,-0.05236284911691924,-0.13609469421604026,-0.1256771532555334,-0.08063860210680973
2020-03-12,-0.06470574231438497,-0.09908171642470043,-0.0775001506556865,-0.10384383155604571,-0.0664265645238683,-0.06299284167369046,-0.13498609239442239,-0.05622912162471183,-0.05343385832048608,-0.07777787985049556,-0.07906100136330119,-0.09004305017518777,-0.11085120066463383,-0.14343454165016267,-0.12152668767871266,-0.07911922591619225,-0.04763201389507277,-0.08587359804023342,-0.06702790750360976,-0.039097089476408775,-0.17743834665724612,-0.07300087997236482,-0.2789777903240239,-0.18658155731020876,-0.169189722544139
2020-03-13,0.09713983065132759,0.08321723525842661,0.046206120610790435,0.04154507836363286,0.08827458860510795,0.116616172296371,0.14888529475555345,0.0990212634618921,0.049560509727800905,0.01258134353534568,0.023035156611575403,0.08563250710578374,0.11452855204582058,0.039308205906742666,0.07133731943897037,0.06170632197351211,0.1181036199316734,0.059295183834431775,0.06990694135999331,0.06792724677597861,0.07521851073943031,0.0821415224524158,0.21775656235470442,0.11599541645082612,0.17470547318862217
2020-03-16,-0.15163829773504356,-0.17212668325992286,-0.17196316875660278,-0.17205690725441403,-0.12425024051387978,-0.09780639064985941,-0.22834365141798985,-0.1266482566908781,-0.1888079565419204,-0.15469027543620228,-0.19451297588605476,-0.15688000984373285,-0.15039688181985467,-0.19818443013057796,-0.1670635028490819,-0.2493050069467062,-0.17270629060590914,-0.11531195007935047,-0.18660642590472465,-0.08932598080921716,-0.26712711591566807,-0.17554813521914414,-0.2859285595447483,-0.24395459855838186,-0.22673356706369607
2020-03-17,0.12221964450713063,0.10522437070665669,0.09192192082557527,-0.05520840266512228,0.08135747349220379,0.07739111485238115,0.04714838568353574,0.060376841152253835,0.05543882907176689,0.056222208816321784,0.0824524436455607,0.04677769495484485,0.09094610139011872,0.024528296179239906,0.0783227876462278,0.02093035030658541,0.09801194146718606,0.0609190145366143,0.06097043283845016,0.06914411406760035,-0.1053348188495502,0.054861296457707764,-0.11680669579877845,-0.0036109457448886273,0.11799393695608584
2020-03-18,-0.045664402151876726,-0.016496544856606343,-0.16657201726516535,-0.020948135256467992,-0.05828261957017722,-0.00651089786472514,-0.10591735064297247,-0.005285541641038338,-0.12631844929368685,0.0433722864845405,-0.21354136858721084,-0.07547179049500019,-0.032378168728048884,-0.10128917956983963,-0.1154898306728912,-0.22895514640272596,-0.040882852784329016,-0.042347286094109204,-0.20742474514172093,-0.051774216493227554,-0.2368333176823768,-0.08522131730092775,-0.1926737742221737,-0.14004677781437702,-0.14248012049456682
2020-03-19,-0.03748717148300784,-0.007145601126266277,-0.029928632274101474,0.11036030738812985,-0.05466023411300058,-0.0878840349230825,-0.036930622219858655,-0.03869680042981172,0.013672702803324999,-0.036345321393584706,0.04208049361147537,0.11170787395293713,-0.033076910263683645,0.050204772682905574,-0.006293791007049965,0.1312943678292844,-0.057374588610617505,-0.012423527298306647,-0.006879987178533886,-0.05805972482700994,0.24087282003193677,-0.04981726717124224,0.17737184696710662,0.2317882845541872,-0.006769151607672552
2020-03-20,-0.06511973726872722,-0.06583312425706611,-0.041720250304024376,-0.13133875470441458,-0.02057344716706566,-0.032489688753641666,0.043824502899235895,-0.07905468236347091,-0.060936625945854916,-0.08050742316152537,-0.052561954723658544,0.02801934426850372,-0.09665852402471209,0.037073563950915434,-0.12033767460535283,-0.013727361791557868,-0.01705519438543468,-0.08731351949427357,-0.05941911498569563,-0.06449350977037349,-0.13634732040882425,-0.051243988162983256,0.08208244395102815,0.03665652892953508,-0.08550208712000729
2020-03-23,-0.08342277826173938,-0.06803997052935296,-0.049634189454702216,-0.1293052718873834,-0.08652182534481467,-0.10973577939848322,-0.0481868359872365,-0.034312336540838984,-0.07181773835076444,-0.06409912931065409,-0.06833433231025121,0.0037595130381029573,-0.013650436424706314,-0.11476962079353181,-0.03234293923185516,-0.08603947322092853,0.008755077362300412,-0.0619669942429556,-0.011898211056293184,-0.060480553749380106,0.04196077723690217,-0.06212921310690045,0.06382968426895408,0.025224096889401082,-0.08739807916327469
2020-03-24,0.062426554356618924,0.12695806502905782,0.12395749302878056,0.13509891709529787,0.05753093509507168,0.08174197364905589,0.06065157426942713,0.1160198480286585,0.03171810533487407,0.04972490556765252,0.14114292810955864,0.040262124843656544,0.07142826273030223,0.11477119643172462,0.05326574709736365,0.1691279126310612,0.11330293527167967,0.050058818973321983,0.13102055493057874,0.12429202048452637,0.09110848773737557,0.028961601479539745,0.11739112634355453,0.04322811441218555,0.2531549331804428
2020-03-25,0.04724877318363774,0.030036125313895656,0.03733300178583532,0.05729470146896265,0.034354821281982195,0.040352996574319455,0.034971287772859405,0.014709657624275785,0.06786887022176358,0.060265597476725,0.03194032921770318,0.09270920461821341,0.04375012207124551,0.06673049106886308,0.09710664079887965,0.07558727472802707,0.023245867010384336,0.04678349708225915,0.045374216864833894,0.003715368295583943,0.13904635960002,0.06405659476207526,0.10505841254440562,0.017412380553979867,0.04976321178323828
2020-03-26,0.11512620008640706,0.06296879951519041,0.02245208610417615,0.1354749271557969,0.11339456309177431,0.10458741399631921,0.11050302877996221,0.060767464355325984,0.0893059260377429,0.0817674789927052,0.002292605057344854,0.02635923549495267,0.016766491546835738,0.011617684445268672,0.050592764329270956,0.07082518808246085,0.07618788443250701,0.06361195901457961,0.026673094382051676,0.08780967393391714,-0.0038499884118867733,0.0878684317806786,0.011619573536299832,0.09207114259621352,0.0316025448861077
2020-03-27,-0.01674185876994516,0.011776693024539764,0.00990337197600244,-0.035670374133106586,-0.03916591634752309,-0.009543111856563313,0.029193465337473246,0.011385601350976993,0.04526758572406586,0.06890824196217471,-0.03354945848357194,-0.0947032549170791,-0.04318782157863732,-0.08127231521708589,0.04679481807156116,-0.025017036948183136,0.01905005067303911,0.019970909063244724,-0.043693903621425,-0.011758460288682882,-0.06328516062538403,0.060369058414699195,0.05777947800588201,-0.014084320531576933,-0.05908085405806629
2020-03-30,0.055382639974017156,0.015515298831990876,0.0012921964848124912,0.04668362195766962,0.08159824757418388,0.05238986014606106,-0.02716728965215298,0.08514652974978598,-0.004467395024134402,0.007602528777806761,-0.013806836327224459,0.030686193174566334,0.01969607257728656,-0.028846010952798262,-0.0043679898783131055,-0.06625687121150803,0.04686090167852086,0.05278851207013524,-0.013336546284909434,0.06611029350241493,-0.03266258909726838,-0.00579852144980697,-0.052649117467924444,-0.050704202547445565,-0.014534941550903735
2020-03-31,-0.0556423222880853,-0.05247127072371838,-0.007852819392441313,-0.0809163976017333,-0.024719625306019122,-0.0064371109554172135,-0.02053377953994484,-0.031479296068024354,-0.023369405016892553,-0.010232610899546857,-0.005199793826101473,-0.03327491871023314,-0.042253428716125474,-0.042574482613326414,-0.038271425731048025,-0.05741328283908165,-0.030284466299165036,-0.014977913835274248,-0.038047564841620196,-0.031184968621231213,-0.025057897134394547,-0.03128310317597893,-0.04275434609757223,-0.029673791800846394,0.0
2020-04-01,-0.04950628533135448,-0.0424631620082041,-0.07568041556891847,-0.0522407174180235,-0.047160803030814935,-0.03189102221625206,-0.10733742693429671,-0.04660819169458652,-0.09044663899962013,-0.018378994809691074,-0.06969570780650669,-0.06884071878615727,-0.06638665482651673,-0.11608086357405434,-0.04163830406000224,-0.06799031148820378,-0.08846568098928564,-0.010019798249454759,-0.07546189580263929,-0.03518891444796013,-0.14254437968208067,-0.09742764530350212,-0.14365684605227902,-0.11314993902725246,-0.04896758441600535
2020-04-02,0.06657977053424524,0.0010668256722441427,-0.030029339287174772,0.026021165271484348,0.06381278626632336,0.003940625719394353,-0.041333898939349134,0.05153988986917857,-0.029203546566061944,0.020850849653249126,-0.043365626239085686,-0.0710116071586312,-0.03150300532273187,-0.06626507741602161,-0.04547308620568202,-0.01829159232747013,0.030712165611865405,-0.019072210408329737,-0.06557835813732749,0.05555339135299264,-0.06441322268452221,-0.03123085792728042,0.0026143290844085065,-0.04458093747596359,-0.01736971406490917
2020-04-03,0.009286167315851523,-0.010580130532084286,0.004232887257130669,-0.0319061420061959,-0.0051241233321340784,0.010962479740573183,-0.005879744582651281,-0.002331547535894818,-0.018563153485430584,0.0017715907763720118,-0.008885690204945451,-0.05130871459815145,0.025092885203536586,0.0025806794795604215,0.0006368473619555726,-0.04427827235913462,-0.025427123594442103,0.006273628202534187,-0.02801200634083012,-0.03688065834885501,0.061576698963967225,-0.0103287134408091,-0.02129497423800164,-0.039443437959327476,-0.03156548043273055
2020-04-06,0.055565869687765224,0.05915820751832346,0.09248551068323163,0.12056334589568651,0.021494597119862346,0.022052674372937897,0.13947777823041108,0.04406965779672589,0.11395791270345312,0.03900954664649059,0.10408789545708497,0.15010997509565405,0.056663873112835494,0.11454323130609545,0.11631852952632826,0.07362364381277109,0.0902298317557968,0.04972165645283111,0.08924691829030862,0.04780969379288669,0.1571061514984342,0.11764715927327263,0.1607459303956602,0.14090153470809597,0.11473269530856078
2020-04-07,-0.03150790373285395,0.004285576779266886,0.021384613086998128,0.057063864439962586,-0.014857295900581269,0.0071682549020308794,0.033736758115354926,-0.04384995007784476,0.009500855759939197,-0.024128888787508296,0.037847213162668814,0.025911803262763877,0.057915038504304794,0.05658197568068646,-0.014152902217278274,0.053834308535360975,0.008974257230537797,-0.0317574814182463,0.04608812516576988,-0.0028831243863530753,0.1261558153138096,0.011601710712705993,0.03596028064856105,0.044460448786267426,0.011111100933959506
2020-04-08,0.09430588559990483,0.06631926206418304,0.07824298692043574,0.07633767283504578,0.07383651050560869,0.03779417175126154,0.11631824008466496,0.06516763971672535,0.09080730573944784,0.007386781734843417,0.06444756491720849,0.0533205226322071,0.05231129727653516,0.052459094716011956,0.06879256698904102,0.07703258185548756,0.06460791047301262,0.009175415526855746,0.11204790874755544,0.09180886738902361,0.033344534925243696,0.09239924610545835,0.11336788039227663,0.16193705863144592,0.12550623791305693
2020-04-09,0.04152448395659003,0.0702660671187676,0.06095472155519355,0.007733148515205235,0.043085919114790094,0.01700802084894626,0.06259361788140883,0.034143243688115055,0.054843936661757686,0.04807009312297583,0.07138431550907987,0.057726964999857966,0.04470102339791282,0.12357207481337618,0.05156422378250469,0.06681696289488159,0.06439993668544064,0.047822310972342796,0.07899242500336023,0.012415134559847996,0.08361151449945425,0.06363139364022286,0.12106123791784396,0.09711183506592391,0.07965017186611267
2020-04-13,-0.03388530183112626,-0.06622268777603069,-0.051320840051913286,-0.04713881817819898,-0.04319460908933126,-0.05111596279475794,-0.052909978804261515,-0.043307867450476434,-0.02899248620792383,-0.06277304583896348,-0.028139519006120328,-0.04198166051623009,-0.032091255581803924,-0.02495391672711722,-0.04526357017260507,-0.0553990918106253,-0.05799631528671523,-0.03432568630589805,-0.02243854561276193,-0.054968784475665,-0.042100635227466876,-0.062256726111623806,-0.03668627106858324,-0.07279162436433406,-0.043312793118967075
2020-04-14,0.021380608653570388,0.054359799485105276,0.05091500250911363,0.009203900927412079,0.05558718961261233,0.02963535576799825,0.01824925059272009,0.04823545613790525,0.0534611619065124,-0.008605380529002171,0.012204059359527397,0.002629211186769842,0.016387187647997514,0.017061425286509557,0.0330705829555471,0.05173732825688426,0.03170915956667297,0.017078064821532735,0.01901191060679186,0.047093296483166736,0.03751900865711355,0.020746677238778544,0.01904152299627393,0.01657773457259193,0.011442779210705911
2020-04-15,-0.02983139319956729,-0.021562781426682776,-0.05677500489147247,-0.022115850597461906,-0.02002644539852194,-0.027471150751390505,-0.06730019690582212,-0.019393376683406904,-0.02858058674732533,-0.0274003867252125,-0.07848717558719176,-0.014860005528910536,-0.07724047468350204,-0.09506040960531814,-0.035432223811592056,-0.08541942900450872,-0.029276693222187178,-0.046712856216070464,-0.06006817803215503,-0.0026106416234839003,-0.09638372016516439,-0.05995925913351585,-0.08016865240102322,-0.09034680724552946,-0.059517799964560636
2020-04-16,0.017333838827603865,0.00039499856608338213,-0.05628021101602698,-0.00816037489162491,-0.004062828519423078,0.007452391271777659,-0.02980444165266216,0.010673232966676549,0.0025671945824490283,-0.017419207278298265,-0.0656747035359948,-0.02395759998994429,-0.014627896894589432,-0.12667364690267102,-0.015184878074604224,-0.03281590001720425,0.01918209295420592,-0.006860975468027886,-0.10263867855700237,0.02279510357041059,-0.13263630618180566,-0.009999925797575915,-0.026867526073558246,-0.0265811705716813,-0.007845245365797227
2020-04-17,0.009055547483169057,0.02130552057632662,0.015201571973562089,0.046074260514584076,0.03244793428695503,0.051074190333173286,0.061439196841502675,0.017883335470312733,0.06019603535314966,0.018822389572432208,0.03459622323714773,0.03363635292953493,0.030515511094601155,0.05188668195345292,0.047918148457869014,0.05139539474473476,0.022902725041431538,0.012992185948864865,0.04289196959531516,0.01985745012954876,0.05687356732725979,0.06306296864859928,0.05353515790406238,0.03937323231120726,0.0595676334069668
2020-04-20,-0.021176195941647102,-0.027814900785861907,-0.042513207826379906,-0.057078672259041396,-0.027716292225689054,-0.036729135174071614,-0.03313020488156315,-0.034822224545000946,-0.07261149068600126,-0.04017208574879616,-0.05015905514285779,-0.050131614242642786,-0.012805044826169176,-0.04035831362048059,-0.04414108814066764,-0.02864225002875931,-0.019064574297492753,-0.016082709287578045,-0.038023933560584644,-0.04624708803522748,-0.040805204329330214,-0.0659989595114171,-0.0843719808516804,-0.07576360035825236,-0.04577117678404552
2020-04-21,-0.026861775061444715,-0.023776801460713703,-0.03291806073910197,-0.04742607023806944,-0.01693170886115236,0.006818630245208013,-0.035446848770048445,0.0021617064182799517,-0.012856608767941813,-0.006042777575075209,-0.01634539185563144,-0.022222595917232524,0.0012157507934960066,-0.030374011268527012,-0.008756415875823986,-0.020051434086647668,0.0056497765731042815,-0.012518459077422217,-0.043022127067718685,-0.02078146048544327,-0.0050160138233392715,-0.021721167601857494,-0.025130822511258644,-0.03635981504833963,-0.021897609389896266
2020-04-22,0.04537202791866757,0.024016368850459324,0.02533111607153371,-0.0050037717495955425,0.021920061357029397,0.030960847811451364,0.015924464704643038,0.018729406027448103,0.02483360976482052,0.030173372648918395,-0.03493835627813335,0.005681686587463597,-0.008097157640435504,0.0036145433450340825,0.007159967761476205,0.00661987879411341,-0.01269683456571813,0.011052941563456598,-0.0042149393271455615,0.04261474151772138,-0.0205378529937148,0.03035400313735903,-0.004296457699186074,0.012805942090960976,0.013859200149613171
2020-04-23,-0.01731360641498003,-0.019742755980326043,-0.01930085646077817,0.00553183852579453,-0.016056858482473957,-0.004357331093485128,-0.022507431166375325,0.0010222767275298583,-0.014179579366147332,-0.03912552992719853,0.03296551126189029,0.017891158168837684,-0.002857129487953358,0.03721496582752182,-0.03074499386275842,-0.017138095649990914,-0.012745853363077098,-0.028547556938199325,0.005079140337757471,0.0003586709523359932,0.013153388441077052,-0.012547756850453284,0.011147436930979193,-0.026642571997534836,-0.002103111301089311
2020-04-24,-0.01604995463436598,0.010340354859110334,0.016194172545153096,0.0,0.006602500214894835,0.010099063688222776,-0.0037007600108224237,-0.0005689840304075044,0.0014921240572203232,0.011032693939698746,-0.013249562191431141,0.026826944056285607,-0.0368397035179453,-0.004629762435202411,0.01381228349864183,0.012165362487554843,0.0263973153528807,-0.0014400287138064405,-0.005334074548370871,-0.002869432612741196,-0.031232480349387748,0.002486015491688809,-0.01458094027766077,0.022036739070004252,0.033192876970763896
2020-04-27,0.022934419687599794,0.008629279396794143,0.041833071399423716,0.035008693483888687,0.01355109566794721,0.02799444491799763,0.0449853270304148,0.024667829851230838,0.043293045123142804,0.031161972387844017,0.06006321362105971,0.04234211750292105,0.03824877712723662,0.08139534125935266,0.03993236409738676,0.027844548993132046,0.03144669463626126,0.030603809705669116,0.056731643981027924,0.009843204619397694,0.11070070428216083,0.036649365736713735,0.02778805782290572,0.04266866130779823,0.05354438115614779
2020-04-28,-0.02673649131785394,0.009218848955732106,0.03112348917680663,0.012321868657915847,-0.01550669311376418,-0.0005192629570101026,0.04699861795127136,-0.025982619882725988,-0.01828862742117865,0.011019047727840903,0.05189343322864026,0.010371829545021694,0.014735985687706066,0.09139782246221717,0.013281480384808031,0.03664015164508738,-0.024499091627687042,-0.010105800074894367,0.08253206349038122,-0.011301451628566106,0.1073620645361213,0.003721568739649239,0.02387649947816417,0.06791489722535471,0.034365775793255615
2020-04-29,-0.027593866631571595,0.027600656393105494,0.012156379936046458,0.07207628957247536,-0.03609059922828439,-0.03593848409666167,0.03017692822089857,-0.006493385296288845,0.007112407997335923,-0.033775890738056646,0.08766011819692165,0.07527802186557087,0.006454229130940403,0.10246300407732645,0.00472582613089112,0.03910507771910665,0.006362189859189238,-0.022459297489585972,0.09573153866300488,-0.04533119637461169,0.08637259599700986,0.00926910332564912,0.1200273618236023,0.07093378604328837,0.046326702303429945
2020-04-30,0.005024922333160653,0.004604674424678379,-0.010890742418120491,-0.04430093376863231,0.025668942358015645,0.005921368037359098,-0.042841268247764575,-0.006065150482286397,-0.020544144608729553,-0.014518575014351942,-0.008690550095252547,-0.020684168119127655,-0.030861475934265026,-0.025022340978368418,-0.006744781673158284,-0.002126069189885227,-0.010314695075486102,-0.006801795861969051,-0.011258485777335125,-0.005318072793300765,-0.029505795543104063,-0.016793692915329506,-0.00949161069182003,-0.024933314025758158,-0.021914436783036173
2020-05-01,-0.01596624673017699,-0.038831066631970224,-0.043733119760047456,-0.07523874957547827,-0.018942299642649707,-0.0238811135798912,-0.03787311780645486,-0.006442685437160645,-0.029865170271208608,-0.012239170774095975,-0.05824425860206539,-0.07067427318756458,-0.023987113370562918,-0.028414363578143087,-0.020461268624964224,-0.056991922418656804,-0.026672891483172312,-0.005877281891925046,-0.06809427772828014,-0.010899069385639448,-0.05346706353878872,-0.036562442553861985,-0.06244202530823406,-0.07612743948744893,-0.17832632129267612
2020-05-04,0.010375666595340505,-0.009338687163851667,-0.035080268286933225,-0.007808598673388567,0.00843912178324513,-0.0010279183555372828,-0.0007955253818456853,0.007632354610652481,0.023141190095328,-0.021340123541175537,-0.011221679858584022,-0.02884632888381622,-0.02881327225345942,-0.018867942263624315,0.006111745041210703,-0.022784266985003354,0.0032239125313087147,-0.01773716181735263,-0.01686190720823444,0.006067367784721833,-0.0030062753517293705,0.01218822996372304,-0.007253741785515744,0.020916997313575436,-0.01057316972029243
2020-05-05,0.015340358407342158,0.02252984915445233,-0.024980703565269824,0.0050774502675421385,0.006022885533410793,0.015297905248863986,0.002785964431793353,0.015414827237086426,0.009203790029356007,0.007033933298167705,-0.0038689163151924832,-0.012601295929657974,-0.0165794523140953,-0.0019229829606285387,0.019129436135681077,0.02845273667788395,0.007001090823580691,-0.009111442615134302,0.00223713315528995,0.020831933283121495,-0.03904156073524223,0.0016421661619219208,-0.007306664428593512,-0.002483487495461567,-0.01462316120354712
2020-05-06,-0.012486439528515691,-0.011637673792894154,-0.04746632758726943,-0.03637278659153664,-0.023254338016825082,0.011486632210569336,-0.046428471896189816,-0.0032053082710983283,-0.01280047241770832,-0.022118936786785337,-0.05088036147919672,-0.04010923661517041,-0.027506666469250485,-0.05395008225394715,-0.02135030348987199,0.008261177464878866,-0.009117758670647014,-0.01866929964419417,-0.05431564205260386,-0.0209161559921891,-0.07943837448545832,-0.015027636456476756,-0.048845522647464445,-0.059751050018511775,0.04052535857271944
2020-05-07,-0.008471956261245861,0.0021166508040968424,0.030859572224013476,0.07182169735722987,-0.0019354989353714824,-0.004475530726819721,-0.008875706720841148,-0.012935156143818571,0.0317742341777949,0.049643264275286425,0.022916397289771462,0.04938283387158848,0.11998173464610828,0.02342174642091055,0.033996740249317536,0.036776233076943,0.012997263799825465,0.042137546321803665,0.025964164517372046,-0.0076986788671085105,0.022604756953153782,0.049653100975945996,-0.047485173809493686,-0.0732568918037656,0.021941567975234832
2020-05-08,0.013220141369751248,0.0033665771843898185,0.012347240696594763,0.01736363646540906,0.019457951661277395,-0.026638944759827976,0.03411478408248936,0.004175948794422402,-0.009676392828163682,0.03992279186957126,0.04173899241866863,0.0009049562544212186,0.0008146007164542279,0.08457715943605182,0.01600004572114,0.008270410797406758,0.021573937847664926,0.03721874656058688,0.07259676375322455,0.020025722638864707,0.01789497628424841,0.013213982284702164,0.11152125804489588,0.06071422000825821,0.06548592305808398
2020-05-11,-0.0005454386190177907,-0.0013155618245124234,-0.03509379194099693,-0.018749971343919758,0.013253281374521197,-0.004825542573880015,-0.0210308563329078,-0.00023589240824173352,-0.015122590247160783,0.002072122597080117,-0.03673844280223748,-0.08047014740657765,-0.02157111124682498,-0.07431180175521146,-0.022151139570642964,-0.015311809856043301,-0.012115272871119798,-0.017915498055015355,-0.03288830422263611,0.01610356815433711,-0.050672242586971006,-0.014606085435897698,-0.03521577384929675,-0.05589207088018522,-0.025188834776262548
2020-05-12,-0.0274523539836945,-0.023715584093378372,-0.06069636586738825,-0.08868199311485458,-0.0348581726973366,-0.07917731005930273,-0.07582124719269667,-0.021165223269546285,-0.053597890467257936,-0.07150654175155158,-0.035880419145569165,-0.03343171501401432,-0.03910132972942848,-0.07036660856358712,-0.0377840371710505,-0.04350216784835104,-0.05243009071224314,-0.04525761284446006,-0.05101033622053208,-0.024918871040951474,-0.009804161243349596,-0.043673783247454634,-0.044077075055015014,-0.054446100531347685,-0.05943171809870351
2020-05-13,-0.002330498510305423,-0.03198387990200369,-0.05039973575213885,-0.06344087532123699,-0.006678839564698835,0.0036862645455593146,-0.01777617228743178,0.022828437822783654,0.003827705928412861,-0.010783830402558037,-0.059820835429192365,-0.03865713420701078,-0.012121373871871843,-0.066098215217535,-0.005977576921190053,-0.02806292334524285,-0.016386013578136516,-0.010477615866034129,-0.06336013674020291,-0.017567854897058366,-0.06178908731798172,-0.026294410215313646,-0.0349426124045511,-0.045511673209010395,-0.06318689957262713
2020-05-14,-0.006619386763899948,-0.020423964511548598,0.025400816468250653,0.028989618745974166,-0.007506963870786865,-0.005246539390331484,0.031554855059210185,-0.028786288499874746,-0.02500215573598974,-0.0022518271323743733,0.02653578569797621,0.06243368780555181,-0.007887988046723526,0.0525112567942414,-0.023776634096880134,0.0031859068244242117,0.014968837822225689,0.013589755083547317,0.012198278179738065,-0.004083283733256948,0.007425879674519242,-0.007958617427021974,0.038820570289157974,0.06269751966253367,0.019354897064334242
2020-05-15,-0.000174056018806934,0.006404374737027707,-0.02281608109533928,0.0039052499387626227,-0.012496840649103724,-0.014692621735837852,-0.013045328237049958,-0.0009101397605509876,0.006844271539070856,-0.028384483112386283,0.028563193306142542,0.0019922269382848246,-0.009717350968905136,-0.007591988485005752,0.012793909703596729,-0.007740777788610598,-0.009514546894541676,-0.016927136876736082,0.024919958771405293,0.004135117902847041,-0.004461824656884383,-0.004011754707229476,0.005030843044345756,0.007684797493424433,-0.002876729326930727
2020-05-18,0.028094872106680935,0.02778778529212822,0.07978643744864611,0.08613499109603695,0.041694586689219326,0.005046865345386342,0.09662717726108472,0.00564815361754567,0.06201726200983404,0.06502855409279285,0.09441851717970318,0.1709740143761731,0.05575402845055932,0.13770482587546162,0.07008524881353351,0.061611802124056814,0.042627420708114094,0.04199557510499918,0.12252091008738653,0.01840949596237418,0.10892460399747783,0.06127704701488024,0.15337847177750308,0.12712239204307973,0.10617424522619445
2020-05-19,-0.02567472898058032,-0.0003439648151473129,-0.03842809088472843,-0.02865180167594905,-0.024552618416574745,-0.00015179795971209664,0.00041562608155354397,-0.014536755604688811,-0.03994195232874653,0.0036728178874063655,-0.013321868149842708,-0.019524472810455107,-0.00887194811862202,0.004802928237471971,-0.028331490696600237,-0.009044243187181111,-0.02476124022424564,0.001200086086781127,0.007986654898616274,-0.0173851689407426,-0.000702952083912356,-0.02710715935079333,0.005269667608120532,0.001551460550370809,-0.03390705603058697
2020-05-20,0.0007392083569819352,0.006262625099993757,0.03867875342695637,0.04292855414840524,-0.0013107751638997689,0.010196892553183234,-0.005401004800586251,0.008229076210184205,0.021083216785758196,0.0019438780866714023,0.01774476648075418,-0.0008660951123805605,0.017902945498440292,0.0478013707951781,0.003329483822893442,-0.021866993848168925,0.028814486985319743,0.0018520623958167004,-0.006722660131648572,-0.0019345963209987938,-0.02110072394467022,0.010866278245205141,0.012642383039552119,0.012167975714863388,0.05183567581127124
2020-05-21,-0.008603692247119987,-0.0054027060091176304,-0.011381480246788422,0.029040443691694673,-0.010042109425222656,-0.015065910429740037,0.011695864854103899,-0.016903679028624885,-0.0018231838478433016,-0.007874837333212925,0.010360327199726793,-0.009531737449987476,0.002093319683691419,0.027371998588172408,0.020898706908748954,0.00602593226752024,-0.008264723510299388,-0.006252922714134135,0.017403924690757355,-0.008669480226019433,0.005927945327139472,-0.011300961695774436,0.0027406881592875187,0.014644806591491921,-0.0015400399247619267
2020-05-22,0.06254395772718047,0.010726642053659363,-0.023776899779613614,-0.011042963507716608,0.035602900112149394,0.03869960939932615,0.013625165152185925,0.03975808143789794,0.004162697995591769,-0.008052549513036134,-0.018507067401647204,-0.017498144648165348,0.010029755409469487,0.006216918078394196,0.004041564182856394,0.007729443551981685,0.013310284875620138,0.020244135430574905,-0.01972007198758352,0.030822381116573094,-0.025178615561061157,0.011430133193168102,0.02368651251408882,0.03015944008723892,0.016966506420659888
2020-05-26,0.0061874873914249395,0.0240153473330047,0.08345087743252155,0.09032256720990284,0.02170336686118901,0.018629325578111366,0.04032604641422943,-0.017924785242202645,0.045683389776121075,0.06911738945753187,0.06357510498697905,0.08370469616890275,0.028133762222183334,0.08031762049550295,0.022051161586045254,0.06404577365442377,0.028212403620043958,0.032230150242733124,0.09355346395409181,0.01217434156871322,0.08536364975466526,0.054299919188436796,0.054286612740652496,0.06900879368908974,0.06673421284269487
2020-05-27,0.03312406731590101,0.0061784744163209115,0.05075714184425584,0.027537618047043466,0.02174280507919568,0.00708407652328602,0.007439282996406504,0.02664069503185451,0.0033572415590059634,0.023755121845850935,0.003713013440652002,0.02875926807686624,0.024547536593817254,0.015522701156764462,0.0006848514493607016,-0.0018018286762452318,0.019328996870573212,0.023327195800158407,0.016179043787647673,0.03366568948472226,0.06649786309004191,0.0013073672322270191,0.05149152295020465,0.015062729215779669,0.03554510948258249
2020-05-28,0.024245188575260812,0.0243642688744512,-0.011823051694298314,-0.02281290275048531,0.03514037566469841,0.04830596714921498,-0.005441099068935307,0.026364040968827496,0.003306085944234871,0.030091492361871586,-0.03998056443429254,-0.03913752803295001,0.009426419871628733,-0.057924056406354896,0.006673611102590682,0.005596601138598611,0.014058341305901223,0.021424546662720756,-0.025299723109845296,0.025752268328930406,-0.05443892552274021,0.003916600142403359,-0.01632337017825891,-0.010599373871009399,-0.018764285504752065
2020-05-29,0.000193724351002178,-0.009152866763101675,-0.020282626470268683,-0.0031731503408369832,0.019965908556789813,-0.01704918278199019,-0.037124153335586496,0.006173131893319139,-0.024471513879941065,-0.004834536299858527,-0.006588894339288887,-0.007481122823629449,0.002334548502621825,-0.05123850685717102,-0.011048813361670073,-0.002830411776160058,-0.016657421316317644,0.007704242298494313,-0.042515065057266876,0.011071752640527954,-0.03430954852868007,-0.03823173766344912,-0.04923850170008559,-0.013050512720330976,-0.05830229877513149
2020-06-01,0.023782830537196542,0.00247188710038726,0.035124466324406356,0.00363801384896445,0.009351862174799885,-0.007801397163069823,0.035714486168533455,0.017974801477677715,0.017053048873791,0.021395040107245356,0.062069903410286065,0.02596294652413622,0.025232943249340778,0.07830801321513658,0.010398707640250526,0.022780513949182346,0.024043252399136072,0.010012778606002692,0.06099534163774889,0.011301157077799662,0.06759086490248944,0.02109264164841096,0.015736794122756637,0.04736552961605489,0.04259506994808482
2020-06-02,-0.002724022112031599,0.005581071257696912,0.013595430436480038,0.04191215030356843,0.004488389707090423,-0.017130355204315606,0.02194307676835794,-0.018981003033779476,-0.00048605046749328196,0.013762550675088914,0.0408859280251197,0.0024490215477919186,0.011359418323698689,0.041736416397942566,0.0016159815394458654,0.011136893690915528,0.018783888102411384,0.014504078545414245,0.008590344898150581,0.001825879608540637,0.030032431045026398,-0.0026485358445758056,0.05718308481043155,0.032221453660704835,0.030878956655721268
2020-06-03,0.01441619944643846,-0.00154870890450165,0.059084417335375505,0.07632090005286174,5.7290776912521935e-05,-0.0036425468209166922,0.058282126318986105,-0.011052762949122052,0.025406283366988136,0.02196056616960651,0.059542924309744505,0.026873029044333974,0.06327204533020603,0.11378179235443642,0.03931744514502844,0.051748155991940825,0.019484501985714164,0.0010593415598163514,0.07556246077187101,-0.01040012063357032,0.14862097295839338,0.040626815494325674,0.08126860762420973,0.07648795826635069,0.01935515894387274
2020-06-04,-0.028684668915095912,-0.02320365078640374,0.01517701297229368,0.018383835301254647,-0.03958537020599817,-0.01813764185455624,0.006522393547969241,-0.03455729465049562,-0.010195367288436397,-0.008986200862114657,0.012606833858299193,0.03568599504437997,0.02323952133247431,0.029496414545250538,-0.02957773422368648,-0.0008308611505568608,-0.04079328223797163,-0.03519928500468483,0.011370508606497909,-0.04559476623787462,0.0528266121167702,-0.011482778559999574,0.01478543935213028,-0.004409276809869356,0.007685127217788468
2020-06-05,0.01990621808676929,0.04936189404476532,0.052066867083238266,0.07161278756752254,0.00566662756228653,0.03154201499831588,0.056515363484829884,0.01250801531006851,0.04806761835176809,0.018529533878283155,0.054652551090424994,0.07274134923764941,0.02236753539557612,0.06359189061789583,0.04773937827187402,0.03493558182475809,0.025281059900177816,0.02855846903680548,0.0198754514810342,-0.011344279456482642,0.15469837742978654,0.07640715158907341,0.050752691038818964,0.04922504932208649,0.050695556939045705
2020-06-08,0.007512412266210244,0.009394955253580362,0.05017694104035275,0.02721216601714893,0.025088934533289642,0.002265170801002414,0.016013661192282536,0.004068117660596782,0.05211069458952933,0.01180606242553317,0.025810658716675094,0.05781552382390287,0.028609821627858967,0.030880442435555988,0.016795287848265783,0.03150629441816011,0.021523261334528643,0.0015021723094026385,0.05708666635929838,-0.008546926676490485,0.07787753487205173,0.025659296845585544,0.05592801257638502,0.0008118901365328224,0.052091974851298684
2020-06-09,-0.004196509574381446,6.268843405776714e-05,-0.02640927841047347,-0.038925928673206545,0.008737235159339773,-0.0008476357445118543,-0.01877963080211209,0.02215160743579392,-0.02954395741642557,-0.015398135659885792,-0.044665566545017965,-0.024966009325724015,-0.014070674654287352,-0.04907592052724441,-0.014779067296017967,-0.020570440592004746,-0.004500068369795107,0.02269212116697461,-0.054376046712820814,0.046191505605957195,-0.09455460928924808,-0.025251072943087816,-0.04727513999939714,-0.033252236968137505,-0.036120007350174954
2020-06-10,-0.0015803659277728865,-0.013554786625634141,-0.04006527904574397,-0.03750234260887231,-0.001434109983896481,-0.022617955360921815,-0.037593858530565516,0.006235592127287859,-0.02887630487166326,-0.022243789689942672,-0.03389144173284919,-0.08027702796966951,-0.026219713110938847,-0.057640644031239696,-0.022621589548355026,-0.011455355457743677,-0.009452521431856264,-0.027913149121091885,-0.051595471180892805,-0.006909735274753248,-0.0400136684017357,-0.03310174565521051,-0.05582356028660551,-0.06426161595034319,-0.039578915243492996
2020-06-11,-0.05212189815655066,-0.03501781557883954,-0.07548696408039268,-0.09779856377730667,-0.07039165124645996,-0.031457847294274255,-0.06818186325773878,-0.05007682843526329,-0.054590910293671246,-0.06497114903969792,-0.07385888651778705,-0.08427375441239471,-0.05896390694601872,-0.10739680906399307,-0.05236381697729908,-0.06840502491797695,-0.05704796640422194,-0.04643007052462378,-0.07142826747461684,-0.05265932080841851,-0.1335984862904449,-0.062267369451290744,-0.10316307345394138,-0.07943348868594047,-0.09381842137010599
2020-06-12,0.026122196244935614,0.04514737771506505,0.04266151558920561,0.027207909396865126,0.022709910778155207,0.02401929430142591,0.04725583335715178,0.02412599400578208,0.014588158346864999,0.03743823711673233,0.03217352868678014,0.038619449276809936,0.03071399229582772,0.0964142978726108,0.03135268673735214,0.044056399249414735,0.039049639299278516,0.013097494785021313,0.07088557735060563,0.0254138893123248,0.056451645171009535,0.034126954845641544,0.069180870291774,0.07596417194644589,0.052733614065094914
2020-06-15,0.017087647319732557,0.03836238522645963,-0.01646996336541584,0.006096298452549664,0.019468953891582874,0.025882443645377062,0.024745577382772277,0.02643946870257108,-0.020185961984600098,0.007341471769489294,-0.004642466601333606,-0.01503167883808787,0.007189116822812647,-0.010174326775766573,-0.00898526076187256,0.035412559076645644,0.005432335705595426,0.013844233679965567,0.0010438545242763553,0.0067259147506466554,-0.02092667250164504,-0.006651202098649778,0.012687230826979645,0.015930366140467278,0.015624982697352685
2020-06-16,0.008724026725050127,0.022977275198796443,0.04444444688362115,0.010656045027774175,0.012054378769457808,0.02143044547957884,0.013849383421936645,0.003844033803913627,0.0284091525039063,0.002053030459839844,0.03076060050042817,0.02891586582271155,0.005353240644205615,0.03744471659094373,0.026099550754734357,0.009429878520718527,0.026591861200129907,-0.0016565694765908745,0.02357129603552477,0.00891845037352157,0.015190142271416018,0.03270661879307668,0.027812721179480082,0.027084648252910792,0.04208129304770969
2020-06-17,-0.003059189347966784,0.010343982155738063,-0.018049898822494526,-0.011990862707567551,-0.0008257418955629481,0.020981210677976536,-0.02031544587030054,0.0011475721630231916,-0.033745176538519606,-0.006453466589037782,-0.03706113276569789,-0.0390321310144105,-0.011359566573611146,-0.05661708819226208,-0.020233014700320906,-0.0015835603796894304,-0.00206396476775772,-0.00553175210103285,-0.04503771970428827,-0.013739916654396,-0.050979995461945427,-0.03990003466928638,-0.03291085397997262,-0.028105127559828302,-0.028224029001850837
2020-06-18,-0.020047840540397543,-0.004036430558578941,-0.02618608769843045,-0.0064867413130828,-0.024785698629262942,-0.016082552413693163,0.0010729546398060563,-0.002134626354258762,-0.0006992977355467778,-0.015156457797871892,-0.013761331010587963,-0.00893571459062037,-0.03123857329025126,0.0,-0.01306492955395977,0.0052332603069908945,-0.016649526935975434,-0.0075343349256848935,-0.008749521137977112,-0.028869643933600697,-0.009906165631852981,-0.014805195837862106,-0.008066849545874777,-0.0037488685743888306,0.0013401582672325496
2020-06-19,0.031056194311289476,-0.025846241119930946,-0.04291876483056922,-0.015585464846335162,0.03146723190973888,-0.023121148808907588,-0.06000025835773004,0.021420928636131986,-0.03766519609275332,-0.02669593329861819,-0.026980724521889377,-0.04344269713948168,-0.0237214711977366,-0.04576146461203601,-0.020582190161827052,-0.029341986515448393,-0.033862380395157654,-0.02893955179804364,-0.03896666106761604,0.04497204889813422,-0.054115018516818214,-0.004482048617329815,-0.09021601795856282,-0.0861853885160011,0.012940858196357041
2020-06-22,-0.003765103342746823,0.016039957276771544,0.03162183464722079,-0.011767287805023785,-0.0241123775536215,0.016160221640559858,0.020896586853763166,-0.020086100672134566,-0.0008553095379908449,-0.0016131899216891288,-0.0003536478579301283,-0.0325621949855569,-0.02239918489969195,0.026729572988337447,-0.004273020117465776,-0.0014626706438141124,0.007510430308291349,-0.0016792853485805281,0.017249221158942563,-0.017135254212690354,0.02130487398438441,-0.000265033748209742,0.002234836482778668,0.007451067104993214,-0.007929402533281671
2020-06-23,-0.0003781053146125757,-0.006884306331955026,-0.01100080622118238,-0.0038969541140383424,-0.004869672127842284,-0.0014073490701802527,0.003721709450505095,-0.0035145628025201603,-0.0056943110963427745,-0.012389566376039163,0.0023608078048260595,-0.004428594899442584,0.013592095915987867,-0.0007655877645571518,-0.0056921160324976405,-0.002767599984218161,-0.011992224176360589,-0.010668879755756588,0.01585554526626698,-0.011241194410861577,0.02304890248413316,-0.0076819019626191976,-0.011705789170364467,0.0019464158023088096,0.011101125648940613
2020-06-24,-0.03901712428978632,-0.023066959047377322,-0.0314252345257886,-0.07085412824297987,-0.0207211932279755,-0.013318162424302171,-0.03633664715661178,-0.007283469512049168,-0.019289422002480627,-0.012981585110714455,-0.028850797848781307,-0.0231317782093996,-0.04099618320610687,-0.018390951813188616,-0.026598543042030465,-0.029541100110568097,-0.018042605404107515,0.006427941767120693,-0.03836980984866445,-0.020457602895331384,-0.07158140121845757,-0.028563928960168572,-0.030175076861995387,-0.04079252774155029,-0.04479585182714363
2020-06-25,0.0007084902503260437,0.019084789719346462,0.004013668854250474,0.018011706614354805,0.016162784981302858,0.021782806125677068,0.023085826603493453,0.010454667498892789,0.0065416986167894375,0.014478157428842842,0.02691901402887864,-0.010928817733908636,-0.015581431908906707,-0.004683951864655422,0.007510059590699614,0.0018503378877881005,0.01859686767407598,0.008339772117820665,0.016230845238780045,0.005282137825066924,-0.002610875917223532,0.010992188639727063,0.03460353790953019,0.01680822255383574,0.011034474201210953
2020-06-26,-0.03097985385413604,-0.028631564103057783,-0.031204924596513806,-0.011029401130226768,-0.02058040286704299,-0.017334391075771727,-0.0037604994821899274,-0.014781007647990507,-0.019497465540032843,-0.008497495075409311,-0.022671200310705908,-0.011049688031106397,0.0012175349697653992,-0.018038896740461885,-0.009699429389775083,-0.01947314658674193,-0.017929566997857638,-0.00916072642700927,-0.01308776642264975,0.01693782710383429,-0.04681236127196531,-0.010872674154403517,0.003934496744129712,-0.0093606804421148,-0.022737809720226876
2020-06-29,0.02969805116165114,0.005349503249990617,0.039531951726488934,0.027881058025408523,0.006012405080556338,-0.003271945007553567,0.02604716716211808,0.0034664487134619115,0.016694038232712094,0.009010079298868767,0.0240427372583365,0.020484029196514042,0.041751368666884,0.015974252744767936,0.011335931228574125,0.02345517402550157,0.014917243496986643,0.009615599097338556,0.029894195852284478,-0.0170296724933382,0.10064624046811765,0.010992188639727063,0.027435726021909135,0.030558808051929454,0.03210838770154356
2020-06-30,0.018676090234280185,0.0038359272435251057,0.007917557922482166,0.02215188754645392,0.031115479413743374,0.01412962710775667,0.013980919622603949,0.01942186678623714,0.012100890145783527,0.005880582700308112,0.005309078683485735,-0.015510918767243975,0.015564101281975162,0.009433892061838423,0.02824621773242253,-0.0007728842956975512,0.023691827871682447,0.004133881530608896,0.0015278436106649362,0.030223735575290567,0.003669515518755384,0.016036857570253638,0.010206810557866985,0.009559291566563655,0.01262364730921961
2020-07-01,0.026494944452319924,0.01947609926697469,-0.0036509603880888752,-0.008182280773858852,0.027128815481341606,0.037154383713812855,0.04571847109724936,0.03683590073705645,0.04450850278356011,0.04969137932898504,0.026405552299998858,0.009267960917309637,0.005747041984732748,0.0054518106209477946,0.026161847674395444,0.02672296363497817,0.0195006478870845,0.03788612987255413,0.006101094494607384,0.011512944348088361,0.02091261862869387,0.040396193334630626,0.04642285186060491,0.03652159171596048,-0.011576235185721262
2020-07-02,-0.004446098567030599,-0.0022370008376492168,0.016657229553468156,0.014715716162018166,-0.006806656204804029,0.008141725162120528,-0.012144210457444293,-0.013403323392399913,-0.009692160138483175,0.0029909128775926774,-0.021953277273737082,0.005509512620379464,-0.0034285782595425696,-0.011618885655123146,-0.0011895275428314145,0.00016328300194090595,0.004204135470229575,0.0010044644287761084,-0.0095296121309415,-0.0025552803162399718,-0.014324750180771395,-0.008228589492650151,-0.02687895553214603,-0.01882896091023012,0.001802126450598962
2020-07-06,0.006661375714972717,-0.001514654949923866,-0.0021848000947309876,0.019116738709489045,0.02096981632806716,-0.005249432641652119,-0.027397349851346453,0.005929583506077529,-0.007804430939769347,-0.010694044019685656,0.006780713923443038,0.023744291126666095,0.009938699122084893,0.013322938858997935,-0.012763056440636134,-0.013747694739615346,0.00010434025262040514,-0.01419565382277821,0.0054665455245805905,0.006021902262859369,0.0017438349123324315,-0.01140776648573627,-0.000804810133500311,-0.006080152521516835,0.014838008288109217
2020-07-07,0.0,-0.02554786389988495,-0.0336067850252767,-0.04463129898992768,-0.016006993525130686,-0.002164822668525801,-0.023113245422647033,-0.0022139686045618,-0.030101874128729222,-0.011745020699676978,-0.04412456168996137,-0.033006338462103435,-0.014382916773813537,-0.060325190048665545,-0.012582988971551856,-0.028045257293671577,-0.0076387773956559935,-0.010532487819247316,-0.04110452696959943,0.010251531544302805,-0.04352226545250781,-0.032258097403780384,-0.04911420591846627,-0.04511584251141998,-0.016393643897111843
2020-07-08,-0.004775046730494559,0.001681560920930858,-0.007929229918718583,0.004062295183865139,-0.000582895966787178,-0.002576684333295498,-0.007393298071062593,-0.0009980057988004942,-0.0052602890109513245,0.0062050328016085565,-0.025024296361136122,-0.01014770080612415,0.0046083041863322904,0.0,-0.006546068516262604,-0.0006826992896519224,0.009806880434080956,-0.005656816182759927,-0.015649836932216332,-0.0075616248416302545,-0.0033371246095110774,-0.010027157942338438,-0.001128865099730092,0.001601729236440752,0.02117126822356008
2020-07-09,0.003400218138362332,0.008703831590255895,-0.028773931456186563,-0.01393577710027627,0.0014000933084044043,-0.0005437174493724273,0.0003722400082333266,0.011577235058951585,-0.013220598155760599,-0.004808173885568534,-0.01731864109000958,-0.02050301327719628,0.0007645592560079351,-0.02551405856404132,-0.011070141385450927,-0.024090024589197623,0.008458536912306913,0.010394994136927904,-0.02949315097447791,0.01517242095409932,-0.05263137889785441,-0.005253017808182658,-0.029951804078096167,-0.016590116953942302,-0.002646455335725051
2020-07-10,-0.004706499140761267,-0.00887523099058063,0.02739253629967031,0.007522266676301292,-0.0008741556477640522,0.002448536277687152,-0.007445990576663286,-0.01660491450178936,0.0062970248684870445,0.010923380617320344,0.013693256248493713,0.03139850965599322,0.021390543222386427,0.021959697916353216,0.00923945766439771,-0.0022760349740406083,-0.018121384037787847,-0.004811369333986182,0.019468308912799603,-0.010916705321859843,0.04850859654184614,0.00555850231078292,0.044567163636504814,0.02743897834292408,0.04776664743362513
2020-07-13,-0.03185170313490604,0.00018665387703675762,0.032383549063684125,-0.022850726669609633,-0.02676370492741098,-0.03188840241659752,-0.01237805130486791,-0.021588292771229756,-0.0019527379857998683,-0.0025973582865954636,0.002877092702897155,-0.0018449755857389283,0.004487573882493212,-0.024793659792742728,-0.011091412718137517,-0.0028077293386955526,-0.013183061089825143,-0.00792042307435925,-0.008151127733084018,-0.041685717114599674,-0.0045325556583161175,-0.0005525515413894455,-0.027049899703182945,-0.010484691116156686,0.002532508218598517
2020-07-14,0.011761004929147445,0.01635149864025154,0.02471729721944249,0.0037045578258751988,0.01461886986969163,0.028663737137464285,-0.005697004529745309,0.022521092761701667,0.015162846080439829,0.013541435048833206,-0.027188939018365943,-0.019408386734502736,0.01675338300341256,-0.025423697507037102,0.01437059410426511,0.012668987898180273,-0.002030580867704801,0.004925048671710064,-0.01220945279668062,0.01847564585435335,-0.02763402581067609,0.011891482216332516,0.008025632185163056,-0.0015991275881607203,0.029894814035914985
2020-07-15,-0.0064493225128134934,0.001590546977876972,0.007896387694110274,0.04313731977864732,-0.00797164900246794,-0.017781884262910164,0.02559227137237019,-0.004226315206885656,-0.008891888087569244,0.008016387655651158,0.03807711448038864,0.09519315522393912,0.010618964160836297,0.04521755799389515,-0.004515672803367399,0.01876676453095394,0.0038553158964063083,-0.005365310693127068,0.021392669214617133,-0.014169308521873814,0.07524640585616216,0.013938228578611822,0.022746729864358217,0.02202622076811811,0.024529724382318818
2020-07-16,0.0008163256062765356,-0.0042753359576295225,-0.020390861337498012,-0.013931911789219487,-0.013452097895847115,-0.025733138333655092,-0.022719022088452667,0.0002940246303133609,-0.00888310772595613,-0.014070380096459667,-0.018402029113092522,-0.03184184690881131,-0.009057867866586133,-0.01497518607336501,-0.003646960349482531,-0.01654427814199344,-0.017495387359398262,-0.022925471413975607,-0.020246356121475184,-0.004609080524336617,-0.05541373921534887,-0.009164395037164708,-0.020294821613320968,-0.022727451205827975,0.003192239777505712
2020-07-17,0.006330396581059716,0.02281810117201699,0.019609939414575006,0.008073572754420999,0.01942760649285824,0.02342267968804901,0.033155576259082276,0.014199668807171717,-0.004860421559090944,0.02047613302411344,-0.013210941049199731,-0.02133294732117974,-0.0029252634125718213,-0.018580959187318613,0.008034088904053993,0.01612856396260387,0.03517929171229239,0.02080919625159683,-0.009501064038040852,0.020853212091430873,-0.007949114565586668,-0.0076168073412651305,0.025823277466065386,0.02225352628974364,0.03221983633446879
2020-07-20,0.005480256755284962,-0.008875626924970126,-0.038035969006187,-0.015350443374745115,0.007102451325740056,0.003409029148961018,-0.05237940329209223,0.010507713603448154,-0.03553336555446174,-0.017328697608475885,-0.04322333934071054,-0.03723898711732154,-0.014301367551091348,-0.03184140050886042,-0.025681601674045096,-0.020651841431897133,-0.006397968806344689,-0.023452789286707798,-0.012709913847474441,0.010550048849799154,-0.031730714611890476,-0.019736969657802028,-0.05200591923205411,-0.03314351517532488,-0.012331580814280652
2020-07-21,-0.005066724474651063,0.0028436540280072364,0.02245063726946439,-0.007229997897865603,-0.015456150777985012,-0.006517075673830086,0.0070065941492454265,-0.008007278473525892,0.002229938240432938,-0.002062557408788579,-0.008128719233847614,0.027358535285722185,0.01450886415005015,-0.003555822730297087,-0.005999007356636166,-0.0033109158105721903,0.03378019289998857,-0.005059011870764629,-0.014330740073911552,-0.01306616814438144,0.0087718448295242,-0.006711184549636817,0.021885212467749993,0.003651108985073259,0.0019508373934256085
2020-07-22,-0.0006555481725707413,0.019005368420965674,0.01747896238445512,0.009558534291516319,0.003163351211343146,0.010955825970908162,0.03633530143252628,0.013140813520754024,0.023688277183145034,0.012090338376465004,0.01007643630436772,-0.001836726570784819,0.008434041486815369,0.007136356833840507,0.025695119047660198,0.02290615999981993,0.004595007862691736,0.007867897353883713,0.01946762768303345,0.0045477929479933454,0.0177193724674527,0.02674545129698136,0.03740677836811668,0.057598864963061436,0.016744629550253798
2020-07-23,-0.004401091483620556,-0.0021905607272948435,-0.01782272622467418,-0.009918900706768152,-0.0077350520828866065,0.006350754337941522,-0.008578366089845302,0.0015910893763841916,-0.020377532147174193,-0.010005938443139573,-0.017823980322056787,-0.01287963053516128,0.00036387864203524245,-0.017714695899117783,-0.004635957551786696,-0.019658328267959546,0.005285561034000352,-0.00685071575708418,-0.022721924897164847,0.0016095827449855715,-0.0037080826558033575,-0.022484421704296542,-0.00798208813195922,-0.00745266297778624,0.011489748800695976
2020-07-24,-0.006087402814968446,0.00017828824952847988,-0.008854479085173894,-0.01730415194030177,-0.00035966344722559995,0.008231077857235203,-0.012791726651962043,0.000949984784015534,-0.010216026140332124,-0.016089291044414034,-0.01151141640013953,-0.02143518384782317,-0.009814540997546528,-0.03065814900428676,-0.003403502658686719,0.0012202322782592923,0.01021257668683706,-0.008875706093668723,-0.011624986573301355,0.0,-0.019902578931785486,-0.004488085677500919,-0.007491792082163995,-0.010011698595891017,-0.01135923405483752
2020-07-27,0.015526862376109563,0.010738647486873809,-0.010367200377418895,-0.01923072333854947,0.01043765608439684,0.027348757485872177,0.008384117448998474,0.022525304769277943,-0.007285582932710866,0.0016771810474818238,0.008768121028199793,-0.017142690435164254,0.018722318341947597,-0.00372109469559212,-0.008537772545877953,0.021247394327218894,0.018516607122331274,0.001132641649599142,-0.001251311373709152,0.019452591987691115,0.022948475479133368,-0.0053537352031899355,-0.004472932252175377,-0.007973344177464425,0.052470089728737346
2020-07-28,0.024931733905299014,0.020133675257180128,0.015602309413283555,-0.011339554362632898,0.0198290073228915,0.019601387663734204,0.03288000776761946,-0.0019495699692415602,0.025733860754990845,0.042172631123699844,0.033953855849510495,0.019379861786613883,0.004324332862345015,0.03828187532975402,0.024202526444458528,0.020634132107088643,0.00766508613942829,0.04472698407894349,0.04610387300115493,0.025452290922857168,0.03518395193510493,0.01643081896556131,0.049424240791400065,0.04175656272494255,-0.00836945523700161
2020-07-29,0.016828923572756116,0.01306185749993305,-0.005925469420525076,0.02747912945779518,0.012167025513396323,0.020977930158458946,0.020856224194411244,0.023214843300629395,0.0051366359378284265,0.012752279592910476,0.017863957384829376,0.047528442497132284,0.01399374767217676,0.018885003786229815,0.008230611073961835,0.012865109730605395,0.03540057874115665,0.015319666263621468,0.008623051307979246,0.017070054785790045,0.022606993830496025,-0.017558542050783554,0.045491356444646414,0.02916793755783642,0.04036667150067741
2020-07-30,-0.03243745967816891,0.0003972645813199449,-0.025610090560188703,0.00627908041310854,-0.02105030781159367,0.009732766544745974,-0.00430096436392835,0.01032489438826567,0.006707866488563141,0.006444657469116377,-0.006323068263846765,-0.016333997316964055,-0.00035400454310241525,-0.00882629696318138,0.0316011206166702,-0.0011539678276920595,-0.009230371621030686,0.0044195768699100135,-0.007124654100395644,-0.01939741128814032,-0.030035252396039103,0.024113507219331476,-0.01382161759495415,-0.0031081318442781614,0.0017637523770199781
2020-07-31,-0.004190719420243849,0.008062555978411101,0.009289720577570382,0.012479799163728877,0.0,0.011403093545849785,-0.01763861879182438,0.009679054650792995,0.000543997011400954,0.018027548207281585,-0.009091063496778462,-0.005535038452070151,-0.0021240741777410754,-0.007123981906072996,0.014210393580115221,-0.004410738441783635,0.002186581301216295,0.010975990585509354,-0.018655905137708872,0.0004175889812432221,-0.019962219643225643,0.0027698789376646715,-0.004411958989860021,-0.017608378073969755,-0.020774548939725856
2020-08-03,-0.018401542362484036,-0.006871548082835521,-0.03199012745064245,-0.056151627985788544,-0.035896912877491194,0.0007474362761095144,-0.014657719198704067,-0.008096554404965373,-0.029446273385725807,-0.01374083593500064,-0.0082570673672695,-0.0435989181222608,-0.004966163247741573,-0.005380736447460621,-0.019380780120222152,-0.010657486088675672,-0.004173623418259997,-0.020211744707340218,-0.010723723651226202,-0.019740499865627537,-0.021170690468439002,-0.02983418790831993,-0.01694496098522047,-0.012882586994396594,0.0068320694654671055
2020-08-04,0.01399177661410067,0.0009076092174162831,0.01124758463529929,0.0033858091780420985,0.010846999226064025,0.0027386691215143255,0.015619334576507882,0.018366675834939672,0.0001397624779040374,0.03139710932502249,0.012554735210975387,0.058195374640497066,0.028877150539448282,0.04057692888654851,0.0003421042818161357,0.04123860391157974,0.005810546807917261,0.02828782193247026,0.011579523065429642,0.016110449722684717,0.0321153740668918,0.0017083710592900037,0.01219837423184944,0.007944027651577645,-0.006071337810495625
2020-08-05,-0.018756904900049887,-0.010595675581201003,-0.00665028309284188,0.03229694139258976,-0.008198698596087461,-0.009248755296530242,-0.004760339193400909,0.0007687840759342812,0.014467982544129843,-0.027111959086477566,-0.005742460189555709,-0.0018328053174548886,0.0041577528097256344,-0.019063677368546195,-0.005644816218301374,0.007921378095307574,-0.006534807773507567,-0.021898587496493094,-0.0019484613204402423,-0.012342521233792314,-0.0077791653218379775,0.009664897431159725,0.004977944922311295,-0.0026272800029071286,0.01868459650927412
2020-08-06,0.0008617393641727755,-0.0013746897013016124,0.019277318823262446,-0.013541952048999106,-0.003950651991755816,-0.016352280503873495,0.032009310632372,-0.002493384087059347,0.01200703290189642,-0.011440318074756095,0.003150101168659214,-0.011937722072138834,0.0037958435985250283,0.01060018303455812,0.0020643057020852673,-0.003367926150630196,-0.00019050995743219445,-0.004518850360600735,-0.0004883044476426956,0.002773343124174321,-0.020799871246718338,-0.0008448370190595744,0.029979335458013345,0.06133591804964755,-0.011992768198773707
2020-08-07,0.008218702320210935,0.007283329848906561,0.01970526536911854,0.04189350195890351,0.02636229548988611,0.010254808295561357,0.019964273659219156,-0.00045453883045420973,0.014592215079206605,0.026310765626857968,0.03127476962320319,0.06877332016337312,0.012375496357972526,0.04283238756892915,-8.596771095070732e-05,0.00933350135109512,0.0018116075933156672,0.016167042952239585,0.01684585866585464,0.012852642372768619,0.0161765295441072,0.011270900180742283,0.0508730038827121,0.013649860776561606,0.012138340502740874
2020-08-10,-0.016303623780599463,-0.0038143179260812232,0.010106809968075892,0.03066784325494032,-0.011951133566030614,-0.002332991048186739,0.014679941249744255,-0.011317522768518606,0.0012994013030940277,0.012239593527557657,0.018018018580050255,0.033043442921889765,0.010186775880359988,0.011734806424499755,0.004807366561476734,-0.004145210982128944,-0.012753550774670774,0.016261286002877684,0.029291950404404687,-0.03357104494414909,0.05274166473757913,0.0022290029384444132,0.025770139979190754,0.004547308668256367,0.01622582490123259
2020-08-11,-0.028452014034389905,-0.016744861636963315,-0.010884803254246678,0.04033506445089663,-0.026417077828583158,-0.04177206488214924,-0.02790207303167902,-0.03138981491096304,-0.01767512936126403,-0.019423004680285016,0.02430506870872695,-0.01767676278681818,-0.006386873152823269,0.032311668328316,-0.0029048777012893323,0.0035220201781283045,-0.031042394314889088,-0.017285019084404385,0.014695439349940997,-0.017252047323845332,0.02566041257449636,-0.0050042027732417615,-0.025122723868442498,-0.01410172416172295,0.0027767281094812635
2020-08-12,0.020714998606753632,0.007265390468438548,-0.019898016166436494,0.0016948732005155343,0.021076747771381354,0.0185322328132278,0.014882631382225453,0.01954705920520583,0.007652825965825283,0.00485485140169839,0.015819178889286745,-0.008569195260911489,0.008795800931815645,-0.005617777614292718,0.0032561056547708578,0.0051055788545533165,0.02357998865488664,-0.003065310525893983,0.00390784056082305,0.029596503382748773,0.010126575055010578,0.0027941396803661256,-0.010115387308634372,0.004944172679743897,0.010730600481744013
2020-08-13,-0.0022683584964222625,-0.01500304554786025,-0.021889622958286337,-0.02643824095332581,-0.005084716386694721,-0.014892663912580373,-0.0297131290259135,-0.003712510470545216,-0.02341655848217672,-0.0044447615621652226,-0.01521344836985139,-0.02592884132959339,-0.01542589174607678,-0.03066994635161857,-0.01195654619164166,-0.024920817209161727,-0.0023327587886757817,-0.005444363679415365,-0.013580847524440998,0.0007887554651215822,-0.02668462526913773,-0.03287829606419512,-0.029440374490134258,-0.01616554303624662,-0.02397233539170207
2020-08-14,-0.0024328338386033765,-0.0028119443103332697,0.002202939267774928,-0.0002172131609462502,0.0016426976397816428,0.007756018735527004,-0.015311661169812196,-0.010531152197729599,0.014442161788123187,0.011452761100072761,-0.0040140839511040305,-0.0017749036297483034,0.012942833549424604,-0.0024979772896448482,-0.007174384438503156,-0.00683690540236126,-0.003117646976166122,0.014901351725807421,0.009178550849205713,-0.004792895823968135,0.032717562390289334,0.008931213809773686,0.017798676407121627,0.013573442451319417,-0.004912613497021767
2020-08-17,0.0031585391419803877,0.018799502103679755,-0.0019666148221318958,-0.020208611384724295,0.008686017116021238,0.020871271365476618,0.018141330754974705,0.013215189745588996,0.005019729577217857,0.004510250619850886,0.006961312093121119,-0.031999690042285533,0.01983866788794586,0.0016694192296551336,0.010273357294821261,0.015899382031887344,0.01847136804924121,-0.0010988825624548282,-0.003731078171705482,0.015074386577784482,0.0,0.0008564184603345737,0.011822189934473482,-0.0028496058381208833,0.021156372422778347
2020-08-18,0.0065362118807748,0.001960200821954139,-0.007303458270010221,-0.009536489326250397,-0.0003608179335616857,-0.00038349572443763247,0.006545450865826474,0.022653353343955684,-0.006901373382829923,0.003916778883022332,-0.025833693159127757,-0.01010121786534568,-0.010880501290677969,-0.020833376578572316,0.0002585988823498031,-0.006454133833007414,-0.005373750469372718,0.00459986469022633,-0.02106775815177586,-0.0008775675707440866,-0.044734493520966034,0.0037090235059940024,-0.008276184591857305,-0.01857831508826846,-0.002762179713168278
2020-08-19,-0.02898433705590464,-0.013466637716800567,-0.017050107555996785,-0.007836956455819943,-0.020241322046099075,-0.028633028501623525,-0.024927510446054568,-0.010344825485782194,-0.036711918152891765,-0.027500354295343366,-0.02714167188913441,0.0009277345340419352,0.0,-0.027234087568022147,-0.024037192693217135,-0.02484605697274267,-0.018427419814224688,-0.017468291067298303,-0.03873704206809936,-0.03008428737175106,-0.019192237140238544,-0.028425066751497363,-0.009081964974841483,-0.018019503240998325,0.003116340890147118
2020-08-20,0.009990570268943788,0.00017492991969869642,0.013068709448949445,-0.005190691381358525,0.0014757135734377869,0.020858149750263788,0.015561176874184346,0.007961718614193813,0.008590248750184326,0.019178096092109964,0.03033039500808754,-0.00463381214001557,0.0033335616253562517,0.010498610159186184,0.013682764195395158,0.01598711922990237,0.009337686212597118,0.029529342992334895,0.02363159799327086,0.005331525163650985,0.015497864394686367,0.0064364605653561835,0.01882597264495578,0.020945072551817434,0.0010353868061376836
2020-08-21,0.006702090943874417,-0.004433139203444125,-0.01184473447613954,0.018829355305804096,0.0017804905003013793,-0.0038032842734839756,0.001459139543447785,-0.0034911383827552767,0.0024001974027378914,0.011040796297289823,-0.002359923078379289,-0.013035414290310632,0.0036542711641964765,-0.010389534486872964,8.713544933303119e-05,0.001802994705871308,0.003408350757811096,0.016186361553022,-0.016767803795607272,0.01877864155862574,-0.005395570422510931,-0.00930226996031236,0.01239957718744189,0.01906339639105581,-0.006206809334900365
2020-08-24,-0.015641221896892876,0.0030468817819031546,0.03406114316841147,0.046760153223249334,-0.013237605930604524,-0.011063663833434378,0.017850830885053348,-0.01240119664815964,0.009951836790835111,0.008831084044470972,0.02004460450626233,0.046226360676410394,0.004303192246653209,0.036745407968130195,0.007401660000202925,0.021596909747446436,-0.010093301914258723,4.8583191489814936e-05,0.014582193579024239,-0.011328505159228452,0.06168628938680443,0.013203922860832051,0.0156096403378565,0.022982268152522467,0.013532342684457355
2020-08-25,0.003952188005400981,-0.002745110083561264,0.014690867201604618,0.008083409523143459,-0.001987765007613329,0.012430724306815133,-0.007874114885557337,0.009372615928740391,0.0041370262088396,-0.0016943205644385229,-0.002074841435906638,0.018935972648997934,0.0013185311121792775,-0.0025316006017740422,0.004321846302830723,0.0020820275363164775,-0.00019610315892226726,0.0009677187506418328,-0.002436158701353164,0.009783702759975643,0.0021898480555455624,0.002606621071118198,-0.019389362521459397,0.0029605033197037667,-0.0020541718637602235
2020-08-26,0.0022727353332872013,-0.0020497020988180514,-0.02782496769295839,-0.008651611156206718,0.001742641760427599,-0.005105029482171841,-0.015151664382711871,0.002937041444020405,-0.014951603077508424,-0.0024512741917902536,-0.02433961786477634,-0.02566354594633513,-0.003949892770121477,-0.021150426318170212,-0.021860785280638395,-0.014223996096428881,-0.009315622189690065,0.008464172937840297,-0.02075697827854306,-0.0033173147465596076,-0.03408605404118059,-0.023974727851604705,-0.02290837035091653,-0.030213503185895996,0.007204028615077185
2020-08-27,0.004048826543599837,0.0007628029342385823,0.029436157914030314,0.007875669124945972,0.015220330210625965,-0.001688839654923835,0.027472740401383478,0.009782598797873687,0.01804503303445859,0.006899492939001606,0.020559031450827492,0.029064352688490835,0.006278900340203508,0.026793164917780166,0.024020955557480406,0.013294112192739904,0.00861136430634768,0.013236768881980554,0.013715703240354982,0.008139348197602425,0.019001599371776923,0.033737948838250764,0.029121425676767787,0.03706364495710335,0.027248020584996757
2020-08-28,0.006533382204107152,-0.00475055788103107,0.005198693949997724,0.010559662431103733,0.0022641430835019793,0.003838679397976552,0.014616923454883635,-0.0033302337744857136,0.018463632615576486,0.0019714768616923006,-0.011791951025473257,0.03177394876029993,-0.0036126771097961807,0.01599319230735774,0.006702382637879367,0.01503988889178709,0.005790057109727131,0.010271328601648255,-0.005165943395913697,0.0008497181524018682,0.03359495614883201,0.0045806658983784665,0.024460625036360373,0.026415594752787097,0.024204306522741525
2020-08-31,-0.0017632760344000742,-0.007836902853412209,-0.023274349448581533,-0.017136880271118593,-0.0032970114618228186,0.00881469195277318,-0.02881269396751518,0.0035064849309016655,-0.018718091047548735,-0.0017800318871027399,-0.015040299076459873,-0.0393500939824315,-0.008239772867563389,-0.006627679990061086,-0.00034128671561672874,-0.018605661418920283,-0.006147320382570265,-0.0048724355378471085,-0.0180514506750028,-0.0003918446512877205,-0.02849396096104906,-0.007979510542578061,-0.03534679624729564,-0.03246403850840485,-0.018776288363849702
2020-09-01,-0.004495117872158394,-0.010927349754600413,-0.01738235850606562,0.015734673563133406,-0.007044311354772015,-0.013427723967615157,-0.006512298057831489,2.5314871047621423e-05,-0.006004052176442731,0.0028154414631320623,0.003659410616360992,0.0044524726549262095,-0.004984888821203959,0.01834860574653807,-0.004866856784580209,0.006770695882895694,-0.003534090187043537,0.004707959244222737,-0.007806534516085373,0.0017970956731390153,-0.00957962358598441,-0.006032892411679369,0.01601581981885114,0.010604845743050983,0.0155064211927185
2020-09-02,0.0341490707294172,0.022997252330307694,0.01932999312784056,0.026585732585172384,0.025786072474870636,0.009377353855059667,0.04005877938981439,0.012420877859359303,0.02681050134257612,0.015067921079102264,0.022256297856653617,0.012411596450462303,0.018703885671192966,0.012284893740402092,0.018189531040457174,0.01745390382743972,0.03034510736808871,0.003561378355845246,0.04137051966671379,0.02462356117545994,0.009523624727210578,0.016474064016616774,0.04943844158007327,0.03234129996574886,0.0
2020-09-03,-0.016296167161812813,-0.0046370206677520676,0.007125683406997041,-0.008564477483718691,-0.027483180192092505,-0.044128907503888204,-0.005252065212085988,-0.046472818064358545,0.004344544593130051,-0.0028580241404856377,0.012914831909492719,0.013134543377284036,-0.006884932589832249,0.012136008176524493,-0.007078460219920646,0.011017051571756031,-0.02839939943227232,-0.005743308391012669,0.004874574860355141,-0.02355444796131867,0.00235871981435265,-0.0008527659590767955,0.007055286480991629,0.007332164140637865,-0.03248844697429332
2020-09-04,-0.009274081005498758,-0.018575241127014586,0.0020540453710364837,-0.008227020155677667,-0.006926287128988684,-0.02011361177848603,-0.0021124539607287884,-0.013469634143428388,0.010453160507700954,0.0018491629268182486,-0.0035215692834904555,0.03197956358616327,-0.0042921539084516125,0.011990292359200128,0.004413027320337326,0.002023519916625416,-0.008365441801641671,-0.0037100683238022736,0.007275984395313628,-0.021122982294815462,0.03294084885500781,0.004837742731764738,0.0070056468767354385,0.011083502137863244,-0.02484878683150804
2020-09-08,-0.012680853177543971,-0.02667761653398648,-0.014007459535505307,-0.012235589748068598,-0.013014394239336813,-0.00599249094422194,-0.02116407309834567,-0.014796950983171242,-0.011994861584783023,-0.002953536502589893,-0.021813600623641127,-0.025125648013984092,-0.0019893111786060125,-0.0315955059053733,-0.022560077370430198,-0.005747898581250688,-0.01945202462248985,0.00853212701751671,-0.013484139612666035,0.018315408262996602,-0.0027047915203342043,-0.019541366335451782,-0.016382304400654246,-0.01750636223570201,-0.03271362928763144
2020-09-09,0.02272990995865043,0.005494024126498687,-0.012358462113062685,0.018895605521707992,0.017602263947679164,0.022660060879360566,0.012612817668937515,0.016692566705728495,-0.013810780701558278,0.025826203682453475,-0.010962625311690566,0.0008589824043829797,-0.0009968450615006619,-0.00575645614010134,0.0065698663223459075,0.00984384347902778,0.02206491359227214,0.01294664488393571,-0.0024409157533986647,0.024755350896089823,-0.01698785282745552,-0.004910407729571742,0.009354366954942073,0.013988319622538548,0.021359894404917146
2020-09-10,-0.01600496883765279,-0.01553289288135995,-0.011811669116359114,-0.020811834884365887,-0.015685516282505252,-0.01321358273325901,-0.006049839119702027,-0.014002945376935139,-0.011532607493919711,-0.008482114619283054,-0.01713071606783323,-0.02145924753992401,-0.008979066981732675,0.0033084484470062847,0.0,-0.013461187006926445,-0.009606135157717355,0.006552511566547015,-0.0374356967549464,-0.03184851828134361,-0.038774194550655006,-0.00725688340740005,-0.014014564513686989,-0.016915732228753533,-0.004879660544476971
2020-09-11,0.005676686179282742,-0.012410695721995268,-0.015265914163684169,-0.012836713057141846,-0.0010710585722426558,-0.0002059902213040754,-0.0014320674068000194,0.006623192871332284,-0.012870809326866683,0.011921946312091425,-0.011277703258886662,-0.023683978266002215,0.0006711701619024346,-0.03874699639338064,-0.004551719581003533,-0.006273780581715349,0.0019996919252232015,0.011231398258265024,-0.018810303078943824,0.003922556296916291,-0.03082057870067545,-0.015789365950030332,0.004355932948058694,-0.016538668759745745,-0.004203401308985222
2020-09-14,0.01645381235369414,0.03359467372445568,0.03244791271596936,0.039863545895703734,0.01759959720116422,-0.0013842057286835852,0.031193923754001318,0.011032224629307752,0.043056115222725344,0.009429922927733925,0.04368127860626547,0.07097897271063758,-0.008253004501532546,0.06089191290025142,0.03226661618046722,0.033775154044146216,0.017363751299261265,0.028134704947344824,0.03730547601098366,0.016810706521554142,0.05689781220527035,0.04545430180553467,0.03811910117226747,0.021233310930009353,0.017587042511229667
2020-09-15,0.03879473327742433,-0.00018338105460524723,0.021650339953681152,0.01742522160904847,0.020604584776782175,0.020792958801652217,0.0010431452087704685,0.016414766669794245,-0.026979794394328183,-0.0016169440681080838,0.007948454996276721,0.008389473756916788,0.003798185430237133,0.04850431327873106,-0.009026458759725076,0.004733107794708813,0.007650890023506829,-0.01659697540018934,0.02922095230757038,0.04410875336978082,0.048230234341497535,-0.011082733636140318,-0.0032982208970366855,0.009813562469607628,-0.005876082035595864
2020-09-16,-0.0017439236895496757,0.006049459613500785,0.024610052115155767,0.0072536893532901825,0.01657849049188309,0.021387867204340605,-0.003820819243025131,-0.001444418832812322,0.014649634567190262,0.010256374222181286,0.02981744217928073,0.0033278099833291552,0.008600011543639763,0.006939229217719056,-0.0032050265223596552,-0.00607818913757352,-0.001076825894223088,0.015836260438501837,0.00970645078556509,-0.0037423476188811478,0.042915248982581256,0.0045975706781353765,0.0,-0.013836249617849017,0.005910814466296932
2020-09-17,-0.0477042585330677,-0.015791965790208584,-0.022906751684990678,-0.00840171973475834,-0.021183027509002805,-0.024596162283344714,-0.020223149852043765,-0.015234601839495099,-0.014028046277615114,-0.009618045064822889,0.0008370822618326557,-0.03399679155455393,-0.015688921834534186,-0.016079574018696974,-0.008883830056806041,-0.020486055223534194,-0.009212341507099597,-0.010244416956576408,-0.007690142901047525,-0.03039046976658344,-0.030221042715011137,-0.005720679402072215,-0.027134268950369633,-0.03490895777507075,-0.008641708671502157
2020-09-18,-0.020858919673059306,-0.016600944003277496,-0.034141499740002246,-0.021989109527908668,-0.018259902878146717,-0.01260828913624401,-0.053380905931574074,-0.00473783948792772,-0.023281325873682812,-0.01699478096907925,-0.022832879798309058,-0.042918287221968,-0.01836465077038152,-0.05058373165080754,-0.01886650823514946,-0.02684591482689691,-0.015627994974869885,-0.005400288763859673,-0.029547601204774177,-0.011685376129467517,-0.02851981068930176,-0.024740924251383634,-0.022449165620866296,-0.023018463656149013,-0.033123856777150684
2020-09-21,-0.01845218579062735,-0.021713146469541256,-0.04430301169633066,-0.04187291250958691,-0.013151423712471466,-0.020844655979006643,-0.01165394329711733,-0.008669273011223777,-0.033721568835355153,-0.016099593637425524,-0.09172037453081239,-0.05919306556704684,-0.037416097084237876,-0.053278568181196806,-0.01531359277985389,-0.03624682029140702,-0.029843276213526115,-0.021356472762623424,-0.07137502606486379,-0.011791475379434924,-0.07102952779190308,-0.05162227098422578,-0.05265602647016154,-0.04003536053157286,-0.03173455590738927
2020-09-22,0.004025425377610858,0.02091208695026281,-0.007520518836267254,-0.009472603534536606,0.015230501304548394,0.010926078322845534,0.011791359127788503,0.005968733030065954,0.015515806326379389,0.0026033182810962785,0.00736894191705062,-0.008579515995813414,-0.002933757709442153,-0.01731607472787211,0.017760912963874054,0.008986833472750977,0.02734335182068981,0.01424011228272204,0.0013438475819829154,0.026683078118378667,0.003699655631912213,0.021772828677114386,0.020813017733058325,0.009596039775551901,0.03240193632457311
2020-09-23,-0.025750203184732534,-0.016462436137657077,-0.0186339124802839,-0.021951713939978856,-0.02725353296601707,-0.029425973562580143,-0.038345780365349746,-0.02577321799367982,-0.026749601080621854,-0.03199183840306563,-0.03196964858183293,-0.015384722849598798,-0.04155922899606246,-0.04933902523731715,-0.015280435129905401,-0.026390204797489214,-0.03921772746249397,-0.029447863209650982,-0.01959213847254604,-0.025766135597472872,-0.034096285404791815,-0.0258754433963142,-0.050611651071076125,-0.050265263124293025,-0.03138500150428458
2020-09-24,0.0019939409345786085,0.0003194502957257761,0.004810440997093712,0.014666663275824554,0.011438288956903353,0.014799720285832985,0.01563691118099797,0.004187726809042003,-0.014608931165672967,-0.0045024335148132755,0.012314600533528397,-0.004882699341122287,0.01688407142520254,0.010194405229811743,-0.009081345231383153,-0.005421032860529196,0.0006297833342174819,0.008125411064400456,0.006843722271860697,0.003736222863123917,-0.0009540759752176831,-0.004999933467535911,0.027286695002226136,-0.0017319153788838415,0.0048417088764363125
2020-09-25,0.020294502751495802,0.01226238718332251,0.012597429690492934,0.01445466162106257,0.02738249475371579,0.0054515089734294975,0.0288686893223995,0.023973529202898414,0.025781560830244965,0.014723034929114753,0.010920523471890542,0.04416122066744088,0.0011319534728471137,0.029357739316375975,0.026603949720892306,0.020780253643251978,0.024224066268355715,0.01784395642832215,0.017400766584550587,0.02530438633382981,0.011937084697293043,0.017902167307668693,0.024840026385788416,0.02679776898841668,0.011119337734030843
2020-09-28,0.0007921998873314795,0.01798123549169328,0.02923639308098669,0.022020735416318438,0.011625425788937882,0.027601829395939248,0.0224468395727897,0.0179552308964519,0.016706355942838202,0.02531991312724302,0.024750535718125022,0.027255338462499612,0.002638698030265507,0.030303046984608173,0.015253946523112072,0.029034033236616352,0.024162856777344865,0.012175478238376947,0.03046499507639555,-0.01127299565779405,0.034759332102103135,0.018204215804549895,0.029037669932883814,0.021216590390633394,0.03775638823058669
2020-09-29,0.0005001592582574155,-0.002246221657814629,-0.0179820350920199,-0.0120405511826569,0.00360682405012569,0.010826117340888564,-0.010245219013060858,-0.001765079202512898,-0.02843610357281312,-0.008139051706041012,-0.026020902096620557,-0.01829838987240584,0.006014847472893159,-0.02422147251464224,-0.015366509044023813,-0.009242663724718825,-0.004198859204927352,-0.000994850187265972,-0.020487287826192135,0.010918594815328753,-0.02735980878793398,-0.020606147202178793,-0.0069960859243490825,0.002022404042907766,-0.009183687192188206
2020-09-30,0.00670482024169794,0.00043791893490929823,0.00024930733340911004,0.004276261727216957,0.014130961995066027,-0.00515172549141385,0.003696639532420276,-0.004361668152871978,0.0059619285637404484,-0.00233105098283648,0.00616549438744074,0.0055920078644911,0.0011214112447883728,-0.001773011976099026,0.0052888854787598305,-0.0019059570396167125,0.010139586003048429,0.00819346708990265,0.0066188477013229274,0.014687474863805061,0.010783015353537317,0.008972893968765883,-0.004035401315501286,0.010825776614651561,0.016755518238410927
2020-10-01,0.0017374669455907377,0.01993713185670032,0.031506723026134775,0.009154785905908236,0.009068763455082118,0.0033388894080792486,0.032780853840967294,0.010813851984837974,0.030031409861080327,0.0210296345971126,0.03553919495557367,0.032437470467092,0.00821158796572008,0.031083258622664367,0.03743000786041528,0.025185054393552342,0.015305156649096041,0.015894308449398542,0.0362966789293262,-0.010361785791119793,0.028602235776990392,0.03649173075270307,0.03646345118206762,0.024142273531130964,0.00946703347443334
2020-10-02,0.004749169830597477,0.00931430963653579,0.029458162476880156,0.014134982012173891,0.003630740728825854,0.014261250341808696,0.016405388077442407,0.012559372482286335,0.025529303173018603,0.02883572464880091,0.03129504280590045,0.013464893751492513,0.012217918247023896,0.024978791812687362,0.028431291308568474,0.025369242685056692,0.020164471886158886,0.019137117346883947,0.020304709907716934,0.00932795461352387,0.025101587091311828,0.027810741392724214,0.025752921431501985,0.02694069090292306,0.011115045800256018
2020-10-05,0.0001231762706797035,0.013903131995218976,-0.009030216618080122,0.011233636757969068,0.00023722200656584036,0.017609763993807537,-0.007719579366470608,0.013187737361538998,0.006129192042841014,0.0035590662885311986,0.0015302288413270304,0.007971685304764886,0.0003659926384009804,0.0042015908224593,0.006385982746043739,-0.009551931864409058,0.00930741420457215,0.006808806975191484,-0.0022389978446308856,0.011976715096295054,0.00821100405177333,0.010650351533134206,-0.011207903621172965,-0.008111685092563214,0.021298505214119023
2020-10-06,-0.00953433711367424,-0.011376913924448617,-0.01846132340274642,-0.0008228947752538796,-0.0211669544348404,0.006908855316141604,-0.0010606652039896192,0.0032601883600686943,-0.012324106235926724,-0.0074472204953183185,-0.001909755407730196,-0.007029819572610174,-0.008775259567544769,0.0,-0.007711024413246337,-0.005375288918948673,-0.0067498788730171455,-0.016669607349667936,-0.0039891661521390676,-0.021402143881006253,0.017742798388310277,-0.0014238883670424363,0.004987262381314528,-0.014094342502654955,-0.024890824739259965
2020-10-07,0.0031533982988263265,-0.01199279538345599,-0.0067521821941258775,0.007823781562751986,-0.0010294201105900402,-0.002940907341815069,0.00318583886585877,0.015717843148493227,-0.0017080234394408755,0.005180787305429035,-0.00956624307803422,0.027433630404650744,-0.00036909766460946347,-0.015899553130017785,-0.004775695989410855,-0.003179156753146728,0.012251205431795364,0.0076655414018764745,-0.013016098400424503,-0.0054913556471135605,0.015004291633983202,0.004278167847121317,-0.007895409764129835,-0.009883735833395857,0.018282070987788224
2020-10-08,0.0074039972217117,0.018207314426479382,0.021728603578199834,0.04167519680759324,0.005214637033959635,0.027985441898477736,0.02470028277010594,0.026317467353131674,0.0264719430063034,0.01084131928462706,0.02665792632880115,0.02067187316031216,0.042066482628636104,0.02210889730935839,0.01569762181719203,0.01658406862844619,0.01021161672786719,0.008607279567570236,0.02561498215574476,0.006415310252276152,0.004876171191837253,0.02553840975925903,0.024329333600437986,0.019964560215431026,0.025067981235848302
2020-10-09,0.00459818410040036,-0.005659583836728932,-0.016514193109621544,-0.02137674282619606,0.00953061093862706,0.009499362006974321,-0.014118526594220415,0.006004312500654141,-0.0024536600674839315,-0.003516597834359203,-0.016808991385033556,-0.022784992230624135,0.00035424223208191385,-0.03327818656544157,-0.00976954392482099,-0.008784282058319048,0.0006553018373451902,0.008576852119227985,-0.02126612110716386,-0.0021882926396801228,-0.03353807506484319,-0.0075546835973658855,-0.008435086362004074,-0.015903660836513067,-0.031063847407729495
2020-10-12,0.006948051895157903,0.0105967021089457,-0.000966435777104313,0.008216429556609839,0.005198452586783198,0.0045472088739739736,-0.0041916185783891224,0.0068126353957518315,0.0069619852949862615,0.00494067833283407,0.0056138414368254175,-0.007771944880796466,0.0035396139885282007,-0.0008605670834100909,0.008086598893952468,0.0022154903999334064,0.012908143687001106,0.0045725706300712154,0.004295210934657012,-0.0022247632635288284,0.004429993351808159,0.00197328244710393,-0.009849897158774268,-0.00781378568263813,0.012960176163128168
2020-10-13,-0.01611344398767456,-0.007669357314047165,-0.03555002592501699,-0.02504476449685389,-0.008500375084292133,-0.006789879743185345,-0.022448232050944705,-0.010646601655624144,-0.03438560988737993,-0.0066721334078844174,-0.023978697204777744,-0.027850393664279105,-0.02539675903595695,-0.04651171203723836,-0.003689959490025929,-0.026211901617477107,-0.015329424703332872,0.0013185005880191891,-0.037987627770503796,-0.016277527497939426,-0.032343132313344736,-0.0315138912282239,-0.0106267178699887,-0.028816931463329865,-0.01313130247754457
2020-10-14,-0.016129484345782763,-0.020227065615389672,-0.0018807499943027661,-0.0006115959177060981,-0.010611400916735625,-0.010254269970996432,-0.01291691989343191,-0.01054335723489186,-0.012411284320837823,0.001944646023833485,-0.01676829287524817,-0.019695481564881434,-0.00434299070040034,-0.009033122565309082,-0.003571339748668856,-0.010864462858117596,-0.024383191066039256,-0.008028972785683486,-0.015167529277402503,-0.007188797123051871,-0.0015193961342993,-0.016269354802224023,0.0045704766548992914,-0.007187334526473799,-0.0017058188078259429
2020-10-15,0.0046121711786326625,-0.0020953105720347143,-0.0013816748119224176,0.0004080060705202726,0.018844960574329495,0.001982428234389877,0.0039983097910925025,-0.0031441317400832114,-0.010633543285164082,0.013848391051625386,0.0071394119018513,0.006392655489673826,0.005089219131804379,0.012762144605132919,-0.002362578556426076,-0.009671914973070517,0.009132015646809544,0.0035973243540650124,0.02336735613263463,0.012850761226665952,-0.009129772271647796,-0.0014767580435318672,-0.009098944046533552,0.021904344926464203,0.01811353142586647
2020-10-16,0.013021536773195619,0.0008028391568204452,-0.023019064597170402,-0.008768358424716793,-0.007374875126557545,0.0065744216217213935,-0.02136121615686304,0.003509913552097954,-0.01294662060636309,-0.0026971092752700043,-0.023759972449990174,-0.006352049028580553,-0.005063450124557667,-0.008100637143381051,-0.024740729200681932,0.0019864690729571866,-0.006858240321962028,-0.00571798171471527,-0.025947123423656793,-0.0009338006212918915,-0.0046068662758758094,-0.023661594388302176,-0.019743118198478737,-0.013987343385626128,-0.008727833409448382
2020-10-19,-0.012854155909333809,-0.02172032119200118,-0.021501061188808124,-0.021189030371613238,-0.01545832418559756,-0.01597964157534104,-0.01812781131614416,-0.009404599497519261,-0.014749504618604248,-0.007851228236004926,-0.012908242693938199,-0.025570732531488893,-0.006543079112322769,-0.008167241759278965,-0.014735382260946617,-0.029407117146354578,-0.011893709545925724,-0.007768403281813163,-0.014384609713804064,-0.007961430063266106,-0.01403891936786017,-0.026355659811185705,-0.033489406745928374,-0.03131902748886373,-0.007788764076850141
2020-10-20,0.017528895828613278,0.009334985553282937,0.0018422246683389432,0.0067255082494628304,0.0008521249673643094,0.0027067220576393325,0.020723100741823375,-0.006246896141896441,0.003968604646352958,0.005627310166844479,0.010216368599730519,0.010309150838025527,0.005854366052297388,0.015553757037023885,0.004503995795748894,0.0059574939932491855,0.004950790954587614,0.008347973584923452,0.013513444957410803,-0.0038012915786637125,0.008605977209652282,0.005600466795703252,0.009692577716226891,0.0287179899974368,0.02764511069936204
2020-10-21,-0.008449478484828354,0.0003751740254092084,-0.0011820474825070537,-0.017745349931964638,-0.004073825329415137,-0.0046915261930434715,0.011812654251477817,-0.00221135621625268,0.00040049808965125777,0.008568366299158248,-0.005258694363338257,0.02411896387102952,-0.004001467337762299,-0.0036035262028549786,-0.002622633457933232,0.009814013607884586,-0.008500124540936516,-0.0004718829389733781,-0.009600118797435275,0.0021525201837619967,-0.0038785111950865314,0.003093952316327586,-0.012479249253905422,-0.007025177037887742,-0.00830280206865408
2020-10-22,-0.024695894028795018,0.0004996198412825503,0.015384334201452798,-0.006801268863191767,-0.046034549296422256,-0.016594804409074015,0.038671747236996845,-0.0318866693543306,0.012954675157783369,0.018292301287332613,0.02060457940063065,0.039854904777833156,0.009861396756571938,0.036165697355254656,0.006361253781468568,0.006869995859531297,0.001461111665587822,0.009012517357380512,0.028002172714190587,-0.04315414894935665,0.03332797650699382,0.011104416978998888,0.041555474134249204,0.028672538565441608,-0.025117350736512667
2020-10-23,0.008270697204381339,0.002372630552274435,0.005827512513123301,-0.0014979605287809283,0.014208065154052818,0.001969881011320007,0.010537526533306973,-0.0006685392575727089,0.0035053983226573937,0.010216413597061047,0.018993082385129423,0.013937379245783976,0.0072330213718379,0.0034907595765212296,0.0005057880851695451,0.010983453046426783,0.0042801569312402865,0.002594536021524485,0.002881302356480875,0.02754978534983321,0.007988139098177971,0.0003050825444406158,-0.014465720514428293,0.018280536754400334,0.010992776884706679
2020-10-26,-0.0025238670951847064,-0.023109418535533166,-0.029097163229960255,-0.02314612130066951,0.00914979703272678,0.00045880817193877377,-0.02884934928276295,-0.008429564762246322,-0.02071517792890576,-0.000421485942227795,-0.04457765464886221,-0.03866003321717615,-0.01974871560010616,-0.0339129666979181,-0.01330987219650226,-0.015143866381327475,-0.026830557678067524,0.0021634940044295004,-0.019326246795634883,0.004038218968781981,-0.03289458985116844,-0.025617665456439287,-0.030302977216433935,-0.009953849305577744,-0.033299081505159034
2020-10-27,-0.004048649509014179,-0.004272274224965011,-0.022145700457937845,-0.0157964280776437,0.004314728065706541,-0.013165886230459445,-0.021116466130613465,0.003672759435900952,-0.01849052530303197,-0.012815251007122552,-0.04215557641464551,-0.029490366569700277,-0.010256199524664722,-0.046804904346213316,-0.019380055210412417,-0.01838536271399782,-0.013237636636549532,-0.0068575408030144835,-0.035419569040643584,-0.004944792066284842,-0.04174400508450449,-0.026916976706091278,-0.02465843909489185,-0.02998212646299292,-0.03128334158990065
2020-10-28,-0.025533593338391447,-0.025550503786215484,-0.0351235067331217,-0.020954133495694638,-0.023410836418294556,-0.005177307374226836,-0.02815372128399518,-0.0222935254417852,-0.046175933646848244,-0.011871104840751157,-0.0327587095910874,-0.037753342332736195,-0.024796299797958277,-0.03493840858736008,-0.0211562829233366,-0.01566527324849376,-0.01644171894511748,-0.014875704158412328,-0.023743777213014017,-0.02123715074994692,-0.019683631209863495,-0.047925294376376715,-0.027784624129502,-0.032759601224891965,-0.004716715535547866
2020-10-29,0.006604888037585521,-0.004337638919109321,0.006886911983402966,0.168032818210212,0.0054830593672299255,-0.007739400482466574,0.03536482263563556,-0.02035519668796304,0.06043371506478268,0.0053587038744593585,0.020615213551105294,0.006698640320264904,-0.0007593015129480074,0.01956947718292401,0.009783915542461497,0.01228179600894852,0.027381910558418765,-0.0011251260957096942,0.0028281083823962216,-0.0013541058735799805,0.043613982546495844,0.01081074080414135,0.02729170038000661,0.04535041206218482,0.03572709565219223
2020-10-30,-0.008633519273501311,6.632952469409759e-05,0.010748420176680318,-0.017543815293694087,-0.009574717197680882,-0.029720259226068024,-0.01998552702445655,-0.012745133656491325,0.03547900838281848,-0.003180889410971721,-0.007646653633308742,-0.0038025378104430407,-0.010254376826929312,-0.015354877257956812,0.027305470482199112,-0.007308769281213268,-0.009782251779823503,-0.007753427142415004,0.003666138631224003,-0.01576159269171873,-0.00946228475463018,0.04411769270150123,-0.010777300231697207,-0.01574239156478241,-0.03942279319557951
2020-11-02,0.01672097756781743,0.022439103602152732,0.050269171816508695,0.04503961457026606,0.020998787384113315,0.011434423922300319,0.04746016879580606,0.00968234547129243,0.06065800752234929,-0.0008622633488790665,0.03881948596476392,0.04389315534671523,0.0176516355610723,0.0185184806148202,0.027523131702423598,0.030763852792584645,0.026915146796379297,0.016326828806244142,0.017139600313554437,0.010848163029346214,0.03025015099829398,0.04961583096837008,0.03800355017424528,0.055235449200390585,0.030414137901865868
2020-11-03,0.0031694435932083653,0.005357720258472698,0.02432602571768161,-0.014049703616770604,0.005455373243919537,-0.000410837807320652,0.009911663898506617,0.01890755133563915,0.03239642306689272,0.008631719179648778,0.05724271048616991,0.040219554858555995,0.029411534807570083,0.05454546314261077,0.029038521460804878,-0.0065393414749447265,0.02473732131443862,0.011468490154873834,0.033977717848808764,-0.00855124028357479,0.004327059559885216,0.05428479018828458,0.0490601181230359,0.040006846884196534,0.009601785256296846
2020-11-04,0.01212462091945965,0.01855536485877396,-0.04377415566999676,0.001155427940273679,0.011100632062011506,0.014531176851413141,-0.0003505795466371975,0.03324554804822233,0.0065614488130727455,0.004279006620983461,-0.04831862606127191,-0.03427070290003331,-0.024908244935660906,-0.026316119863484366,-0.004865353548872076,-0.012658070942591304,0.013603047338134111,-0.0009343073510882371,-0.04087596440649599,0.03783353039793269,-0.04169891762202915,-0.009835024506630208,-0.030478861769546284,-0.03423140214338194,0.003170042760650693
2020-11-05,0.01202186995163812,-0.0015758745944863817,0.0033562801720217195,0.017887987313985887,0.004872401947882299,-0.0033780450006268836,0.004908914461636327,0.004837431693387462,0.00279381349359209,-0.029399394388205158,0.00292102538845751,-0.00545949190313999,0.03230635093959644,-0.01304759927880339,0.01067451335099201,-0.00854705177699211,0.0006612571662665268,-0.019552696247207457,0.007799523299528266,0.012581951807935976,0.019107283179948364,-0.011101557973056009,-0.01319934467764794,-0.0024566455800353326,0.011235861892280541
2020-11-06,0.00929473590564589,-0.008018338349737308,-0.01779505104605461,-0.012282648028568377,0.007058592938150587,-0.0056267777386959095,-0.0202372596221444,0.01707979533314896,0.004554887767231008,-0.010359875841041144,-0.04396668885112509,-0.04025623616903262,-0.024381228527159182,-0.03116104846195855,-0.010964915770523387,-0.00017272258529998918,-0.00935019093606293,0.002904856827476543,-0.058872581898637755,0.0026161142622838085,-0.025366023756044465,-0.009748991586110867,-0.03599170936156504,-0.023746654495687025,-0.01805529246633708
2020-11-09,-0.017220772645859306,-0.0194120722795027,0.20923547284806188,0.11249284516204505,-0.013957438067751737,-0.05767637454479402,0.03668080114402139,-0.06442678167159022,0.12013559783374306,-0.05145482942802204,0.3290291539918546,0.3002862916573752,-0.005968006833262263,0.3226117549633991,0.023966762632096072,0.062252010069206554,-0.050338301283790465,-0.03998642628791271,0.3497798145154001,-0.029841592025607322,0.27869338730705384,0.13812665050096817,0.18188668986896506,0.2144288479024219,-0.004950490409553865
2020-11-10,-0.023531221127589985,0.04991264254000449,0.0423567363395283,-0.02785903188430816,-0.008406250370401547,-0.017363628208963644,0.021572773537056333,-0.02212045045354627,0.017645899814905164,0.08034036535087075,0.02696227404788809,-0.01906175824683065,0.019137187162468372,0.04200443708137236,0.036223381572761504,0.049838164940097185,0.0033128538567670507,0.05385460893289351,0.017188742419880665,-0.022959971411603775,-0.003286894168375243,0.04639562482352422,0.03287078036698943,0.017701554306194023,-0.012793164921963807
2020-11-11,0.02612101507115394,0.006120151468631763,-0.01869636409636921,-0.0038916930967002328,0.026305756105923672,0.03806481707680942,-0.00953718908751211,0.046892150832312574,-0.047076331052232634,0.02146990755533329,-0.03996586498346477,-0.04185344426226556,-0.02577346710482953,0.0,0.008143708458443255,-0.019019304037611984,0.020812576407683858,0.00760558895047736,-0.014545218692524009,0.027353325892489844,-0.06887380168721058,-0.031062045715635422,0.0008266336408255803,-0.034197961018847534,0.021958135649336796
2020-11-12,-0.001845559468267921,-0.00847930562835797,-0.040859010630982184,-0.018291645691251746,0.014030653810363392,0.002908303876153262,-0.017193397760928653,-0.0007094905976297028,0.0017424631170424032,-0.02042540186408459,-0.055247912285920076,-0.04758192662928884,-0.03325766965708388,-0.04172567267725702,-0.018823444302305092,-0.026324330739648016,0.00588124127401346,-0.01700469624044132,-0.04710231797637554,-0.005425664598557645,-0.058166385762638995,-0.014477537876710245,-0.014040783007929991,-0.029609165206276877,-0.02254329961483159
2020-11-13,0.021343794803101,0.0185905762594869,0.052015184122569336,0.04612885506634323,0.006349206349206327,0.022984178042860126,0.039537956327436063,0.0006575822693775102,0.03127275788700956,0.018515231404751642,0.036797940612906865,0.08517598438946838,-0.003518280701654053,0.04944672046332932,0.027961316238371614,0.02072210490155557,0.0088679331474113,0.009663167132387906,0.04168575691505527,0.02367231488920396,0.08041627711625998,0.019674653021709565,0.0492145023825763,0.03129912643479327,0.050090228961525485
2020-11-16,-0.01645481026093598,0.005840970225571951,0.054354528443729455,0.036140347081370816,-0.015415568305897187,-0.018319845291676073,0.03433204759177544,-0.007518348366250205,0.03154060443446527,0.001614209640450559,0.04826510708416443,0.03622657943867513,0.0235384964084,0.07102658883151447,-0.00037801402806292295,0.02252157918549802,-0.002608043915982572,-0.0015382302727642294,0.07172512261651498,-0.02825645200995508,0.05702832458195628,0.03601740975524326,0.01796392481806164,0.01296310159141334,0.0075495881539158205
2020-11-17,0.0003764903595959712,-0.00024196536958742687,0.019254969515749565,0.009512742438915867,0.00556141163299273,0.002957820752483631,0.0026029713784481157,-0.0016613960278651918,-0.01121882886659975,-0.00033926892393587593,-0.015419233634764051,0.029861536355966,-0.007282353834137334,-0.010505681425536095,-0.010506270706545418,-0.02559340496239082,0.00910306550309703,0.003637451612159115,-0.015098806248697527,0.011407904610126529,0.0,0.00024810236575900646,-0.00999995284409938,-0.007076089555991372,-0.006130704093296968
2020-11-18,-0.006187784197976942,-0.016698006415983957,-0.023765872692066314,-0.039014722183280615,0.02591093852549209,-0.00014090452500814532,-0.014929952204501773,-0.022444554387369142,-0.022307666562180528,-0.04029870646187261,-0.007228306073369439,0.0007073683619245319,0.0,-0.034505563541360695,-0.036972053327198995,-0.02594685995742252,-0.026871274515243404,-0.01952775653531147,-0.023824648829721573,0.000687066078991494,-0.029761610150493056,-0.041211250271183775,-0.045157085567620325,-0.03214556038461791,-0.01370792642498675
2020-11-19,0.0030710025266709184,0.007444713372919409,0.01352468863500289,0.005848961746783621,-0.015001370535831726,0.00421379531176358,0.008237093007715357,-0.005079328090755397,-0.00019670988001874168,-0.0044199336024832725,0.0015445607819892793,0.02120142975481909,-0.004247022992623917,0.029553144226808215,0.0005554925998931814,-0.0013075857328692653,-0.013905421319000077,-0.005087635240535127,0.013582707305665576,-0.0025459575877286866,0.05247308777329529,0.00466077171577739,0.008503932415202087,0.02146318383641521,0.008339201135995511
2020-11-20,-0.024199850278867174,0.002442794408791471,0.009854115194528168,-0.0029075077833653484,-0.006663157999265201,-0.0020980568736637117,-0.0009804095952242742,-0.003381217572656303,-0.0001966749489572539,0.0006214397561601359,-0.01112451196230868,-0.020761261331086578,-0.0038775263377229807,-0.002002462856965259,0.00031689684594127243,-0.011782469295960385,0.002800239846396435,-0.022509780426490877,-0.010469159679803108,-0.025725267419777986,0.006077296692565737,0.011082532495219954,0.0020567609715003154,-0.010582632032516304,-0.009304002861007188
2020-11-23,-0.0161179133631687,-0.001035690260228761,0.020431215367137323,0.025385927300244582,-0.0036534737455442556,-0.019131204321051642,-0.0019625739155206823,-0.022880644646516513,-0.006414956187210996,-0.015972949506077083,0.03664501100296258,0.039575899528688785,0.018294982094232415,0.04414679080411599,-0.019099630659878186,0.008280087202651387,-0.0070807228326538185,-0.020166273584392602,0.02539152903493025,-0.013202265520962708,0.05288486991810326,0.01121579654570426,0.0014369294572722513,-0.012866282758917436,0.012521728635533913
2020-11-24,-0.003713238154693488,-0.009818761710080337,0.04024278160579797,0.028103050175330546,-0.012683067309333551,-0.052653777105739374,0.00852146532403042,-0.02681807519548618,0.020042161409709047,-0.008026269916329931,0.005801832914094751,0.008157607455195004,0.016055180149525228,-0.011530827097657292,0.017047659772165824,0.015601817616047509,-0.0075332876404872184,0.013416697866499794,0.006809795020849441,-0.02228671321494269,0.03957365280010561,0.011848162728973488,0.03176890071051397,0.028109091847601464,0.0044658156094121715
2020-11-25,0.021660937783655188,0.0013552734291952806,-0.019917546521469487,-0.0032541615020944548,0.004322627199172979,0.02375534409047031,-0.008449463513691802,0.0016755114778892466,-0.012154142176969085,0.018091062373577493,-0.02745404125685369,-0.006743013077155857,0.01316765905347439,-0.010369429592907653,-0.006752280371131292,0.01714103406359402,0.0020241613051730223,0.005538552725917745,-0.024595275792505755,0.00971803173013086,-0.018020131621686475,-0.009467139927762713,-0.02204997396308972,-0.0032075829792159727,-0.003761884395130921
2020-11-27,0.004678117184977015,-0.0027065199610774027,0.0007815969729434435,-0.0021220577371819926,0.013397098235971239,0.007219382061828261,-0.020649247462126374,0.010064093779516226,-0.01725618411637775,-0.017769591583880584,-0.029327650069466582,-0.007467907347742497,-0.011511262405490053,-0.013097621873636833,-0.008238119998607796,-0.02003197104965171,0.0160587332822808,-0.014643794862079229,-0.014709100809237707,0.011039967280584984,-0.01880911123571216,-0.013581293157000407,-0.027016281768387662,-0.011032700285195762,-0.014418112524310356
2020-11-30,-0.012345733480241816,0.009806216570362736,-0.041686847454715514,0.00016355834056125396,0.0023930335289767957,-0.014481226716898887,-0.034136204966251915,-0.0038969539068397507,-0.016519333948024295,0.024818615312242054,-0.013013784463217326,-0.040355735159882444,0.03305758472657416,-0.04180476061820626,0.017419432396463597,-0.023385209508377636,-0.005466909418662236,0.02013364649646454,-0.02793772324491861,0.005074812322150457,-0.03483368000000975,-0.019122836265465182,0.0002090380118968671,-0.024170922007313744,0.011494410122117715
2020-12-01,0.020026013896596195,0.026751282317082792,0.017012801485019047,0.008177952322398152,0.01927537254450873,0.0028202134567125725,0.027719737324464866,0.021195358786472163,0.0026842497149868194,0.008249614197041844,0.004356771417834748,0.034212818911866894,-0.009454237872235982,0.024930728016678394,-0.012444406565556898,0.006670185713698817,0.001499171128762855,0.00396501183738307,0.021281275596732208,0.0055711857588953695,0.029308318890485463,0.004158840575260836,0.0022958485039239473,0.008097634766959017,0.007919935696574454
2020-12-02,-0.029385653579613535,-0.012729577597551445,0.012220744328184985,0.0034068638311492982,-0.023185105763154246,-0.021978692398568644,-0.005394363248247158,-0.030817476315847636,0.008761182422982516,-0.019707969559247585,0.02694096573721283,0.026877633021978875,0.007342157578535735,0.018918765069874777,-0.006902684081256716,0.006791475383135959,-0.026746544517520565,-0.0036833854919601228,0.02105267293654789,-0.014890107533371055,0.026591689638232996,0.019414781585710417,-0.007080380887218962,-0.015907849276044606,-0.01298289355754445
2020-12-03,-0.011708230812170206,0.010604369869506636,0.022563298674697974,0.031204532785612304,0.0035965310750909474,0.011274020761004921,0.019322025946326482,0.002939098616489666,0.0006031804222805803,0.01866814473349354,0.02056451430187911,0.01409387710823684,0.023687712713927,0.007294684530083417,-0.0006465944367810561,0.005099884611960537,-0.004306747163693059,0.006770312758391572,0.017462761093092638,0.006749086255615655,0.027277846669092387,0.015744020834658423,0.023909633547089637,0.011363433612668894,0.026810862333985108
2020-12-04,0.01083029801881441,0.019137910633559407,0.019258519646843553,0.03073062279688976,-0.02353108578656249,0.01361756201240083,0.017292830889546362,0.02263802611944299,0.015591643346619888,0.007489082826517057,0.014050483170690686,0.03573805872718894,0.03809226473130778,0.027649338608192187,0.011969280574527952,0.0027829539739443465,0.01606602315433303,-0.0068131115464936665,0.014888122862220188,0.00017462838427007021,0.047751970628162166,0.01700019882159509,0.013109167910442476,0.01598379202696587,0.04170906168420219
2020-12-07,-0.01924175413104634,0.0005847202499289494,-0.022502722161966027,0.008214191254559688,-0.006421986125043744,-0.0017717134670690582,0.004903651197253556,-0.015219154436837079,0.00106835273085637,0.0056843406389750495,-0.03007485483928307,-0.030670833579936274,0.010973839269756702,-0.03267107245396905,0.0015182549254650901,-0.008324918596442465,-0.011453706392205998,0.0008018758920447233,-0.020374603293525473,-0.009285973868126574,-0.04834429149736308,-0.0017208514398316943,-0.007480732212396979,0.023675877975184445,-0.01595053256036172
2020-12-08,-0.0029428086844728307,-0.0014614572995489405,-0.0144728969601704,0.007091147093532202,-0.006894614415034472,-0.013753949491087769,0.004554267364962339,-0.003254099608958394,-0.0020157802187105167,-0.012347736278717103,-0.007087632467208116,-0.001977621068233071,0.022727137357521077,-0.00803233976981299,-0.011091366393460533,-0.005761334129999907,-0.006356665092059344,-0.012462119830946805,-0.007279746913625318,-0.010359829944389665,0.008280419512881831,-0.01058834607649084,0.0004073759926845888,-0.01171637408080839,0.01885533118008964
2020-12-09,-0.01864858264257152,0.002751974894184439,-0.009659150670787153,-0.009737850574964901,-0.01822344070251769,-0.027142734668395008,-0.01262934015537609,-0.024277926882522394,-0.009148923601766668,-0.009509056140118988,0.011711032954566436,0.002641866470064036,0.006965070786369987,0.007422605831697515,-0.008311316320933182,0.004801249332240021,-0.004953452474797837,-0.010095630071122241,-0.0006286231670326048,-0.017696241457425543,0.008100860390994002,-0.013937413553403943,0.008552165601538597,0.0010776412539388325,0.02954540204760292
2020-12-10,-0.00013673452199891578,-0.0014599197321957247,0.01413234904546945,0.0034796272654020743,-0.007387117871086923,-0.0006934855385072325,-0.031157911738078914,0.012662114540945124,-0.019066186308690614,-0.022044433953773868,0.007937252669709238,-0.023056518980092644,-0.002305336839923733,-0.007367916690304566,-0.022131841526724427,-0.012522870724293367,0.007777532075941007,-0.01393184040579254,-0.0018866521429363736,-0.0010148704663557329,-0.00440329533378836,-0.032559182450897284,-0.014132525893819192,-0.015225923483296655,0.0012615623702083578
2020-12-11,0.0018687129440886352,0.009180905560609576,-0.01884226142712131,-0.002713708732200115,0.0029259907171632626,0.004704498382448685,-0.007108693075288941,0.0027217344574363977,-0.005989971443718045,0.0034540212103115753,-0.013999541625120515,-0.021577625518211296,0.0029709568437521483,-0.004723259015732562,0.012315031693211242,0.008844039001777215,0.0019555486687381496,0.016068173607148406,-0.011132150604039937,7.256439105418622e-05,-0.028084746093666513,-0.0049571902740696006,0.0045052792852624535,0.003435860226434162,0.007874151197042156
2020-12-14,-0.01410250038060401,0.0014486408218070679,-0.014803017700006471,-0.01541956536557143,-0.007418869270815365,-0.008207669361173675,-0.015342833558657398,0.0016986333281565624,-0.015085613179267376,0.0034703433815268525,-0.014198742124280739,-0.03308102383401457,-0.01649800704672122,-0.021694687566237825,-0.0018083889531909092,0.0026462760516197115,-0.005135240425172327,0.02604766646649348,-0.004247760650837318,-0.005261081725741912,-0.0065986797290983334,-0.014420244742295862,-0.024668796039837404,-0.015719745507730587,0.011249889584403094
2020-12-15,0.0024455433732177845,0.019382628310107286,0.02538062144944231,0.015353908216962475,0.001417416537444538,0.0055431161400865125,0.037049740955241495,0.008130319250443607,0.009198385768743433,0.016108521689369715,0.049960492438411164,0.034212818911866894,0.0034165269368802154,0.05751879250276781,0.01729231597953973,0.018640627553351496,0.027665891857115987,0.006346667071156276,0.03446030305609393,0.0077326154974159955,0.027714497955310335,0.0212818303743616,0.04410519453940287,0.0415875599140243,0.037082729811591664
2020-12-16,0.010909166425358219,0.008230633662124287,-0.002970367504086746,-0.004536449944397614,-0.008300448350614054,0.006055899346485871,0.014357316540640097,-0.007834457725824029,-0.008001141653039778,-0.0051949205747521265,-0.027757098886751597,-0.006202806704321606,-0.010895368040996667,-0.0183486819020644,-0.0010521039073004834,-0.006477825972251439,0.0030134022930776716,0.003553046788148606,-0.011278425694893901,-0.001918456186549955,-0.016269453316000604,-0.010419269085681027,0.015815972654633637,0.009412398848269055,0.010131157721174677
2020-12-17,0.014069802025328704,0.0003942277018098572,-0.002780211414985412,-0.021570684026252618,0.010576136832593619,0.03357000744830274,0.0036208960561734393,0.03267199493863582,0.005487986718725191,0.02791023727205899,0.00011062275905993069,-0.009015298046408327,0.0185884514207324,0.006675757944642369,0.01766439634707795,-0.005216118075973442,0.01319667561083171,0.02920877023460977,0.003168638797260259,0.022773698448627977,0.008495818199078187,0.010528973291602295,0.014781191604767985,-0.008121519681235978,0.016519257710652102
2020-12-18,-0.005343352152518022,-0.013731006171832982,-0.04291996030697398,-0.01738864590751288,-0.012455718717513498,0.0006720375671058765,-0.021646569787952097,-0.00422309982764324,-0.03092833840934972,-0.014714683679355245,-0.02667286114121814,-0.013995983524009437,-0.0037173916799603246,-0.030504146574349966,-0.012341560167004828,-0.02474157184175585,-0.024955479203250475,-0.015609134677810221,-0.03284897400801634,-0.01811845881471108,-0.0404359763658636,-0.035946875298489944,-0.01281796557719872,-0.029264714518724255,-0.020893794702369295
2020-12-21,-0.007854745888161485,-0.003651984159038113,-0.021433568482179033,-0.014220279868223273,-0.0035759105492659815,0.004700623457032371,-0.015085406000745705,-0.0075098255289077764,-0.002304010031446535,0.015379114039815622,-0.02740313943360506,-0.022710961399649454,-0.011194029850746245,-0.012995606295962081,0.004514546797240504,0.004200395021253467,-0.008361326941077163,-0.0009609805994619247,-0.015022761132262863,-0.007257820477734267,-0.020835768190023085,-0.001891302690459673,-0.03934662827349844,-0.02139948766161992,-0.012151868861285942
2020-12-22,0.0032304667849316626,0.007272910870309346,-0.01233396707708434,0.0028850826564625898,0.0015006397887262768,0.0288898276390519,0.009870600380289307,0.01283315188122569,0.0038490713297087975,0.00849239076692454,0.0015134290983385146,-0.010893256148735264,0.015094257664799882,-0.002772131846381809,0.005457678775715458,0.019407598762967826,0.0041132858427150865,0.015215871322425079,0.0,0.0036375584068701894,0.0008370820476568674,0.011640753705493445,0.00839624105114778,0.0003193718172269655,0.000600337721411881
2020-12-23,-0.01401436813558632,-0.012507678807462952,-0.00312205320601322,0.0028767829000113654,-0.006710636164482975,-0.01263176825112633,-0.005055527111621383,-0.014520765858077711,-0.014868146965141493,-0.02048799410500035,0.0010460537843823836,0.030836908459581425,-0.004055527216115906,0.0,-0.02091329832766531,-0.007713711428527281,-0.014951275143360254,-0.022352298487075206,-0.0017683087972391043,-0.010655319900693572,0.014923382622577197,-0.00909818381031613,-0.00507715719772861,-0.004946538295016012,0.007795901046588449
2020-12-24,0.011378950816228972,0.004663404705823604,0.014362875838958011,0.0028685307597733356,0.010100874990008446,0.0046786951647255215,0.008130049892893565,0.004067532589024481,0.013016644432869873,0.01382618777120781,0.005458344491904077,0.011396178219811315,0.0023754521157752784,0.009034027342957662,0.015816009043630563,0.010419603128240196,0.010915836940586177,0.008149820580945155,0.005535609231108296,0.007472973443187092,0.00860737768378339,0.0078315755359879,0.004082736229108264,0.018601579356848807,0.007140543852191872
2020-12-28,0.01106790276060976,0.007850814711491516,0.012881905620503398,0.0006356414322796766,0.01461033903502007,0.008586441806825995,0.005376236392411249,0.005581399574433821,0.017374527707619825,-0.005157778691537551,0.0021941518952179884,0.025352031973931988,-0.0003385461021988556,0.013085442579809259,0.002969694766159048,0.011131385084610868,0.010077846945941271,0.0012671781890651879,0.007927758498201598,0.0044724256162271825,0.013156401097611514,0.018756618675117798,0.003455749575635325,-0.00865872095047815,-0.004135756003275426
2020-12-29,-0.0026688544562697425,-0.0040367189264125525,-0.0194449180528945,-0.013657306553597648,-0.0028157917119924214,-0.004401364835656563,-0.005347487037989707,-0.0015497234497167112,-0.014602247416526382,8.782818416386284e-05,-0.014059903553694686,-0.014423073724714297,-0.004740926949920565,-0.01427598357130655,-0.0057614580672032956,-0.012951287425425284,-0.005090535557764619,-0.00584803294011238,-0.010050324296444035,-0.0009049811489453274,-0.02562006530838501,-0.014466067968963103,-0.006685404275769136,0.003334858285141573,-0.011272648744154234
2020-12-30,-0.0006350638953875887,0.0058596597465998546,0.016899554700963382,0.004669150099460895,0.0037222265147671685,0.0025367198813563974,0.0033602457230306193,-0.011822901370029948,0.014946372722903556,0.007908075706558382,0.0038574347656059604,0.017421618956759977,-0.0034024145307551823,0.02068965110320886,0.006036302993998044,0.005084338393700261,0.011256880980748063,0.0049603644869054,0.006179888169257186,-0.005217488077946308,0.008164308341898296,0.013343798210129876,-0.0034674986147927855,0.009813359131828125,0.009601019417004641
2020-12-31,0.018698492974736025,0.017876565417418888,0.007031003372687694,0.0051282001121668586,0.01790448434501757,0.008384077356764497,0.012391002379266158,0.019674456940353524,0.004858716199091617,0.010025055638935187,0.0035371334594878068,0.0020546637076279683,0.0064867884133077425,0.014189169938637392,0.013520003302385009,0.018429389652787176,0.008500312506847685,0.00873634041337401,0.0,0.027571305267556134,0.015600676870774377,0.012114809625450418,0.013013910115554417,0.0128526935226434,-0.003566134768358209
2021-01-04,-0.02165201827371932,-0.041802095713973864,-0.039246789426179096,-0.051339304177823286,-0.026320987935484097,-0.03024856119509922,-0.044326791890587525,-0.030272479639522953,-0.03862341898873878,-0.04807520295074175,-0.03348252746205782,-0.03280903224535692,-0.027815659664019443,-0.04530321023136252,-0.03141538336446259,-0.037156307320066695,-0.036323659065669256,-0.046464386010383496,-0.028953570181518784,-0.023038769769811118,-0.02896348377496294,-0.04111366679552142,-0.04404567059626452,-0.04673469963862453,-0.02147359992375686
2021-01-05,0.005054758378184365,-0.001054265815569333,-0.008037515728999023,-0.0013445685891544379,0.00393559780631092,-0.01722210579220751,0.0069228744453653235,-0.0014728215171835313,-0.004512576257361567,-0.012784485969957071,0.004132764400969435,-0.014134372070135126,0.007676121921673884,0.0055827841184734606,-0.0003259846117800169,0.005011686109060998,0.0015620665114652876,-0.012851862671539704,0.0006772025021177797,-0.011065592039183891,0.004347251133397734,-0.0016281919780367637,0.011945477560076911,0.005844177210119428,0.009448735079859105
2021-01-06,-0.026369442247045294,-0.043026950784338824,0.014762627529607775,0.020026968665040723,-0.026862278402315587,-0.006393041246825937,0.0037814651364274088,-0.03265172828342777,0.04158979012592123,-0.0015614151717565639,0.04127834520402973,0.05734772002505917,-0.002423567696474005,0.05343495781874785,0.016548654089640458,-0.008477397847460488,-0.02370341548374244,-0.016331241267658725,0.029345748498510682,-0.02912913657752536,0.02284461422270012,0.03723850006057905,0.019603568482525535,0.04228526598351312,0.005132729806393899
2021-01-07,0.012145655634654196,0.012802236442988946,-0.01279797521347037,0.014684035319023403,0.0067358279152627265,0.011354050203226551,-0.026712535107428992,0.014963248706817645,-0.021844812202964636,0.002391842638236108,-0.015926288595056293,-0.00474598003170168,-0.009371776288075062,0.004611405696938631,-0.0012030093549221244,-0.01257358869514491,0.015014473307766396,0.016976454847712708,-0.012939140728760679,0.00230481082106726,0.0007056059577086327,-0.015723160361285182,-0.019226657387735102,-0.019820413472305454,0.009612555449370674
2021-01-08,0.021609246821456818,0.003447469682611226,-0.002326885813565993,0.01853657544143794,0.010560939870334796,-7.458974949681174e-05,0.005981749330859598,0.019868563204027856,0.010323774161500321,0.02826457285974726,-0.0014176719220218015,0.0027250624005474844,0.0003504919820878083,0.012458897515722045,0.005780811373720995,0.01426169074595185,0.01342848138654995,0.023775775927032505,0.01066481390550611,0.00968924946879901,0.01597544893413838,0.004838645873958658,-0.006324146177964396,-0.009794684790684016,-0.0068433389467286165
2021-01-11,-0.032763397152000384,-0.006871134616008745,-0.0049978771723174775,-0.006385659563843182,-0.006490833168136367,-0.017440164098679434,-0.004197437388369196,-0.0145426415829788,-0.011158869700058416,-0.006247280478266504,-0.02306899537726481,-0.023777274550683902,-0.019264530990643514,-0.014248462059327727,-0.008461679573505965,-0.0053566889535823226,-0.02008287276508469,-0.006153911450093363,-0.032314928038277624,-0.027854591878553547,-0.038732742394462116,-0.008828449998088406,-0.019940437741867822,-0.023931087510982163,-0.008388192159332841
2021-01-12,-4.6361560649188505e-05,-0.004612605336108078,0.020873005911692166,0.0128534578323658,-0.01698714315809513,0.0018282278264343255,0.00491766699497842,-0.008587091327281748,0.004928936638327386,0.004939635537819953,0.026883140852934417,0.015309652642381488,0.0021427408584751007,0.018396659900854484,0.0038644232883602303,-0.02709544005657505,0.0005281228227289603,0.004474563638315887,0.016583303242618586,0.0032648266859187647,0.027543534587905594,0.01295555279168159,0.010822383729349294,-0.0014710205706652824,-0.011782394039001831
2021-01-13,0.007212281738432802,0.029815405636224535,0.006887973890411292,-0.019511413774953912,0.014821497860399546,0.012470488126320678,0.02901092947906392,0.020087659495504173,0.016866118395900243,-0.00035753105180402756,0.01757080711857495,0.010966491570818748,0.013542442075447525,0.027096977785810328,0.013874273960509331,-0.0005187230542239574,0.007391134045198422,0.011473965687167187,0.03620112268121667,0.016117248422427677,0.040267532640807735,0.01918459124938776,0.029978415062318353,0.04452467176405217,-0.0168145574083306
2021-01-14,-0.006790968394107422,-0.007282293596839962,0.026713282612196965,0.00728032580883653,0.013556757380343232,0.002253294339939149,0.013926554478087771,-0.0006522111807800712,0.0031309656339453262,-0.01412486730304896,0.005678668544522036,0.017627116696258716,0.061533036177882305,0.0295223190448608,0.02874928841247426,0.0008654711059516984,0.0009431483652329042,-0.01583694687134085,0.014880521424407211,-0.004898219797738967,0.06841393731110834,0.012549042093506602,0.007692471110720689,-0.003918088939880104,0.015858212151435236
2021-01-15,0.022791643860104793,0.004174752845216512,0.006345831400036639,0.020237747674250794,0.016089232681516075,0.022704874929979635,0.003685013006949678,0.02623012447783868,0.014509961151945694,0.01722898917809612,0.005646382431395258,-0.02131926719011923,-0.005631054731101259,0.004881104727272767,0.02333346076710452,0.014179657228159837,0.02282744900035838,0.014283883890165772,0.00021214936284508212,0.018855218131671014,-0.02053705223120983,0.017815476613807446,0.010522201845894807,0.010855896375919105,-0.004591256997841353
2021-01-19,-0.013688828579903722,-0.011047229338239095,-0.019548155918463594,0.001416878966298718,0.013609454332490278,0.011063994610980066,-0.02703592586440773,0.012094339686302469,-0.013886560056445285,-0.00463554475693162,-0.0008019558892407019,0.004765200445438822,-0.01665545744870245,0.003643120662741861,-0.010605274360591777,-0.008695744686177176,0.0033783007104548624,-0.016801428707941213,-0.0027616977677352716,0.00014875841007655488,-0.0035483147330168663,-0.018772155939526747,-0.024704053743806464,-0.05058353777392022,0.005535185820307209
2021-01-20,0.027203906299068326,0.02714535546713881,0.0028941284273269474,0.02027984441360653,-0.002071027202791176,0.019783939831750308,0.034648215027827334,0.015942452221315406,0.03208532518239493,0.028210740730024275,0.012041191681678498,0.012872656959052264,0.0264228691742312,0.018754009352419887,0.019523764249870457,0.014447843185991127,0.023773148583815296,0.01976288868749365,0.02620360401674615,0.012632722168622212,0.02827246519031945,0.02042401392040638,0.020096166150305406,0.018524467047946747,0.025687869757465398
2021-01-21,-0.0026032393009145505,0.003566688982215682,-0.016887544098125873,0.0013866923848182555,0.0017604991532893521,0.0035533343477378576,-0.007625644253761332,-0.010772907804756371,0.0016747166588422235,-0.0010451601850745007,-0.014617607692880896,-0.02073586921652837,-0.0009902423401100258,-0.015439602754163118,0.002177620732316088,0.0018653501998970867,0.0008969862770868975,-0.013379237852869763,-0.027402814327096015,0.0005504047919149269,-0.008185723866117933,-0.005067154071346058,-0.003077943280911488,-0.004506641349402485,-0.005963074958891923
2021-01-22,0.007740659602997857,-0.016312996900119114,-0.0073930311460561615,0.0158485738290981,-0.0026359223796197373,-0.0053816344765739155,0.008352594596247043,0.0017502117038714626,-0.007136910600007651,0.0062776044958432475,0.018054482463118804,-0.01502722128524292,-0.003964343090220757,0.004824799429259619,0.005470295572005179,0.012692479159257086,0.007866174588579078,0.0036942814042368877,0.0017075411549367647,7.309390203413813e-05,0.010369394931954767,-0.00407428463710946,0.01132145378989402,0.019724902306244463,-0.0038991927652870517
2021-01-25,0.016032531771118297,0.0037902323563312468,-0.00021873378740644434,-0.013632140900432743,0.012396402700553422,0.015449299020612095,0.006958030676618376,0.002773572385073475,-0.003409322105577539,0.004679097548006439,0.00485705224344013,-0.0367545733094784,0.06500849526852925,0.022809276714991222,-0.002384788931866888,0.009023679436594101,0.014621506603012646,0.013600510514650832,0.01640738429498212,0.014007722412343604,0.020839983465477774,-0.002556777377543118,-0.024832050386189963,-0.008086011769715462,0.008732347836875265
2021-01-26,0.02101003854839334,-0.0027729560266929187,0.015775458947479226,-0.030558992545055563,0.015911586553354562,0.022575563156316925,-0.008555287113364729,0.016704000102650385,0.004740001443569897,0.00888304266759321,-0.0020237505406617284,-0.028077797646412384,0.04017426304675675,0.013497871380820259,0.007694641330428409,0.004802919388555482,0.03261950791166157,0.008945032644181783,0.004821738338234072,0.00343551935834574,0.016105798302673335,0.005126481130540261,-0.014193298848531044,-0.012308325761317684,-0.010746450986831912
2021-01-27,-0.013904964732430525,-0.016389513488380136,-0.032355394241035396,-0.007444974065436982,-0.021841553475021036,0.022763421920541926,-0.03186189774047221,-0.004814346529944724,-0.01878821957553034,-0.01590011809868863,-0.005406244098561386,0.007407414715223215,0.10808380175343535,0.0,-0.023426765879828393,-0.005109676727947043,-0.02611990966575728,0.0009217378469572601,-0.01669095329769088,-0.020830171125883035,-0.024330998795445757,-0.026778664999614787,-0.02392561193670728,-0.03236756845257749,-0.028364201537661282
2021-01-28,-0.003274114312472598,0.006616958121698158,0.02452047771700272,0.021225691578255157,-0.010945880812601838,-0.02882621229484661,0.028796688417261684,0.008924171351922583,0.017475465516697097,-0.015983292268365923,-0.008154097029097418,0.047794253479256366,-0.09727083619110632,0.01331775145349412,0.008047014579176226,0.009774596178959927,0.0011617927311724507,-0.002368302341794304,0.011669942990255588,-0.006772365191372476,0.009002374659736523,0.019915989548442203,0.023644222691121985,0.03328313235254243,0.025465866187238007
2021-01-29,-0.004161192279014125,-0.0013745695748555997,-0.007071312504000948,-0.047038631931203057,0.007146023384799305,-0.006350527758436142,-0.011996042371771765,0.0023436337506179683,-0.015449516568037058,0.0045022171670348055,-0.00022853810478862258,-0.04912284875545381,0.007782035502694518,-0.05657143332060599,-0.00030139450244637267,-0.02725818916098799,-0.001934189134964237,0.0004835316985751792,-0.010486778136418518,-0.004409665844015698,-0.04696944473105025,-0.01207592022267645,-0.02373353113946297,-0.019100084230255998,-0.05542102369732338
2021-02-01,0.03611020128461595,0.014660892587836871,-0.011394564920040984,0.04460480880815987,0.03145778915218522,0.02959370510743109,0.02462063432482897,0.02264979473150963,0.010266689748376301,0.02487034243544528,-0.005938750924542879,0.006642179582790231,-0.008613001995835812,-0.009691178674032463,0.01679869731353567,0.018624773859782895,0.02625977376999944,0.022274065805280907,-0.005086794277167628,0.03573169423112055,0.0001074882443727887,0.008062417433545521,0.032342127679213295,0.03151828588455152,0.027252223209299764
2021-02-02,0.0024622049136404645,-0.018282493617767126,0.00299238943474478,0.027315567623652726,0.00815760143896016,0.0026988596096131356,-0.0013165653819063872,0.015659972200763317,0.008757731698444404,0.0042871638309960325,0.002182819864057217,0.04032252337659803,-0.03654892177603164,-0.003669560039269326,0.0044450117144478885,0.0026597238676313584,0.009158618693510645,-0.010270864732046081,-0.0014913731272420128,0.013044907329392563,-0.005164415540974687,0.0025801084867291824,-0.005887630541837718,-0.005439294621480295,0.012796557479464399
2021-02-03,-0.016261103008527567,0.014598147488174007,0.0057458108843524425,0.0035146045073117804,-0.014793680488243921,-0.008680685835921742,0.0069213365891063194,-0.017799332353038322,0.01638066867775989,-0.009477497487030195,0.007451577602980652,0.0,0.007773618859043152,0.0006136583128906192,-0.006416806366748129,0.0023209334026417228,-0.007859124233043135,0.004342016025721485,0.015575136111607657,-0.034693289483875844,0.00994997807597997,0.010807827990874541,0.0082488364925557,-0.0012866417191131907,0.04745773697273559
2021-02-04,-0.0004734306808366062,0.012670781363517625,0.015380935048557198,0.030303114795960484,-0.00018404018935369582,-0.015408379629823221,0.004582846674178409,-0.010571275670673841,0.01748650584930278,0.008016737209860736,0.028106731230091553,-0.004228486931725395,-0.014501684770706236,0.024540126628966874,0.0009650000622849486,0.00810475937553945,0.0034892860405280057,-0.0019456183903537871,0.03298320651106712,0.007791052417804645,0.019062301427474893,0.011711165099546506,0.01594301517891239,0.029312179885584433,-0.0008829151478936259
2021-02-05,0.0034021056382396164,0.003917501600321671,-0.0032458247836798515,-0.0035472284979858326,-0.005333316584686831,0.0035158401051442745,-0.006190938867994045,0.009880452219116709,0.022057025926004226,-0.002736328656725351,0.010071936187057373,0.004954140609643165,0.014401970736944048,0.0011975507989367973,-0.0008900222101091426,0.0037732492312101407,0.0027252118525193936,-0.006541194237801751,-0.0012202062521605717,-0.001385682221138329,0.016708283235978172,0.008303807431898846,0.0008257239845141928,0.001721052443252491,0.01295663325605001
2021-02-08,-0.0008582567813344433,-0.007454648471917347,0.03506289822389119,0.007564552804532498,-0.008381237917601703,0.0055647075364193554,-0.007868822033993417,-0.00912111746239419,0.009569791354312462,0.004801795223527305,0.0009862157727509313,0.007042174260111667,0.02129643250449509,0.019736647815905117,0.005715526969386042,-0.004576617230503732,0.0035613254190540733,0.013822496470764278,-0.0030544359569435464,-0.025012854120740058,0.022635591590279835,0.022211215240609983,-0.006601948980272887,-0.012652156377456536,0.02209307953092221
2021-02-09,-0.004853958632680899,0.005398454818006604,0.006607282911033963,-0.007213276336938246,0.019204088806412445,0.012775849266321915,-0.011236125398390251,0.004094208981023861,-0.004758690223234607,0.021078463580600948,0.01828142534149846,-0.030069822604946617,0.008763970181159264,0.008211277309246201,0.0004427042389585356,0.013793234169956481,0.0031752771283344305,0.016601553105231925,0.011846275898897085,-0.0013111051689403963,0.03648706705633442,0.005126828641426773,0.0018694682169941856,0.000316333244595457,-0.016780531501249252
2021-02-10,0.0,0.009162854301594692,-0.013648732064347913,0.009786417687162263,-0.005548712339248141,-0.004789711924534479,0.02406425473757756,0.0007064055711671902,0.032236867518487866,-0.011199248225079006,0.029563369443806442,0.015861287952399383,0.0302576775567176,0.025595907919660377,0.005533279976484007,0.012309994227694077,0.000930944136798173,-0.009603618443594142,0.012515139862256053,-0.0023998474514602686,0.03578735737340755,0.013602267151450409,0.029021476721084793,0.026885885455425695,-0.004917512976144844
2021-02-11,-0.01657611713789442,-0.005378641110448168,0.0027463609440312453,0.03303964831739359,-0.006622715790110867,-0.018368953580043756,0.01827660824060917,-0.04434094777042885,0.014606398812926802,-0.004902165495056621,0.0231804323035667,0.036196078094387074,-0.03344004609468876,0.018151040012955644,0.012252217671165466,0.006879557804197578,0.0022321215821674567,-0.004400196830968706,0.021730775224576337,-0.0037591939605400304,0.028713930959462175,0.03810186999347054,0.0223608176781116,0.02310215278434713,-0.004360428577944497
2021-02-12,-0.002765279028707157,0.006279633736471224,-0.008743184478921084,0.013930396278460488,0.015185249782107002,-0.03286834278093376,-0.00833309519426495,-0.010993577272322419,-0.00828412979924853,-0.0072198003314969394,0.044290228226524286,0.02054779809064544,-0.0021063212853662527,0.0044570335240987635,0.0012322777719104838,-0.0074685059228212225,-0.0008352227146176672,-0.005191303080199106,0.026731565767455168,-0.004075286922925914,-9.150883667508047e-05,-0.01408105671618387,-0.0005910502211201596,0.016257507833922658,0.023065559921154888
2021-02-16,-0.009727600228662592,-0.014214380246464264,-0.014665275246018461,-0.010794956577804271,-0.015201374710097748,-0.020419772329742458,-0.02553346303136883,-0.030599392948984283,-0.0044923416962134866,0.0026522191017162022,-0.008110876878492768,0.047651365836475,-0.006029220146195113,-0.022185604736688957,0.002171665431653924,-0.012167841688271341,-0.01012358138637559,-0.008237721281891597,-0.007411507301785414,-0.01682177603761026,0.00658970998176911,-0.004917093210091261,-0.007689190782439237,-0.005036313619976696,-0.004280786448382923
2021-02-17,0.0059115929578250626,-0.006447849949338225,0.0003235104744259143,-0.01190471041602692,0.007223996947406386,0.007871573868492243,0.004974955442290208,0.00921361882330829,-0.005109457539905549,0.005034383049867808,0.007093569001131783,0.0032027669821810267,-0.00697584211868385,0.010210245976534083,-0.005200797126487355,0.0009723536970012159,-0.007037026663093693,0.017917011840608676,0.01876314950299718,0.0002310707123340805,-0.015911974828784925,-0.0047055629984560365,0.006159030972328949,0.0017864967765126583,-0.020922662359008526
2021-02-18,0.008616314150326598,-0.00702049253774506,-0.011644240095112002,0.0012908252483492255,0.010850284493475026,-0.0024586477782946314,-0.0023100731283647313,-0.012773051184659101,-0.007721974966409362,0.004669723723520036,-0.013793874361447633,0.02362722317037691,-0.008857805183743905,0.0033688109593343896,-0.0034127352462069993,-0.013600742892035389,-0.0004724654368082337,0.003973041838532865,0.005262101279039921,0.012482460658719718,-0.015799802068810598,-0.008037979475321366,0.018957499072046025,0.01307787517138026,-0.010246187885720404
2021-02-19,-0.008279768737031179,-0.01229879671027656,0.0062178739970970565,0.041971070156771484,0.005457749771077713,-0.010801791118628001,-0.005011688996807373,-0.007789321383477099,-0.003097591838016167,0.01098623341788163,-0.010911538668539555,0.0442918252264477,-0.008628559716179818,-0.011191918034043735,0.002331310287808419,0.0027903900492864953,-0.004537424633899945,-0.0012766842935912903,-0.01289961099062309,-0.003919466937759464,0.027319159859467312,0.0061964842825725786,0.01531033114557645,0.012285317200594559,0.0349009870475252
2021-02-22,-0.005742845640109628,-0.0026469457733090396,0.0457504395362518,0.03450649175067766,-0.002894904623231609,0.008428324441743351,0.013431877542582793,-0.0189347343756896,0.0008714772463738196,0.009278645871583446,0.008925918195731075,-0.002986643822562751,-0.011190610661257261,0.02999441115113677,0.00814142092492709,0.016533044500033345,-0.005508216499109042,0.013037938939055804,0.01912884283222116,-0.007907276825921628,0.030521514494034285,0.005210434363731142,0.03416649304799346,0.021932991362704657,0.014004080561305088
2021-02-23,-0.008441870138819696,-0.013087808356335384,0.04851745348732872,0.034950129613527725,-0.02226013580956865,-0.0021805551221898423,0.01789276161795339,-0.008503267475354681,0.01912019580734703,0.04770588121613262,0.026739527161459442,-0.0059918340721533125,0.009116623474122454,0.01923054193808338,0.026029441835509592,0.004508478145967665,-0.0016232902841447627,0.01926323805754504,0.026203379176559904,-0.04201014269777503,0.020838882730325192,0.02450527900217181,0.008121125218427228,0.010158648437648798,-0.012683432571290343
2021-02-24,0.007214356889930329,0.0017110837252798383,0.035100201896146155,-0.008988148085886882,-0.0027219581325538256,-0.015659096456153154,0.018880091899079687,-0.030084011014484102,0.003566324911379537,0.004743178050274022,0.026430238484757007,0.03194709034791199,0.07943929615730183,0.03234527844825741,-0.012579038691656774,-0.00015967835905239536,-0.012530039766065926,0.00111428600755481,0.019558186590425075,0.006913431404118153,0.03370411803987827,-0.0011497403673853546,0.023800912653139772,0.04249328265462382,0.02483610296023331
2021-02-25,-0.0001335448033196185,-0.008846337926929904,-0.018817797293671168,-0.033817058823936486,-0.009863502516646805,-0.0057714315295721574,-0.048562342804794545,-0.0009859634693836217,-0.03361337959002153,0.019118613087417025,-0.028484753191843737,-0.04439254815046789,-0.0014432333612230952,-0.027676302399025632,-0.018503995520134153,-0.012505976332842561,-0.01791925635789593,0.003091078442305051,-0.018650164143220516,0.023991157957222065,-0.03512624743251935,-0.024176900878844054,-0.03451367129338956,-0.04510906950447957,-0.04122581747644127
2021-02-26,-0.038353482104690695,-0.01705029929165469,-0.03494923412725348,0.016092221444993227,-0.024183808499256165,0.002678868874592455,-0.02316976902957746,0.015618265626619499,-0.02398001559957752,-0.029568303253847295,-0.017767422935396793,0.014058573987242085,0.005491757599267455,-0.015574574203863545,-0.023058759588156286,-0.017847234101051823,-0.02288210233352672,-0.038707796723194465,-0.008506896065338054,-0.005418666958209806,-0.016547703394225177,-0.028551259306364596,-0.020188812544409962,-0.03386426606567139,-0.015978996805731782
2021-03-01,-0.01091966882598494,-0.0006887277896164834,0.021789631573346346,0.023492232909505972,-0.012969778508986285,-0.013137058885746122,0.016844192476627162,-0.00012374895413269638,0.02033043981586813,-0.015195044430233562,0.027972616352644586,-0.010246971992918685,-0.0017250202373990664,0.013092966664477457,0.006012088944540306,0.004148924715352331,0.003633849970451797,-0.008421152237099827,0.009310018874895354,-0.028181778685205883,0.00885591449258305,0.02234615622994074,-0.0028355744491830315,0.00854173990206819,0.035134648470337426
2021-03-02,-0.023202399225701664,0.007958359545762406,0.00098709573515543,0.005673691743352416,-0.003707608110532945,-0.013838762766012813,0.006423275294368258,-0.012664721230675857,0.006923953960758178,0.007593561315695219,-0.023557274874046685,-0.024969629309826713,0.012381554193883426,-0.022616968518253455,-0.0017707139972245045,-0.002313674239551311,-0.003419578162701997,0.010604740536976909,-0.020437740651602976,-0.006493436978940004,-0.019662918558081555,0.0004753529708720894,0.004928740530364628,0.0020447021044713853,-0.03622380097348732
2021-03-03,-0.028255352284137114,-0.008517255783007216,0.03106826971752752,-0.001025698215813331,-0.030295348580665404,-0.04164137508691812,-0.017131528741508473,-0.044855783319887155,0.02097258944978342,-0.0108233306726222,0.03830604300809126,0.013741394045678312,-0.025028709958178297,0.03250701056404437,-0.0051734910656799915,0.0067911164556839765,-0.03007350768288297,-0.015271013878948692,0.04615962203061952,-0.02910736996674801,0.02068431895337186,0.013773422159628623,0.0033958885069769185,0.005828857934577769,-0.00769467059344886
2021-03-04,-0.008476805267108034,-0.00934304283406806,-0.034628190578081086,-0.01642929468008636,0.004107509924840658,0.0265796923991799,0.007860688026603446,-0.012709588698587293,-0.018858072092230005,-0.011022842141709344,-0.016691875427235936,-0.02402946316690102,0.01866967330981395,-0.005870022222264293,-0.014116070982697626,-0.021882272488812582,-0.004890105901144359,0.0021659196346086595,-0.0067068428667312885,-0.013547406289568076,-0.034037954838427864,-0.008198775221773924,0.004323859208458902,0.010287143503295182,-0.01648679065653036
2021-03-05,-0.0059144857479978,0.0022789106131773096,0.013277957922914974,0.008482337846487553,0.006839579639411619,0.02325584378691281,0.010851310660535685,0.011580951686323893,0.010182347715607554,0.014587687626215873,0.020061796168060697,-0.0025252698974406185,0.024914213717650124,0.02093431942402768,0.009118433197270681,0.008578867385048428,0.018088599251656623,0.015993165385176367,0.0248755601408448,0.026576699990348507,0.009626310145519401,0.004960064164689415,0.03219771766314894,0.00760089743106418,0.0289545911119673
2021-03-08,-0.0067001299287005045,0.012629789719220463,0.05417583424557515,-0.007634528302408405,-0.022510641352340488,0.00136365757491963,0.01442466117093466,-0.02561587930828446,0.028766643903916922,0.022697880286844718,0.03252626901058453,0.040506225322377576,0.02179381813259118,0.03049386916713015,0.0023895275992422693,0.008005090156410155,-0.014583711994956894,0.015315720769913277,0.026005555477290887,0.0026015835168344825,0.004767819127131201,0.021151423289400118,0.03064936912631877,0.028038513528505504,0.008293940323021998
2021-03-09,0.02033601368020843,0.016277055109994443,-0.018831235594205742,-0.022688817808990014,0.029092902778634633,0.02193974121268627,-0.0003307779646547493,0.046712443991634656,0.0015412587429723956,0.00884613120356037,-0.027930361731871134,0.0006084792937339767,0.0030078649900964205,-0.015439693727879344,0.003724897122914239,0.004467501814790831,0.024700270476575747,0.005782734373895426,-0.010645374151855735,0.02365413155150775,-0.006266910121455416,-0.012197682171180446,-0.005982804124868402,0.007337515812465112,0.01028184833538548
2021-03-10,0.00848558891690221,-0.007854461531683898,0.006996243241626399,0.024816553516820106,0.005958704362230893,0.0019990848530935246,0.017863166764031435,0.025678023155179197,-0.0009525180556342328,0.010490872545199093,0.012906159271417028,0.00547106976445666,0.005998015403258394,0.0057496234686988945,0.0007422562680763356,0.011694821803741817,-0.006102555857088632,-0.000791941191015888,0.018787267040039524,0.007541219215710049,0.029819663311583477,0.009785520107201462,0.012037627014291674,0.01663030073731342,0.03344004067223971
2021-03-11,0.04637504363063272,0.0019169724154115553,0.007323199117568402,0.022783492457020715,0.02500987504918073,-0.0036943111697078646,0.011699476885679294,0.024878600631763836,0.016283082814597893,0.002169272335680761,0.010695881332330348,0.023579162014027766,0.0029809002511698157,0.005717698889899259,0.012757103507396117,0.006512534260611602,0.01882952767735291,-0.005128060410823698,-0.011232179561919797,0.035182401393716756,0.013384807501035878,0.005999398623625085,-0.01644236971017632,-0.008111239176887386,0.0036576531108694077
2021-03-12,0.006077644242756586,0.009321939600093199,0.012116787416316832,0.009164985273403481,0.027653666765601326,0.0037397801851373202,0.02023779249560942,0.020485780051358038,0.03872129065479468,0.02617853967972028,0.015643715922383672,0.017719966810686216,0.01316248557665145,0.01757096785403789,0.03830066135913501,0.017955486634366524,0.017376484439598272,0.018607749494050196,0.013102703493576229,0.009240888007669756,0.01735150101477889,0.03555011445742018,0.005691174974965518,0.010221872471627202,0.00672859849461771
2021-03-15,0.015288282539009046,0.017247669733871263,-0.014273805573680187,0.01627145478544345,0.018023600129241313,0.006558166069069005,0.009760700634168895,0.0023202707969081082,0.020566924337283243,0.013666266972074403,0.002652907850166697,0.04468964706942202,-0.0016273045144782339,0.0015234706973721313,0.022570269114414288,0.01573166262726744,0.014710111744696164,0.005932321050163836,-0.003042905500379889,0.017086980888520786,0.026813966866184202,0.009966909984209238,0.0033595493244802377,0.005801493617131559,0.005012587550709213
2021-03-16,0.019909167992866905,0.017075325835656407,-0.0095290656694208,-0.02755369528499252,0.021728531907543758,0.004515991981706824,0.0018710174964899906,0.002658659403743213,-0.024713989705624884,0.003295712084794955,-0.028923472881829615,-0.015555661236511531,-0.027981512646764517,-0.03144021903918881,-0.004138546126687959,0.0006258308254243339,0.01410791540435552,0.011753502800315951,-0.008818199918444347,0.016761969284234457,-0.031567649821688915,-0.019298338885276767,-0.014980374161683185,-0.02199884583159173,-0.0127461286206495
2021-03-17,0.0014808923647970929,-0.00260125511899989,0.0008487800177168214,0.01238036042876911,-0.0005453981205069125,-0.0073702624815455975,0.011204580899029315,-0.022165222514405558,-0.0014658684582650183,-0.019484678777823672,-0.016066564476062584,0.03950335114644132,0.01145885610634334,0.014659833923852617,0.0075497538418525245,-0.0012509601650092517,-0.020435679015564978,-0.014959336031012627,-0.0051325942996302,-0.008187539242447195,0.00895959072369057,0.010733524667173144,0.022365258473705074,0.010698371098508463,0.01459439341657287
2021-03-18,-0.0029574051309162463,0.0008894396541616612,-0.003958184013585719,-0.012228961478001898,0.001394200514289734,-0.003860974073184531,-0.012619546783736557,-0.014654109066990051,-0.00027954573396737903,0.005786489279799856,-0.016520477074490447,-0.023344435144914355,-0.010500259999328798,-0.013415843122368099,0.006461774536369758,-0.010488335663884518,0.006307348157483794,0.0014481173327196561,-0.012381987280443485,-0.0001864290013109393,-0.012009346538388588,-0.004424790765748421,-0.0367519815039582,-0.024969700905926873,-0.046472944788572446
2021-03-19,-0.0029213971917920745,-0.017647161676452305,-0.01230012218039378,-0.02054882759038401,0.0026032282963690534,-0.004845076577156826,-0.004675566061778436,0.009631577078978548,-0.03727280882306483,-0.043527846875624276,-0.01990489565669884,-0.00944940882809886,-0.00027899420914823114,-0.015690464065887477,-0.03339945559135715,-0.023097595015088013,-0.016942597619226007,-0.035328912421987546,-0.023855002160728778,-0.005977168423627721,-0.0011128187972240244,-0.03688896845299494,-0.01017416025047524,-0.015727258372966735,-0.017116150691433685
2021-03-22,0.017894444728242087,0.00403923247486615,-0.018679900663942428,-0.01055508966825458,0.013705978684726228,0.022769934590191276,-0.009082512203925086,0.020870715472426804,0.002324204613280312,0.014325325326365101,-0.0027737556497248184,-0.014590414571879262,0.021787962840172703,-0.01753466925479108,0.008761864207869952,0.011498363419605306,0.0325761867483747,0.013878124900420952,-0.0016052726043377374,0.03017933926269656,-0.012340422155633246,0.00438375735301233,-0.012298133020354651,0.003959751907909093,0.012101497849567489
2021-03-23,0.017800790968962588,-0.004022982712448053,-0.0018546539854602528,-0.012511483529882628,0.004765045288409153,0.025265379162244805,0.0031607692189157266,0.013619743415809626,0.0008335689320033701,0.017478183173571527,-0.01996818912680809,-0.039863430972405856,-0.008748294597264894,-0.022714850688041577,0.013939651114618368,0.007844794234932673,0.014954309291436596,0.02619348329262361,-0.0200108064305069,0.00014618207773708924,-0.04199601364963501,0.003905429320386622,-0.0009294057015131196,-0.00014133639279267918,-0.02128904297898837
2021-03-24,-0.01239923446650415,0.003677317431252325,0.0048899290500590276,-0.010936245106854758,-0.005987467117163692,0.0006429035621218215,-0.01260267500328649,-0.01987367400937745,0.0002896020959883838,0.004371367706857088,0.017029726257892897,0.012455657979675072,0.005515752926609663,0.01051469123956772,-0.002901456428078486,0.004447823500841386,-0.01311812619027053,-0.007245745811080284,0.010027295010202497,-0.0061283619089876895,-0.009147338810717387,-0.004576456515406391,-0.00260422837428409,0.0026765441430482984,0.007449270288245158
2021-03-25,0.0009692483709466959,0.015615673047388867,0.018685923180333353,0.030609446210507985,-0.0011329875769805486,-0.012349090366825966,0.004147956755264248,0.008726622480881518,0.005718724022165889,0.00022888981710855738,0.022525660956577598,-0.003515069253751557,0.010971121428627217,0.041073582925823526,0.010530993657969612,0.010754236675827977,0.005875740876073898,0.000663482963572104,0.02978357933634168,-0.00036679917931359274,0.03875655257296429,0.0183906375960996,-0.0007456295638832433,-0.00028085379553843826,0.028985686028757618
2021-03-26,0.051051600661124574,-0.0007095189320125428,0.02292924406837593,0.03480303574635357,0.03462873301098601,0.032885085598731933,0.01874807357673003,0.023214500697125384,0.02324813337178755,0.012137185683048335,0.016960837878976287,0.010582120929881533,0.011394537782644765,0.010520644662672218,0.01878633185790024,0.004850867238763046,0.022502859436973166,0.013634466572121307,0.016126067925922305,0.037487044810433856,0.009063955805170165,0.01038375573425454,0.024075935302386275,0.031337434778878626,0.018683341856578606
2021-03-29,0.012603789858572467,0.0010061605347977398,-0.03726513141649146,-0.022632360210076974,0.010041062264145584,0.011475852416862997,-0.010605046752011793,0.006158116796229018,-0.019378994515013348,0.004600836092748528,-0.01725298314804591,-0.01570693313889604,-0.015826582521199506,-0.017178617189591683,-0.007402165989964682,-0.00015588885124906415,-9.338970886874076e-05,0.013900964657578507,-0.02104523800308078,-0.004140496583769138,-0.007499967031041721,-0.0078192933436797,-0.013121924092334036,-0.02329977703710684,-0.006489751017850542
2021-03-30,-0.01935255734053809,-0.010651500969552585,0.008912576518456117,0.02354462642912969,-0.02308156949984963,-0.02289869024952329,0.008196853269757387,-0.018899652620438134,0.00502299155021535,-0.001501652394705566,0.0074122889175956,0.022458609048791045,0.012810130757746396,0.016949248260230032,-0.0010174710210069104,-0.001401840796298126,-9.373021970948692e-05,-0.0038710909292253293,0.005638459091953152,-0.018336979285891952,0.013882903104043276,-0.0002250476673050228,0.010526449403982507,0.017438775826618347,0.006816299308785467
2021-03-31,0.008054025067502524,-0.011847880224768237,-0.016988527115199936,-0.00012641728871654045,0.006667130510761954,-0.0028317540813145303,-0.007504569542625239,0.007038844969442071,-0.022580326757332014,-0.003383341055635647,-0.017813846230630093,-0.02601144802696953,-0.004036543765742029,-0.023437346181825913,-0.020225251021845025,-0.0060264203957118845,-0.007118606470961186,-0.00109334789582205,-0.0063080304637705975,0.004742385966820306,-0.01403925063373479,-0.012162639329383329,-0.017136596185194253,-0.017825582614461544,0.004231067629582919
2021-04-01,0.00418315181921991,0.03298863197401736,0.02962654217744043,0.01188222012582374,0.01353614416400406,0.017111385276163293,0.03056048234593889,-0.0023397785037673202,0.017105835120390767,0.02187847277766619,0.024642626330799056,0.015430410816786866,0.007835985781673438,0.02399983870997957,0.015793823266365248,0.02535440462333738,0.02358480713487099,0.020992269831946464,0.016046657114403784,0.013078588595588858,0.012569260324420073,0.011400373517246543,0.019872641421017745,0.022616177052158903,0.03483150851491912
2021-04-05,0.01953682765643938,0.005715226965278708,-0.00230185253804438,0.010993094564268668,0.01708121845315791,0.017591490665651355,-0.01314564715870492,0.018053116675626146,-0.0024955628777497685,-0.003248301159324507,-0.0009619879147356736,0.011104357080786942,0.006970379069389798,-0.007812448727275267,-0.0004092332480748473,0.0021506946542286798,-0.001198166484494334,0.013217525983858502,-0.005900938972770331,0.01397661131822292,-0.001302243094307487,-0.012398695485244637,-0.013051679071934053,-0.006143375758480452,-0.00271441416805418
2021-04-06,-0.004780490979451435,0.0018159902853618348,0.0023071632877138537,-0.015939712228628777,-0.0046213225992759455,-0.0075457758099234384,0.008983875513094208,-0.002216868693639018,0.00021749612822841158,0.01592457561982874,0.011940300963490191,0.0017343438219574736,-0.0018637175244923254,0.01837251828248987,0.004502899863950693,-0.0018394736651838883,0.008766121795867221,0.0001566518018516483,0.0,0.0012274499729731936,0.012516243379814052,0.005478022399785676,0.016204229016316463,0.01868153231453107,0.010887209066757997
2021-04-07,0.0046393097039738596,-0.00584781944689261,0.004220525647894435,-0.015570038589562185,-0.002038128386050553,-0.012235094762761967,0.0018422155245618743,-0.006185394337384187,0.02526631308427274,0.003208145800802198,-0.0003802415333246101,0.010963529982361608,0.005334411247873705,0.0,0.0071989741783125005,0.006448669300791909,0.0028358350061694626,0.0016057478236599643,0.01728387761965111,-0.00444826632658657,0.004463797644705725,0.012939942741834853,-0.0010998394137832213,0.014023782524379858,-0.008346727434076606
2021-04-08,-0.014711306107659805,-0.004294023354722842,-0.007927541732859034,0.004719325382479322,-0.0028936979140747887,-0.007137693458434624,0.0,0.0047341714634185905,-0.004419455106814518,-0.00014558142988618794,0.0012372265844475816,0.001141664141345311,-0.008224829371345499,0.001030996148503771,-0.012677057461720653,-0.002135625295395349,-0.010854838089470964,0.004067276002735154,-0.004290481795240608,-0.016010841490665118,-0.01192608292034869,-0.00648488537262959,0.0075231494510801245,0.005584846863842863,0.005430367126519231
2021-04-09,-0.0029863564120200525,-0.005139911506299333,0.008375700092825289,0.020947081327876926,-0.002901651090044921,-0.004370090505958157,-0.007354918813801015,-0.0003347906456984129,0.006214859678685958,0.00581483883587941,0.0022817533476893193,-0.011402586868922149,0.007490707080139991,-0.0010299342902172492,0.0029369373143721678,-0.0033634594532216955,0.009867415763004983,0.004361838818726982,0.005860337764563628,-0.01412540444353394,0.013819527627043193,0.0020469292497029556,-0.0030961553677563147,-0.006744447383100871,0.013772687485518631
2021-04-12,0.0098265105690023,0.0033254396933573016,0.004296563501945183,0.0069635065995876655,0.013124690861610055,0.015998911360398216,0.013892840264977835,0.005774577529892078,0.001376347641240283,0.006431663624791861,-0.005217200226223961,-0.005190469673440612,0.006638398291172631,0.0025775528255933544,0.00313212134324492,0.007362998774039564,0.0030135226399956583,0.011555594250042045,-0.00017176403925178718,0.01741107893839966,-0.010093755691055972,0.0022696490920341983,0.006394025070163956,0.0037283144342070695,-0.006126712085036901
2021-04-13,0.0062524387346436505,0.012843227107638855,0.003897536534898327,-0.02519141554657245,-0.0024218131755439076,0.018603730157827902,0.006090075258977423,0.02074016068321316,0.009516776863247589,0.013498821415011353,0.010012304786445991,-0.0034781101143004367,0.0031654476186084857,0.011310991050254238,0.008688979077076109,0.005025175612737076,0.0085576921991537,0.02334606245738291,0.014910244925520066,0.005846829640403062,-0.011853301813898431,0.005661273625541474,0.001996615908037125,0.0053054859614534156,0.002947871327473539
2021-04-14,-0.005472932602586189,-0.0007596659083453083,0.0010415769821410237,0.02634905165101875,-0.00801789323049884,-0.017579938070226397,-0.016041187121475287,-0.016237844333349183,-0.017491917305980764,-0.015019281065240864,-0.015766483025230094,0.013961561824179292,-0.001051819725956138,-0.009659340622111712,-0.00010132647968974506,-0.009697213247103043,-0.010109953397897109,-0.012212276938555422,-0.01756163152473711,-0.0038988004798741205,0.0033518242799592812,-0.005178862093506265,-0.011956400570581116,-0.009235889165642552,0.01603449854956751
2021-04-15,0.02267460592474624,0.01883048993316594,-0.0021755853329068486,0.009380426656627305,0.021515467230331042,0.025205481086449044,0.019686330580222844,0.03534456222225302,0.027540006152729335,0.022656930082018745,0.012469944137965205,0.007458439880820622,0.004211770697334805,0.023100649158805275,0.01348701129569041,0.02386792856904907,0.024621390009740507,0.015397052860482985,0.01632869612420862,0.026367316781963135,0.007120059671109624,0.015617466988301132,0.02016858777222441,0.01544793893726415,0.012887688637875705
2021-04-16,0.0059072037192950955,0.008207894890343903,-0.00037922053149919144,0.0004891283458599016,0.0008356345848441471,-0.008693022646862336,0.0030165621796223174,-0.014898859452999402,0.0011411504836964514,0.003024527184813053,0.013358478747420799,-0.004555771432149025,-0.0028835287510211582,-0.01053714918522164,0.009896727351974999,0.0014945384504723158,0.0017796862127641422,-0.0035481202198212047,0.005580639040846158,-0.00038129312642354307,0.02225718266648613,0.0033432248972979917,-0.00413361657471778,-0.00734399956933407,0.02103367947171786
2021-04-19,-0.00032199292423074066,0.005294787258801392,0.006733528694638169,0.006355373319554047,0.006124284330104368,0.012331970247107193,0.0030076442522783964,0.012920957623461016,0.0037305561076439453,0.009255771258948053,0.0008417175938504329,-0.004576621473513787,0.011566852599049549,0.0076066879379084185,0.00529765158331208,0.004774581564672475,-0.002753735017188119,0.013418271709572771,0.005045649285485121,-0.0008325341452206647,-0.004781411628224874,0.002443314236833416,-0.01100904955405091,-0.010701955461615786,-0.011189809315005572
2021-04-20,0.016617330443454703,0.015063938152363177,-0.0001884135093614958,-0.011294543565012138,0.012616016961592758,0.02152141445260569,0.02098937789005606,0.012449841113012061,0.014798456524013348,0.01709138023965595,-9.365245644366027e-05,-0.02643685935198925,0.02624743538839236,-0.004026009392660068,0.018904060636034448,0.018562516104540627,0.022271703324620917,0.011058428686870903,0.006191508397161538,0.013641490052309413,-0.01973237608735301,0.01528892598536924,0.012408820323635439,0.016560105568150796,-0.012860563963314364
2021-04-21,-0.0019393706356711782,0.003570733613045718,0.011966606533501123,-0.001351192794538103,-0.0006009994524820428,-0.0007952160229174332,0.007929491979544512,-0.000123855239418047,0.007257422842505745,-6.806783090618218e-05,0.02120708391088133,0.024203220453729246,0.018992185762814584,0.019706936424076726,0.011183516176106023,0.01093453714094994,-0.0003485392454727343,0.0006950215400711723,0.026608970531725618,-0.0022941579497066655,0.029494170068695258,0.012876837477058256,0.004145701629897136,0.0031530163504567277,-0.00468949964532861
2021-04-22,-0.0025380153197862576,-0.004892063140808145,-0.013035441104440437,0.003813007957655268,0.007217505390618051,-0.011735583329319565,-0.008158788852252297,-0.0112380742989594,-0.008921953410944816,0.004235669817681087,0.0003661699603578761,-0.014985658109684219,0.003230497748143879,-0.007433231861188716,-0.005753767175625368,-0.0037496449568015233,-0.0002614955755751991,0.010856896620186074,-0.00016215841383471208,0.01105177520153755,-0.016832408678297828,-0.005602322214873778,-0.007539216873932109,-0.009560161870935557,-0.009686039890270393
2021-04-23,0.009938809644598257,0.0019550263598095974,0.0004718885928653993,0.015806897511084106,0.016122833566816208,-6.720511888980152e-05,-0.0014684318807499652,0.00019539278017521866,0.010123325330480437,0.00367309862258014,0.004389392424636318,0.011702759929694384,-0.001238507120601251,0.016974570627166008,-0.0021218839981979043,0.004632351820989422,0.0016566490573697301,0.0008679260054007543,0.006480834080617726,0.00651816979262998,0.010981476136915136,0.013650954779197644,-0.009404804333645433,-0.0025121035142773307,0.009780776885339515
2021-04-26,-0.004133010486136457,0.0012265767198453847,0.012069643576896105,0.013872153253458253,-0.005769746776747353,-0.0054348683590121905,0.005295533068411906,-0.001587433580615416,-0.0015466132655664877,-0.006438850237263649,0.0006374177165819894,0.00809704663363009,-0.005952369161314031,0.010309245237768883,0.0002577829295917766,-0.0011527853713388936,0.003046841046705717,-0.005961592304420282,0.004024420644264781,0.0009781284326331185,0.027796728499723145,0.0006413245627308051,0.015336722593694452,0.005964861220657092,0.016753806232659096
2021-04-27,-0.001976312030144922,-0.00868731599329775,0.007174075544959857,-0.006781673695754775,-0.007307992646554795,-0.0020238023207594935,-0.007316552060009807,-0.004309751395263572,0.0005388073046344033,0.004570692421182354,0.017288465734836223,0.02983362059360206,-0.0009979043188754755,0.00874646244674171,-0.00025771649467876134,-0.0066358668115045205,-0.0032112216431634533,-0.00021805876951463965,0.00962016655527087,-0.006739090642497447,0.018224146924835427,-0.00021357121655640743,0.00071957267925149,0.0076426054828588885,0.01390304056950109
2021-04-28,-0.0021389673506643225,0.0028088743928933457,-0.005180412442517546,-0.010182152244068265,0.0024359191269773817,-0.005137510760140462,-0.010023218376735032,-0.009105411106713479,-0.033901352807389484,-0.0046174982680959875,-0.0005368520666002574,0.018384445456231857,-0.012737192082244775,0.006261871742402114,-0.007539061929052737,-0.0037758577140148963,0.002176859375655482,-0.00665311213814912,-0.0047641756936201984,0.010516416689820174,0.006047633311941691,-0.021367381678312647,-0.007008114340648741,-0.012423115732272838,0.009903454676883916
2021-04-29,-0.006112208337720637,0.006554228970188314,0.017482041134585735,0.03049745075910315,0.01495753724009563,0.012706345344426495,0.008635695256534515,-0.0018378739168745106,-0.002787712814124599,0.0016372013902878901,0.01145539907698856,0.008205762904327063,0.019225763726177014,0.01579691657310356,0.009479078666158047,0.010349678274343743,0.010165080413472749,0.02287452784666999,0.015318326477917532,0.0006715546512539028,0.0018685615571660819,0.004585227416656901,0.00977184927765462,0.007415104289540508,-0.0032684397622776418
2021-04-30,0.0174115045467238,0.007902774614908292,-0.0006398308621025084,0.0005871452902803664,0.005852230250775525,0.03535948471063355,0.013877040279950181,0.020791002938584935,0.015200667781694932,0.012736541215149444,-0.0015927508792638045,-0.014650012978188465,-0.004219425027543355,-0.010367579263653837,0.011898661183270764,0.0010861416301459759,0.0022362689476167485,0.006011284373254044,0.0004715794466469969,0.005501465847054243,-0.01289221480871272,0.009562862365590119,-0.00609321956456621,-0.013801085246703648,-0.021947868851256547
2021-05-03,-0.009223903559025692,-0.006294586033455785,-0.011614136218355275,0.0022300756832382973,-0.007193163751083809,-0.017108432397043516,-0.005532993884511006,-0.013471852847742105,-0.012770148294591555,-0.020646963186995104,0.001595291781651742,-0.0049560311747122165,-0.0004985132430973538,0.0014286660498590287,-0.004830608005293335,-0.006796841330724779,-0.004462482414587798,-0.011132601961220678,0.0040840855663624165,-0.0035364122779060203,0.011992663865980191,-0.007104084297059998,0.008655029932582936,0.019458908913132733,0.015475730818378608
2021-05-04,-0.014024421766891115,0.00533440449033562,0.003145924776671638,0.00046844965233949765,-0.0202452581740582,0.008835261335566669,-0.0035140403438732593,-0.0014347546356514584,-0.010982975258519212,0.017992313175836605,-0.003981835197450767,-0.027670196399028457,-0.005735820230142852,0.0028530252957104096,-0.000957944010892664,0.006260787716988014,-0.0035343363559592333,0.004747838693031525,-0.007665801746222334,-0.005893154169610337,-0.014934953998498646,-0.011925599530965059,-0.010368391698949875,-0.020656312420459733,-0.004572001071491805
2021-05-05,-0.0011251497546810318,-0.029958065004330403,-0.020568161577593558,-0.005501594510408214,-0.003915421624060222,-0.018626421379380642,-0.027622526275371095,-0.02398460099003208,-0.009729739623778988,-0.016122725121027748,-0.023718413491798485,-0.002276485916142712,-0.02859290382632751,-0.02465648819000954,-0.02352616611595204,-0.028505127047305234,-0.022404584296113583,-0.016932381173993538,-0.014031212145977023,-0.009060240282647403,-0.0036257371510728387,-0.01228861065288045,-0.037030165612875976,-0.030169629256980857,-0.01607522729345945
2021-05-06,-0.018423070799737373,0.0056980940981996575,0.012430699075862472,0.0042372953652416445,-0.012555799108067478,-0.00419564518955462,0.013901624261494883,0.008773438118817811,0.015628343845194514,-0.0019880879257642148,0.03712463262118293,-0.023388550890342197,0.07539369186845768,0.017987612907786055,0.02160509598308069,0.006106735354485471,0.015131267953892635,0.0021484853220263833,0.020466840424081978,-0.009041304101473968,0.016539914581787052,0.019328741284412754,0.013130395197411104,0.011837643564682532,0.017116023340385755
2021-05-07,0.014220193022281835,0.00929164993217313,0.006045789933678103,0.018518540045781684,0.01348938413408396,0.011034660830928411,0.008119866953531174,0.02055546717761536,0.012583599494288888,0.011541554167317614,0.020968661661590504,0.02686916829717778,-0.008403228635613269,0.024832647986441136,0.006344497742787558,0.00814184406710372,0.011332032170959128,0.00748551012262344,0.0241303448282979,-0.0021950390563639788,0.016433504131693866,0.008936361777809987,0.014071682758959536,0.016188198695629596,0.019887713302491727
2021-05-10,0.004565856174082006,0.005613542076917,0.0004622801966083223,-0.003567378395223142,-0.0007087514338069978,-0.0009920653462078821,-0.0002983978471047255,0.009180697824446415,0.008584962402468976,0.004075070581121443,-0.0012031894800709209,-0.026734852831619138,0.012348715381858888,-0.0013978166553259008,0.014965357978560467,-0.008223199548185733,0.0015513342558541865,-0.00039686979125641564,0.0010710591848364093,0.003953213136327571,0.014486925428278008,0.007993329072542243,0.002921521521172643,0.0029691849437678552,0.019750390922820937
2021-05-11,-0.005228888230387141,-0.01166683542547875,-0.005729533516567464,-0.00993178216108448,-0.005294932304141686,-0.01575851377120574,-0.020292101283372332,-0.0027222187625609573,-0.0028487760045362576,-0.01853359614549488,-0.017379374585925755,-0.007013561212272146,0.002870177238107896,-0.016332309049225002,-0.010603477370833003,-0.019988144350677528,-0.011531737849447943,-0.01024694908555368,-0.013908081353379176,-0.0020886816717983203,-0.03242581252339072,-0.011573025743312426,-0.024030914370595458,-0.016417392845090473,-0.028193132019565192
2021-05-12,-0.021672211452840262,-0.025698737735444066,-0.035133440378758984,-0.015747183607294657,-0.018604164495737652,-0.010292823614986846,-0.021931308964799112,-0.017659037253362042,-0.03187309445543962,-0.022742828828299255,-0.03265886682544328,-0.02825196716619749,-0.029811721341489905,-0.029411646370979927,-0.020039520451681114,-0.02190671283859391,-0.021678718795190677,-0.016804982753305553,-0.0294482011046302,-0.02470420121471384,-0.04093297204985791,-0.027753805330200998,-0.026674015833203946,-0.028047593747477895,-0.050958973194420665
2021-05-13,0.008430970741781563,0.0016231999659419571,0.02119237068118096,0.023702299894528434,0.005144594849091133,0.012371100553014491,0.014325636549314291,0.01427605274162902,0.023571898709567884,0.022496211276101796,0.00896071330976489,0.011508276005604667,0.029498584352986024,0.019550452116789074,0.009706919534545833,-0.0004628775035387944,0.010056197114231225,0.015720395395523168,0.006707321195567717,-0.0037994174734301556,0.0031458037484468626,0.022970542919049652,0.027788410646409023,0.01463970301015527,0.013290735269568588
2021-05-14,0.011311527930490728,0.006076996747319763,0.020658619835227432,-0.000694576991218554,0.007566161665396809,-0.00040303898493410095,0.015658662428931436,0.009211696287594107,0.0016325627455551217,-0.0024828950230122437,0.009509171730275767,0.037724612719689965,0.014804014493603912,0.017737423174909228,0.004614400351654835,0.009734909453166019,0.01013218770499602,-0.001824940447897161,0.011579709343587208,0.019246562307319692,0.03551132432367421,0.011336550502957676,0.01883295393657569,0.015815842762118226,0.0049843240314542125
2021-05-17,-0.0035256886388705944,-0.005637787771391123,0.01792974850277962,0.004170535352459481,0.00491404254694916,-0.004432767559483075,0.007255343293987249,-0.009681431551540332,-0.0008325090074614572,0.006775866056077273,0.003999090183993026,0.002884962966306137,0.024705935155169723,-0.005652637477067568,0.002807332968708831,0.0009188358018281662,-0.004012237939822638,0.011446208185648121,-0.002665777754435439,-0.0004155603521496243,0.0004911610576141534,0.00021550474448273071,-0.006771690978137346,-0.001365826719711305,-0.006264422118630875
2021-05-18,0.001870666597655335,0.00451263988434869,0.020610135322850498,-0.011998164650043774,0.004230755194525093,0.011401464002362749,0.0024009766022132784,0.00445132445215668,0.009440577806456352,-0.0024722586290375492,-0.002566899939976497,-0.0017258729420616126,-0.02250283808548359,-0.015632059617609828,0.001144762780955988,0.0012230154104206914,0.006918183776854825,-0.0036516823827345,0.00047172794211469693,0.009809154140700604,0.0026997683796630145,-0.0036640011808365403,-0.004606593868917486,0.00013623637651050124,-0.01970110379819867
2021-05-19,-0.0012584376992571533,-0.0031677374690500804,-0.02642116775962844,-0.008757589973671265,-0.005033585023272891,0.0006670408726847654,-0.004491133888145704,4.199759875889164e-05,-0.019013366595361902,-0.0022032677804161294,-0.003993411851926698,-0.019596780142167702,-0.010570625494434105,-0.013956179701775095,-0.010802449706800221,0.0027491926288307766,0.003218078422060122,0.003519745879871472,-0.013201341358537677,-0.008116822983381788,-0.002447741686065097,-0.009517457458982914,0.0020362479733426753,-0.00423838781592023,-0.0010715329166367527
2021-05-20,0.01942796469399255,0.011902169060276302,0.009685443100655,0.03369066593137848,0.019796297334733204,0.008266437253706238,-0.002105210664095858,0.017837258004912204,0.011180296010012025,0.007658741405647929,0.004187728734244223,-0.002351360979892747,0.020892384177060297,-0.011712743484779797,0.014646476361082295,0.01903743679072889,0.017425299333580613,0.00994448171512019,-0.0006368596474010113,0.016366489867880363,0.0024537478269082147,0.01463199986023711,0.004433549731285291,0.008514164917738931,-0.004291752205075383
2021-05-21,-0.003468761316246849,-0.0030833870970037314,0.01429898193170609,-0.00649572301793977,0.0005394419951327833,-0.002314229774217469,-0.0072333989080152206,-0.003982878639940846,-0.0013516363702500422,-0.001437856744254784,-0.001774525206900135,-0.0017679268993370245,-0.00023239838962230142,0.005925958368589779,-0.005698032083420013,-0.004932157640014312,0.001448499740635878,-0.009165862610594933,0.009720903800046976,-0.007437369638212288,-0.0015502142686940612,-0.001937325506028098,-0.004046113625362446,-0.0021790120821112424,-0.0021551895721877434
2021-05-24,0.011322163850916889,0.01941610246578418,0.025963534937329724,0.018123443743104595,0.0037182584101684846,0.0021207561998943802,0.015482619729423108,-0.0026476458129494063,0.014716288206411798,0.0074061018174604865,0.00568820390046576,0.004132135121597491,0.01628281600741399,0.012763759459747614,0.014835997218898944,0.023430825713503634,0.005275175936529042,0.00621503940989987,0.005681880612501633,0.019282951792506164,0.018467031405458023,0.012939497337413064,0.018836402962844057,0.018832036199950775,0.0029697458986472913
2021-05-25,0.002334288260844586,0.002022353507565411,-0.004870097464438783,-0.007210448110018697,0.010524376936641211,0.008067748546531028,0.0029896145828598453,0.01653525975126069,0.0016758605670910143,0.005853720849598343,-0.003181423180297127,-0.012933339549722311,-0.010757424360583023,-0.00484727791522066,0.0010665284904265437,0.01027267709771551,0.0002538820073063608,0.001149300951809984,-0.006434364170247564,0.007418712458475474,-0.0019255416422457872,0.001703147725754972,0.004168914130039836,0.0022770641535501124,0.002961016775502534
2021-05-26,0.004301917082877527,-0.005214415447278409,0.014244582142439954,0.001134798808491544,0.0009032671657092095,-0.009708786625889032,-0.00834569671081098,0.000177148619501466,0.0006486387796209581,-0.0032482882670287205,0.009043264271862972,0.01608091216199159,0.0025451081918286267,0.011203267733854716,0.002883406284073242,0.004067439000235984,-0.005669191852958222,0.0029054210401135983,0.010582623069895325,-0.000870132501596399,0.018488462854738597,0.0002126806380975399,0.0041517705052271925,0.0021380732267506364,0.017981788834969814
2021-05-27,-0.0013754900438640583,-0.007158203483835557,0.00508342864690392,-0.0071412930638755645,0.004830949437175658,-0.00523321639426777,-0.009918904395245676,-0.000408059727062815,-0.005254922519784211,6.803375263286782e-05,-0.007820136036966296,0.004102927548918389,-0.007385421228588984,0.010115223529304718,-0.010187365690010552,-0.013165289996895702,-0.0055314890916352555,0.0010373999580415294,0.0021881754416457344,-0.004489205582117184,0.012549387248053545,-0.0017000892293352887,-0.008628335067420223,-0.011868308157626628,0.010282046403517597
2021-05-28,0.0053127289498087205,0.011978401584449738,0.007801236709437553,0.0021692253607739076,0.0011623249429957294,0.009256426259682593,0.0133575966640751,0.002217216528020094,0.013001524668214692,0.017039927432206614,0.012575473819838034,0.002335313402027195,0.012322552060644254,0.016214020634996773,0.014648517535278849,0.006251964201297477,0.008386014170018496,0.009325625561732664,0.00748614486575061,0.003297681722365775,0.0015591237125256452,0.013835678231333803,0.005439623891263956,0.009041838859882079,-0.009394677912350491
2021-06-01,0.012174194692808893,0.013800083211176872,0.020755369219874087,0.02141723523532213,0.010659800465194325,0.01049066699766854,0.02067123279530536,0.0036649902279173308,0.022554172581473075,0.014685494043439107,0.02072744374231017,0.02912058457796518,0.014699498441998804,0.022993937837792133,0.013690261309044383,0.01388892548132703,0.016887548391349094,0.01090327578271899,0.027089747887802718,0.013920745811583535,0.04436149944515666,0.02330475450464986,0.029756356431423825,0.025812439300711754,0.017913643603013174
2021-06-02,0.016861749872928655,0.007193538547234146,0.011833387461436251,0.003903618780120688,0.01978902612723865,0.010512686438276297,0.003228342230700898,0.0253038392432694,0.020599373116905628,0.013091010358146082,0.01987833792434235,0.0016978217203598156,0.024898049119332466,0.020183260456809515,0.01743400143495899,0.018168864507591476,0.015938977167359702,0.008509949783460646,0.016428150406115005,0.024282955435592113,0.007451877445245669,0.014566851970123418,0.021015833048730448,0.01460229921612699,-0.022774448055666863
2021-06-03,0.0015976754044433328,0.008295651761706768,-0.010706439933030998,-0.013442940292805683,-0.00204803479778759,0.004329249087187348,-0.009361745630996898,0.0249426417948293,-0.0011356999873638474,-0.0014284838635436614,-0.004032430449208757,-0.015254359258082717,0.005742046995137251,-0.0031476901811656743,-0.011886148326430646,-0.00594821584151084,0.001067931112623377,0.002986187066965851,-0.009341877941155596,-0.0005812663877075019,-0.008358591310342889,-0.008088850778100842,-0.024185206220790234,-0.014263576004431067,-0.03458346785226363
2021-06-04,0.007328326806143481,0.0030513990498006738,0.0012485073910109001,-0.009346867145611615,0.009234769655945385,-0.0016084071585260595,-0.005020997684632822,0.010746113373329091,-0.008608810524942001,0.0025359126795572173,-0.0077606844150373,0.0028686895013341207,0.0028543225649637627,-0.018944355593952134,0.01074674191085756,0.003276673033981492,0.004266658721441274,-0.000484640728942054,-0.015267016482401585,0.010664502963454003,-0.013352054260842294,-0.0004076357792434093,-0.0022850944737380363,-0.003389248289030311,-0.007715566308994504
2021-06-07,0.01262831193342695,0.01863235065278368,0.02394614753515456,-0.002614565803591984,0.006761282044661421,0.02139418428908968,0.0118731928778808,0.012312245874810834,0.017858842946606,0.015632154722932556,0.017767764435173694,0.018306485894055147,0.0010952931814991462,0.015172526588938418,0.003564070774899397,-0.0009942392906872044,0.002369678191796787,0.008693914385785595,0.015351775016141156,0.007898167571126935,0.013079358233131444,0.007138443535927852,0.0066949961155298165,0.0054938810649021175,-0.008608828903832855
2021-06-08,-0.0097161544079023,0.004212778440881415,-0.00649625343630178,0.019033574640984208,-0.00888709315783398,0.00959026698196408,0.005279933849198892,0.027167797608622424,0.004667956946110996,0.012326088631481769,0.017457185724662816,0.01685394978056798,0.02055967261213576,0.01141024169281768,0.007765825419072669,0.0015636904705269572,0.007988321978096735,0.007485601594073854,0.01197596104045262,0.007043325197834127,0.012761167872372692,0.0040502526149908125,0.003850046774485305,0.016651108323480823,-0.0036414152366431862
2021-06-09,0.0037216904366463854,0.011204902489764468,0.0002451993419261278,-0.004138270119978027,0.0041269848536888976,0.005374196180260693,0.009921041455184021,-0.00814309388850376,-0.006504964507541122,0.0003782437237918046,0.005336302319020048,-0.01602199511583846,0.007715625331964571,0.0,0.007645811958551629,0.007096759814257725,-0.0004042110425672707,0.0014997499330426933,-0.000887143132601298,-0.0022366510428524222,-0.0008844615421519375,0.001815412379319703,0.005927504185120336,0.008829304908240854,0.012931939844338158
2021-06-10,0.014269324239047254,0.01754000498640007,0.002533350067388751,-0.011455573472293867,0.015982464061088386,0.019020626669396634,0.009535095482485545,0.01602478588427525,0.012901754590166181,0.0037210643002938415,-0.003593100707060981,0.011229656343310523,-0.01318610891731764,-0.008122696478714442,0.016835610023716363,0.001690723860698684,0.02160000326709377,0.005547188722347718,0.007698859877003139,0.006125377056888537,-0.007743844947237566,0.010468963962211753,-0.00017327862454574738,0.0038052880033006,-0.028587021899538656
2021-06-11,-0.009120517636833081,-0.0017546408275658232,0.003911991100326029,0.007839155506950357,-0.022975359996378675,-0.010614031537311663,-0.0045794555851547125,-0.008444757155372629,0.00022255424261330425,0.0018222430740333362,0.013030887279868342,-0.005552475776826937,-0.002586151468221387,0.0054596225217906635,0.00011647828813399208,-0.009847828738805076,-0.012432780286864897,0.0011505403319531649,0.0020570694925667876,-0.004111264840627071,-0.002303991884649581,0.001992350121209352,0.006933606635830758,0.006823312021360328,0.009142847071487825
2021-06-14,0.009651344302018972,0.0005687253029029726,0.006982333536657004,-0.011385437342510962,0.014099119308051966,0.008010718120116778,0.014951481938762834,0.0097420884605246,0.004106841656823068,0.009403402019539708,-0.0016179698648696172,-0.013400292883810394,0.006110233323628256,-0.0171946366982485,0.00023314532034168778,0.003125680599118219,0.01162690698850799,0.0027910044461085803,-0.011315797242234416,0.008414120496213817,-0.007077617334539044,-0.0033804000795913947,0.014976610707557292,0.019201788809892983,-0.02236709542872195
2021-06-15,-0.0017344972157870009,-0.050689830230388644,-0.016367002584297463,0.016077579374848883,-0.007966275493213937,-0.018234702741309672,-0.015014507241877695,-0.018192064721582413,-0.013728361829302482,0.0002502043393679543,-0.004699916624060663,0.004527273342718852,0.00043518564204214627,-0.01611427599731552,-0.004196069222840104,-0.014022500996955345,-0.019039070187850227,-0.004887151951195712,-0.007779568271807036,-0.0008751412820814375,-0.014930868710084533,-0.010175597830490157,-0.008819550279321908,-0.0006155637469539288,0.004054622032064525
2021-06-16,-0.014567402394328077,-0.008600038511373587,-0.0073770829747592526,-0.014813148757524264,-0.007979328702943156,-0.011294116738541748,-0.015530537336316708,0.00119902261591176,-0.00659027260043743,-0.0028129301858793587,-0.010665055890232256,0.011830984378309317,-0.013054832130546146,-0.005615240995490045,-0.007022628372875039,-0.01666433053058647,-0.01396779992999897,-0.0033426034419602457,-0.011158118483890811,-0.007631470385686345,-0.004265435967243381,-0.008062856008573704,-0.011464760909805527,-0.0044358348342338205,-0.008364464207370359
2021-06-17,0.01602223845134132,0.00653340397800517,-0.015194042210077252,-0.005239766256697864,0.015004040665392626,-0.00558504507238422,-0.0023369987052336283,0.006778193597205107,-0.0011973407785813572,0.01147101194724831,-0.010039627724547695,-0.008908681614625436,0.004629768249978294,-0.021176628208248727,0.0009426961240106557,-0.003214263201752443,0.009800504859537984,0.011737763656030298,-0.011588845038952966,0.01446624204782565,-0.01583397680903953,0.0,0.0006922747487436709,-0.0030937580873717785,-0.009889415462208673
2021-06-18,-0.013246416159228391,-0.0035454587765505474,-0.01677015935919246,-0.011107307916695675,-0.013309049808858942,-0.01589099279779127,-0.031039425039223634,0.008963828965785403,-0.02423459313791343,-0.012084696789198546,-0.025020733746963897,-0.03707874393398003,-0.02896634405097731,-0.022596261447144772,-0.011717324933016915,-0.020371882294248356,-0.024794015662873536,0.009200571823248849,-0.022986890068951937,-0.010687297711692634,-0.025882354057433887,-0.0199146272877061,-0.021449365733276826,-0.025326176400877642,-0.01850781056147388
2021-06-21,0.006768434908938525,0.020692016433537797,0.02021176065461061,0.03056970091466149,0.01755557122941953,0.009597639974239236,0.022665041926968943,-0.0003278806622942776,0.02324279240453664,0.02666079513036479,0.030112938595426186,0.028588002771637422,0.025084518569677527,0.03394005485686713,0.018708221860606278,0.018252213497152114,0.02525716820916002,0.017394866767043604,0.033475518379760594,0.008416057023421075,0.04923026548296172,0.02736903938467261,0.018560985193291968,0.026366232104356735,0.025441310227796388
2021-06-22,-0.004220538635399174,-0.016196537277137324,-0.015631516242809895,-0.0071910043780722965,-0.0026813125962783513,-0.0050744750035981445,-0.004727790024768086,8.514366450929067e-05,-0.007138975826719296,-0.0044607314251733365,-0.013948148050945353,-0.0073736936980494105,-0.03527340771687992,-0.021883655368919785,-0.008597736192992977,-0.008521961941788114,-0.004975756655229979,-0.003623438027883563,-0.012987088857364215,-0.0002804229676865999,-0.009505915648942875,-0.001816511218373007,0.01596676633506089,0.02035223530054231,-0.0037942623252237295
2021-06-23,-0.008964451934281747,0.0026711660300848816,0.008152040340692501,-0.020258045531494018,-0.005631226619413288,-0.018981239722370646,0.004750248200827256,-0.023110711888498447,0.0044773186995827885,0.011354904572331792,0.006691375457811288,0.00628598415451842,-0.005941369532868057,0.00729546181785512,-0.00041280533284626664,-0.0008890728279749016,-0.007050495173102522,0.004331280466582044,0.00340574152166484,-0.011868045573593222,0.015048034540912969,0.0024262018831511245,0.01195762986342519,0.015203319348195521,-0.006153002550125963
2021-06-24,-0.0002648081214665643,-0.00027187799516670275,0.002948294718507327,0.013284065264328015,-0.00040808656900181983,-0.01263574542196988,0.0005914528524524343,-0.030165786404248385,-0.00361117883901918,-0.0063720098733986985,-0.009255344555593292,0.0011353480185793963,-0.003448196125305558,-0.0024139756312812066,0.0008851823426450078,-0.006229582463478267,0.0012385014997633448,-0.0063209506907940805,-0.004011253464733633,-0.004696911269736814,-0.012026221681485816,0.0006050116515694537,-0.021606919615047793,-0.00011996618115994728,0.00913912760043245
2021-06-25,0.009047801138962974,0.004296277449366226,0.006130622671041364,-0.005585930881791712,0.003062294957271172,0.01453036536269825,0.003839241849628916,0.005235568910781696,0.003657214593505431,0.01624604294493537,0.012908712510051323,-0.0034030055177710627,-0.00438303467248824,0.02032886047580229,0.0033020856432810497,0.01686592919996932,0.006019608252053832,0.009640948137008998,0.007744605059593956,0.010673747825522106,0.0034451788524150206,0.005039532540497937,0.006038565334794521,0.00670998629668218,0.0017527858086454629
2021-06-28,0.01969670775356902,-0.0016786190531516976,-0.02562591090149413,-0.005846636668619731,0.0076325129510017575,0.0031537635410998632,-0.012945183099725477,0.01930021591705766,-0.005531008572494223,-0.004807979761720538,-0.017103910154816604,-0.03528735785056181,-0.004865439484445178,-0.011385323699384386,-0.00035248666884313273,-0.004403706943316488,-0.0031146937095061222,-0.0008204385753102228,-0.012757114136447756,0.011720544907990904,-0.006637738229621881,-0.0016046167023691105,-0.005144990401416472,-0.01261616140059385,-0.008457366895813334
2021-06-29,0.003679540375797874,-0.0012005245157443722,-0.016587818329463988,-0.008417935270500387,-0.0034338426249209686,-0.001833941308425624,0.00387502058036171,0.004771336157151307,-0.004710849362453473,-0.005797427233450669,0.003838493403778287,-0.0017700844583156128,-0.014668330729457835,-0.001919272407222672,-0.0014108792945951576,0.0017692741421511116,-0.0013979560887892317,-0.0033498235728395276,0.0028021841921936907,-0.002571108854144799,0.006067654132619449,-0.006227389707350706,-0.002413328939907311,0.005424357002254965,0.004117686793424058
2021-06-30,-0.009714596968840694,-0.005901230405290003,0.006676938255187448,-0.0030235435898933183,-0.011401050870750162,-0.012794378531868489,-0.011579961743697242,0.00033665533097337885,-0.007016984711387231,-0.00492026230535203,-0.004333870996625633,0.010047477729518528,0.0,0.0024041084868404727,-0.008419129554865568,-0.014384023971377946,-0.015808918173504494,-0.009193092943948433,-0.005278714702902865,-0.010279048156527693,-0.0038936518005421306,-0.009905121975898878,-0.005572997869200957,-0.0037167459296911787,0.008201671454455495
2021-07-01,0.0007032493700209752,0.0017587138826002935,0.0030543882682196877,0.0169135295866627,-0.002050248137415278,-0.004120825502722414,0.0006010717687179312,-0.006179744637773488,0.01306607641945945,0.0066539713154813995,0.007766753774899771,0.013458202257873753,0.0070887922185063346,0.011030922889064154,0.005996872764709504,0.004644949795287179,0.0037647810618397504,-0.0011641101578718782,0.011706153324946733,0.004204386371321478,0.019058087939942903,0.012454289143712716,0.0019265948107978215,0.007581306726244241,-0.002614734369030036
2021-07-02,0.009396157845051434,0.009492301960602578,0.009831205881985827,-0.01445288061275296,0.011761643137666145,0.0028697896510256893,0.003001873823420542,0.003585184697579402,0.006350258371068618,0.011824321843521446,-0.0018633624006819671,-0.004041825321254744,0.00351961061867212,-0.009013148371490698,0.008971030868560215,0.006413005906258817,0.0087514435787297,0.007924453864479597,-0.004782413184644341,0.008749141558775486,-0.014520317312427644,0.002621251019548243,0.001048777534942369,0.01421230132681739,-0.0005826751888874382
2021-07-06,0.010481055430526798,0.013207042361040644,0.00180916286123467,-0.011405909548695359,0.013401731797897831,0.013642205612758085,0.01676179520697696,0.023248259750964895,0.0096451138557474,0.023852496438030224,-0.008739038186146075,-0.030144861008604917,-0.00818329647710525,-0.010531420450843765,0.01766631048595646,0.011410895180810954,0.012476352645427458,0.017243346107808977,-0.009921024441511439,0.010407477148215882,-0.015351380625875821,0.01307349557793569,0.008206633178110545,0.0025905192463053783,-0.009909455317761773
2021-07-07,0.008849365139330878,0.0027357883355905166,-0.016339785842335974,0.0023545672532814255,0.006011074771965053,0.010307233896833301,0.010891765193651315,0.010621169663557861,0.013179350416693936,0.0038634450789494235,-0.019515463757300733,-0.008966010664058999,0.008014784286188625,0.004353936521892532,0.01230082602968463,-0.0008791465887849625,0.0061202442316008465,0.0008441384806556762,-0.009550640464333182,0.014101675584728524,-0.014493828885348559,0.01211022851832455,-0.003290670306167587,-0.0031709756882707385,0.025610683141524593
2021-07-08,-0.0008986905783904264,-0.00016067557145094113,-0.008131091418496439,-0.010453363824626027,-0.0004479580658686144,0.0044837116156286605,-0.004659469752401391,0.00045919698071039683,0.005657109146859796,-0.011545511685319698,-0.0013094874765887665,0.001809440066003809,-0.0032739332859531567,-0.012523924093386318,0.009312288229241572,-0.0042527969858482395,-0.0014599292449644086,-0.003309239541757769,0.0009482119563306579,-0.005713244102916404,-0.0055648738588855995,0.0031384536043213007,0.00034765779566003907,0.00023577036537969498,0.005740368552445085
2021-07-09,0.0019069018266189008,0.019529399840461092,0.03279020715499459,0.01875373093239996,0.004881799077330218,0.007633620855691969,0.01696923818228524,-0.009502517929097953,0.017765829878501505,0.02164948566906988,0.03190542748522751,0.030102597824531507,0.02627891095127377,0.03463414748581606,0.016596381331331456,0.014285905361790086,0.018520094572462398,0.014649773376917086,0.026690106985915785,0.0012767366316588369,0.03677342193375277,0.023297949084516878,0.01858590441111918,0.018141059281861827,0.02226029519016448
2021-07-12,0.005530618808614385,0.00015732306356119885,0.013142892906060855,-0.00023306853121496385,0.006742153258181505,0.01232660697953869,0.00661670900286393,0.01125142571893023,0.012147430560742078,0.00860298403873494,0.019398577086489288,-0.0011689504567108377,0.017375285393208983,0.00990091377091229,0.010016541039341353,0.0062432328471278,0.01610988403517477,0.006608994412049318,0.018150841550298003,0.0038564138631451694,0.004472087842914307,0.006158520832197256,0.013813152030874853,0.012727103806154494,-0.004745761095250822
2021-07-13,-0.005214370401633528,-0.010389288834609434,-0.020132981064728828,-0.030532515927395143,-0.013246177879075005,-0.013888711933622178,-0.014575594127519076,-0.007847559692945816,-0.011106671867389228,-0.017689102840307447,-0.024181418687947986,-0.03101234215241544,-0.006741625233761539,-0.02100845147200825,-0.010191135662968587,-0.012121051027633833,-0.014127820503111121,-0.01102823829591848,-0.021302160733979614,-0.004385960502324759,-0.02809527756792818,-0.007268563695243979,-0.008410407752544868,-0.006397882817277267,-0.029172576492310864
2021-07-14,0.0101963342284499,0.00874859908532688,0.004126719250113764,0.0036061475364732587,0.007535557273033788,0.012026401023747413,0.014211152442569652,0.010692125596179824,0.015505621926070745,0.004487252983395029,0.007153331758783743,0.0,0.0004527369189495367,0.02002857506515965,0.015504725371661365,0.005842924203724564,0.0049359613749218045,0.008701811797975578,0.008644481845753171,0.00799012156865242,0.006634408452579343,0.008092454095325996,0.01221377981416838,0.014142588221232932,0.0026004487957551614
2021-07-15,-0.0003200596497857644,0.007096011526235513,-0.001627042784709598,0.00011980041306003386,0.001337040125140243,-0.0017157967511196581,0.008864666173983293,0.002644712693539164,0.004546796681292431,0.0021467542893200964,-0.006595173413947442,-0.012077305458863985,-0.003844687900695809,-0.009349836103573983,0.006304124736823402,0.0060992120814085116,0.005545376961861415,0.0015975473403049278,-0.005968818473813919,0.0016276771236021226,-0.007139709359605506,0.00860074475807071,-0.006033088354206351,0.004535315086986458,-0.0020171733918542545
2021-07-16,0.00419527809073772,0.010490440814953539,-0.004030402290856494,-0.006467076832662788,0.004649443533434994,0.0014640100880398688,0.007936887814977034,-0.003081334593817875,0.00412837777380104,-0.004573692590477796,-0.0028937592076522245,-0.02322750844635657,-0.01657175081624407,-0.00330341899497133,0.006319497521509954,0.0040416889715482185,0.0027574670957926095,0.0014671472447953526,-0.0038490871251000147,0.005386132172544578,-0.016121748820684734,0.00909638332038365,0.005226620708594254,0.012189546777793936,-0.01761492976733081
2021-07-19,-0.005558334884403049,-0.007024247039303488,-0.04675366616392718,-0.029170662917693546,-0.005316970289036438,-0.006356551298552837,-0.01743552532357484,0.0034035901060300855,-0.01711661246391205,-0.020123312172360963,-0.04191231434079157,-0.036921053102138,-0.013388906615784402,-0.07339028703875117,-0.009365496157397568,-0.012363493342995358,-0.003928376585792703,-0.017264080010314875,-0.04327650879761835,0.0012577617690565646,-0.05871486067135445,-0.010140866939229776,-0.03471992011861191,-0.05854138192495861,-0.03145219602633631
2021-07-20,0.007511962570322384,0.014460231711059812,0.04814368232163502,0.04122174890842545,0.006186903420835499,0.004350333488131852,0.030337473908654378,-0.0019775642481297817,0.024851873455285833,0.012879923064138543,0.04098374053317877,0.02664076343313937,0.02456712158685148,0.06489502519270052,0.01989199524853147,0.022561851540767286,0.009544149118181133,0.01189527317933492,0.04216491182925042,0.002301410099335932,0.07201988674373383,0.027698606464450437,0.04396190416491996,0.04252029932878987,0.02124458545368646
2021-07-21,-0.00968208010499616,-0.00015361152719661764,0.008617556956801442,0.025041717849235035,-0.010723849584876488,-0.014777604487946627,0.003611657618389996,-0.015480740351648148,-0.0006049757959921687,-0.01875171604790682,0.013950778007279618,0.036075795862301474,0.0022837145346246146,0.01967398445520896,-0.0046617553846115545,-0.0009966165434401875,-0.008516328189180578,-0.012492317715613988,0.02201196126251026,-0.009961047848659699,0.018307760028421827,0.0033226514122017825,0.005326181721238443,-0.00034070396801044733,0.012778591514180926
2021-07-22,0.004781334805531667,-0.004051100294320764,-0.02170201637100233,0.008492361152961703,-0.04510214560335668,-0.004525051006719405,-0.001937680702909006,0.0012928966373544348,-0.0091365594488787,0.00788276310478353,-0.022115683711654843,-0.02810012235677961,-0.007063236444686316,-0.03105890383041865,-0.002261114802050601,-0.0038472170607308787,0.0021276659275619725,0.003113882045859828,-0.022903224711348313,0.006446694011543963,-0.022121410598446856,-0.00018374779000551733,-0.004470240948204474,-0.007273683451973878,0.0026404022974222396
2021-07-23,0.012997124540060412,0.01405670175526752,0.003493609885789839,0.01199678032343221,0.007394928363336772,0.005714789456671809,0.005823622535262585,0.015423587071076383,0.01343440430913967,0.015642884605852947,0.006474212012394842,-0.008170999686082037,-0.0036712954601489933,0.010684749100738467,0.012194060711324672,0.008153433181715686,0.005661614048868557,0.014713070555297136,0.009779625641179734,0.008799615238206604,-0.0075939212590215854,0.01085738713397455,-0.004656571653676833,0.004693886840367423,0.011999145120276777
2021-07-26,-0.002278533133476479,-0.003859072580059908,0.0041773747368953895,0.01675588208207235,-0.006255066392118924,-0.0069736348474879195,0.003308226265259284,-0.004763033560098107,-0.0023798977478073358,-0.003792231658390266,0.0,0.025348643693453576,0.004375754638323404,0.0004806830691290731,-0.0042645116024216945,0.002554063733583467,0.0007038467723854414,-0.00044605722098789435,-0.0027671481034609036,0.003411761201766783,0.023197815493646745,0.0025490271686519073,-0.001670884752199009,-0.001823359292489557,0.002313370481373367
2021-07-27,0.00797565301242753,0.023294942826131537,0.007453788748392531,0.024103156944348614,0.012068210006679347,0.010404037990744852,0.015938888951786856,0.014852284688284811,0.0020540090508052167,0.006090602415947943,0.011320551630697562,-0.00803457270596486,0.0073376460901919405,-0.004803366306285195,0.0075480814295079135,0.005377587132364026,0.009454520616743345,0.00076527894832501,0.0069368145642052514,0.007687982157535744,-0.00913170201489244,0.0025419557227193135,0.004853653073348951,0.007648603105738783,0.005481856350610936
2021-07-28,-0.006622880197332037,-0.008817089605713035,0.015141149104625162,-0.0038314009848642305,-0.008377753332634463,-0.007851625740920243,-0.0035167576186784233,-0.0065575114474734075,-0.001989397083393296,0.004481659064032861,-0.014077278229054135,0.002492153556067578,-0.011381657092877973,0.0024131589462175196,-0.002762675231439249,-0.009994519435059801,-0.012075130751561303,-0.002867314107773633,-0.010869362698644691,-0.0013791256232352778,-0.005164286779382632,-0.00235445675485102,-0.008328060357145395,-0.009969602095194485,-0.013773367808054604
2021-07-29,-0.006947796592514099,0.003869792089184809,0.0034746907637601687,0.05010986328125,-0.0005702025561851176,-0.023806208581806265,0.008143396792745339,-0.059702715787606886,-0.0016308929356945168,0.0067800485657156795,0.009203308141371158,0.011808677541140788,0.00023022179206688698,0.02214740819765404,0.028344639059251664,-0.0015636637605657144,0.002036993705777146,-0.0038019354800340466,0.010679553984262347,-0.005524023274447232,0.005590206076613535,0.009259246765723317,0.0016796604689583994,0.0038906351971694786,0.013383725686121117
2021-07-30,-0.0007067828332207871,0.007959909457580405,-0.008698728516862597,0.009418182805279507,0.0014001029747960914,0.024386764995935062,-0.004576955974026187,0.043274204302373276,-0.007562018641599999,0.0023022360964026767,0.0017051227371642774,-0.021498788447123163,0.007366362040693408,0.0047102633611122435,0.000466181343302452,0.0043725911509995274,0.0011730779539755876,0.002148817915612611,0.0016844376781623982,0.007534581995852552,0.004765105064164832,-0.010793396937443744,0.002347339569668483,-0.009916630750797184,-0.03158191376878494
2021-08-02,0.0028996573224011613,0.008294410492294846,-0.008860213400201267,-0.008397237883906783,0.0001038157149455543,0.0037625207010254513,-0.008385241216016803,-0.0017307167963405146,0.0006097137544400777,0.006603912664196576,-0.008168095629796701,-0.008160740053029247,0.0,-0.0018752948643300238,0.010616296902001165,-0.005121961883896575,0.0032801502698496243,-0.004704448917442483,-0.012842190673304277,0.0040174818756606445,-0.0015809945932308,0.0,-0.008363981729615833,-0.00679268735737204,0.01452733664369421
2021-08-03,0.002573753077709906,0.00935926430388534,-0.002320620011551644,0.005854652897650414,0.008595812611285059,0.0026495536356536675,0.0021818826597768126,0.0016117747044810393,-0.0018885153248456854,0.007187970896535001,0.0011149699914483335,-0.0006328965996846847,0.0034279209729741744,-0.02395479090170849,-0.018959881690021274,0.006864100664311312,0.009419398882738683,-0.004597817963370998,-0.004026496291069548,0.01069054745922049,0.02549092543895748,0.002546076578097356,0.0033741306709063057,0.009737041443123262,0.009350967815115574
2021-08-04,0.001828773038782261,-0.002147408243149629,-0.01188928390522026,0.0044693930908183965,0.001899889975955693,0.005027299838609833,0.005716045504642331,0.009789122962087449,-0.011261012908568624,-0.004644625229975663,-0.02073703091101675,-0.039898810437575594,-0.01320858709119832,-0.011549576914732018,-0.0062157192021706775,-0.0036925561026385223,-0.005938321052752493,-0.009916838961410157,-0.01990390498214656,0.00881455710825274,-0.006484581396494327,-0.004897651808122294,-0.012777397286756198,-0.023074378929268113,-0.014475638646471167
2021-08-05,-0.007406822450373607,0.013106977370182404,0.019007723063159565,0.015418024349957982,-0.003484697541737858,0.00019256012222634844,0.011096211514227683,0.0027522747680837067,0.005000202053450087,0.0006829556863323649,0.059765350531466366,0.04089710552766235,0.020309050772626902,0.042356385721719514,0.006412139101255487,0.009123089910000992,0.012024772966995112,0.007830069337789292,0.03633200406946502,-0.006130323657015713,0.04141424812344319,0.007473782070712698,0.021457582185616886,0.01739150792632893,0.012925831030916157
2021-08-06,-0.002263599499229607,0.004393183683690793,0.008813013422789284,-0.0038723862636685924,0.0017485413520750281,0.007181376673262019,-0.019158328807110436,-0.012604828098170318,0.003838672210504379,-0.001933579207566205,0.0016513597267091562,0.022813771651280623,0.017190673821444014,0.020551162212950835,-0.0021410696328882928,-0.0024014869512515302,-0.0056725337475024284,-0.013531014007928888,0.016534120862784496,0.0002301457602589263,0.008729340948949504,-0.0070565405680698134,-0.02800922727302113,-0.016170259001480503,0.002030181611250237
2021-08-09,-0.00730177545998667,0.0048544889871302566,-0.005767468876812121,-0.014833728370764021,-0.002977552501652103,0.0037557179469187574,-0.005777201682379274,-0.006291623886918729,-0.01645938312166373,-0.0009685033661436249,-0.018052647506034858,-0.016728459303016918,0.007560620043203903,-0.0045767179667434155,-0.006542024104628452,0.0,0.0023127603664219176,0.016571974183073213,-0.015210834902097181,-0.001210046759992478,-0.01730759797417525,-0.005101936745260716,-0.015094430103160583,0.004460995652087796,-0.01215627260562524
2021-08-10,-0.016996389748199614,-0.021811222210919023,-0.008104545829852872,0.00010378511442588056,-0.016733482832088864,-0.020929495505375595,-0.02130599995700011,-0.02088380234244558,-0.011291509724802418,-0.009638427994738796,0.004785053283534069,0.02079384369415571,0.014566330857648024,-0.0009193752361039698,-0.02465502672024944,-0.007504935246924527,-0.005076630696213225,0.0039380896135667864,0.013457883438791729,-0.015263219175047249,-0.005645208632297893,-0.015567716798957631,-0.010275001313441723,-0.006077355785302885,0.01406378734991831
2021-08-11,0.006974231405678433,0.00019578717440249527,0.015739259979519638,-0.0021804494839167132,0.0051315516450534115,0.013538627265851533,-0.003958085688482549,0.011166001562400663,-0.008463088844483546,-0.0013244451921083922,0.008939800485706195,0.016049231484885462,0.016315315283520482,0.02623084297070344,0.005455171428923711,0.011699373509981292,-0.003478830399030297,0.0032156196699251183,0.007393838378891626,0.015206832439086826,0.010597314540520486,-0.008372096881923419,0.0014074558501777634,-0.005685273355366616,0.020803384710260442
2021-08-12,0.01020854493210921,0.0002443832611533914,-0.0038950020341460556,-0.005202913714245749,0.0070853204615077825,0.0067751915781719685,-0.0008516339513581217,0.005998285629086997,-0.0008568511948630064,0.007150423927965388,-0.0055484534734764335,-0.017618500834520656,-0.003639254619536625,-0.014798138969963737,0.0011821431111234126,0.0002821897113904903,0.00907694494268041,0.00961545076470216,-0.0055420806854084015,0.010764872032054784,0.0025467342237932566,-0.0013134899214573004,-0.0061499355816116985,-0.002501464941791598,-0.008774590689338835
2021-08-13,0.010248203791702215,0.004398755412283739,0.002295227845780845,-0.0023012680357173965,0.007604152037666845,0.010030397511577194,0.017897980130046287,0.002919909667769227,0.006541880777657605,0.0058396183336304475,-0.0007491807426940333,-0.016079085216276323,-0.009667001815419463,0.003186357185901434,0.010409385992634412,0.01438033358780677,0.014684332380745513,-0.001047729300758471,-0.0025608521068400947,0.010250730008585007,-0.0013447930209707915,0.0048845074679952916,0.00937064199293891,0.016360273766357958,-0.005710999290054586
2021-08-16,0.0009896623009917338,0.0014599849318204239,-0.00771786982931888,-0.010903763320144977,0.000924242132908093,0.014456168275309045,-0.005581803196252455,0.0108710928932092,-0.002145492400544513,-0.0021627076412488178,-0.014000262013930675,-0.021370242477859236,-0.005422701219117365,-0.018602907588022966,0.006584719192481048,0.00792242578553859,0.01295659107330982,0.010932019212479993,-0.009966708864449614,-0.0038440092316350816,-0.020199134156112408,-0.0007475895685508105,-0.009283648248810894,0.0017623646181936792,-0.004020647870300875
2021-08-17,0.011758502869986254,0.003352801361567348,-0.008888990765315463,-0.015051920967427357,0.009642877405394268,0.001363016402957662,0.0014027703226988653,0.009437916600547824,0.007809829568818039,0.006160826369059569,-0.013015493294503133,-0.015414210841706688,-0.005234601161546282,-0.012482536843688496,-0.0016884702050039557,-0.0028961172453977335,0.0029170876370745447,0.004400972388949764,-0.015100744055567605,0.020570465494410994,-0.021837156891906684,-0.008419434038279827,-0.006011398864259276,0.003870360963359687,-0.023067956690934754
2021-08-18,-0.010993629283603479,-0.010024885239295789,-0.02328361372991239,-0.011622921355326055,-0.014123135555148325,-0.012189083028700476,-0.010369296598748301,-0.01635631134024007,-0.008376468234075785,-0.010829030331593992,-0.007878007061107306,0.0,-0.007673645902071868,-0.01123574002806682,-0.013369677268386448,-0.008297331108962802,-0.011783798576614268,0.002222114948345233,-0.0013935344248932058,-0.01681956805024143,-0.0008583780668731666,-0.00716964711790391,-0.016008450060528867,-0.015071581344940355,-0.00236144730858312
2021-08-19,0.020325872709199277,0.0037669962796180734,-0.0034433450986199876,-0.000871017038871047,0.019839284982165584,0.02035703544337064,-0.0045317314437747225,0.024181114119363967,0.008162469994152044,0.011635149508820053,-0.005178483208601925,-0.03065883537463876,0.01171014058149833,-0.0023675681756029077,0.008516393705329861,-0.0023708188609814496,0.004905476795917574,0.007026335411242757,-0.001240940088772069,0.017559884733765907,0.003593629792525199,0.007221422166527214,-0.013557530410785223,-0.002609929894159202,0.003254368692695131
2021-08-20,0.005810298513641898,0.009113357043423864,0.0022145889135354313,0.009808211692745372,0.0007073444295744302,-0.0007977246847682418,0.00028442839581521717,0.002002517862211839,0.0026362827334613925,0.006005787925324135,0.006940531569787023,0.020188362247375524,-0.0026206795180654385,0.011865135425716877,0.010568626154870975,0.0051717124178782825,0.008261474260614632,0.005613208941974923,0.00729813325053974,0.00639137353011443,0.002413314571030112,0.001698219616947494,0.00036647767931952124,0.0016649966921002957,0.007372707381096522
2021-08-23,-0.007942756161722797,-0.004008524741954456,0.006365143888715563,0.005396071446567952,-0.010552793706164576,-0.004177832701890094,-0.006257080436194662,-7.181359257013575e-05,-0.007637251665408296,-0.000901397254930103,0.010339687423725819,0.0178101715247303,0.004379208210411489,0.002813979489191043,-0.009039295132565184,-0.010707498477468658,-0.006406103481452985,-0.00940567369937595,0.0027748264592351024,-0.01123833115160544,0.005358485275224201,-0.00866446150779876,-0.0065945120185836315,-0.00047473295377842284,0.010831086407057322
2021-08-24,-0.013552501621446167,-0.008291615428951071,0.004216271307378783,-0.002898285335413253,-0.01750357637215738,-0.0031463247581523524,0.006010340098332456,-0.018346624240345277,-0.006434215909815744,0.002255053681052388,0.005884237928607039,0.033052428468914874,-0.0021800571808999747,0.011693325582020409,-0.012144398583506688,-0.004216859415544172,-0.019791639828898866,-0.010584182491141236,0.006764076090945759,-0.015219178448418025,0.023945405349561133,-0.009500349101026262,0.005531962342843366,0.0035637717768033372,0.009557048518249012
2021-08-25,-0.0059733158086482385,-0.0033247707441047547,-0.0029739106301506224,0.017224658032449103,-0.011582460537337913,-0.018257287345362805,0.002276001334366118,-0.015495501420063396,0.009333026992405014,0.01366690134299886,0.013904201163486452,0.014429000559279537,0.002403271852582378,0.017105805688639508,0.007140179887816345,0.0012702056432329911,-0.0016825430480643666,-0.004561909217456694,0.024583928629660523,-0.007044539725254206,-0.00015092616127354574,0.0009592006049781165,0.01100313888685367,0.0048533519126532365,0.011474491133511622
2021-08-26,0.000989921504357838,0.003924686190121429,-0.01763482315816911,-0.008995644971297123,-0.002995446309773331,0.0014500255742571078,-0.001987050409168134,0.021621352173866626,0.002012678563685144,0.00704677337043047,-0.007860069630054478,-0.018552594800208766,-0.0013075673922072761,-0.017272472904853342,0.007355919384909981,0.0007048066356218907,0.0006893411826369711,-0.0003480999434682941,-0.004918310869630349,0.0025745428406491744,-0.011317298323707425,0.005941077754589408,-0.010702132631587036,-0.0025914864099433332,-0.0017016514881291744
2021-08-27,0.008192511289713211,0.0012702711386294308,0.010002800872627837,0.02114484589747323,0.006535731121570132,0.007868633266730374,0.009670183425316337,-0.00021789243420422544,0.006811431247729205,0.010743725983459296,0.016940500265153702,0.034656457019009324,0.012003447303630121,0.013876107887592415,0.001217050396720154,0.008030764870394558,0.0052825677557806205,0.004489938882922484,0.0188709972981973,0.0067049337711315715,0.02022284520036033,0.006096425681516138,0.013751507022962572,0.011455832855858938,0.02130700162494925
2021-08-30,0.021646239447273175,0.004978000754312983,-0.009903735775767641,0.004183161315571837,0.007016609359259185,0.014427146352976816,0.00845050144450532,0.018452464695326798,0.018830262776542206,0.011992287531360057,0.005884587512801076,-0.003654142451533171,0.006900999142398279,-0.004105979690813055,0.018075147431284133,0.007127503159726878,0.01842978099493675,0.009002100256877421,0.0024990493194168018,0.016467234269891273,-0.0020944291481787003,0.012308162941483403,0.0025321002240941137,0.0014013875092035999,0.008900976553348094
2021-08-31,0.0016800630116902138,0.002185556980612624,0.009109774143959637,0.0029161259995902356,0.012375721849836596,0.009173979675012767,0.005586976012237788,0.004071291997489679,0.012056231302199016,0.006787055372509343,0.003295410493827866,0.01222494991318479,0.022702973925176284,-0.001832232330672423,-0.0013495942232779612,0.0055134172925666025,0.006954214180255214,0.009546175917999777,0.006158002921918371,0.0009200588845088564,0.0077955171306980375,0.010475080889502664,0.009200799517751213,0.02063910714291084,-0.007444034659197185
2021-09-01,0.019817003268701505,0.011484174237561318,0.021860139460798456,0.010903378910579464,0.016744720851880057,0.01641136852868219,0.014721924689623078,0.030102624673489675,0.016810764727802185,0.01535489391019218,0.008376533683911669,-0.009661902858496885,0.012774835992233502,0.011014125169431788,0.01980516609234595,0.002630718292310652,0.023243792932178264,0.018788201227980306,0.005538161500264094,0.020642219645996995,0.010115266643841991,0.023509819060190118,0.010725959674370511,0.007425900898577309,0.0088888789299022
2021-09-02,0.009833610974683715,-0.0011017073953900614,-0.0038107521838541825,0.0056497489509876875,-0.0002524319242567241,0.00840333760889278,0.002463635070964587,0.00643385933622409,0.002081421195262001,0.009642688365063323,0.0028503782792623777,0.006707308745060425,0.022539235688265435,0.0022695525009610584,0.0005101727661218636,0.003728950785522267,0.004934906747753542,0.004094983616262926,0.0030430661780731505,0.0009006223107235201,0.004491682218169979,0.0030747212113590994,0.0024758004719995785,-0.004876267563311609,0.011895115668605571
2021-09-03,0.0037224648238221025,-0.00043195588821864916,-0.009911354913492154,0.006741532404781259,0.003031811021460218,-0.0023806379092616847,-0.007372879248366382,0.009606250894947488,-0.004213339873550992,0.010959844175578048,-0.0022739283340118543,-0.02059361425105999,-0.0014156445691629882,0.0022644132961016084,-0.0007133711359063044,-0.005228206211432385,0.0037555686962205126,-0.0008459987369693334,0.0018785112182126973,-0.0006271443835691448,-0.004911269243857763,-0.0016228925931037752,-0.006527726308858783,-0.011396370755603846,0.0016401222209319055
2021-09-07,-0.009238392186485811,-0.012090756154373827,-0.0031612885453128348,-0.005884681574949813,-0.014911750910196142,-0.007160252467309891,-0.015955647902935355,-0.001211925043031803,-0.02401853540040244,-0.01450599800146768,-0.006999672257685052,0.008039542608138106,-0.020048756996966954,-0.014459915699839954,-0.018966032716467462,-0.015075891270626918,-0.009641123999587609,-0.012274611791138867,-0.0043262873636888965,-0.0036018685598692146,-0.008619033131034959,-0.027451393261056722,-0.008879394642493543,-0.01913531749355979,-0.013919371424391369
2021-09-08,0.014704848631082346,0.0092278964999839,0.0014976957018835169,0.001020600843998798,0.005113738986838756,-0.0015625438466161379,0.016214358498103154,0.0006237501769279508,0.012762683123627605,0.007857378331307618,-0.002049102106622236,-0.010429280425407472,0.0016535664330037392,0.0018486862233295653,0.01579858537925416,0.006880546137623567,0.006465788074897283,0.011723173745560755,0.0,0.00936566678914419,-0.00706333385230018,0.012070455542709801,0.00895894464759972,0.010694523448267157,-0.02158865905355556
2021-09-09,-0.0223960839683488,-0.025938314203548085,-0.02014252095749225,0.0006117206104574446,-0.020758761581258667,-0.04971700341277896,-0.02035765585927951,-0.03145158751192545,-0.010249993963522441,-0.02733885816400483,-0.011827702817829633,-0.002479868380893757,-0.013410489688917449,-0.011531647487788343,-0.01841804578136441,-0.028312279023583464,-0.0275733272508617,-0.01924169030984879,-0.009270200031027631,-0.024227936327003263,-0.011351482189014717,-0.01724775971740844,-0.001953703857189737,0.0012793194456555135,-0.013578392518894367
2021-09-10,-0.009904914051209524,-0.013438373223094824,-0.02953325275934804,-0.012533072500393705,-0.02130338171674495,-0.015898004787903708,-0.007301310583195164,-0.012357238644185697,-0.019372627032537837,-0.00048113594673870885,-0.021195111415424295,-0.00621504591640587,-0.01672927154328463,-0.014465601709157117,-0.012352573013676205,-0.02511837141995954,-0.00809069490285963,-0.0028998765047540953,-0.031578856951548606,-0.01899080670005182,-0.02097369666726545,-0.015123129913167777,-0.00017772370198709808,0.006619232628034988,-0.004588727866319475
2021-09-13,0.0024835937607181613,0.0013521500550623955,0.02330953040688155,0.01135072162370765,0.007804295190333876,-0.0042478634001941185,0.00367757726930118,-0.005284432394664251,0.007920720546332749,-0.003207622997476678,0.026664316787000875,0.04377747568631052,0.003827989871550974,0.03740531244408207,0.0032721001575906072,0.008981125737786533,-0.006361177508927396,-0.006280046123955274,0.027475789596689282,-0.0004532739803710939,0.0251758355861893,0.011184826978557494,0.025983249593068747,0.017766492173712622,-0.004609405115894694
2021-09-14,0.006076036656653239,-0.0025503476598780495,-0.0022596980908812236,-0.015814743576919477,0.003978806278380986,0.004298272654050583,-0.0031003942116684113,-0.005538749481374672,-9.21927712527193e-05,-0.00885536883714333,-0.007940417917797427,-0.003595100443292032,-0.02449488265937705,-0.008215372225127249,0.007732091803070329,-0.00466940603765853,-0.0017320121072278427,-0.00557638229182833,0.0006670328861737573,0.011086958158302851,-0.011897445082906022,0.0022495978102625713,-0.0045100689283392725,-0.007708044777609335,-0.01331428659306555
2021-09-15,0.0029014912221569933,-0.0031588444203909383,0.00905944287734628,0.009848689473911154,-0.003170471221951021,0.011737336116383057,-0.0028270919817345863,0.01024089214359103,0.008598726653099575,0.003160096926038136,0.005002561443865128,-0.005411780106598929,-0.008142662196098605,0.0069028713270133935,-0.0022446091563254056,0.003665112934169157,0.005582795713793498,0.00658400846071916,0.018367532496519567,-0.0031129304954758963,0.012272283027314312,0.0035541942507133495,-0.004704540331248341,-0.007539212185188715,0.02786744249293327
2021-09-16,-0.0004035344189833312,-0.0034703167809524427,-0.0018853436676122826,-0.0012319345249004465,0.003021414968056968,0.002499542345425043,0.0008503819208331986,0.011630720758696977,0.0014055369012386798,-0.006516953344410603,0.0006635735802182907,-0.007859842675773887,-0.0035498551445138915,0.009140731145088399,0.0010465209127434871,-0.0010225257950633448,-0.0006030053612670061,-0.006635352096316827,0.00741845378532946,-8.430513754387192e-05,0.011589839275775393,0.0018638759320785958,0.009803988129334362,0.010704230594325459,0.018550132432108013
2021-09-17,-0.011408892256101866,-0.02150126300069266,-0.010614329843798398,-0.015520630301376404,-0.0035937979743769777,0.0024934250571360117,-0.013031040689458373,0.022654600144327963,-0.01580680832951764,-0.015469641650146415,-0.01094341939015897,-0.00914077605253616,-0.00022266907697965355,-0.0163041317184619,-0.020224799968901808,-0.010381427176257785,-0.018630355232373885,-0.020006668255026172,-0.013716595021826428,-0.007680910923319018,-0.010552506183651111,-0.010604794319359567,-0.010055599156963635,-0.022548482857033703,0.013449107710174601
2021-09-20,-0.00871504072387641,0.008820337490194285,-0.004363854461886252,-0.013050741448434766,-0.007107023881370411,0.003252602156189388,-0.003157274987044101,-0.025613546318235314,-0.0033173385365747876,0.00033309756902477616,-0.011483566841489545,-0.005535149734758216,-0.011581472700203044,-0.015193504133841906,0.0033066900789477938,-0.001034686589523437,-0.008070157699787361,0.0035364369160026943,-0.010686593773498565,0.0020699244744317724,-0.013331292523814264,-0.0007521221618983498,-0.010507902071239417,-0.000932056376685475,-0.011887823478206494
2021-09-21,0.002335179495021489,-0.004346128469889354,-0.006483696188493537,-0.008462873507816937,0.0030982410773097158,-0.0009535932056570218,-0.008062194026698055,-0.002387680179328222,0.006843907219476364,-0.002386472812697771,-0.0008558420674616984,0.0024737342169998122,0.0022531799534086794,0.0014024965419994206,-0.0004782524814853639,-0.005324365958977673,-0.0016270678637413383,-0.0006725982551633036,-0.005918939663065004,0.0026028357200329477,0.006639957470587987,0.0033873157646631125,-0.0024777933576526356,0.002215573684749561,-0.013430484679508137
2021-09-22,0.005756074185407245,0.009294896732340963,0.02215088235783691,0.022618105635975994,-0.0017039566890227897,0.015079919515851525,0.004934337473181616,0.014053364564798887,0.018476344514062548,-0.0031155502517221656,0.016272612550247256,0.01912407614196132,0.006744549332687644,0.019607563587274113,0.01207376994998266,0.007583644508904364,0.009002697821220984,-0.008784156034535306,0.013545729893695846,0.01165510028758221,0.025003793484244197,0.006001439662537411,-0.002661647244970644,-0.005817746889983155,0.03261476837903432
2021-09-23,-0.01890657700368703,0.0009667560988781965,0.011150131131949292,0.0020866414274458567,-0.0165371124694077,-0.03040202626127031,-0.003465976677600069,-0.014079356357946216,0.003822251758050621,-0.011050406759320563,0.0067418556959570886,0.024212950483084805,0.00022341773354517258,0.0009159878051818726,0.004940218288445042,0.00029501784662389063,-0.008999343485871503,-0.012193157877642413,0.002790404040404093,-0.013473593818678853,0.01107446818254565,0.00633860323502744,0.004803381909454174,0.0035110142836205505,0.02334509164295251
2021-09-24,-0.02020825586502817,-0.006811227447877766,0.0028455044145669905,0.00489321786960617,-0.012421345553615848,-0.012671137466587767,-0.013333136388205769,-0.01571925461196222,-0.01021497930976245,-0.025903143948812546,-0.0036830291209341004,0.0023642260589105124,-0.011609816132631678,-0.011893778914932818,-0.010145273046273995,-0.01947475991374059,-0.007295880886111328,-0.005042127328903634,0.00029311605107551486,-0.024657138065991124,-0.009399224435096443,-0.007965980700046726,-0.01947584321602902,-0.028458164441021117,-0.001878534373059404
2021-09-27,-0.02410354934922243,-0.016480081244590328,0.004256540644548501,0.006009136461116338,-0.02647333092663806,-0.03234650799423566,-0.012338572559510319,-0.03252730588725017,-0.02128074151013637,-0.01813307911986739,0.0014282452455467443,0.002358506898152646,-0.005195325622616043,-0.0032408600423639022,-0.016800520988613843,-0.011736431553294069,-0.013369800039977564,-0.02349633774903881,0.0019032071981741616,-0.02588911512442671,0.0022416196880676864,-0.016059807466548004,0.004333736113056208,-0.006122507975510838,-0.002420021871125444
2021-09-28,-0.019518461984764923,-0.003017889756133152,-0.0027372330544572776,-0.0002059386547954567,-0.01235548737055503,-0.011436001784396743,0.0,-0.010637544620909267,-0.0027454708686761586,0.010974666472165273,-0.000419477621694031,-0.00470605730740814,-0.004995493958913411,-0.009289437640456866,0.0026329333031782642,-0.010352688280520939,-0.004833894684884266,0.009368421019150919,-0.003945758252464682,-0.013095396477309063,-0.0032800588357215776,0.0,-0.004674595185683361,0.00374452116936852,-0.014824920343113113
2021-09-29,0.004688628908718684,0.012442722919933757,-0.00660941932287562,0.015760184903575558,0.004056202566646183,0.004586065970615838,0.011600297657481828,0.003304484883511316,0.019994927305682086,0.003910047416736617,0.011834890426027922,-0.01536621710663788,0.011182083611372517,0.005625991368737315,0.01800727051983886,0.01615330810453064,0.00684820625422522,0.009348461368736682,0.0071892400712501026,0.0035586056046588155,0.0010468866175499247,0.01594250848088774,0.01896686333707609,0.008303420026297248,0.0008211868003558109
2021-09-30,-0.017036702322398067,-0.009178250009603817,-0.025804980541452194,-0.01267619908998141,-0.01393895569050596,-0.015739554729234717,-0.015584006938192507,-0.0142841605245132,-0.0129348358977448,-0.023370201943590074,-0.02123606750409157,-0.019807968362367645,-0.019408436648941207,-0.032633901961261924,-0.016846335647445643,-0.014495374004803163,-0.007988168163623022,-0.017266421623047257,-0.01922839457546066,-0.006640921912698827,-0.02898759979110932,-0.01027464598686778,-0.013402437892589103,-0.016589246011291525,-0.027610875935399348
2021-10-01,0.0045212964711756065,0.015491471054138506,0.03202599767791203,0.031737842219796475,-0.0017308249268584985,0.0042224753952671,0.012246266886530854,-0.0010252261616143787,0.019984959719866247,0.00565480714787725,0.025934498193024513,0.02694416405642608,0.011967650389209217,0.04771046191810657,0.013226209651897358,0.015263910723678054,0.007972781101663662,0.0003364228963513849,0.028962012240049573,0.009075119457416347,0.024390266312716236,0.010570072529244134,0.015758043337596783,0.017597284529963675,0.005622731468547748
2021-10-04,-0.005175831891495064,0.0005668390098119147,0.0014307675381761698,-0.014036795177219896,0.003698858234230551,0.002688643903467236,0.006786712065751432,-0.004700600766624929,0.0045687265819340794,-0.0037881435040727496,0.007517522479171923,-0.007752046562385262,0.004776120955806817,0.0013801371313735267,0.007187369006098621,0.009870729012968038,0.003163596106622757,0.002859871443929185,0.0023094802241749868,0.0017686949353423742,-0.006684704223532956,0.0037354108288221166,0.0037446461610497472,-0.0014313033373316575,0.012758708630666193
2021-10-05,-0.002564156466836054,-0.010353272941193037,-0.007769143254836464,0.008481384593353125,-0.006967666825821284,-0.018907002993704514,-0.016705456785628736,-0.03250945448462661,-0.006501425655906501,-0.0024363664471942492,-0.015168847449659184,-0.003004738165391818,0.001584023992506678,-0.013321184642061112,-0.004774968983858874,-0.003759215316690656,-0.003153619328792545,-0.009360369375964628,-0.011232641096112883,-0.010174732852682222,-0.006502816284265633,-0.0039076022220150275,-0.03712922705985855,-0.023766780677697996,0.0002800419098101248
2021-10-06,0.012889919753723555,0.015874612453553594,0.016110077376191745,-0.027933530158681164,0.010959723020692369,0.01681878126508396,0.009239955358989027,0.0029601058143795544,0.010384290987414557,0.015724495022503726,0.010656852666192318,-0.01326098476579951,-0.0031635545612623828,0.0069832132310847506,0.012811557309926336,0.022641705280736613,0.010756851088029373,0.02086289384122364,0.008156103876537424,0.018321417946874696,0.009285535050213678,0.008780150447446289,0.004797176430350714,0.017861417144220626,0.0025186940484358544
2021-10-07,-0.00690398050419383,-0.0002559771688167567,0.004960304701949081,0.015964600991059008,-0.00854657115875701,-0.009717400118227082,-0.0023630100856334435,0.005470311264753169,0.0012161309249787422,0.011141707922806665,0.00263583242185228,0.006108889471880596,-0.0034008204821652788,0.008321831610363706,-0.0013533179676153972,0.0010328477519594426,0.012442432969407058,0.00036510575917692023,0.010401802282822059,0.003206294434228818,0.01055712968904654,-0.0018085282536842717,0.004590445309172075,-0.0032452050918968522,0.004466537081988964
2021-10-08,-0.015144291353649031,-0.013785914310845526,0.0034372803765210236,-0.015612337034229151,-0.017529558827414804,-0.021087158797881922,-0.004736392756823915,-0.020261203039994125,-0.008078308091494013,-0.007886890851736772,-0.002546713947755186,-0.0006072973752417887,-0.030254578058349413,-0.0041262469672577184,-0.003440281564482617,-0.009141957652602173,-0.0065698580055730815,-0.0060032655961891335,-0.0072922300628466274,-0.0237937653021969,-0.014401935634882568,-0.009338831224228628,-0.0023761469870250407,-0.0028936381856121685,0.0077823784121073825
2021-10-11,-0.001831321774733663,-0.0030137595634021075,0.007290219104677309,0.006076251045898928,-0.006242085483585513,-0.006611709774380969,0.004461485554555056,-0.0012650999419975273,-0.0010102949522852178,0.0076575189807253086,0.004283210721665265,0.0036452628721781455,0.0018766258036262418,0.0046035928675176585,-0.0006278139189976883,0.008333435992259997,0.0031900377475289066,0.007941032041305585,0.004320986750243394,-0.00012143240742212846,0.004088459240141562,-0.0028280949381171983,0.0009160542085753232,0.0018136292606065751,0.02757847309020689
2021-10-12,0.011276616425888841,0.013655696407533835,0.01255679833123513,0.0034803596007129123,0.01090340171381099,0.015315228916604307,-0.0008883039408392746,0.012559862703479308,0.012903140315345452,0.024828755082973775,0.0035270504182551843,0.002421324364824784,0.01334580645672645,0.011915913423063973,0.012980273642107854,0.012396620810969594,0.02598099042501678,0.030486444699630688,-0.0002869545642678606,0.0124311778492463,0.016211683487787454,0.01342400785235598,0.004942509347041879,0.005432283686341188,0.004562635135983761
2021-10-13,-0.0013984736333183534,0.015631743342314985,-0.0029280047257660424,0.0027543025178324854,-0.005158470192242581,0.017339694887007928,0.007409587931115347,0.005293490820182489,0.008078826355528923,0.017547777702939138,0.005639478298729461,-0.019927583252828396,-0.00046211043255528494,0.012681303492039886,0.013588881630399507,0.0023323161454793517,0.012170145086936479,0.019305413086652345,0.003155947515937063,-0.021621689309886505,0.017659900705517373,0.013992567906235598,0.003642776942143433,0.0,-0.0008013711770638032
2021-10-14,0.013967554202973353,0.016909491511442054,0.0040592350393344745,0.028179008718930865,0.009191698655612646,0.032010101050958584,0.012945070769489364,0.008120855283709316,0.005132755214055207,0.021918227048261407,0.00438887306568958,0.01540358810799436,0.0351362068910821,0.001341654708184814,0.018217358711994258,0.01250772139700218,0.013667000146587949,0.02697598363287801,0.0030031171344571117,0.000520089048996919,0.015894840297336232,0.013247525829984452,0.015063786955894498,0.007923909978369004,0.004010567507318097
2021-10-15,0.005450452140533191,0.003933030199986032,0.006107613254313193,0.003957668220903265,-0.014187245631751333,-0.009466169360175636,0.006099222548973993,0.015253557073896973,-0.005315619303879915,-0.003973855640285073,0.0036412616472205617,0.01820412075424338,0.002233360078080837,0.005359321772741454,-0.005737423024705146,0.0005746273256923562,0.0092093251306673,-0.01982314397327123,0.007413845993153645,9.188201577559063e-05,0.006387651872972855,-0.02051923803711897,0.0007149464110114412,0.0019058585378446402,-0.008255426291310597
2021-10-18,-0.004938033605369818,0.005653191791822554,-0.00940495772105543,0.005715993141590214,-0.006159714111662495,0.0,-0.0008657752657735829,-0.017430160578829734,-0.0002100829565893081,0.0065583237715343135,-0.0025798788690384322,0.006555052454273458,0.002673917253610769,0.018658746832762363,0.0050619620083531824,0.009904496185884293,0.020513921116585898,0.008765751671035993,0.005660742196520019,-0.010706773762490851,0.03073747382488312,0.008342465598758952,-0.004287892541976146,-0.008916692331067955,-0.007250449608659282
2021-10-19,0.018283567700841497,0.0018247542663942795,0.002330420857647786,-0.001077908937403671,0.0302132132039028,0.016063292802138474,-0.004911817474512636,0.01549948014225988,-0.008828502137437688,-0.0038548955616199976,-0.023684549642458586,-0.018354060789802062,-0.0011112203366638873,-0.01264727906930041,-0.006799014493876543,-0.0044063053157000764,-0.004792876380203537,-0.0037857351913910264,-0.021812367895806872,0.027149029669084612,-0.011693078952072278,-0.008273444671206165,0.003050490579631804,0.008516975040849584,-0.005409640902027113
2021-10-20,0.011505973273082448,0.01274861534530336,0.025144191218920753,0.002550465966345117,0.012262863249663747,0.02167997033112079,0.012775777386261566,0.018174203152779178,0.009482705482467768,0.008339591372328758,0.012750645459407517,0.00844400495730202,0.013125378968984469,0.026501656748725955,0.012372507771359453,0.018846098234564623,0.0309086163756338,0.004485674597121347,0.02359370670463523,0.012432871902696485,0.014841916275297962,0.014460513201954184,0.017888935053561372,0.0060667395568809734,0.014685682547126877
2021-10-21,0.010868126938950784,0.003936796152194333,-0.017807593344500994,0.001467725345969173,0.016799642271234205,0.010577063591158398,-0.002867168554967825,0.02055835815126139,-0.0006903199285582806,0.0007029394914848108,-0.011363806116323705,0.0017944339093263206,0.004611564954677849,-0.01635103209133737,-0.00025044398765172726,-0.002662162567069193,0.010598212888505598,0.0002170766241844646,-0.01602275909752271,0.0114479493966968,-0.006898498562077693,0.0012791512594045873,-0.012653898930130913,-0.016907213685531164,-0.013937168937552147
2021-10-22,0.019388004905307676,0.00813320511625748,0.007696985439659354,0.015339518497610838,0.006631572187681289,0.013632125496050751,-0.0017250881330502787,0.013404654822419149,0.007147580972765466,0.004375016244119623,-0.0018192062947405274,0.008357940918519713,0.005464619113517921,0.004374226380200241,0.011122406853937505,0.00814938655704811,-0.0064854511360749045,0.01184449683276223,0.000142936491237311,0.016051326939091837,0.008196728110904994,0.003650241394401066,-0.020113834647220385,-0.025375708786684603,0.009513236347815868
2021-10-25,0.0004568302869865093,0.0033614729849791303,-0.004837523100250984,0.009430363493082128,-0.008262664206277637,-0.0010834644298959306,-0.008064298735449782,0.0021437987680548165,-0.0014609516390881039,0.013661364259320852,0.002402457276583281,-0.003552172243077245,-0.0002174922438208382,0.010453066308986347,-0.0026758030267747257,0.029547189890058334,0.007639006977817164,0.006680510886415636,0.005427047719838596,0.010416163566030479,0.011643728071889514,-0.005819245629168246,-0.00962766255685088,-0.0007404133346563535,0.01588599559346493
2021-10-26,0.008292881319043932,0.0002870884291303888,0.012195181128106913,-0.002955244837740123,0.013735603650085526,0.0033818335991155912,0.018292570371084338,0.011023534290176995,0.010511348841246493,-0.006314111819486712,0.005702398471388648,0.0,0.005436002189918021,0.0034482414647256654,0.006955461768209492,0.003113065773354684,0.007787993843443086,-0.004962107303932761,0.014914747686702645,0.01405959462563322,-0.0031326907096042023,0.00859708225813538,-0.001650581083800895,-0.00679206273315025,-0.02570935723737211
2021-10-27,-0.005297382603368761,-0.01478461810837639,-0.02923604318405626,-0.010230420999035705,-0.010162146637778147,-0.0022894514569350433,0.016823222936118043,-0.008450907893047477,0.010431965621326311,-0.0182613429983578,-0.014956050327308956,-0.005347756316409935,-0.012543537323033593,-0.02577299090823193,0.006611377566119847,-0.010525763865304572,-0.016207726442241666,-0.013582699832427991,-0.005738209878024758,-0.013497687614099974,-0.01667030636268718,0.005622011240842939,0.009002349825505407,0.0232501866141841,-0.02856339312861056
2021-10-28,0.0020674146007089167,4.849082207680766e-05,-0.00919959613938126,0.014296787141875544,0.020476954561635674,0.020396449744791045,0.013460564091513527,0.027254343132391723,0.011142681084506778,0.05297493470151404,0.007424857999629664,0.0077657947009113215,0.016644985915526878,0.0026453442960783224,0.011028313698685066,-0.00231870075730789,0.019532918671517407,0.028470524237705686,-0.0022523933712826905,0.010505293114007275,0.02216366205678799,0.014607732840956178,0.01092492211203644,0.005224761727813165,0.019322502533863473
2021-10-29,-0.014125410615182354,-0.00864410502105939,-0.004555024663561502,-0.008761887323288642,-0.008796037296901593,-0.014242109351007115,-0.017432454656812424,-0.012073745003988834,-0.016776059530231202,0.01947320472462688,-0.0033952588506592773,-0.0023708744029392603,-0.01680312113291549,-0.006156464576328791,-0.009986783973552349,-0.023513199522407047,-0.011658807980854502,0.0016886532361450879,-0.006630730564595844,-0.02178373853873361,-0.003670363094766649,-0.012975571328533886,-0.03872478946334568,-0.028163996464726004,-0.018681346588625525
2021-11-01,0.00046116314249156076,0.004212679915958084,0.007919734762826147,-0.027382767332645552,0.006711171977215269,0.0016477646870003415,0.0019717382292647745,-0.007896458293746078,-0.010237100696264823,-0.001469398455162696,0.01595336475183884,0.024955212945519945,0.006354320418682002,0.012831742236004251,-0.013907120714155785,-0.004691633775696147,-0.0015866074455838097,-0.0016256843581069491,0.012924133123002335,0.005994325110836751,0.018965815731783353,-0.009003913086718995,0.03129082413092221,0.02549756944685866,0.03527406852982762
2021-11-02,0.001949362033837554,0.002048890185253116,-0.006024067491345431,0.008791853799612559,0.007107216340089817,-0.0006325207725571547,-0.005621165401120343,0.007766640614939924,-0.0009215696099300619,0.02516752008489842,0.018156698366224244,0.006956711556488138,0.016328809200585992,0.024464587963106244,0.01027927192674416,0.01594709457044119,0.015891954272068354,0.0183027922515826,0.01346059187926385,0.03149103314432322,0.0644752493613181,0.0030891901150611467,-0.009084146363565915,-0.00679175605795479,-0.022444406874963185
2021-11-03,-0.007252678699599002,0.010223042926911452,0.028282806696871443,0.026439452366079808,0.0006562991222922587,0.0033546183284447473,-0.012153692355740486,0.0011590228308000494,-0.0017254025560990982,-0.01296782023803189,0.03189009646641283,0.024755165438026916,0.03320484017571235,0.023880771645163668,-0.0001472869536079946,0.004028296021431066,0.004216500764269382,-0.01471644335216793,0.02905362949108503,-0.01769274374684715,0.04560040044242952,-0.0005436198058147435,0.005683832772829245,0.011356601183938109,0.058644541819992346
2021-11-04,-0.00588017194250523,-0.006746362850112542,-0.02007345375176517,0.005342468614998541,-0.010223166006408713,-0.014763058264123496,-0.0188841694906543,-0.04092458045126868,-0.01066871262028346,-0.002707869915714589,-0.013545028669455506,0.0067416207247750215,-0.04167541259354668,-0.024989489338348547,-0.014404372869888604,-0.01383485533059714,0.0014901044023478693,-0.0005711633965274077,-0.004974448848417801,-0.015710161821219093,-0.003188234606751439,-0.01848810895704367,-0.03755684413127158,-0.02837471474819342,-0.0033968738782041985
2021-11-05,-0.004015191218421088,0.0004852414533529359,0.019089966701677064,0.012336335980646984,-0.005081575544919059,-0.004418533546552972,0.007354892971850546,-0.02696665736422188,0.015362159562765987,-0.021520144901186256,0.046085761887042276,0.025111699140405896,0.030939112015209602,0.039726533760791716,0.00932746048107802,0.00687368319088999,-0.007980060436005632,-0.0290783188527155,0.02621255265977318,-0.006522771511717096,0.02890599622366552,0.012188216344951153,0.022542064535886697,0.05132332646170923,0.004981480316998743
2021-11-08,0.00334757251619755,0.0022304401005512897,0.013172453875223145,-0.006186760969453697,-0.0008880009473721806,0.0037950449279431364,-0.007009277197183028,0.006369094456361246,0.004094043464787589,0.014542447844479334,-0.032966183621085055,0.0005442212919644085,-0.011542483374000656,-0.04190627870786523,-0.0029158068246751823,-0.004179732813360593,0.009407672775683995,0.0017965679413705082,-0.0327846175380514,0.010981870104352032,-0.018240664993164013,0.0012771352304554728,-0.027417491870881494,0.001891215272529001,-0.015653344604909414
2021-11-09,0.004161315884688044,0.001306391353084413,-0.007935636976619587,0.0,0.0048896844446832954,0.006984379043018407,-0.0005883214334125864,0.0138390135457096,0.006441018127856024,0.0014183370775733284,0.0,-0.0027206144978845215,0.01019125218398198,-0.0030017236891859422,0.003915542369294922,-0.0071359575854184065,0.002566375832852019,0.004760741489367781,0.0032671630824980813,0.004223917604424976,0.0005972505310809506,0.006195436105519203,0.00609504012520512,0.0074327810452161636,-0.004770797743663513
2021-11-10,-0.014432851832283045,-0.007393073303520237,-0.0007660663336972462,-0.010186702847163165,-0.0028201459085615,-0.01934481302212554,0.0002944442686396709,-0.020531621342237072,0.006311482666194523,-0.00283265649341391,-0.0031983943375351043,-0.016366170921456757,-0.0035731468266833044,0.006881754458984535,0.0012342914931726678,0.002536922447629708,0.0021553465971257957,0.006615266736457626,0.008955141694676705,-0.019859183392065494,-0.02101612445721912,0.004165072562081207,0.036539076679587223,0.01897195263936058,-0.017576676974348504
2021-11-11,-0.0123241811770618,0.0007790873656046138,0.006727937131059347,0.004097582382046161,0.0017743610280822608,-0.002855025790694965,0.005589704355646319,-0.008625632633112779,0.004025953323361753,0.006289739714840925,0.01001710301160963,-0.012201936362278065,0.00970266366852468,0.01665962264781662,0.003402354599532309,0.01799230652590489,0.0009414740358910656,0.005716102438168669,0.010758525127291252,0.0011969574376700098,0.00896517983798617,0.00757436766485875,0.002191965630554016,-0.02045755133464089,-0.0021685871531930134
2021-11-12,-0.0013947237707929716,-0.000146258923453213,-0.001776433315282655,-0.0007592467397680158,0.0006640735161167477,0.017244896205774518,-0.010825130404041872,0.0009296637682674191,0.006566296144907113,-0.002167300688788454,-0.009297832884607948,0.0033690872545875106,-0.006684722964958589,-0.010924485240096038,0.0076174367584527225,0.004419013114797199,-0.0006717816147872036,0.0004861703078569146,-0.006785710925307664,0.0024495034268563476,-0.0038683953960861883,0.0005371007016745644,-0.0056495678200459976,0.0037546734130375903,0.0032599185877477677
2021-11-15,-0.04263118285997547,0.0023838990995788123,0.022542529859444826,-0.006648348100959045,0.011063460394252989,0.03121822315944689,0.010352190446281329,0.02895307310634876,0.014548343051770773,0.009951321218448328,0.009776273173633943,0.0027977164042989333,0.0296528202754629,0.014018716690002986,0.0051695718356816744,0.009299706071249858,0.009341012249072023,0.007746846360196846,0.005090757245960864,0.012508452929311131,0.009041039111109761,0.018604543674399787,-0.003482396532263121,-0.008358862294001512,0.01299768250260458
2021-11-16,-0.005604857702393495,0.0008738474372536054,-0.023288741135371716,-0.007648871310586891,-0.014060531203033522,0.003163486706369012,0.0005853461990417141,0.00016369841799046547,-0.01655883635680999,-0.0057520746158249425,-0.0048794784844358174,-0.02790161016486503,-0.026143605200204534,-0.012568226487149503,-0.0076178346303730216,0.003795443344353222,-0.004860614541156494,-0.010701575549882159,-0.008529961563918276,-0.001982379022631431,-0.008539261963359968,-0.01422556008134257,-0.007173182097955588,-0.002730532574995115,0.025394243051225507
2021-11-17,-0.005829209248506606,0.005091415704256974,-0.005176009116995006,-0.031216859381343554,0.02491500052875728,0.01484157244310036,0.02369806664887375,0.0036469113803914155,0.005410100297450926,0.012526691332342077,0.003735892716620004,-0.002870335843264127,-0.01090602070945601,0.011031090877288374,-0.0011733593431122458,0.007842021539182786,0.006088633549294453,0.01633247453871034,0.004032632873954611,0.010063418451727646,0.015891233181738462,0.003385141347714171,0.0,0.026428519367994285,0.004170907855490125
2021-11-18,0.00555276380523595,-0.0041971455461408125,0.01740020042588819,-0.009348606791412917,-0.007417013340984102,0.0011577331198033836,-0.004572761967381878,-0.006465742233094374,0.008920361598587112,0.010135392947371535,0.00682407799185869,-0.003454220478177561,0.005300945649592936,0.010491136192843031,-0.0012236888737193752,-0.012921925058028028,0.0013298463310715825,0.006925696726539421,0.0009373664452394515,-0.014416592672853223,0.01128418489859273,0.006569674752930688,-0.012782592424336103,-0.0008121868633900187,-0.01505688426279439
2021-11-19,0.0078004166329530555,0.0009687990526807688,-0.01961780792917278,0.0008031505929573246,0.002236275850239,0.007790492004949634,-0.01780069911317439,-0.00543638849243111,-0.009126457701703172,-0.00565635632860384,-0.006931839330559297,-0.015020288300843343,-0.016873811723784993,-0.008721052641486815,-0.01323291141285765,-0.001829861921444742,-0.0023911500771384153,-0.012237681663801347,-0.012841399931458941,-0.0007241474282018157,-0.015585965903455956,-0.009525690692740008,-0.03640450890696734,-0.02275079691421411,0.0026356364686166422
2021-11-22,-0.012836202038763789,-0.013891479573392651,0.010176283146997589,-0.006921480835671567,-0.00968757380464269,-0.014494797559935768,-0.009646436459474383,-0.014355691522055514,-0.006591669445832671,-0.011179251941107471,0.007057661075805743,0.001759631834373776,0.003003569775508197,0.01131134386789201,0.004768436677054844,-0.0031026749244184026,0.004526832822573823,-0.007686494975589264,-0.00040647481180811074,-0.003391535029728221,0.0074964054221828835,-0.009260774046398246,-0.020253096409387328,-0.0021379980366524887,0.021293423571465908
2021-11-23,0.0169623976819393,0.013350816866960047,-0.001862427823239976,0.048888851897885166,0.00939750293711672,0.011828035111589585,0.010035709965199313,0.00276615918883083,0.018167127934066052,0.0024513282209068787,0.005313819628515848,0.021662823812397924,0.0021387587371137773,0.0016570335817631676,0.02382581597833644,-0.0111755695232153,0.011133335107946563,0.0036146327600550254,0.001220170927939579,0.014920982247649484,0.006190857014223283,0.019414064871460246,0.014509863965357361,0.021068827703422777,-0.007979542566640463
2021-11-24,0.01328247343810296,0.019036416710778603,0.0016961694991348697,0.003852094953637364,0.016279406954119446,0.006662040717922979,0.013734805016498486,0.023391116175693005,0.016647740437808478,0.019611799548739928,0.008885969074470923,0.004011297855240681,0.013233820275011077,0.008270968471453033,0.016608666016889595,0.010586889225014051,0.012649060060416772,0.014135176062920696,0.0066339861121098576,0.0157901537838121,0.0,0.0172807644419799,0.005682004423884557,0.015038375360930889,0.011416744211786956
2021-11-26,-0.009831204590107223,-0.028187223539118955,-0.054440764992318424,-0.05899848092779414,-0.016929352841854373,-0.008724218655350224,-0.0227733277624943,-0.004701672451696837,-0.04635415268282328,-0.02706554628911695,-0.05125280344071359,-0.06221468330741209,-0.01643125844908122,-0.04675940278736801,-0.033197252023322577,-0.016562701910180944,-0.029965647286408048,-0.02396635677708525,-0.04155993261277313,-0.00962068444351305,-0.050582548130414184,-0.0346678865493143,-0.03565178492917431,-0.05914774904277964,-0.01436625405749603
2021-11-29,0.015483007108050284,0.0039617358094636845,-0.011998622253521996,-0.0013252855364594973,0.012697666623402215,0.02446027039058163,0.004719717445442528,0.03295368721307779,0.01705366735110836,0.021429813511489648,0.008323262674201581,-0.0006084812126174732,0.0036409639751202594,0.0017211018377958354,0.03158637141355647,0.004749421855714475,0.02268468368094978,0.01489192316208654,-0.00701659275812383,0.012876026588792389,-0.0033648659550934434,0.03196227149774855,-0.007676750844213931,0.0014648975462914215,0.008589392077148483
2021-11-30,-0.01670805897830674,-0.025284832700248727,-0.02265716043355437,-0.024397707349787745,-0.02249379651318939,-0.0062207257772368685,-0.035232038173602875,-0.009512265743045645,-0.02037549316350029,-0.015020965994169022,-0.026351170962544135,-0.04384904577964466,-0.030302950429949682,-0.03694159783668516,-0.017857200482236713,-0.023492203546908175,-0.016505698863317098,-0.013588671144011633,-0.020067801295616472,-0.033101771228343235,-0.04439163555469772,-0.012876027125019784,-0.04478833761616208,-0.02949812440784405,-0.029419692983578827
2021-12-01,-0.013448485649223185,-0.00939676976806092,-0.023553482969622563,-0.00575497597064023,-0.006000310814487819,-0.02921223610224799,-0.01065124880607038,-0.01077317478733486,-0.03323065290644045,-0.0023002093320029227,-0.012472647353181876,-0.021656086420442366,-0.006822129815269418,-0.01873332740246092,-0.02380624870293413,-0.029446343118748275,0.006301995447660413,-0.005345602329624,-0.009518494548295009,-0.013089054932381217,-0.03349939733054419,-0.03789868493969761,-0.026214847841020017,-0.003265274518139516,0.0007981551546261123
2021-12-02,0.028152056295609462,0.022301650646030735,0.049287845002337516,0.05156810880856266,0.028134588493130552,0.017563435067566857,0.03106772532590929,-0.006023937710276539,0.03912692027197595,0.029417912811935176,0.051510703114448386,0.027994928945566322,0.0421002802738879,0.051363847933373785,0.032879825916902305,0.024271938243469515,0.01792985842621242,0.02874406438113919,0.046738427296228346,0.025758792318235635,0.028026169237463483,0.037925876584390394,0.028671709271511414,0.03427444930550627,0.027755218946448945
2021-12-03,0.002704160625740526,0.00024687065726225477,-0.0024437718490410987,-0.013811021604350548,-0.0042017207966443815,-0.002534671093876284,-0.0008953800419028157,-0.005734961510198366,-0.013020591937493498,-0.019132507470003945,-0.0011774477765537084,-0.021532802106789317,0.0012761796783171686,-0.01167312445872759,-0.0025487134629211816,-0.003998952376112586,0.0015544974900858488,0.001044946210965625,-0.0016690323990571354,0.0018676744112327004,-0.017581947196490755,-0.0030011753042283873,0.003403906688185465,-0.020468063481363208,-0.004674003977535035
2021-12-06,0.009777235189293298,0.016628618391868244,0.029123848407452302,0.0249644719059976,0.016012206686012442,-0.0007867546127686698,0.017617355325371342,0.003072915362241524,0.017263154122072688,0.018413733162290002,0.02208587842208054,0.06278336087023884,0.0008489572950873825,0.023621991362593686,0.004242581089950237,0.012341996540996547,0.012220243381864115,0.012405240172312704,0.01881008263862438,-0.0015199536555232651,0.022856795614118575,0.01752832313034336,0.03117074056807123,0.03283564684763984,0.003391235954866012
2021-12-07,0.026857409993835013,0.02276399168797605,0.01542787175890803,0.012970272857363963,0.023053863617919834,0.013745056342548967,0.002934188416750416,0.020578213762188602,0.007535422844000328,0.017105975628805226,0.01291905376363811,0.009743986603345745,0.0197329921360192,0.008974281590502953,0.03216372212305374,0.00455347983959431,0.017565981816533682,0.0022388296213182723,0.013812756271004645,0.0342081478277072,0.023918663475372526,0.026274763775194332,0.016244948893551436,0.020954119425493634,0.023141069869321962
2021-12-08,-0.0034681897749310187,0.007592939738503501,0.018839969538108514,0.0048871079262184924,-0.0031226214054704826,0.004121576087090739,0.010239907148576366,0.0019684242142625763,0.010581368588411744,0.0031624833323669055,0.0020498999857172517,0.021713061713824144,-0.00312112031371492,0.008959032168258885,0.014650473849373569,0.006726218315004973,0.0008790208348747885,0.009257523041175553,0.0025631089269853025,-0.002999131038701308,0.007680087984249573,0.0018651336946418073,0.021853621747228935,0.010851475527526633,0.0033039207728187137
2021-12-09,-0.017364543601867233,-0.006264122004301265,-0.021644719093665388,-0.001069940793344215,-0.010075737791596762,-0.010647706636705001,-0.011294479749425212,-0.01922751726205274,-0.011474463445797167,-0.018341519415014496,-0.016592238492238787,-0.0059031216478623305,-0.013149747260899014,-0.019450367180715356,-0.009671936607908549,-0.021641282768003256,-0.01179117546395203,-0.003232223868083972,-0.016146287728903475,-0.01668590426349259,-0.02284980820811988,-0.013200361010689332,-0.014851317196388325,-0.01808652990625248,0.0068386608441546315
2021-12-10,0.005570715502549728,0.0045026288682428195,-0.006183961621669343,0.009737098634033714,0.01893276661145582,0.00468982189952305,-0.010251830956162444,-0.0011391332124784936,0.0031339213670831256,0.015521512911258473,0.003929172616340182,-0.012470376887310675,0.024111651920329713,-0.009918094163572033,0.0019441237158848157,-0.006235006039307267,0.009647090492948429,0.016652157709660553,0.0020515271247045774,0.01679898321425033,0.0011821431188772102,0.0012004764875697127,-0.027738954105864022,-0.017112220350189555,0.0067927943478129915
2021-12-13,0.012657294357891757,0.00990827800748817,-0.002629211303673995,0.0037608428266693306,0.028052431692790147,0.025852655387152312,0.018644746147445268,0.022910278188356337,0.01964248233217125,0.019836258500439907,-0.0059088955660139275,-0.026458101277775925,0.023544062437497182,0.0,0.0091467183371714,0.018225243338026997,0.016598236925244203,0.020718186941671046,-0.005322835656999647,0.016967176896697023,-0.00866017031679056,0.016615498952976315,-0.00041329846299031914,0.008826119772715524,0.0007497141077845715
2021-12-14,-0.009455986915359205,-0.009577645315540062,0.004217706955358613,-0.01191274769329731,-0.01146290248335402,-0.017737686083331927,-0.01191185930292249,-0.012668948744616992,-0.019150493773355315,-0.008695710386304789,-0.011270698415115632,-0.007412108348164526,-0.01309769294814167,-0.013937067993550545,-0.005264231081190118,-0.012764020056424297,-0.014588996937857313,-0.0026045909715519677,-0.013995676679998681,-0.0041640802649661746,-0.001125239567974723,-0.012805538299891395,-0.013030066965566078,-0.014980675114328323,-0.028964257371373092
2021-12-15,0.003438255101772425,0.03103949078286239,0.01207580503793082,0.01643172062692333,0.010774813233724645,0.01871568899699838,0.01264346366273461,0.013973462069190923,0.01883015468876925,0.022168043066494114,0.0049968198945187225,-0.01617921597718952,0.02546604921153439,0.00750874302470006,0.022549392038020644,-0.0010405269446358556,0.024129070832042743,0.026143230183717003,0.00821208947030061,0.018376582403371033,0.007354592431589202,0.017579803896431656,0.0243086047381893,0.009246616294045884,0.014914045048493474
2021-12-16,0.0186622447417637,-0.009150469230049807,-0.01417965258744247,0.013200662342953917,0.0176140611897333,0.009508782376330682,0.009000989888154232,0.007110518663816512,-0.028589196920431825,0.0,-0.004195206452987099,-0.021505411753281578,0.023622411352226758,-0.0026304364057133656,0.0031051338939076523,0.0066944487708555656,0.004244551421322296,0.004149497383068912,-0.0023667730028127387,0.0008646503187106358,-0.00249952298438072,-0.015598831472847241,0.005319107559141667,0.0018084362811352506,0.004053801845740113
2021-12-17,-0.0021828467574861454,-0.005541054130039691,0.0015788575232087432,-0.039369318740867576,0.004339912039666105,-0.0026166336112313227,0.0048921192781321565,-0.0007778120678028078,-0.0011691069074467597,0.0034511809717687747,0.010454233074165487,0.01551385031036312,0.01084769557416343,0.0030770576274150585,-0.01233779653503031,0.0016258806100917234,-0.01268015512165599,-0.003471099713140968,-0.0013955636768213653,0.014520658387168206,-0.006131943099848214,-0.012438252112033643,0.007325894619669482,0.0012033450753068387,0.00025232505784344994
2021-12-20,-0.0014341961964859928,-0.0012072306456242243,-0.02521906370058513,-0.027518457511133243,0.003923783376834411,-0.0022733033353395937,-0.0008590533126509037,0.00010924154907954176,-0.013723052357242693,0.0030213575390800607,-0.014669544758544206,-0.01400372557164864,-0.005853396593666238,-0.024978347932736233,-0.007222674732535905,-0.0076721412905094155,0.0013033567071816243,0.011693448543035556,-0.02068497461446528,-0.004043595665818245,-0.02958917050457921,-0.004658325144249242,-0.02808067040804496,-0.034495244079050025,-0.03809287570284092
2021-12-21,-0.0021908277548721156,0.011064140270377276,0.03126143738260789,0.04365841160241657,-0.01756312690559758,-0.007420367763859237,0.008311513019475747,-0.021608510269789827,0.010858488684807543,-0.0003242853680549551,0.028678818779509063,0.08844405150150991,0.01099121688599336,0.05123607313878975,-0.00068652505187905,0.02185551070956504,-0.0037180238581406844,-0.011421658252529165,0.040816139698617304,-0.004327370340844294,0.05606032718087928,0.009187107898433577,0.02307211166939993,0.028756427225713255,0.008654293316603612
2021-12-22,0.012236994442778482,0.007724383003256063,-0.001132728038108155,0.02140027874219519,0.005035794663095894,0.009006150644366162,0.006822348055472993,0.017586751789612665,0.008393608590578472,0.01538979099236304,0.009826309686405521,0.020759286339523175,0.0023295046737430436,0.0068404243274766685,0.017353794742630324,0.005965647762446569,0.00914236513414135,0.010060985796267463,0.00013727666468854594,0.013011779397941847,0.0068622652927727845,0.010133998372271247,-0.0028444899753494735,0.0038724278959463287,0.009620465769764941
2021-12-23,-0.00400211757597535,-0.00702625125519718,-0.00357511256924814,0.0032233250575477435,-0.0009518372461810864,-0.00933440903674132,-0.006493433600521903,3.659820204360287e-05,-0.0026773315805213027,-0.00479362059951749,-0.001433176661386093,0.00813496767639399,-0.006391468149492874,0.005944958417376078,-0.004950747648706066,0.0011569706456342477,-0.003143134113121171,-0.008154988649913486,-0.0010966805781814637,-0.008766281198547166,-0.00044972330272030625,-0.0022106132816137603,0.0024450111737175373,-0.0020493752138304178,-0.004893009771991252
2021-12-27,0.025184850206738663,0.011349547843687802,0.014353047340491587,0.01861653020586318,0.026881926208376816,0.021730615387492547,0.014492565153901849,0.019969496597025183,0.011205976577389531,0.01720169211857181,0.016845262169220998,0.007492689484588588,0.023196850845786487,0.014352074457772757,0.016011528227423133,0.024848241002213722,0.025595277443293485,0.017519904910499262,0.009469930771891955,0.024260037305294357,0.01910432555081676,0.012781213146727533,0.013617879803301536,0.01509829117612882,0.02639765469358224
2021-12-28,0.009553274672213119,0.008586903684972613,-0.005090586883553572,-0.0006494080548257175,0.007570113721254934,0.007838446859443682,0.005042055185430883,0.003472349041471645,0.008975090524719453,0.003607896804975974,0.003937536299314148,0.0,0.005334459040773343,0.0029132511577352194,0.0047630893637164995,0.006484506119578182,-0.0006031596847098086,0.004935028369644101,0.004215342876232597,0.0035736375803800957,-0.004165979329283864,0.0001680761123163954,0.00501312662737341,0.008210627748772126,0.0050430346437297935
2021-12-29,0.0013520927733103871,0.007117419194935248,0.0023414511466992582,0.007983666919846533,0.004847348796984452,0.002287687200379418,0.0061313327530940764,0.004761185514990274,0.0074078454116803805,0.012895990403168467,0.0065857551329238095,0.0,-0.00018961860806587794,0.006223845352603341,0.011564208399686526,0.007002492205952171,0.01140034887822261,0.005396180253124383,0.00582137180872655,0.0005719711406888539,0.006274830106226981,0.0063933481298250605,0.010973365392682455,0.004484561619489069,0.0205717279062807
2021-12-30,0.007823426461149197,0.0033270791702471048,0.009773164230937104,-0.0006446831243670514,0.0029908160771288106,0.00473565045180524,-0.0027696582665776015,0.004145059281473129,0.0013630003130784552,0.0006652883750077887,0.00801278954072493,0.0040045524475917915,-0.0041698318573099025,0.011133920686687393,0.0027594691595749232,0.00013915482241810828,0.00172920896087847,-0.00042948622949068316,0.006730284534956832,0.009377649728258053,0.00806250427206967,0.001002884478706445,0.013617878714255793,0.009282230367862132,0.007129011785655726
2021-12-31,0.004670920527713784,-0.000896244742132235,-0.004666336709232777,0.0,0.003943942713710014,0.004429429642415439,0.002499705822982312,0.00041367689228377635,0.004649196869809247,0.0051423624463105,0.0019846052019227844,-0.00911707945486695,-0.0039969294337233174,0.005301736658548606,0.0021840281302822895,-0.001019012619457138,0.0023219147647275395,0.005638231929486759,0.0074876088216038195,0.0011836553583042253,-0.0016867925203974954,0.0018369464081036124,0.004124576925153889,-0.001513526108275709,0.005125631029247346
2022-01-03,-0.020922990679723585,-0.014038546126742157,0.041326678361090385,0.0014744818870611187,-0.004790686589330462,-0.010063969068083156,0.001108294854241354,-0.011503262097170341,0.004627579326891729,-0.033078805874913964,0.0029343700604007594,0.015526363647250463,-0.019300769979683996,-0.0028395927498762186,-0.014426677950967082,-0.005447399176814138,-0.0205513050504178,-0.024775870484460505,0.01021890104779466,-0.02352052357877621,0.0033170345545903146,-0.0015001793893378856,0.01584548090794713,-0.0024484490667042724,-0.0148130486137098
2022-01-04,-0.012605237481603027,0.004503491035117824,0.03326653592660489,0.014999585076631572,-0.026908668520853718,-0.03426799721244467,0.014669428280237984,-0.025690308830428,0.007827892114430135,0.010764835056760402,0.019382571131851378,0.01415636773277007,-0.011106863398643196,0.026444165264637665,0.005572063272785144,0.014747598843474208,-0.023650579747626965,-0.0006842551130804564,0.022858889513300618,-0.02740406431973541,0.01671880992356134,0.014858114946084244,0.02599617212378824,0.030154492974743263,0.012817237102488832
2022-01-05,-0.06436354606555716,-0.06416984763367894,-0.013475367461857513,-0.032456951332764605,-0.06772222035090802,-0.03672587325282961,-0.01800311322904058,-0.031339347833186704,-0.020469256163244465,-0.017374227281708676,-0.024610714032798686,-0.029592527528333523,-0.0443349473059238,-0.018628680653871132,-0.01833839446440244,-0.01619418213531687,-0.02080756722465249,-0.008930614499871536,-0.020934903778217495,-0.0505871279851845,-0.011964744229386204,-0.02599120617803452,-0.008258135797977184,-0.013160846959839545,-0.024823575616163884
2022-01-06,0.0012096023405592238,0.015436876971715252,0.020775374114187173,-0.009464037899903355,0.021437155320423118,-0.012770255993338364,-0.0011112736552012503,-0.017767266963141126,-0.0010876639573288438,-0.0004135734904039401,0.0003677110003834638,-0.0017258729420616126,-0.035669876206651185,0.006461936013172576,-0.010393406902495572,0.004642904060012443,-0.006850326901327808,0.009868116913998248,0.00275488683914471,-0.004561534481498208,0.013227431044347204,0.0003378687696191651,0.008326900472858334,0.007472978276794384,0.007986086967789463
2022-01-07,0.006379627349344608,-0.004003151428549123,0.0066506910201096225,-0.008797656922053476,0.011584201219407397,0.0016168335316095739,0.00027809271926981793,-0.00018038118418817195,-0.013297093592821496,-0.04226973781524257,-0.011912613265597116,0.0495675380805225,0.0004274056563589035,-0.0068217492231076315,-0.020280553698308834,0.0,-0.018139268733808556,-0.025811738521499983,-0.009157687665881764,-0.0036085449387716073,-0.011583749110084418,-0.011160937365752077,0.006381623427875738,0.002282374655750985,-0.0012380007699340778
2022-01-10,-0.008139842936451869,-0.005645930710073466,-0.004139207897502439,-0.01317042631699894,-0.020849161451470533,-0.011300119083884952,-0.0038920766304727517,-0.01369150327636015,0.002061655824109554,0.0002878858990451594,-0.00148823619469729,-0.025260922730728108,-0.0023508371206536482,0.015353634111309411,-0.007947436511865025,0.00308041905977241,-0.004617913225554382,0.010986116732184081,0.007129687179182609,-0.015320080143832238,-0.0024180779245013273,-0.0034358349009487865,-0.009324967548305807,-0.003302067474368009,-0.0047099124211873455
2022-01-11,-0.014825592448668878,0.003849509684768826,-0.013108415344833979,0.018181791350819765,-0.01615372886388622,-0.0013185078139626993,0.00251170583477478,0.003336212616816825,0.0029855221020755884,0.00743355914079058,-0.0005218210333793882,0.018591595603430155,-0.006426639936097489,-0.0035814392150674834,-0.005216699649234324,-0.004746522441292922,-0.00019615537743755684,0.00842089426760917,0.0014420444342142513,-0.0025980049596517896,0.005904774892737219,0.003964959120449363,-0.01844868197584837,-0.013821965730639318,0.01444589006108532
2022-01-12,-0.004222591884038951,0.0064711764172813435,0.00040478315345771065,0.011398219904545703,0.009755612127955171,-0.0005031708740240726,0.0022274282570733384,-0.003155512382882697,0.008842652470106405,0.007855045801979266,0.002833679740179784,-0.008296736158606821,0.00819279173805354,0.003195122701054931,0.014748479616423671,0.00813606288676394,0.001633959124756057,0.01262202860009598,0.0006546944652194853,-0.009306553100254855,0.0006178682207689246,0.011504226759123437,-0.005945752692405937,-0.00023184249902474807,0.007856791233556537
2022-01-13,-0.015228108971773957,-0.0004763176070722297,0.01773001445699185,-0.00751317643253735,-0.010769871421520416,-0.008367729308873195,0.008055310002838212,-0.021374668907245153,-0.003809533859465475,-0.024089585713000905,0.008774710707477373,0.007808503728916172,-0.0226687536904846,0.004378794482179593,0.015154835295005498,-0.0023654707152529486,-0.0005876214363479404,-0.008300842262949915,0.007848915656555322,-0.012791615397895861,0.006546246828417646,0.0011882059910957032,0.020837634066305233,0.01622086654805388,0.014859619124219847
2022-01-14,-0.018869254450397666,0.001953509509336815,-0.005011492246370541,-0.017505663027808427,-0.017237725726289788,-0.011038843435463908,-0.005786704698485634,-0.001818076502899113,-0.010983998756281532,-0.014519992235679235,-0.02063990482512812,-0.007194277865564924,-0.020350125999611945,-0.00871969011344731,-0.017358726734788443,-0.002789764969519437,-0.002676766829812105,-0.0071077430407170406,-0.016095213942678877,-0.0236697853281832,-0.04472687621822646,-0.006781957033714758,0.0003779603682994015,-0.0022804871685238037,-0.01632247549681287
2022-01-18,-0.0015564710936096793,-0.013743548243821735,-0.01319158268351539,-0.023307311242110718,-0.0008146170318421575,-6.421028559500108e-05,0.0,-0.005115270599137189,-0.003604901683449513,-0.016698458626059676,-0.021375932494856698,-0.013377817398957714,-0.015188640092718475,-0.006397530922425454,-0.00441630143015137,-0.024754862671797828,0.004517442994348864,-0.005694006823054432,-0.013192541800571611,-0.0007048168100789454,-0.011624699845092956,-0.002731478625817685,-0.011713517441349075,-0.00377118492330053,-0.041483638249343646
2022-01-19,-0.0049152898065037975,-0.0050630083560041506,-0.027465061951187586,-0.024849661586221816,-0.004402081747660103,-0.006030774612347023,-0.010532169140707648,-0.01675764966618265,-0.009512291535617057,-0.008990558002854532,-0.0338409341847653,-0.01977395912597857,-0.019278667306973363,-0.02535217335729878,-0.023347102779005757,-0.016635952745011506,0.001042721401512292,-0.007477836307224539,-0.025133769669123063,-0.01475275703464518,-0.03444005790774485,-0.01643258284755611,-0.029439981880375554,-0.018926127641002544,-0.002545615784918631
2022-01-20,-0.012289032282969403,-0.038819534778351095,-0.0284072179333964,0.008292038627619291,-0.008406658588133276,0.0030337403425049203,-0.021008224711989376,2.740738465312198e-05,-0.010840819727736317,-0.01527149095759539,-0.0176722880753567,-0.003458271739235852,-0.015032675846389232,-0.023121324534710053,-0.024909185307279258,-0.01822893468842368,0.003580941157333317,-0.012939717447384758,-0.03236434156019041,-0.01379108907276183,-0.007807136135300263,-0.013400652883013398,0.011227137902116713,0.005261355101685572,-0.022715682434806928
2022-01-21,-0.0047979972327315545,-0.008823539754160836,-0.01877709437688002,0.01805238259237041,0.00330310314800375,-0.0028956325443334485,0.002575233752619699,-0.012224278230671848,-0.011019113069175357,0.0005116556551791884,-0.0014589255088212072,-0.014459236933518582,0.017844664642877595,0.0012680182784443605,-0.005197291754046152,0.008912371580087619,0.008368749550154098,0.0026388706617830326,-0.008078239851403102,-0.014078168939700597,-0.0031876363206458924,-0.006350178274458496,0.022204631989148682,0.01779474328063002,-0.007312835600433498
2022-01-24,0.014871548574729943,-0.006714775641827764,0.005155591685638283,-0.007486967985780524,0.0074622448444141565,-0.006711961931620047,-0.005137309283146818,0.012832714577031945,0.0024694129409854604,-0.002455613466696094,-0.001622829574293605,-0.0023474340194966636,0.023529670448308337,0.0033769998663197853,-0.00044361882301879874,0.007213932506880738,-0.013639268828449791,-0.0034526423954696073,0.012858886776448308,0.04546351824392758,-0.005852033966254444,-0.002485662161758495,-0.014481699911173873,-0.017026779423297222,0.022099328580750255
2022-01-25,0.008574967085428042,-0.005633538236365365,-0.006780910251031891,-0.04853597409080335,-0.007788342102445056,-0.008056684859829022,0.008605821976620964,-0.015283700689177171,-0.007089139237325681,0.002410336455572315,0.013981365848296123,0.0023529574318186253,-0.007888298484303946,0.01935197268510147,-0.01780070311406945,0.007455191701827069,0.004239791889625977,0.0010507459325972413,-0.0022571123827508366,-0.0030627733079007236,0.004654253526564345,-0.003381367494053711,0.004253996303698271,-0.005696146239370203,-0.009781159700192443
2022-01-26,-0.03165284955200731,-0.022867530349437226,0.003413432177447495,0.008971422959272335,-0.028982432143997428,-0.032357485099918204,-0.013367110992383413,-0.03312642697194368,-0.00786605471065105,-0.012380245892027242,-0.009219157903245012,0.0005867696865031746,0.005906462083089314,-0.008254103003306756,-0.0010040805467468328,-0.014364260172611165,-0.014549322340042914,-0.012255349095231405,-0.004241149469472516,-0.03004209379830658,-0.008175523959502717,-0.005535483652259754,-0.012321971433474133,-0.01964215277786796,-0.010137709343206902
2022-01-27,-0.025432789686317125,-0.02203253853960563,-0.03637466690933866,-0.013957800424759803,-0.030129575924883523,-0.016719630894104553,-0.010089576756798446,-0.018409430531743376,-0.0219247704839729,-0.014037852935598893,-0.008172182397063743,-0.026979553857807592,-0.014001985519845106,-0.026217190439095095,-0.01442292326252037,-0.0025028139088590917,-0.020498270833371746,-0.005514199092312988,-0.009371063241340183,-0.030339464313406728,-0.011608641609207049,-0.019393108915599866,-0.005068381400756827,-0.005128477730821923,-0.004989195777359567
2022-01-28,0.04373385527073448,0.02166620900569116,0.025617863118214235,0.031037003242392558,0.053097816707996515,0.0249207273219465,0.017472272614466045,0.035928791024171236,0.03551079278618485,0.03451731316798212,0.02341308739291237,0.011453000397971147,0.03069173240404277,0.03418790614359746,0.04405472511304431,0.025531451767051294,0.04346947417724034,0.04132728510653072,0.0203524583532102,0.037820866920267315,0.01744354630806555,0.03277776443625746,0.008620647715315455,0.0076721334699214605,0.04644998404841205
2022-01-31,0.01916775131579196,0.027854179901903198,-0.010767791990503928,0.030611150724959346,0.010128177685975848,0.0023511688375186246,0.012306861207170838,0.02450653181514606,0.001083604814489325,0.006500341193872217,0.01626152278455062,0.033372855389681044,0.020444423831435632,0.0024792515616200994,0.009376785269766152,0.002411860172392588,0.011285088097326534,-0.00565788372264453,0.007866055077639489,0.0241691011312688,0.00546485651842521,0.007801318339382801,0.029914730155109925,0.03057342374623717,0.019672128847463055
2022-02-01,-0.005367922144263071,0.0022583113917704623,0.030335231424269526,0.0018749008118446042,-0.010629428994246903,-0.009984645857923469,-0.01385342077578311,-0.013257085850801209,-0.003037652553376957,-0.003178916064530357,-0.00792204604535085,0.0017301332826866744,0.004355434888791532,-0.004121899336690271,-0.006918984023584374,-0.004034173451067491,-0.021043002240008657,-0.008897453898938146,-0.000975143857666505,-0.009433367773275081,0.0010870843541335162,-0.00862059089988687,-0.01150496246009225,-0.022740256611736287,0.004946759357202124
2022-02-02,0.008754710520083142,0.008398042869728117,0.0004332111110267878,0.016743864848576928,0.018995270037092782,0.01008534445061815,-0.0051606603425599085,0.001761760599680473,0.020694677591590604,0.0468214593606322,0.002292736778094051,-0.010938422934880787,0.011274944721828328,0.015314454858701643,0.03303295571118503,0.009691857351362243,0.024817403114312686,0.04226935474158289,0.0020925011432528784,0.00372221264154593,0.014861379858400747,0.028571354171583074,-0.0032438198341125934,0.002244336560113469,0.020674552988497297
2022-02-03,-0.006499035000260167,-0.026051285899665544,-0.016186390566671482,-0.010752693734917051,-0.012608635722641814,-0.014943522641306939,-0.020172910039778058,-0.005080027711799162,-0.025329052990063272,-0.010976420541528586,-0.016723136469155575,-0.00582065646258767,-0.016080573531609632,-0.019975546807527778,0.004669023123542448,-0.01618880678320811,-0.005656715471509366,-0.008181145597571216,-0.009745295133354981,-0.00577917139202655,-0.026680125647886355,-0.007418717839986377,-0.01933400592087542,-0.024631814918527617,-0.0036171663648355556
2022-02-04,-0.017032483125813735,-0.00615226643205502,-0.008446424163958577,-0.008715230764897552,-0.007595671786209901,-0.012516867531588649,-0.028823484373589947,-0.015092949863315663,-0.008490264446389229,-0.015058093204561085,-0.014520797505152783,0.02224821932156784,-0.005447827656449689,-0.008735331295151805,-0.002300136552161436,-0.006990189646478684,-0.018857038834680373,-0.012196037996917486,-0.012371747108446018,-0.0004661169246993335,-0.002610661008678461,-0.009212708155523108,-0.023423811743281453,-0.028153818217085402,-0.02008719132175174
2022-02-07,-0.0006899038995846762,-0.016001167662396787,0.010204285960641934,0.009483345378224817,0.0032721409211218244,0.006130906150915827,-0.014233798753386706,-0.005696786078018601,-0.011560440803385474,-0.008488054746820795,-0.0025234757339103187,0.021764008878717656,-0.008106981872746943,-0.0012587735943015987,-0.010351368785498138,-0.0021994109849261534,-0.00938173500118722,-0.00027572116344609654,-0.004839921259395696,3.101339407707293e-05,0.025761259143001647,-0.011929788543786124,0.011393379536355441,0.0037300887205875544,0.012101779195226037
2022-02-08,-0.0038169658744682256,-0.003252434502095336,-0.00070282216505968,0.016146333859131223,-0.018795662018980863,-0.016911833555879108,0.002150660390411563,-0.010929000661879629,-0.022555748210787208,-0.002953775785098589,0.002121905541836222,0.01849780106417631,-0.011486645947082708,0.013445267588661602,-0.0034234133853973114,-0.007202006289485863,-0.00565619893549707,-0.0008544021528946733,0.008010142580223256,-0.010044628023390123,-0.04619944788396513,-0.011008469932675347,-0.00375471881145939,-0.009166446136340434,0.01976582468504029
2022-02-09,0.018628642218949,0.02246576441854753,0.02425954481077519,0.02080126866608145,0.012113297104186405,0.023262211999604876,0.0239115284257434,0.0406796115371324,0.04013806215655236,0.030980256135866746,0.030132751855937556,0.015409922626536954,0.029497155564008448,0.024046110490415495,0.03306145745351863,0.014951906094807121,0.02764728640605263,0.018623582171517272,0.02540112167383457,0.02503680674217512,0.007392348906056556,0.02351869312255861,0.030152630125274138,0.022627894777631274,0.018664638214346718
2022-02-10,-0.029532922694839314,-0.031074949125637463,-0.008152337005222554,-0.01688680108988061,-0.03668455982531593,-0.04567108430428335,-0.028096772372501744,-0.042985914097168565,-0.027207045521893902,-0.03151017391905808,-0.019685338502979377,0.004878263260579718,-0.028217906974805862,-0.022671720170186038,-0.023275223051380634,-0.01925291284587316,-0.04466749467128983,-0.027357212328707914,-0.024356493101249987,-0.025191557800373743,0.006219931680607971,-0.033502821259731586,-0.012131797458129645,-0.013691842161082435,-0.017618064971685277
2022-02-11,-0.023133014926904227,0.0023756305068693973,0.01808267433041255,-0.025909192706676576,-0.024097151246515458,-0.027958182784924568,0.008703805832216194,-0.023556004369126526,-0.0030032751291532156,-0.009755966692538753,-0.030403183647552567,-0.02589033854984013,-0.007594219142594505,-0.007870705118588006,-0.003167786169393061,0.003717907637865503,-0.014282438657085783,-0.002561941463620654,-0.05205680358586273,-0.019083410905422205,-0.014932514652647999,0.002903660488013937,-0.01091614809928354,-0.007065153487379683,-0.006217009928947137
2022-02-14,-0.011017627054677903,-0.010934612441044433,-0.00611881406159176,-0.03250914178219677,-0.007697960084181554,-0.001100483294980359,-0.010785783629986279,-0.0031871161111340918,-0.007342563111998324,-0.013761788438333866,-0.01754978906647775,-0.007198396846253119,-0.01755577000135533,-0.027139871641970292,-0.01541533107237436,-0.008890472971694985,-0.00663034166001486,-0.007063801974154238,-0.02498879877247573,-0.008525163492940635,-0.01360793883682998,-0.011762325821960018,-0.013401897618307568,-0.005492614426269582,-0.015640036217152598
2022-02-15,-0.0038410093186953542,0.008495773875251578,0.02522462696914296,0.018022648294075516,-0.011815082623286677,0.0028646840119468386,-0.004672868335312552,0.005976180589994051,0.005816209647505399,-0.010452386058534269,0.007365568027058789,0.04406064072894322,0.0022910203325079426,0.018454723884145263,0.0037095758942091717,0.0023919964444767405,0.0019267248322469843,-0.01138787022875698,0.015347041434972564,-0.0009374284451754145,0.010150333759838981,0.002746496577396229,0.01697969179400527,0.018702533884081385,0.0224883770975306
2022-02-16,-0.004541798254429907,0.010314287953601342,0.02235180700762207,0.016703321793092307,-0.005615849859003208,-0.014136079951188929,0.0021907597625285824,0.0002969191643560354,0.0031112679546325683,-0.007388996102036249,0.0060507405230769695,0.03151694023410467,0.00594270682536191,0.02275610386403293,0.0014878800879380982,0.0058168540806147195,-0.008515253140804258,0.000369863472970966,0.016777138839517258,-0.016922240280396794,0.01797308322893376,0.005661333389381795,0.029660186572773473,0.03363717499324825,0.0007172737744891577
2022-02-17,-0.015753669535023995,-0.005772453540594635,-0.004568344638668398,-0.018199689585347456,-0.007894535409256886,0.02347679397714364,-0.004996604253293735,0.026767157003067865,-0.014349141702753143,-0.010641711183532188,-0.011026513021920703,-0.0005177289724882517,-0.009997847508113389,-0.016069435874993876,-0.01710926129968271,-0.004745263948200074,-0.0076188597666821956,-0.01609229164607584,-0.008175878169239148,-0.025836817825245273,-0.0013205503077849956,-0.015253373718563945,-0.009347350976263713,-0.020860889707291608,-0.030685442403067476
2022-02-18,-0.001005584261145942,-0.0021504862052521556,-0.006720343210154245,-0.0011022104908605668,-0.006304816794799328,-0.018582926623313067,-0.0040805020777821,0.0019231084940352083,0.0026380759346604776,-0.006623098829665164,-0.0026184048239965563,-0.00984489445015957,-0.01285283794493941,-0.003349735009784527,-0.0031692297795107294,-0.0073003642697734294,-0.005094822820104317,-0.007224099162623232,-0.00329726846514633,-0.017433661820071333,-0.018932376516722083,0.00018424750621126584,0.01944907784728711,0.008765741805695226,0.0002553570422729745
2022-02-22,-0.00030660430625906177,0.010613528008445838,8.258526386750731e-05,-0.005216212857117486,0.004989541156380284,0.005917266349631856,0.001575968303183295,-0.017562905344428614,0.003328908223902083,-0.011734670147123927,0.0019478279779225893,-0.027210828753812866,-0.007672437905380747,-0.005462522499677047,0.0067010818838582065,-0.008854728216968644,-0.001262824343689184,-0.003434655657003405,0.0021053597653042377,0.02152542046562833,-0.02057456046892625,0.006268671807512893,-0.0007554924805883712,0.0012070366122760579,-0.01786620331100397
2022-02-23,-0.004028549251854141,-0.00975576375550935,-0.023182794729007528,-0.03146107870116421,-0.019736332288890046,-0.02772069106815489,-0.02832006431823486,-0.009753454161252395,-0.008499792355368019,0.0071782401868258905,-0.021300172332832434,-0.013447845440569095,-0.010309294718285789,-0.020701218398614607,-0.019386535617363476,-0.011962589841977733,-0.011308490826581141,0.032332213302544766,-0.021158292875613882,-0.019287722306581934,-0.028830188625410202,-0.013374822688957844,-0.030056800331796252,-0.024951922898780565,-0.031185274066082846
2022-02-24,0.018905459032475314,0.023364656212267354,0.013597846401754321,-0.023008918726179495,0.0317014038299579,0.01595712958407902,0.00032398207272454904,0.04651910706021023,0.00866830638321181,0.016773161285743132,0.012695550517981102,0.008178851508041873,0.07552084753729393,0.027610094943198993,0.012387042270511905,0.007509808654526662,0.0182581121306431,-0.005149034047627898,0.010271093595904057,0.03758358734333678,0.02797027341329339,0.008727722147543249,0.013447632433396528,0.013969273383284575,0.02548284490278574
2022-02-25,0.00824165937788579,0.018885817857589693,0.028747606689645933,0.051044342524054764,0.015636006981639472,0.026499803044561787,0.02427971432383358,0.01452908325968072,0.02562316580851398,0.02339999808025084,0.026351812449322054,0.014061851006666348,0.07131840850933324,0.025188925142327845,0.02735905356281676,0.02525101992012524,0.03572176923760484,0.031481788914647924,0.020485540538680125,0.015117508961907111,0.013640980315732909,0.03166423675487029,0.042307741830792445,0.027920305273386736,0.025373053432585557
2022-02-28,-0.029059570273951896,-0.02209815224423728,-0.00931478481094039,-0.01804723541382025,-0.005907541311643283,-0.021609928794937505,-0.018330978347708693,-0.008396914535656386,-0.02294974245500414,-0.031053535648952302,-0.023016301166966846,-0.02560023773747999,0.010478709827126176,-0.03644557882679689,-0.02524897019164052,-0.015829455093431366,-0.01751432217511817,-0.02117451986298291,-0.02022290614391009,-0.01134026717936365,-0.015318458743843633,-0.02087780691383434,-0.0036900559190117255,-0.004898445817513641,-0.008163571924052926
2022-03-01,0.007405377847636618,-0.008395037696362517,-0.012018804254474102,-0.013526046249177637,0.008524006533364714,-0.00592915037550934,-0.009980847674704751,0.0015072916166736228,-0.004256250488944402,0.01716729007280926,-0.010035915662152006,-0.04652420245436173,0.009963491966533233,-0.025924581114968537,-0.004789445211685894,-0.004085349733756738,-0.0006171557684029327,0.01115439950952668,-0.015784018489176654,0.04383755394844413,-0.021517624406618197,-0.010205953424081704,-0.010370506131116786,-0.011405973388504798,-0.0066873089961037024
2022-03-02,0.010719646056395193,0.009743815737536465,0.01704763299274825,0.025643677253136987,0.030890952136134908,0.008872609977103485,0.024390173138346904,-0.0018849887484800876,0.03492482413678588,0.012227059292172937,0.025429686801561546,0.028702454871463168,0.016307516229481678,0.037085907379998284,0.020478092120494562,0.0042536790253273615,0.012898334214629825,0.017577775121561112,0.02791068332630786,0.014051987751587891,0.03098076504237013,0.02725092093587178,0.05015004988386984,0.02441104010888151,0.02252747042633607
2022-03-03,0.018355005507281863,0.013499388930457323,-0.0031734237494617235,-0.026533304733159957,0.01524271529446386,0.014263402246047274,0.022539586183283555,0.016012180348014438,0.010218583202141085,0.007846202205278319,0.006367310170840801,-0.018415088383667788,0.024762365678674847,0.0046273856890148846,0.011405382262803743,0.007866730871739058,0.013139804719996429,0.020996633287292843,0.01455140460897475,0.015227001447419841,0.00461185052072155,0.008782833915030874,0.005880029076198667,0.012092451958318984,-0.003561441553135758
2022-03-04,0.01292298396988456,0.012799128673457227,0.005305639180964716,-0.05954502926427485,0.018539664997710315,0.01457301317113191,0.023284784319259177,0.00445845666284117,0.03016452122276525,0.028938890088696656,-0.0004163701303291356,-0.01876063469512501,0.007925860889439473,-0.006281286287928012,0.019460386254439133,0.0030022727553185025,0.008423322778678077,0.011797437892739238,0.0022180135655329725,0.014937138154809348,-0.018076429850185427,0.03145007970801594,-0.008680194991367407,0.020030688885342762,0.003318499148538434
2022-03-07,-0.026271545454687018,-0.026816102481782123,-0.01664491279205227,-0.036227845648953094,-0.012953805565511178,-0.022407373202448455,-0.024271570550142507,-0.024760032677349053,0.00881966350790564,-0.0031859163996855733,-0.032980666970452543,-0.03997680312264151,-0.020521783189258014,-0.023598756164552537,-0.010314653360267934,-0.032176160965841416,-0.012794572079749544,-0.003206303176209846,-0.026999230436012378,0.0030220173835835418,-0.06297014643427135,-0.007752013302210536,-0.0007147207272338862,-0.0018375325664097275,-0.02111915528366559
2022-03-08,-0.017455582751753407,0.0071793893141163245,0.007761473966031662,-0.018621335038166875,-0.016574060198982665,-0.019321011113800246,-0.0009327990166040356,-0.03079348448265884,-0.018388808920664745,-0.0182772025544905,0.02230650805316059,0.052504467690325685,-0.00646164156071527,0.022011059967004476,-0.018250393302623125,0.0035565710682716745,-0.012893987178404176,-0.02379388104307001,0.02714167981737181,-0.021090485992947383,0.024323635467518923,-0.017708278519303566,0.034692395562263556,0.016221627634015245,0.001299534474372921
2022-03-09,0.022547002762492996,0.007389707360554665,0.016140848253886064,0.034413650223410475,0.0006327199730584709,0.014682675617593732,0.0031119246196307238,0.03343023698149894,0.016417685757800227,0.007019991680855542,0.005897123310387498,0.03612384365710941,0.006898075698721806,0.018731438033452674,0.01690851005999372,0.004160185625706303,0.023743100592959365,0.006617843559543424,0.009448081883331128,0.006169110598984284,0.021812782349515114,0.012195262295756848,-0.0008642933723458368,0.004868365175373146,0.012201527949296187
2022-03-10,-0.0013297942896765003,-0.004318063160438257,0.007660302859105572,0.0012532826086220084,0.012704011399569781,-0.0011813347139391084,0.013031520271753472,0.0032375027085265184,0.0010514378547166192,-0.008536863691561924,0.0014237458149675142,0.009961297505467703,0.005871548860192366,-0.0033429165046561238,-0.002503427557484672,-0.005370282108995483,0.0039873544333499655,0.00010836705373451494,-0.008043426111685181,0.00793992316687242,0.00030197079032223684,0.0005237220633191875,0.018163023492483,0.01892737730875038,0.028468860815957342
2022-03-11,0.008762720794712964,-0.015414400135206452,-0.012243154736700568,-0.003527509880318025,-0.014418132799688732,0.002882682383499313,-0.007350628381837088,-0.018301827228463297,-0.01957801821765348,0.0011715808233776492,-0.009450372066674095,-0.012602777132954102,-0.016734564853844835,-0.005870267733309786,-0.012786043517698964,0.008176356114194094,-0.021511630999747622,-0.009954979231221572,-0.01459526812955303,-0.024028092466880757,-0.019304898134505644,-0.01151841510756646,-0.006116013512693974,0.008513488117493528,-0.011970288248780436
2022-03-14,0.0003832689774008191,0.0,-0.0051847376516444,-0.0019412831967311472,0.0035435804880112887,-0.013907336844570461,-0.003394110192660893,-0.014346526570506835,-0.006011769227858843,-0.018767825221204792,-0.017730596153515688,-0.006659313790539745,-0.03768696326650445,-0.019401067577006104,-0.01463036956880337,-0.007192008116853499,0.009064205706354578,-0.01617516671104635,-0.015177919824991504,-0.000560965920470391,-0.014302176183406679,-0.01094635581315373,-0.011795138794405968,-0.0026309371742463394,-0.021453889166056395
2022-03-15,0.005448396930179289,0.012365088820434078,-0.001139941142251022,0.0019450591072927015,-5.828764723392332e-05,0.019307529818612945,0.010835948824730268,0.026389777076904375,0.003802478315308777,-0.008675392625200673,0.011885136741406566,0.01396662895460854,0.01353314989986476,0.01720424848061386,0.0007789030472409308,0.0036991981691689713,0.017899275931046565,-0.008182758312586635,0.01763552687594827,0.004802068894355305,0.005382634210102655,0.015708800782133103,0.0070925233395400245,-0.008464447549778376,0.01805546714149031
2022-03-16,0.01447862779737652,0.004508388792730633,0.009130888358355183,0.03882609955153238,0.0037047197413766497,0.0068071936399820565,0.015007599360961521,0.0034491497112312253,0.021296337092501227,0.019611007811026315,0.009087856138121575,0.039118275145566095,0.008833130499910746,0.009302605611805737,0.010993309749816493,0.0073708320278900175,0.017979194835747947,0.007264672095855129,0.0040685836204368275,0.011233623168423135,0.019010081495920872,0.0017573072180148142,0.005496191508286952,0.005654046451296857,-0.005067230106085119
2022-03-17,0.022993772314153782,0.012524869433629071,0.007755625993853821,0.0008794309110824461,0.02029976565120628,0.015800858249084282,0.0036211590430939022,0.022441177065818163,0.0009636615425736572,0.013546271089473816,-0.0005949760382180092,-0.001060484940587414,0.009366730344199325,0.0004186441442088906,0.008756552684207941,0.013567551401527433,0.018727993437832602,0.022531309051961657,0.012006759286098845,0.012920010149016337,0.0024366500600314644,0.008245563113628673,0.012128464374709491,0.014331608552463404,0.0061114183534269895
2022-03-18,-0.010646927293928687,0.00834970058065232,-0.0015230303461321038,0.0004392453024968379,-0.011530511809968558,0.00557091697357337,-0.0030067197985714778,0.0172257530151132,-0.0033260471442392303,-0.008213103732738758,-0.002125066410760157,0.010084948783498415,-0.0020172714805430925,0.005862796299486828,-0.013784006297127616,0.0058650751253421785,0.02234142352541091,-0.00019126291802917805,0.001186444203498116,0.0016965352281699264,-0.006152893702843221,-0.0043498551550973374,0.0035444528661559005,0.001739075796747036,0.012148704335524174
2022-03-21,-0.0036697841229745842,-0.010734177507883413,0.007707600096686695,-0.009002082860806171,0.0012579642148220493,-0.013022751938716715,0.0006030379090300464,-0.019815544937763163,-0.009982470015055922,0.007715270788032136,0.0,-0.030478120779714457,0.013745534608951004,-0.0029141654008716378,0.001015393152190791,-0.004485467674755661,-0.007742245246780355,0.005058820515024376,-0.0007407413383959671,-0.00916431149780339,-0.01360448869350761,-0.007864459186905148,-0.0006727990663439876,0.00574997491473539,-0.020004808060787416
2022-03-22,-0.008152663512476344,-0.0014465391164512065,-0.0007170461604278922,0.014512077508633592,-0.00616776102021821,0.00903923774033677,0.008740311012593205,0.0018809828643411297,-0.007510627516042034,-0.0009185875891156714,0.010564025254344633,0.008130220019280543,0.01595233118964634,0.01920674641198561,-0.007246784496910297,0.013067075577343878,-0.0015730436622976018,0.007672170855257399,0.01808487610720033,-0.014865763515729435,0.029288861809266598,-0.009159876569485914,0.013631749198619536,-0.0008628828333867578,-0.025261631300701137
2022-03-23,-0.023657278726584963,-0.015523203073254943,-0.01706246384372878,-0.024568682627357452,-0.003448053390282535,-0.012787252536980986,-0.00418268616711126,-0.015686328866192145,-0.0012512188838929017,-0.011137365945288247,-0.013319948407306659,-0.012903248904772124,0.0235524685908699,-0.01597719391868635,-0.010998569738062569,-0.008154292243496175,-0.009075519562403156,-0.006290939893473069,-0.012085034813663853,-0.006971519602590903,-0.02130382391792196,-0.00871109196671005,-0.00149440835519965,0.0022672524254072624,-0.0013089533387989905
2022-03-24,0.006367479379143726,0.008462105290480082,0.02303678843209367,0.00817189871908508,0.010898417947952765,0.007318025447728971,0.012901227843917784,0.005383016591160583,0.0025356319040348296,0.00671638989657275,0.005126416553626445,0.018518480660522307,0.006519745507632013,0.0029141654008715268,0.009743047194728849,-0.001793534745290204,-0.008522857296365816,0.013775457107622513,-0.0036846790325988366,0.01538294113854688,0.0009229276851754342,0.01434719734016321,0.020119733070913526,0.01971349599827299,-0.0020966732783982422
2022-03-25,0.02208165465723111,0.016313209536397144,0.029019919254312576,0.0019986709977275474,0.012948617799741102,0.004213794077451816,0.015106627939139194,-0.0020939058737843297,0.016127141198324146,0.013856201900159126,0.016490825091270755,0.020855321741302557,0.01619344437998871,0.012038197084353497,0.005652923147313915,0.017519759478415997,0.009237479238362267,0.007718731064865869,0.02411251531280567,0.011001571290220502,0.0003074834293330664,0.01485146387696612,0.02363491404634921,0.016480054447842507,0.013921298313251063
2022-03-28,0.018031549375264966,0.008717967455344366,-0.00023115134656903624,-0.005984052840321996,0.018301581536280365,0.019243150746477644,0.00817045159453067,0.029261457916401223,0.009926695174099054,0.015539117950810644,-0.002424955520766825,0.0005241394969617286,0.006374041060050795,0.0,0.016136833381241056,0.011332294944694565,0.019195674438285737,0.01957446707110977,-0.0007224689752716174,0.014894094001314473,0.01213786560792407,0.005052327102950116,-0.005254645289025306,0.0004157461268610163,-0.0015542593712306596
2022-03-29,0.022527554978897246,0.030198243379613743,0.021271665328217892,0.04069121126040831,0.01681135137482115,0.027113435991010792,0.02141825175731049,0.04167367188977922,0.034358685758304475,0.04321406846511078,0.03965128516224081,0.03769615061344611,0.026825850051745093,0.04019694222399717,0.01850341926216803,0.027648305748196877,0.0271278570016269,0.03419757669337753,0.04712375893544496,0.020575305791473708,0.048045605430601324,0.031721065985006014,0.01872878230406183,0.021296395123516554,0.01245458675245148
2022-03-30,0.0012773586088561384,0.0029280764196413234,-0.0050936817102625875,-0.006213195935032334,0.003752650000278468,-0.0038006251616634623,-0.01303490234181337,-0.009942527983265781,-0.016415772416444208,-0.0016721045682036584,0.0006451315403257496,0.007074465180157752,0.00616812175373993,-0.01419561326225971,-0.002622043097961546,-0.004814704972209483,-0.0033999935833247674,-0.0007819122896668418,-0.0006905171628918128,0.006515143680566826,-0.023827024956286524,-0.025201454161763004,-0.01272761451515625,-0.004577301897652264,-0.012301378170847865
2022-03-31,0.0013951811770487321,-0.00410722352895132,-0.01574199519610686,-0.013474183952052798,0.0002167152280725393,-0.016370965654921465,-0.01435551623548914,-0.01617111340855748,-0.009290872810090112,-0.016032783058102518,-0.01635790475253629,-0.0250880090261002,-0.0009012746978593889,-0.0120001037602957,-0.016712639614918867,-0.01046640091884199,-0.016205702028233127,-0.014842609834907594,-0.014504735474274444,0.003265545945691617,-0.023963005252604308,-0.011203108573567433,-0.009939190517207042,-0.017576188648423474,-0.0166059615471309
2022-04-01,0.02280860868626422,0.023453478684641205,0.011179985936841774,0.002294653863310625,0.024052027507521778,0.0289139746721232,0.01980776453743771,0.028828849957041713,0.023185158772113468,0.019309670232132703,0.017694777089038993,0.006176107221930183,0.014798844986266158,0.0036439468398135055,0.018476939128933667,0.023088085801184377,0.026752883510813286,0.01596289605450618,0.007008718299903904,0.018889758233075815,0.010945536252709553,0.028063616010322923,0.01748706057454541,0.017474545770528316,0.0031660485809497096
2022-04-04,0.003424709108084123,-0.013934218883362548,-0.014742056818469074,0.005668773836658758,0.00026444911967837825,0.004455239467530792,0.006854985704769945,0.0019134781720142602,-0.010184282766339425,-0.016128388748318123,-0.010061942287579173,-0.005114958087830024,-0.007113841057558301,-0.0072609594926664744,-0.011532004171275867,-0.004654592443306571,-0.012183653785670878,-0.006077851750468155,-0.012110042007687616,0.012778005804352732,0.011503589964344973,-0.015598532276026367,0.00031833762745847594,-0.0015335256826555232,0.019989489576577535
2022-04-05,0.019741900732316076,-0.0017724118698718705,-0.019638296284212653,-0.014417364022273005,0.02125975888736864,-0.0009552985316960694,-0.02553176052386641,-0.0026946672645092873,-0.0026580566558980223,-0.0034918678030805284,-0.01235966636576702,-0.022622020982338786,-0.010030462792274819,-0.018691747612905818,0.0019917412654981703,0.00141766407664079,0.015264500442297768,0.004110780397499791,-0.005918184230570445,0.015461494016482336,-0.029361048451512217,0.0017223554759104864,-0.020044686150283875,-0.020272136310132693,-0.02398143683910703
2022-04-06,0.02167950761199422,0.017312785401424557,-0.0057234151621572416,-0.021117446190194844,0.02309570794907101,0.018167967610522417,0.02940320266501817,0.0054693522712456755,0.018196914505555606,0.033581393332127396,0.007245112107278295,-0.03629704902448905,0.01628355552713745,0.0008282618147952281,0.028351210376971414,0.015706355026165797,0.023033357087073103,0.03249745826167083,0.0012758426496761732,0.02640258004939544,-0.02083026009826261,0.02424331444428196,0.008116999946757186,0.014316864508250982,-0.009511047553472318
2022-04-07,-0.010758528945691292,-0.013042404808337182,-0.021666075625390913,-0.025056217493635846,-0.005314432113898815,-0.006037398505900571,-0.00961528757415031,-0.009575108278902955,-0.010159798438586054,0.004661749975672036,-0.020925452933462596,-0.0201964197040011,-0.009257414495185134,-0.005792354061530558,-0.0055234105191643845,-0.0022290457082260184,-0.007524404655162131,0.001517474114630879,-0.02052678043545575,-0.0021615797620609944,-0.01837956680103292,-0.007554059035662197,-0.012077502565918108,-0.007932999859298406,0.010936237621974154
2022-04-08,0.0025588513195875517,-0.0032914438204797447,0.0026966519445057457,-0.003803091096310718,0.007632664003552891,0.012215740554398336,0.005710868334200647,0.012578624110230807,-0.0007395272842805056,0.001640457312129584,0.01001852789149682,-0.007242255260284658,0.005031332672527755,0.013316704279227265,-0.00805276556524459,0.0075398947774887315,-0.0010661060935659439,-0.0006108869803435057,0.019511645011225154,0.00928783063497196,0.01561633148572894,7.756210518294893e-08,-0.005052779566948051,0.0071657239727382915,0.02058019735643457
2022-04-11,-0.011636094821919518,-0.021390812495231115,0.0033415063737991524,0.0021979963748903764,-0.00989819562476213,-0.030070792808723823,-0.010789253204390947,-0.022334105500240398,-0.019605031404144935,-0.014552341985503814,-0.0031410359456690573,0.0016837636850319804,-0.0071516814333679735,0.00492836672899899,-0.030140479796564867,-0.008869362321337615,-0.01731429286409092,-0.017483726880896833,-0.007230091140112416,-0.03063964890306159,-0.005412961020883178,-0.021110076518888854,-0.0036043983815114977,-0.0062898529771560074,0.008790174758869451
2022-04-12,-0.018059806976254755,-0.005590493452019452,0.002680521281313908,-0.008080306711709673,-0.010047932651109037,0.00034385001041337127,0.0068885766695319095,-0.013251465445341282,0.006501333374449025,0.01068377976222723,-0.0004975317576413341,0.02072785452039283,0.007563508894069759,-0.0024520985237189707,-0.0009621534001273968,0.0005593715418279466,-0.0024135333227962574,0.01236916735475635,-0.007853652058071425,-0.018876021270441967,-0.004732666396488616,0.0027827244472879986,0.002795305438764828,0.0019715222222211892,0.014351645922709544
2022-04-13,-7.763233939106495e-05,0.0043556256058576714,0.011341540498110092,0.005469582439589615,-0.003245890653966965,0.0112013560700166,0.0008553665455461879,0.0138609301497441,0.001499374829216693,-0.0011277933341229396,0.013522538679597407,0.08122959914294015,0.0,0.026218696119901352,-0.0020426949392448046,0.008804132644684826,-0.001995992874773256,-0.0027533909403058,0.015112228164188446,0.0003666000239861411,0.011095193582915774,0.0006938296099550101,0.0036069925026296357,0.0035210915208134796,0.012127331010201914
2022-04-14,-0.006299711022618282,-0.010690950752310635,-0.0020026016109755407,-0.009722267968173104,-0.004031878593292126,-0.014475316053512377,-0.002278463375501194,-0.022196092379600185,-0.005182802620049998,-0.0002820734709942929,0.00892202751242932,-0.006091459401050936,-0.009472936137273513,0.0031935462357903788,-0.003734902552237629,0.005817886067933209,-0.013939530824733315,0.007025756813581641,0.0007090882224680684,0.0021713860503829174,0.0023515714387190023,-0.0020800456326147687,-0.008821916448592315,-0.008978387867125681,-0.003993858749913537
2022-04-18,-0.006378576708672812,-0.010347630041822153,-0.006581478244992889,0.0009350377902932472,-0.00897860130043604,0.0001381984469956965,-0.00970607838056059,-0.006229487106350073,-0.005788567229098596,-0.0005174953363148438,-0.006733858276615545,-0.007149784774177714,0.011728730986765967,-0.0007958683660650445,-0.010760127756658244,0.008814260556661901,0.0018439678427393247,0.0027172383288431856,-0.00028348575837777723,0.001632173748272292,7.824237068443374e-05,-0.007815064752071166,-0.005274563181415615,0.004790319575030955,-0.0020052717656842134
2022-04-19,0.019140485779040484,0.017512318628206236,0.019713996453039284,0.009574961474408061,0.015291894545042206,0.03661027461911681,0.005188539534958236,0.03224486002956284,0.012139629564495324,0.027678378686818217,0.019439712174163848,0.05092556604035248,0.006955721220767153,0.02747904783542654,0.02131117191058407,0.011877110392590096,0.0402454382879891,0.008691504893369117,0.015164420116882349,0.01390594232136766,0.026819827240067706,0.01522834138547946,0.003479800118845633,0.003005307519972078,0.04043214738334422
2022-04-20,0.03408432100314984,0.017413467267269445,0.01172636223658774,0.013532248222697829,0.020941994038681022,0.015430723502588561,0.012331603603116914,0.018496136342329494,0.023872424093977385,0.007466212391106231,0.013380429688767848,0.0,0.022316691265235722,0.016279210610556927,0.01436080371649262,0.010927946031803693,0.01834163137504463,0.016288384946966605,0.015217035749521157,0.03092185006981074,0.009670928673642942,0.018276151626766435,0.0031373378018964004,0.007543048420928011,0.016896004142870513
2022-04-21,-0.0031389023568926255,-0.00661745212893583,-0.004385605740100718,-0.012438621157757845,-0.0077299700833149965,-0.0152617845401527,0.0028328906239689644,-0.013720980801808391,0.009354581000015516,-0.013366827247102364,-0.00940861666220183,0.010278885725802711,-0.002425563284813803,-0.009916089389349736,0.009359323742051728,-0.004937652466748932,-0.010945825241877927,-0.017456414308738566,-0.002887757286072379,-0.005133298729287583,-0.01312293072674875,0.006603341445054811,-0.012016385921510997,-0.002153726370864084,-0.009494803933863705
2022-04-22,-0.018182063759113354,-0.01943312092882621,-0.011327001677545523,-0.02276405361523004,-0.011507075721303384,-0.0038576436466840613,-0.02655375141937466,-0.0161294851265128,-0.021652501058924134,-0.02050598990469943,-0.027935371546893295,-0.003875635718357362,-0.01563052146839905,-0.020030715531780707,-0.025369746696731532,-0.013680322817589796,-0.012003644950549619,-0.024747400393235863,-0.028547858824513384,-0.010266075243470008,-0.037982567138127976,-0.020185099949159846,-0.025491455367435245,-0.024255014775990458,-0.00503193600628582
2022-04-25,-0.009087392088183655,-0.014199396175291867,0.0010342060799457542,0.0010642540807608292,-0.0065417846518383005,0.012019162088382496,-0.005223315038438314,0.009538562353927027,-0.009786167542169877,-0.01891238498401293,-0.009524410817800644,0.017996260755502425,-0.016937169026167154,0.00707525408525389,-0.009900066972199917,-0.010742720292177821,-0.005926654979076296,-0.008350892428852008,-0.0034072376881278954,-0.01752383547700731,0.0032571289573872786,-0.007725251663154298,-0.004616045343205144,0.0065304550246485515,0.0024083600544417827
2022-04-26,-0.018110053637295564,-0.01243524070792168,-0.01335220806591697,-0.0238601959022241,-0.0220357405749273,-0.012866050907731741,-0.003792077555193618,-0.01759421302739106,-0.009623849261284345,-0.019516563301783973,-0.008704526048125771,-0.02436742969034289,-0.01938260155310989,-0.017174047380641877,-0.007901541748069008,-0.011271185884946022,-0.012520064238725759,-0.012029695304543453,-0.0012818804309782106,-0.02428137281563758,-0.01710350454033338,-0.016955010864241227,-0.005496525105750827,-0.003139321507718784,-0.018020159741293562
2022-04-27,-0.007731122042436422,-0.016894213641608702,-0.015305452212976967,0.0035092076194238597,0.0006365538136823279,-0.009157396820331898,-0.011127593047611017,-0.028920009283937786,-0.008064036670443864,-0.0023962442233398384,-0.007191709901743337,0.03134185085236174,-0.004026280785699221,0.002383143924760578,-0.004572377573951014,-0.0037535314971256506,0.012316639095912851,-0.007153779796090887,-0.0011412211111209158,-0.006634730974060643,-0.016112288912298656,-0.015135501636414528,-0.011226328652407913,-0.02120502830318216,-0.0002444919015736069
2022-04-28,-0.002649806846027114,0.01633045225760732,0.01055306476147111,0.03231641499232607,0.017643158365096445,0.021991536587934624,0.013917572300911507,0.05369818873733423,0.009211699460826228,0.019903807229968207,0.023332178204942933,0.008547077236205514,0.023704588876034993,0.043977711899631844,0.01807680416843227,0.014652220824620699,0.03184825495688459,0.019392825522564605,0.02713151689555726,0.029724662461163343,0.01866872376314266,0.003931298228868174,0.006986953626393566,0.012869916454369745,0.025452783151991065
2022-04-29,-0.044254253049446635,-0.043478222359739416,-0.048004362043344684,-0.030019853714537525,-0.03571605244607856,-0.03551159903964163,-0.04176375854140102,-0.04940212760595031,-0.04589873936976396,-0.08671407452961144,-0.036463753806935784,-0.04190205130411795,-0.03554134233991346,-0.03871000188506524,-0.04584507137010707,-0.04282192043743738,-0.07352165502541141,-0.06885227064744692,-0.04309749848817079,-0.0337658262356737,-0.051523227141744954,-0.05286595618619028,-0.03642674464715845,-0.038436912878969776,-0.016229405970122235
2022-05-02,-0.016886520178033493,-0.02201357351769928,-0.003061371269695301,-0.007225415071122732,-0.02370278986997565,-0.03312364142732471,-0.017982519845941125,-0.023209814524100203,-0.030096497864445126,-0.03710535011507654,-0.01571860049659035,-0.010810771312951162,-0.0563928965813405,-0.028029784550674286,-0.03503156181730738,-0.028546826545937654,-0.04466923541717904,-0.030821140732615215,-0.024843732524104878,-0.026590781622369053,-0.009830527497286634,-0.02725036877816356,0.0023401074509377118,-0.0075983317779827475,-0.028384171871278063
2022-05-03,0.017134590899023694,0.013247089104740262,0.035312272571434544,0.013828230905969185,0.01598286803687543,0.006936719943612779,0.02545026335868461,0.026950773932359562,0.008579575296748576,0.000765174005238789,0.025169319626504594,-0.012419346227366956,0.03688352104457637,0.01746543269954337,-0.000315967626499547,0.004304003209078866,-0.005028444840574298,-0.008443218420360887,0.022049811253383123,0.03261503401522936,0.034491826941001724,0.001352627902424075,0.03933196982357012,0.0063249417792312634,0.027964990675259038
2022-05-04,0.019210699892474592,0.021051717893939337,0.012769850127233973,0.023809497728799256,0.003973325892315582,0.016870569274903602,-0.023002638881034043,0.015000096449329314,0.003943161155093078,0.06816308598794008,0.029884795272633546,0.012575526039239504,0.0393759922426824,0.010379236312197504,0.003004265477967616,0.013447423739831876,-0.0005250198422590557,-0.005153760584679867,0.06355690382186396,0.008139896807533464,0.03069404980644408,0.0044373282326326535,-0.002073682640212793,-0.005182586024899072,0.025504062178859144
2022-05-05,-0.01693546125231027,-0.027833604024533498,-0.026519290498233428,-0.04440812276861161,-0.01545201111817629,-0.022812063732168264,-0.024783096468302013,-0.025609688350647142,-0.021090821904351187,-0.030014693088087574,-0.03345644555937888,-0.01887729335917454,-0.0010980543059146974,-0.04385600088527086,-0.020703854856965798,-0.021580368488596235,-0.047937906449208145,-0.016611925294424124,-0.046463983730849256,-0.026638880884483407,-0.01798055473189608,-0.02785249803202061,-0.012986933785558374,-0.0027709599711807087,-0.03718633549023742
2022-05-06,0.010725576708903617,-0.013952394709574878,-0.004596011819699264,-0.006726127491041289,0.005561845043268621,-0.0019806192002238543,-0.016997989164332927,7.004666026522166e-05,-0.009856229071912637,-0.04238249937181138,-0.020752034324800328,0.02481013222309225,-0.006229474691072934,-0.008677952594288163,-0.009712630719453386,-0.014605035981881676,-0.028279935725647687,-0.03547377371326943,-0.014229941643922661,-0.0008179375016957868,-0.007519972467938563,-0.011065017001047783,-0.0005263526994053747,-0.017116772575324846,-0.012546216370148744
2022-05-09,-0.053181428776448714,-0.05326023955083792,-0.042897855763759485,-0.02105391601541584,-0.03953994026992258,-0.0545789430050696,-0.0205548133026352,-0.08304823589012611,-0.05570616432559483,-0.06732373986630547,-0.0315266710625729,-0.05583012870785753,-0.022677023001316576,-0.026677816458597237,-0.037984066204247546,-0.023593328013202908,-0.060406012143226384,-0.06883786389476831,-0.023913822184722044,-0.055511822209096895,-0.02660181350629498,-0.04715289711418247,-0.023521153327964783,-0.015492645319220455,-0.022919755274596887
2022-05-10,-0.027435233994060004,-0.024570938833664457,-0.03280415053567842,-0.012199738330293974,-0.02902262767944852,-0.0508324455553425,-0.022984856373981066,-0.03690060445722787,-0.03206374060560824,0.034527534620308,-0.017307864271667084,0.020408305282370254,-0.02848527415577007,-0.02655249105575408,-0.01836245040425044,-0.016419172381411218,-0.05257976872612513,-0.00420774763963172,-0.013594295712005988,-0.0240175959260156,0.0074456379821079555,-0.024113928047324262,-0.054467037473899804,-0.014472679890739193,-0.012748432514375407
2022-05-11,-0.0001334076954814245,-0.008825813269619509,-0.010066137999307556,-0.005729622770449305,0.0024074468812553818,0.0031596252861920693,0.00852406843792397,-0.009332495831602672,0.007853681447242966,-0.0018254122253874572,-0.006935785190716914,-0.010769294673722785,-0.01844641376627998,-0.023757045315369263,0.016181037224852535,0.004724600846102156,-0.013316413789432935,0.0013442714739988482,-0.0213539231293689,-0.0009192896403951156,-0.050894200868685124,0.019338125321460176,0.006844084696782549,0.013869423946494708,-0.024018482393460716
2022-05-12,0.003471018120996705,0.0014842214981840574,0.0177720025219128,0.0030734473609854707,0.007908707177186391,0.0008661654327946078,0.007775389655312992,0.009147867391022357,0.012087257297289433,-0.001371928044106241,0.03629855546075156,-0.00466560412851913,0.026706083985688744,0.013970164918763572,0.0014118562762452935,0.0249215058678931,0.001535640535375471,0.0043162910582197345,0.0143918527977418,0.026503659241155164,0.0230951448622001,0.010539683137246403,0.011895857505738627,0.0010348034643259396,0.01137849270249136
2022-05-13,0.031751656964167374,0.027722730572316,0.01449138579161624,0.031533271581309696,0.0258065895769235,0.03209828252895619,0.009057483678060141,0.047501233280355715,0.013893872194457035,0.02426731463374998,0.02837636111609565,0.036458152307235814,0.008285275246304513,0.03333330896665032,0.013588906125919342,0.03089169684661819,0.03566509819965824,0.013974594671036789,0.03569781738069766,0.03330245910613039,0.01003288396152291,0.017521869787604505,0.026497477041007356,0.014813767787711374,0.012820424653400275
2022-05-16,-0.010487437087992713,-0.009011679918154658,-0.002484114278508587,-0.012004965149342572,-0.00453292030145247,-0.02119084313089936,0.0036568482118710666,-0.020278785393888832,-0.014817276866441742,-0.001564569902926638,-0.003535310588909213,0.014070661007532737,0.013376814788697233,-0.00043011126501424357,-0.014853455133366333,0.009642613873044548,-0.02415260147858833,0.0020090565767068025,0.0017677084417020428,-0.01717675114450834,0.0007706144999091169,-0.011479938151252922,0.010180014312281438,0.005431743718850912,-0.013691600524739167
2022-05-17,0.01207548425838656,0.0035770500233662794,0.020901760489053123,0.0353250611316811,0.0063178179348395425,0.0018689707414891732,0.02318641912523045,0.005424704031790739,0.014080942562157306,0.0008955430970791767,0.025095104438223048,0.02675877610287558,0.009051129948185466,0.03657488561659661,-0.0030491802775248766,0.00808112397367422,0.005189623168409652,-0.008490667003528296,0.02220262828277564,-0.009317194065582068,0.03328488010509223,0.007050930039460113,0.01979478825839065,0.009116548769046995,0.03143040867068936
2022-05-18,-0.010171845205049657,-0.0455480267450461,-0.04338721001069501,-0.04404112912821545,-0.007579094245891094,-0.026117259910389157,-0.026545681115064057,-0.014486363196584473,-0.026925868823442833,-0.04299956656317672,-0.04212392319096159,-0.04584910050677449,-0.04653307428395692,-0.04607712276331455,-0.019484410623275217,-0.01530408646316428,-0.050595803286718755,-0.030208988790024316,-0.045742309145060056,-0.03255735223489076,-0.058711639156992845,-0.03747955383498469,-0.006352469331835198,-0.016060873483547344,-0.03707481288605108
2022-05-19,0.011360320562603166,-0.00113934504207569,-0.042987378900911755,0.011390982173713926,0.016642004879034777,0.018995936337004915,-0.026272220783728373,-0.0036864184977434267,-0.022324076207628774,-0.0087642600294211,-0.019917232769891435,-0.01618609032361118,-0.04684440053650407,-0.017841447887999018,0.002021926614996561,-0.006068664077847674,0.0015896550776401952,0.009351300689041997,-0.03210730872434864,0.015983126815428905,-0.03193432366229243,-0.009841599617428698,-0.003907087084612515,-0.007934698248256988,-0.0015823658489994008
2022-05-20,0.047288310352767926,0.01197552168311411,0.0014275295808552357,-0.01176326365070568,0.021414873951697277,0.026866018488646892,0.004781525039650347,0.026295290389649173,0.00166904497715481,0.01019754261638317,-0.01627539311405135,-0.0431877262759951,0.01768460776458647,-0.024811802062335575,0.010664969730209695,0.012509383289048825,0.0,0.010136591292260633,-0.014795358351660792,0.023534007446524674,-0.010905259738647421,0.006482354171150062,0.007666501005738624,0.00674132947347017,-0.006074741226919866
2022-05-23,0.02104144796231644,0.006261794405433951,0.007982531451306007,0.016461889353782455,0.016520486721292915,0.018459294268825532,0.00033982281156363925,0.01801219048202718,0.018257895251885925,0.01727170579745896,0.0018280290527692422,0.006447980070753756,0.030106829434454863,0.003634742536223534,0.016256999906417935,-0.011325392128705536,0.006348165368085246,0.022977942382687466,0.005532901822958847,0.02290119122834522,-0.009831123520089524,0.025976619848852023,-0.010085085853072995,0.00240004471822286,0.015944418524175274
2022-05-24,0.036484603370964264,-0.002862314441988034,-0.004619653672529145,-0.018063996622422085,0.03455530492254755,0.023292396554196904,0.001019288923162609,0.012478563771700646,-0.015284608727438642,0.004760812722587104,0.014416257390736043,-0.009610263168018163,0.006081019989659486,0.017655091398919964,0.012685135279924431,0.01814947590455529,-0.003320226612481547,0.01840031591648561,0.02814031287438712,0.03882085680635172,0.0007424693362600987,0.00020925751429912154,0.0046469123974630655,0.008094793711324488,-0.01778705248473955
2022-05-25,0.006846747038833367,0.0001870102165588694,0.02121615499406393,0.005836070619813283,-0.007463227244995818,0.008929392942594205,0.0013578624543741924,0.021910996603655253,-0.0009544422461863489,-0.015527622762215754,0.00809504744038092,0.04312708041077884,0.0009747242449953397,0.012900047003331139,0.0013303124656809384,0.01081270997775996,-0.0004161666334094871,-0.003435564274254177,0.011620901868325317,-0.002045968182424307,0.012424632703467386,-0.002928706345219023,0.022593968644772255,0.005994235312509755,0.025033447492390115
2022-05-26,-0.021514403209932254,0.01884217067156979,0.017065494967770434,0.033425852253808674,-0.013934084563222982,-0.007689709372531106,-0.005762902732336483,-0.02407767461029353,0.002017225591040006,0.012873136599688362,0.00901129195786221,0.05219618327592901,0.012076236402761564,0.015810518545011698,-0.001162476949893243,-0.01604539533308036,0.01941172113394196,0.0031704662849236787,0.015870508952507745,-0.022837310200185867,0.026009938444196523,-0.001468702227028218,-0.01913718131599862,-0.004159672283845728,0.011691240869238229
2022-05-27,0.024617906216534147,0.03239420406421578,0.02753971652886622,0.025875781016543087,0.031248745356745378,0.03450549899399036,0.025571452111973647,0.03534316280229799,0.01963778377576597,0.030686457129849076,0.024935805875833994,0.016699277153990444,0.05735192619670282,0.02637269804970388,0.01867562690095559,0.018804249029781728,0.04004596090198098,0.030285413836316666,0.028120708488492463,0.02691673098385472,0.0151744619163805,0.021012731519154615,0.018091463897420335,0.017949937584730957,0.03595271332533567
2022-05-31,-0.01850849981253555,-0.01565924695986498,-0.0133120313411772,-0.014396272099146401,-0.019339499365761292,-0.013567947754583032,-0.01296556003480176,-0.009499937953752147,-0.01676532823837973,-0.010164983234977498,-0.008109686705087271,-0.034299601155068804,-0.018929743753679174,-0.003791300140998488,-0.015341162640820749,-0.012778247139968446,0.001728503167476969,-0.015278349907968058,-0.012879793867593747,-0.03150527280254334,0.008089103598185599,-0.01625860215346142,-0.011498221682928467,-0.01197753105435384,-0.020327090960432836
2022-06-01,-0.013938334220570225,-0.012895416368511992,-0.027072974485699675,-0.03923225668364094,-0.0082258547577988,-0.015402221759896584,-0.012125511185628213,-0.011774342748008149,-0.004403639630569001,0.0025251342963088508,-0.011220315646758294,0.022011108335206586,-0.008905451446277968,-0.030021304769073165,-0.006795603284436402,-0.002052136112004943,-0.012707835411105095,-6.0631728414084485e-05,-0.012608243224781157,-0.016428724161321462,-0.03035330816125059,0.002510564817036265,-0.003701042135752952,-0.010438685397103908,-0.020496123814294775
2022-06-02,0.038802714449605036,0.01733696921907102,0.008319965095599624,0.0364367591319803,-0.0046784588027420915,0.006766522553124155,-0.0017045793581365043,0.02303399638910797,0.018506320345044625,0.006605139553959916,0.0020233150845043735,0.012726588882679524,0.0071135014528209695,0.016565406936696947,0.006508621372064205,0.00528797349082577,0.029238681425402202,0.006956698868545663,0.0014845979700204293,0.014769972216570837,0.010344750072794007,0.0016694233686755933,0.0007074308508538962,0.008053664999582155,0.004931254861600065
2022-06-03,0.016656563598850926,-0.01968204006112595,-0.024296363207264027,-0.03139770159974964,-0.02227445844539111,-0.028040726989099096,-0.020150107879192358,-0.023321294885053967,-0.013514731096177623,-0.008507921902056514,-0.01746995212325242,-0.006283212232946589,-0.004275094293427095,-0.015866343546962813,-0.01000356969782401,-0.015780124140565843,-0.015130228911493293,-0.006608003613438385,-0.011415629438384256,-0.019079125194167212,-0.021100628331899185,-0.004166744972883274,-0.00707078607134759,-0.009789692173209907,-0.009814113826679849
2022-06-06,0.002361750487844594,-0.004896405253164482,-0.010618112759109732,0.010388007699672741,0.009506071377802128,0.0031230838564875185,-0.006971269799143753,0.020517660505873225,-0.026026885881960116,-0.01800340202259898,-0.012955679820869315,0.029182594755320368,-0.008960310604332222,-0.013507434294936727,-0.027242627529388885,-0.005641379503383281,0.0022729587327128264,-0.024824546362621103,-0.025944987917698503,0.012471224889121002,-0.0030013755493928373,-0.029079374737827512,-0.012462050483985632,-0.009773021501489176,0.01564948267606714
2022-06-07,-0.0045256804724703725,0.010764432411718428,0.0204194650674574,-0.0007432823670646682,0.0063859503345080615,0.0025941067310408794,0.00912604843929099,-0.0011700199128389377,0.023648733716364223,0.02832834517395577,0.016203306367506443,0.0,0.026370394302334788,0.017226085654272527,0.021061476703445603,0.016124305356997715,0.014154982654350334,0.02523922108815002,0.021555183511743792,0.012497235660703598,0.024265749971792427,0.01939219592223962,0.022354431553139653,0.02478802474068731,0.003595418307003717
2022-06-08,-0.006349807164178989,-0.050146142101722524,-0.04002215759590089,-0.028759139053970206,-0.0081200479242024,-0.0178174485060274,-0.04486932987270231,-0.033099674565626236,-0.020240807453951737,-0.044099099195013425,-0.026990944537332195,-0.010396766440750382,-0.02330703255465527,-0.027595512312675097,-0.023381293314752916,-0.013958358498952994,-0.037862240311954065,-0.04261299742486635,-0.02185377954188783,0.0,-0.024507095068417528,-0.020291576207960738,-0.0352672651840954,-0.03717822951690053,-0.018167983728240023
2022-06-09,-0.016108012510422154,-0.035943302451368564,-0.044308613234786964,-0.040714676121727966,-0.026131460005142992,0.0027850571025875848,-0.05462503929728724,-0.015314182532216059,-0.023291132196401443,-0.01615225195964387,-0.03726086557794206,-0.049188243982668856,-0.01747454800474313,-0.03918924420166259,-0.02779681762290509,-0.012367793778688463,-0.020838489343610767,-0.02148092738424212,-0.03667179910945184,-0.012401956208701326,-0.037081728273644865,-0.024595410660072203,-0.025406649298615247,-0.031984111093106504,-0.013812715917582263
2022-06-10,-0.035319156236794935,-0.027779570002296805,-0.01673961283578307,-0.02408202634110257,-0.03885781155508106,-0.013961863383252449,-0.01271163363294081,-0.014048615098017025,3.683529191977897e-05,-0.014232680406024545,-0.030524754491814354,-0.06378713192923913,-0.023904990348283528,-0.03187978808615233,-0.0045582416049405605,-0.004828064069119953,-0.04035352766840805,-0.007521655015988338,-0.024632260372811632,-0.02433703057677772,-0.025127355315013422,-0.009953661037995554,-0.012940734796676012,-0.013937343199199592,-0.05311846192174008
2022-06-13,-0.0437432673190723,-0.06548617544892665,-0.05891449546000427,-0.04567141845685274,-0.03828580191136266,-0.03182094540890856,-0.06203711090452335,-0.05066488580282391,-0.04739566854122246,-0.044632224719769686,-0.05031871594529025,-0.08100868108128234,-0.05231233411842995,-0.05665860099468101,-0.043649005503087035,-0.041692059147358185,-0.07514502243879062,-0.03236520513824359,-0.06116740181068958,-0.051700087590341504,-0.04058877513693171,-0.052502078750573444,-0.06612202166083103,-0.05141967552823368,-0.04353898777122378
2022-06-14,-0.02308030307368092,-0.009801724723530025,-0.006249324493911579,0.0082857404436385,-0.040407893848640075,-0.011035329752021705,-0.024958103822877442,0.003618544856042405,-0.007207419473579835,0.004874694780638844,-0.017145346396995276,0.002919028351224373,-0.00986371752668691,-0.014373545869630022,-0.004912105250283849,-0.006644363087093819,0.020566415015184525,0.007987007849089789,-0.0004416223603945779,-0.037706750161912383,-0.006587772949094739,-0.00212233643071702,-0.014648807850770718,-0.0051378374973574115,0.0043769495879955045
2022-06-15,0.029468090344975995,0.0026592064344848065,0.015445717354813038,0.01161801747734481,0.014754066164405888,0.03500036514504612,0.039675720517807544,0.03676570547674718,0.0039809575859304225,0.017386802817870528,0.0080915807918569,0.025029410725728285,0.014594425077758766,0.005729017456127972,0.014872155737597259,0.03201153616108798,0.047510560598823304,0.021252845440596912,0.029328589731305144,0.014576296029794822,0.010257820301746268,0.014650355646709023,0.03737335595448821,0.012911417115717194,0.002614789645474236
2022-06-16,-0.024128183129739966,-0.03823785250520273,-0.037918365051910374,-0.045518206310150244,-0.032823775447641146,-0.028077142141750278,-0.01066899993019954,-0.03558681766998828,-0.012789915424632925,-0.009659465272642387,-0.021682302562855194,-0.053946901415509174,-0.03877444443005795,-0.029000413859105234,-0.004802624382468701,-0.008796115264483428,-0.028673129977078382,-0.01111222996288852,-0.020082359528517224,-0.03490481619044117,-0.029538222667965353,-0.003959177238089029,-0.027269238935360707,-0.009559993900593144,-0.05041983928287952
2022-06-17,0.008498026457834706,0.009499335869159964,0.02010168001217738,0.029493794442061683,0.007484355190819025,0.01492306316352865,0.004562645356946282,0.02325248430188176,0.008427031011581487,-0.0029388132988000804,0.009163393456496305,-0.027610988229675004,0.0023854549345336817,0.01013330699740611,0.005630082347160448,0.0099639437807586,-0.012791994449801392,-0.007480057822636943,0.009283621672520947,0.00402237350996737,0.01130831971983648,0.017769673963260013,0.0022509977835041273,-0.0006436724323797272,0.006713143035601332
2022-06-21,0.04522144408333828,-0.00121435883140808,-0.003653153408820664,0.012542719604976549,0.03720812066335166,0.007548132346871572,0.027250114216937904,0.011646518321825727,-0.002381965938034303,0.01473658306735448,0.01196086292317311,0.016666648010193796,0.02098674538900136,0.004223805424187432,0.007013649324894677,0.009249081871182785,0.018122537968483288,0.01189115523909634,0.013016305639381054,0.03835081607658619,0.009405293805345938,0.013094333753591814,-0.008778930279709996,0.013264549769517409,0.013640656832203613
2022-06-22,0.020903367998406086,0.013447877353923277,-0.010000105135527182,0.0012668403256024252,0.03772501173070997,0.03238657258505895,0.012058026434308422,0.027758013334811427,0.0018004873940240529,0.01755050819719206,-0.004537925905087059,-0.04675182484162854,0.020343272241192256,0.0,0.014846191493586902,0.014052411003675047,0.027589788305546703,0.013704463196543504,0.004797072038534189,0.028030338960409962,-0.0066257693041748,0.008616828866061521,0.024716793448051666,0.01385366981017011,-0.005382704694740004
2022-06-23,0.02499903115278812,0.034185496091502454,0.010101117371225765,0.008997601776481012,0.020884271923100384,0.03288227558139467,0.0051623608649822295,0.029591753722266967,0.013714903140986001,0.01955509280843759,0.02989533807516387,-0.01910809976478034,-0.004153617426420397,0.0283911216069741,0.02420080834515148,0.02410010765154924,0.024077687258964087,0.006335239632718537,0.015174723231640375,0.04522997608726542,0.007816439234460848,0.0274277641787517,0.0038189497317480114,0.02431989480504959,0.0009018391813226945
2022-06-24,0.012930104483247051,0.0404494836926268,0.02222243201647145,0.018949431154570817,0.01987411337902767,0.01580795945288349,0.031213098550243457,0.017345247021987253,0.008749637858713522,0.026745174965892238,0.024497917762799748,0.044805179410536855,0.03149096980325128,0.029652428934389796,0.014106884863495317,0.017649368653889663,0.036789556622190966,0.01953438976705768,0.03258303938909357,0.0058006305689048965,0.030196642566157506,0.00984713973958029,0.025830868868118362,0.020193610489142477,0.031240761380464166
2022-06-27,-0.00886684639718216,0.014840072118609937,-0.0003262862225983376,0.01011904171963418,-0.008743357702433396,-0.01116717608348139,-0.003065147359743059,-0.00522357962133535,0.017347354295651263,-0.0023205471027101243,0.007434869442090264,-0.004350453889516603,0.017185810600190532,0.007944393409618389,0.006375538978280915,0.0036133572213474796,-0.019414211875446452,-0.0015276629860264679,0.007807371720466083,-0.01009988261123429,0.005018923581721513,0.011484175335732205,0.00663688733739165,-0.002279596275248985,-0.012816825019707268
2022-06-28,-0.02467888952711028,-0.007963531537985902,-0.006197577303055479,-0.005550340420534816,-0.028075423346872852,-0.01959929096609503,-0.021137395191284325,-0.02402389396368998,-0.008375660796455575,-0.005523986894872435,-0.019846339839854954,0.006866126568102704,-0.02285829061110245,0.0034481915869035706,-0.002131135850931609,-0.0044641860349725615,-0.010398682936861303,-0.007171994658710323,-0.014202484693927486,-0.029005542135819407,-0.00868946905829926,-0.009211647310667703,-0.008919885362711377,-0.003486470480288717,-0.014753770185506498
2022-06-29,0.0009094414961314801,0.008512025558579994,-0.004534506139198369,0.0029948437713720466,-0.0075926060339688295,-0.05321024529438634,0.014526761840651492,-0.02929315411857214,0.0020243528698566937,-0.0004093382847297766,-0.013736268802143181,-0.023024043135088657,-0.019935039414881617,-0.009327362156667296,-0.00040355407996106596,0.0033270014947348603,-0.00546375194026516,-0.0012844884065664752,-0.011624204477096778,0.007047411831957451,-0.020050285642829513,0.0008650979189972485,0.008804466963976187,0.0042227796075517965,-0.01048213310342927
2022-06-30,0.009598567526717838,0.003389962603538521,-0.011443244968682098,-0.0009500501429734465,0.00639531480612443,0.019073716111166927,0.0027092748849619763,0.01157827755311902,-0.0032018253735552893,-0.004855252725234904,-0.012276856974293704,-0.0012739472118192818,0.010585303454904826,-0.02031712738582514,0.00854546531707756,-0.012327565217385317,-0.005578592128092863,0.005176032798548169,-0.017558305201364033,0.008889422201074693,-0.024059216688618767,-0.005400761439155799,0.006260986696257076,-0.010573142958635096,0.002421365510841156
2022-07-01,0.010994329996552032,0.021375010718459153,0.01820656275287047,0.02825705493557873,0.023637014160261094,0.013479185590639986,0.025858560480923387,0.024367650334087054,0.019960993522490922,0.025041142413823714,0.019009743898043885,0.001913281521309207,0.013144581256276489,0.02225571885885902,0.004465425952296709,0.027687964018674682,0.020229391711504396,0.015031752529979459,0.01837798925714429,0.0325259225988086,0.008006585254949128,0.009122583547485297,0.02547148037966207,0.010443239127665871,0.02596633552720662
2022-07-05,-0.009520215100539797,0.008033841787547624,0.0061809275260495955,0.01030517577140655,-0.004815612018516546,-0.0229519314882336,-0.00865315860790361,-0.008721822212242603,-0.00836058350998381,-0.014393747692511893,-0.007175122798234734,0.0070018666175382105,-0.011352321019671097,-0.004947645704817982,-0.02057573837960014,-0.012259282367456104,0.011663510933827004,-0.008381282822085723,-0.0004967508273915344,-0.017399768140176408,0.019753280911874338,-0.013990618136830557,-0.01801279841051273,-0.010215216505408686,0.00647441997636089
2022-07-06,0.00894745701877131,0.004687935230131446,-0.012395936072662206,-0.014384705852774182,0.0013992820474382217,-0.0012445068843235374,0.006451639947852472,-0.006939920052264736,0.005746745523907304,0.013905595783044289,0.002477970451643108,-0.022123751980154593,0.0002050316575201716,-0.009945651487776486,-0.0005236701768251972,0.003030602277063421,0.00024729301201831255,0.007339846041621634,-0.008613610642637437,0.007452907710826073,-0.011786160163948622,0.00021800363962642955,-0.01428851299513012,-0.008377863689733256,-0.007894956573330614
2022-07-07,-0.004066067060810918,-0.002733196334830601,0.0062202740256214195,0.008756746831149353,-0.0007568260710604235,0.0002336230163269004,-0.0045249057241889545,-0.0027019368452784187,0.00018786554500405117,-0.006886135915099789,0.003192457997620579,0.04137029884029397,0.004510042730855535,0.007031588626620344,-0.004366873067466304,-0.010215379616470788,0.009138769900656207,-0.007034183596426047,0.007184652038565664,-0.002445555558468593,0.015141914228131492,-0.00392818186609023,-0.0056806452100987,0.0006124865831731441,0.01620974191963276
2022-07-08,-0.008437748254482735,-0.02178987944915145,-0.01589587117298874,-0.0023674905703773286,-0.0013983851274639303,-0.01635129131105595,-0.00681783843615924,-0.015467319894958753,-0.011838925118604626,0.00017336276424884112,-0.005030189976996446,-0.009931753492565476,-0.006122347706342346,-0.01147101055302302,-0.006842107718168067,0.0027617079030510805,-0.008077022964075198,0.0033037056844211765,-0.010782996113339882,-0.006496665646071542,-0.0019410167291984415,-0.0099425369281394,0.00019704789243868426,0.004772245937858299,0.01537118139794491
2022-07-11,0.011685746685820675,-0.019679158091973847,-0.02108816350845466,-0.0014502387945214412,0.00501783301994041,0.0030870719807378766,0.0026694471730774882,-0.004934425642311502,-0.0011790683884034259,-0.006066227097409449,0.0047462531843631695,-0.01316618037142292,-0.01334702658053577,0.0,-0.002767290065690209,0.008408091510119009,0.0016449533813951422,-0.006427623022833173,0.0021799567306370893,0.00030858764937202743,-0.004811249147517849,-0.0062487623467880615,0.0005906833962783242,0.0,-0.009425503835125082
2022-07-12,-0.009690221971988433,-0.0018120532018457425,0.0082502993208462,0.010826508026830384,-0.007662943532753874,-0.018702631754958454,0.0034230888524180436,-0.029445238541400354,0.005559575966865182,-0.02929562487707771,0.014582225637404855,0.012706563048895614,-0.008116602732010203,0.018667755368354744,0.0014170807088422777,-0.0028752972380077235,-0.00714401211143989,-0.020490738317210377,0.012383038252423706,-0.01813107684615134,0.003908584435421858,0.006737223428313399,0.011023675754373352,0.004019088131125503,-0.0020187900007690995
2022-07-13,0.0016830391206072992,-0.017666345839950526,-0.01591083963605322,-0.017241375874052056,-0.00017550017550016506,-0.01198224459387931,-0.015920942871910926,-0.003756238585949534,-0.009126259200211373,0.003712517735250387,-0.01842115930911692,-0.004391454684665397,-0.010281089398414434,-0.015353944005502496,-0.004481018760251088,-0.018886765068218958,-0.0012404979548055195,-0.004196810988242317,-0.013718918307608297,0.0051191162845432014,-0.020901630376817693,-0.010037802380494787,-0.021612297680237536,-0.006428939479251605,0.006067724439983158
2022-07-14,0.0023054775897419777,-0.02324419980172976,-0.011779608170780831,-0.004651760819488704,0.0006437235796177276,-0.014894963798264604,-0.00500763044082575,-0.022304368493712645,-0.0014523986922494458,-0.0008946222006778193,-0.02041683364261837,-0.01008194990050637,-0.05215198762821904,-0.020120850940781643,-0.013724421989739444,0.005878056807808951,-0.021778693455602238,0.0011435164651711904,-0.015753497939104744,-0.006405134331274764,-0.01632492105661376,-0.00811205205200316,-0.0071640720393371105,-0.02209765149824028,-0.01321066896060119
2022-07-15,0.002689905393221892,0.03929834538943,0.021268976722883748,0.04099345332947846,0.013916169731261974,-0.00041315441405687103,0.015098974171011692,0.012779253445637684,0.015959979109750222,0.012539381291895246,0.021789801247123597,0.015913514435178078,0.0029077466082036985,0.03285434865840364,0.013310238608237546,0.027172876081545283,0.024379716326127232,0.02248456582091385,0.025029948899391696,0.008616081852207191,0.025106540302649805,0.013857281079376227,0.017037738686096038,0.013982643504072856,0.012223484129170403
2022-07-18,-0.030909785753033936,-0.00665209986311166,0.00263184932255478,-0.00115439121276939,-0.01885781036887424,-0.008183129326850946,-0.008390854622833732,-0.007712835038356847,-0.010811987582295624,-0.00572023063932392,0.014010454258790439,0.024436068521905385,0.011596773333168331,0.01192831917981163,-0.006269416341693423,-0.011946685547201463,-0.014957319047615325,-0.01391537597593262,0.00797337465322423,-0.022572137233361822,0.02366100724006026,-0.00067199008070562,-0.00768634814435365,-0.005294267205901981,-0.013225988540298439
2022-07-19,0.03173508693792537,0.03313133322365536,0.02659225682232269,0.021060733681821153,0.019984494388800567,0.030335723365348066,0.017307669795086245,0.03644104732110631,0.015271552827026635,0.020877711023458367,0.025500199766907983,0.047094803836476906,0.02336855018148376,0.03192533347244697,0.027337319994300335,0.00878051740292718,0.04958069186024039,0.02369248408296154,0.029004443765074495,0.02953682302021665,0.03680080494813209,0.018609765259205213,0.02264143976921651,0.01658618237715004,0.02447552650841911
2022-07-20,-0.028853605555925865,0.008460579297692838,-0.003779828469377078,0.008678088208694756,-0.01728807886223649,-0.002507389412009231,-0.0049150471640549975,0.0,0.005926876399678704,0.0038925984103050926,0.014067664542724012,0.012850387567340027,-0.0015077845104629617,0.019038675014381834,0.0026318802463969337,0.002425646616831978,-0.004316342032896214,-0.000885169794911489,0.011370949946177822,-0.02450690332282135,0.011537874496106992,-0.00022018480008834107,0.0003884237682123537,-0.009010176218317234,0.0008529158421897165
2022-07-21,0.022663511405245806,0.0026387324877641394,-0.017855142339193386,0.013217022797050282,0.014543117735013489,0.014433992184720523,0.012918081807958837,0.02009781306138514,0.005369711281703049,0.015278612454443508,-0.000683582485664247,-0.006920334948934848,0.019633078564532225,0.0,0.005599659603838125,0.004697897108498772,0.00891054329896468,0.010379508669852155,-0.0025334932845649805,0.018039751506464308,0.0076366108166698865,0.0059446078454779006,-0.004271087211713875,-0.0007370573311863415,0.008809376170688887
2022-07-22,0.016444830837425206,0.013698769323517324,0.0061357776451052,0.012306177377690908,-0.00086721910689469,0.018545179522942545,0.00525105837372708,0.005521485772690182,0.015578102015160189,0.01413678503107918,0.0036171739624775157,-0.017421749012665022,0.0023275019177586564,0.0018681779194686943,0.009570743321677622,0.010909219884508659,0.009707307373944873,0.00015655595481711693,-0.0026987984164008605,0.0008425100935014473,-0.005372132928595175,0.010505563429564102,0.009553448619423976,0.018443440412791556,0.0002818530655563922
2022-07-25,-0.008705621386398188,0.0004655889257523249,0.0068888216267339875,0.006929244833719261,-0.007867748148111087,-0.0023544731313207556,-0.0022386326334423723,-0.0065769764278509335,0.0,0.0007307591987324447,0.004285810116616107,0.022458654589211147,-0.0073885672768878585,0.0027971500972525654,-0.004653784871596289,0.003644078676225293,0.004806922752101261,0.014374069288158209,0.006208132341055661,-0.0011535561176929665,0.0033757640681928436,-0.002382528114115545,0.01255311547731841,0.01557407980886305,-0.0014079941300174648
2022-07-26,0.006373021096871767,0.04125375057568559,-0.009309339904304381,-0.013883876620267688,0.01819242381297781,0.003067956031978847,0.0003739731572827143,-0.011978703797665524,-0.00043829663484640236,0.006065981554109756,-0.02007745449214604,-0.02080914730269956,-0.004253626060701343,-0.015806665565755496,0.0026552394290799697,0.011451272977373028,0.0006273946872237257,0.00861327142788948,-0.018035246020404405,0.010673066539953924,-0.013938242868034245,0.0019539698841448683,0.004196391837141045,0.009510061075990173,-0.010434385064610141
2022-07-27,-0.0027031082000196216,0.011374528283620622,0.018906531630414003,0.01346717029886424,-0.006184859881534388,0.013332346357409985,0.0056075003046456295,0.01637806261294772,0.013190170385064537,0.010551639426522375,0.014352002413720255,0.03837080602155818,0.004912415654736657,0.015587969550229008,0.013241142607813394,-0.007731622132414295,-0.0015676047204116195,-0.0013163518870320523,0.012727736695570924,-0.010498326499145838,0.01501271364330714,0.007584181388313738,-0.006078102006948138,-0.0045924168121355136,0.019093616495645227
2022-07-28,0.0411181935323095,0.031149554010557745,0.0008888459648515035,0.023314814371058867,0.04419752941999655,0.05974773469316119,0.021933177565061968,0.0906149855028231,0.027046238311865256,0.03938992911673056,0.022053097661255183,0.018192214892782443,0.02019146903528468,0.016744307988316942,0.04539786867423046,0.023236204871742272,0.03932805593198263,0.033161853986241274,0.014158408303420744,0.0443424003043551,0.03207826547870685,0.037849230554277025,0.01891847152826731,0.017153573591451865,0.01705829795589464
2022-07-29,0.007177526072378093,0.0158085451798744,0.011989347562032737,0.010742576696310957,-0.0030351525853981043,-0.03271758334953767,0.005092781921856471,-0.010642366216524035,0.006074409595921093,0.007335108331504525,0.008306323413955763,-0.005583676021033823,0.010208631800145085,0.011436714481070753,0.009456846013055076,0.009523274753819644,0.0012084456678800315,0.007593958405268664,0.01066670967257588,0.0033464248538279673,0.010980897498107378,0.0029011669077674274,0.008627130664089044,0.004186944327631892,-0.0013746399951963806
2022-08-01,-0.008160336306645699,-0.008806691111756693,-0.01809996947748027,-0.010394760115608248,-0.003819329126536042,-0.014420445075008281,-0.0028955930555516485,-0.013229231054196822,-0.02317349899237553,-0.0026909164679411735,0.0017044131473444857,0.0016844612172213225,0.007011690966334028,-0.01899598962198279,-0.020621237423443017,-0.004324705246423588,-0.011919111425243933,-0.006096760166843795,-0.010243771506248112,-0.008755067067267697,-9.202677062281062e-05,-0.024173602688360107,-0.009111125825278177,-0.004169486918031207,0.015968933712495303
2022-08-02,-0.007408161875566255,-0.028298538894907854,-0.01631122552043629,-0.028679336821682444,-0.011779741067955762,-0.009728848132766532,-0.009074448971125859,-0.008237148898251001,-0.010790099258713659,-0.010634262006959605,-0.01588047455297914,-0.030269111882986532,-0.009420947155569848,-0.014753456675245191,-0.016437576175683644,-0.011809487145182929,-0.012291823337526542,-0.010726814212627889,-0.020699303220003462,0.015982825964134362,-0.02899753611788125,-0.01863225578346661,-0.021204786560406808,-0.026866723813729343,-0.027913020364176866
2022-08-03,0.00825094121236325,-0.0018787991751352262,0.003974972060639237,0.015795812565714273,0.003654765251616565,0.0008510558172052374,-0.013186600361878242,0.010817502649107302,-0.005056603710515861,0.03925115931683987,0.0005761782497062384,0.002312181627711629,-0.00020645402418240089,0.0028078394100279347,-0.004806864017564361,-0.01098907985321429,0.010435259251670326,0.023244248589592953,0.005764685490817101,0.016855580408505544,0.013746637628706981,-0.003883585808813428,-0.011503032838318328,-0.015058837828380134,-0.009478837029595177
2022-08-04,0.009076441824238834,0.0033881576146475023,-0.01968304083709893,-0.015430633242495495,-0.0008403361344537785,0.00046363911430380433,-0.0022272717374478557,0.0012066672525636868,0.009366108651176264,0.004682573271291179,0.008351774337776563,0.019607754609354267,0.011993384091249837,-0.0041999119389081185,0.0040439325801704396,0.006528076550617934,0.0002293882752688603,0.006607788740000675,0.0,0.007008287466121255,-0.010380745553383197,0.0106129997161164,-0.01338263784795779,-0.017109828809775185,-0.009569545188887973
2022-08-05,0.0033913736083932555,-0.0008129089901131037,-0.0008079220894166017,0.020167703940553228,0.0002802422372163438,0.00023174594799724169,-0.0026334903559225298,0.000731552232724253,0.002517347570309525,0.010089706450617353,0.006759498014731191,0.016402696398232885,0.06865556189015831,0.0032803633351123906,0.004307159495146706,0.004001765272525493,0.004894848111151928,0.0019057450143569188,0.00047747620374405386,-0.0025412192003271272,0.00642630576332226,0.0021431273663314876,-0.03774333025589838,-0.003950487692075844,-0.001988966023704797
2022-08-08,0.002976301275709803,0.017148732014603985,0.0010393447472991646,-0.002500882236749047,0.004708626039801045,0.01166272262338941,0.02678248277540418,-0.0007022883452013629,0.0074619523115675435,0.01592116698739221,0.01295489735221067,0.008347518097471252,0.03231363464504344,0.021485133994876282,0.0,0.006871491201371871,-0.0012937858676682623,0.01361706651104555,0.0190962202646785,-0.0012157340627101387,0.02197155469248835,0.007485242856607233,0.014709023614673633,0.011402737462513635,0.013667374199180848
2022-08-09,0.011648127743824288,-0.0028920785185878595,-0.006229703984099166,-0.004536829908318829,0.0034588395783030634,-0.006107634235293369,0.013225501950770102,0.001047009404173238,0.018908369996535335,0.015222612646683675,0.0027071448389737185,0.005518499456306003,-0.012595301667078007,0.007773289942245132,0.009802785722575535,0.003958808002385128,0.01280278052159245,0.021506692334343214,-0.004684596970568444,0.001710314572813454,-0.007625771111780644,0.018679618641276097,0.017918251710564714,0.012990346452912416,-0.010392978262744657
2022-08-10,0.0058296596157942915,0.02783106102371291,0.018806602104008086,0.022787258197001448,0.0107860647642537,0.017821494497053836,0.021754990643203964,0.01678252634202293,0.017683391276147153,0.01686246411842074,0.01824783065313973,0.02854006811116494,0.015382122492615169,0.026315750538081772,0.01897408703265846,0.007885426102018478,0.011362179905467062,0.008923118839520683,0.021650415302212345,0.013860755004893477,0.031200831156819042,0.024796913067325788,0.01859197652862643,0.007863499458908407,0.02412688643222527
2022-08-11,-0.013823701702484592,0.002461557417199556,0.022333485491332183,0.0008208219491814273,-0.016061404354968833,-0.026188677210483013,-0.013839632050230866,-0.028401632929442533,0.005322630092029934,0.0029492644675008783,0.004388902821519158,0.02241201655832259,-0.009976109711898107,0.010168127400933757,-0.0026525134349664192,-0.0036418823781613208,-0.0013393793184117708,0.0013005935580245875,0.002764128801659549,-0.01960832865331852,0.0241515431131758,0.0002032118123020954,0.0009706589007174582,-0.024967032967032954,0.009700744044272236
2022-08-12,0.013761673841984345,0.018685768367056044,0.004347060485590637,0.02390159287637128,0.01565295334430039,0.018522993392710685,0.020870729813935895,0.022123701070764,0.01496163686751606,0.021740172746261166,0.016659048890778516,0.019310998509282307,0.00821039995502093,0.02188169465015144,0.01921299327817705,0.010966161562284471,0.022424176775733384,0.015182923009684934,0.015314017805897473,0.01906908552149078,0.015604360879557078,0.019109602415855464,0.01765283973195997,0.017973981181801157,0.012626709695771288
2022-08-15,0.013682939032118036,-0.0002939865970527089,-0.011874372339764738,0.0033184679889322055,0.013540395483879308,0.012783311765980798,-0.0052872345185684955,0.014519594393993973,-0.00047098398995859547,0.008633472248944063,0.0009850775477775464,-0.017408975619996547,0.009254046678531358,0.011134959903670305,0.004632934046876702,0.0010718714568878074,0.008306726741605264,0.010349708449641115,0.00015073555701450303,0.014541205721304351,-0.022442730322364768,-0.0019949601007980267,-0.029737019751281957,-0.012093839881970214,0.0016267366827948937
2022-08-16,-0.010904878725386258,0.009056903353930501,0.008872297001928375,-0.004447985724122083,-0.009937988503353479,0.010743718309336625,0.0010628267631080934,0.0004915831062315412,0.004982929197699937,-0.004911208457236471,0.011002541205322958,0.01719647594821283,-0.007151997579137426,0.005082496099684031,-0.000530104863096903,-0.014047194111820205,-0.009177888586145766,-0.005966125667607791,0.004071819474996685,-0.01999263794312711,0.011214185118022524,0.007195851291278865,-0.005697300761014712,-0.012608448371469683,0.0037886342771766834
2022-08-17,-0.0035554657615599616,-0.004954153925025073,-0.022709479079818018,-0.010195891629210863,-0.00460753613840259,-0.017245045334580822,-0.004247738553277203,-0.007218662266252007,-0.0031491124512987856,0.010858256454721937,-0.003185091268214202,-0.008708883978564619,0.014776505867447165,-0.014328011059420054,0.0006895590867970203,-0.001627420569670024,0.0020423534719002934,0.005803998161880708,-0.01006308180405191,-0.003620588142744463,-0.014670110455856089,-0.0017860654081899296,-0.0019758880437604764,0.011282099880174812,-0.013750100797768394
2022-08-18,-0.007100286637236608,-0.02852434306210916,-0.007290316494720561,-0.00011576546358593731,-0.0023147426432316154,-0.008773960176280515,-0.0007106457073927652,-0.007752186582086762,-0.014250856492410757,-0.00902105116568197,-0.005503145602562709,0.010335857641022406,0.002002303535040273,-0.00042740898538762284,-0.015899281220431938,-0.008019064605648718,-0.005531666822007675,-0.006811947558615805,0.0010620736115372065,-0.006920761161017475,0.004342490516078046,-0.01769401424780026,-0.029499234604085767,-0.019247623215089216,0.00328025642742924
2022-08-19,-0.003920082895487287,-0.016338986591686422,-0.009179463202028448,-0.017015872567296975,-0.0050262368901202725,-0.005341440779939699,-0.010316957862139597,-0.006600955111426221,-0.01118290923489329,-0.006851075619890623,-0.01776168350903584,-0.039386250677537316,-0.003087994438393249,-0.027801333623973523,-0.009801195000610496,-0.0010958911244668412,-0.018663639741316906,-0.004591027883273591,-0.017732754221859937,0.0003478988185330323,-0.02047097463062353,-0.011738281789354876,-0.002243930943973349,-0.005249678024728643,-0.013623823304538818
2022-08-22,-0.016981976096993368,-0.018204255589689966,-0.03265779156901494,-0.04639654848052677,-0.01743089072552817,-0.02861534309333358,-0.0003594567352377398,-0.03076964202271848,-0.019206628670475068,-0.012425960624608212,-0.028259700899948115,-0.0202344404220115,-0.022959313696806816,-0.03211623690520515,-0.024800081029386356,-0.015361589137732334,-0.023418799821422698,-0.013894133615084181,-0.019132704397244016,-0.01599433290668628,-0.03846511851396939,-0.022322547562498518,0.005520371599677443,0.002152611012748995,-0.023756923774372773
2022-08-23,-0.0167561661786082,-0.015607583412489245,-0.0014365975953256616,0.002840154581438048,-0.02197740579784324,-0.01121471596439505,-0.031643218081659374,-0.011208810558332227,-0.023730584427070656,-0.016170912292161943,-0.00766805588766073,0.0032608974563743676,-0.00727337523222471,-0.0009090384530888729,-0.020132673095439646,-0.01643690620205973,-0.018940021737810953,-0.015187074663704947,-0.008966484496953142,-0.015428535229169982,0.0009368281575268256,-0.022832031621531912,-0.020740164429518537,-0.02514535251944372,0.00481043430799466
2022-08-24,-0.0028276063863353906,0.010591248426903732,-0.008871668228855656,0.002216479586319764,0.009993973581484239,0.0035144682462822097,0.005941470374441149,0.005525643364671762,0.009326735700187827,0.009920260816218551,0.0007538005319809304,0.013001129018114455,0.022919422906910514,0.005459511247690951,0.007171202618144967,0.0004248784254099469,0.020706819794565456,0.005629078603379245,0.0031744773899191614,-0.00021022225740752187,-0.0014975938378154474,0.011790066978737634,0.0016612152143138381,0.004666223800946501,0.01408056566012772
2022-08-25,0.014216502031429101,0.016316362616166202,0.017539244088978556,0.025310204865977015,0.014756132055846027,0.02268389754854372,0.01181230762228358,0.02689623235767069,0.011631254744227437,0.014734398037735685,0.010546196980942835,0.02299448242947011,0.01689609979855833,0.015384464588086288,0.007911337380448913,0.00537959744982075,0.012660131329736535,0.021107369424935296,0.009810122715685932,0.01795974113994281,0.014623170588845102,0.010169569076224239,0.016376536402806785,0.017158779224734744,0.01693962081581235
2022-08-26,-0.02628264903955968,-0.02439043987133427,-0.03102682208559704,-0.03618929602764975,-0.022601632441947017,-0.025060356331488065,-0.021160076625658664,-0.027250467607222828,-0.030824751042855647,-0.01713005758818864,-0.024133399618634366,-0.04652372519213155,-0.019866344210000664,-0.03208527008431661,-0.02511748537019365,-0.015629208237571635,-0.03336343310231571,-0.016359818332763565,-0.01519902301692766,-0.025579145517339752,-0.03131926685131192,-0.02768460692417929,-0.014889108040223364,-0.019152422675032477,-0.03386130480653515
2022-08-29,-0.0056279025059671195,-0.014493763890212508,-0.013249795804530118,-0.012433171654925967,0.0002306672048901781,-0.010377592441049854,-0.00409992304954665,-0.017010845782904904,-0.01597494433192781,-0.008690382457153145,-0.010503099086496714,-0.014802626583026557,-0.004790813922946335,-0.013351834264599738,-0.02007145365891616,0.0011440361186410009,-0.008258726041270537,-0.011174928838579401,-0.010819241448738248,0.003451460547240659,-0.011444856637203071,-0.018550180917474957,0.0020706584410141726,-0.005560421620654621,-0.015545222028272798
2022-08-30,-0.024334000351548424,-0.011110431299000578,-0.007709113900809972,-0.0078056495555827166,-0.018910565546180202,-0.0012908672817232292,-0.01609277010787802,-0.0052175448163152005,-0.015088337313209021,-0.02074691135607576,-0.008781511311824697,-0.005564498205199442,-0.019070447115585032,0.0004663911940647747,-0.015141769213978251,-0.014573628399533245,-0.012883991001583883,-0.02398202365472646,-0.006434077407807104,-0.020517557228405647,0.0013506778889622595,-0.014066268362201262,-0.01756197313201502,-0.010273231523304838,-0.024117140889659328
2022-08-31,0.0025652375357834156,-0.003766615548557062,-0.0047609906230727805,0.0019033311829173005,0.003878696243759805,-0.0014537049498031251,-0.0015213193359890909,0.0022564089918408747,-0.004768422505917136,-0.011637944835808711,-0.014115968298792025,-0.005596106908369314,-0.006983676153781593,-0.016791055721183112,-0.012752538980864814,-0.006431564503232012,-0.009072668496020397,-0.005022694614680301,-0.01505577321373952,0.0019405680009483284,-0.01743907796155275,0.00022288176963081163,0.00651929490111014,0.0070949776040794,0.005001231179665888
2022-09-01,0.014130955195629236,-0.010756182828388083,0.006168912320790643,-0.018617036952223054,0.006848694058508631,-0.01318454531966129,0.001523637274836398,-0.006191331410018486,0.011091644742381668,0.011120689396292294,0.00019765431128870858,-0.022509923771741547,0.012544967025576836,0.010436494804238361,0.007847025151144882,0.0024898192930586927,-0.0016866357351935646,0.02100768829581967,0.0009862427802822538,0.003535805725600749,-0.006373985627097678,0.014709134122573131,0.007104032113350867,-0.0009131975187707253,0.0017659583665043943
2022-09-02,-0.02635460661253175,-0.008962183718978278,0.007757892513201359,-0.004516692266999467,-0.02465105889383168,-0.030491611668716057,-0.016356075509436074,-0.03388930759106368,-0.0075372677937183274,-0.006668597454348224,-0.005133881425660292,-0.006332718746381305,-0.021400521606549483,-0.0032863049376480324,-0.016470093015596876,-0.011103274977388056,-0.01938857390906301,-0.014180689833133586,-0.006896676285929826,-0.025091928439471944,-0.007894953214147016,-0.004612534041775418,-0.01763484735216092,-0.009793638601983456,-0.004994069534329348
2022-09-06,0.013274861723092446,0.01516073774964366,0.006083891983076795,-0.002463085855711644,0.00876240681756335,0.008623464338906928,0.01198763420609783,0.0010773123357199488,0.014286955057782658,0.014378704668967845,0.024015144818777756,-0.015063834752170213,-0.0076729141390404765,0.0028261359702850264,0.019425028704955327,0.0008865140320768461,0.015670034314083203,0.019189696549814172,0.014219549005240362,0.004274192997812731,0.005073324968288162,0.01676977864869178,0.014994905663768376,0.005934037170108208,-0.009152652184175603
2022-09-07,0.020929899271852515,0.010938382085242004,0.022707723478667452,0.03287857711538478,0.026295802059616902,0.02212922062161704,0.02369126617935824,0.024309748259093267,0.017124743330722003,0.013088407824909165,0.008915637195710646,0.03764712000421122,0.019717845469757744,0.021606345683150785,0.015710215928944837,0.007675361271893388,0.022859214763299107,0.008574517336247478,0.014346329353621456,0.023750283510299397,0.02395063553759824,0.017795272641382365,0.018726169038291607,0.018222659357919335,0.00983304135844354
2022-09-08,0.008362516423378041,0.01684625072731505,0.03342557382128275,0.003397038646990147,0.0031666352084724902,0.00590442160973792,-0.004852507649909188,0.005717226599206704,0.0032070923141345187,-0.008092965107667549,-0.01584864441446543,0.0017008312292003946,0.0009476426595522724,0.006038030532417027,0.011467717342339201,-0.02797699511923102,0.010108348218626828,-0.0084724703274065,-0.007553895865077598,0.0062660821140481104,0.008160604819999584,0.005543732163761694,-0.009191017375101529,-0.016737414672441275,0.0011802149740489654
2022-09-09,-0.00030579663562269044,0.012106717923765276,0.0018684192093838536,0.017805619673295414,0.0018365450125066296,0.014593177097055765,0.026256331240468445,0.010738675229364114,0.010825523771347711,-0.007913051539718996,0.014444690988835829,0.03225778746602925,0.04602285971531228,0.016158915159840692,0.004128040502650698,0.00647960108011425,0.013446835426215387,-0.0006774323675337035,0.008583027588604075,0.004738786812584772,0.011995473648693578,0.01738736143429942,0.02246966314351817,0.01597462506847558,0.02033581395905104
2022-09-12,0.01337968972050052,0.009065661651695311,0.016433401390685498,0.006283135982939836,0.013062270341193116,0.01848134993743278,0.006579093279035941,0.01152170099697769,0.0004312233323675585,-0.008966983920890237,0.012410970208632577,0.013706081920325408,0.02371898930058136,0.01317578733280289,0.006948507175383423,0.012127469408378388,0.004397155604737524,0.0010317568886581974,0.014611337387444578,0.007890614893172332,0.014262194705394693,-0.0037514630979161856,0.01794362668458227,0.008635359160635181,-0.0017328663177278436
2022-09-13,-0.03945838351010322,-0.04086602416558094,-0.030844989203454243,-0.03905487793202311,-0.043544439430637016,-0.0519131985093052,-0.027233083882326148,-0.043878694163654974,-0.03685613220152861,-0.02769446515708296,-0.04038765869790861,-0.03299065667728318,-0.03095168588584085,-0.045739709924893845,-0.02587704299320137,-0.02499959373261107,-0.03932407003561533,-0.028799065784482658,-0.05443896296262618,-0.04754343124616911,-0.04598568593185226,-0.03410042448068962,-0.0291148029195617,-0.038972671319295715,-0.06365755401761874
2022-09-14,-0.011035574144414695,-0.011318762972363339,-0.00946532524362853,-0.004459147453775736,-0.0069188661968363485,-0.024127818632353026,-0.013811331777288549,-0.015071987688631605,-0.013165876892393125,-0.006994929649962511,-0.006338165676544216,0.02460841808328995,0.0020122071865897873,-0.021616603572913395,-0.010035320555390581,-0.007586456609870673,-0.025826793142887716,-0.009487764261825182,-0.003805346645785024,-0.004125779038824051,-0.003784622758479461,-0.010829459739463143,-0.012239955146307713,-0.016354075390002776,-0.02101336991404046
2022-09-15,-0.02684465276787673,-0.007237433587655384,-0.011347131921589648,0.0011518296389578797,-0.029429476681846256,-0.036095732647431045,-0.027251952122863243,-0.01653181032292539,-0.013832633628697466,-0.02608914267950513,-0.0035876827107883535,-0.010371026843226216,-0.014369847143301584,-0.006724453339850944,-0.010614201568433512,-0.030270647252955807,-0.04013871818179504,-0.03394116714522433,-0.007639991525116296,-0.0275753906347993,-0.004898371912035571,-0.017297746379192347,-0.022304858512141257,-0.016761368769083407,-0.01104811990797383
2022-09-16,0.0033870742363060202,-0.0015236775524771762,0.007973778942973464,-0.027099612113133498,0.010024563859751146,0.0016979729049348968,0.0007783112487556032,0.013677943618182198,0.0004980605513944525,-0.013179803863336392,0.003600600523033348,-0.019856559076008584,0.03345794511209599,0.0029016101622916235,0.00018100089264128094,0.0138735999381292,-0.021941087655085623,-0.001625875774552643,0.009238557243954837,0.013820990264345134,0.0016072838312486404,-0.005347784155772528,0.013941750694506316,0.0010995240372446702,-0.019151038081745342
2022-09-19,0.006547431307889706,-0.010885971151787799,-0.017379476187412313,0.010248308672208717,0.0012254215026425985,-0.008297465647480795,-0.012052696396468665,0.001936947561197666,-0.013560041913885601,-0.010207001450000974,-0.0008965594530987442,0.0028137319990253484,0.016096947022359087,0.005785652165164468,-0.005001725106688837,-0.005286748801899943,-0.0076538015062597164,-0.002075813223869183,-0.0022038284091051574,-0.0004166374108930393,0.0058175027627189735,-0.019937172189858243,-0.010624832715593224,-0.02169708355349753,0.03189066974712529
2022-09-20,-0.03878791078889232,-0.02872088262788519,-0.029885827263854248,-0.024840630093332816,-0.012727690880301123,-0.012595598593278967,-0.029516279417199587,-0.015112785179482557,-0.02493007767012967,-0.017716855334954484,-0.039601338272691855,-0.006733927993539557,-0.09843366732646652,-0.029242665099777576,-0.03118948870314131,-0.013756484043837558,-0.016578051234836355,-0.019903851462082844,-0.03380905750278096,-0.02949144296168671,-0.019545202046730714,-0.033143171909892355,-0.022741651701325694,-0.023582452542230792,-0.05960266558799787
2022-09-21,-0.015762803725414498,-0.02418112592247834,-0.02590186442884601,-0.026273688083543578,-0.018284596314969814,-0.008747326797693744,-0.00892111208138091,0.006001604829066753,-0.013819139019894955,-0.01016306335077366,-0.020062990658691437,-0.05084767561007042,-0.009871590982864054,-0.022221966668188653,-0.014252308617086151,-0.00871782162761292,-0.02145485874284314,-0.014855581371033155,-0.017056324563172853,-0.007175073357190698,-0.0271564334239891,-0.007091973598692181,-0.019176889940689557,-0.008194205713822456,0.004694911027364634
2022-09-22,-0.005850873243615107,0.0058764195528895335,0.004775703985879121,-0.011094441368141306,-0.008207545516137338,-0.012684890730978116,0.004500757011856482,-0.017639505721050774,0.0017364329139997192,-0.01557033279772968,-0.03033535250160202,-0.03630921224364636,-0.04406785960924142,-0.03181819187509094,0.007165799516452909,-0.0006395511224852601,-9.218235929808749e-05,-0.009346366055437372,-0.027191499706859856,-0.016552079172146072,-0.03627804155938241,0.00023805894502992864,-0.02130929714867502,-0.010726334113801306,-0.018357835499996034
2022-09-23,-0.017054887505621563,0.006898256296818506,-0.009377777665974918,-0.021329547800906234,-0.021834630395656918,-0.03789218722414278,-0.010997859116117725,-0.026474918984526252,8.071609308846206e-05,-0.010143406893497797,-0.00044223902697504425,-0.022853900119975568,-0.027951655786408347,-0.018779494902399274,-0.0040928490421316965,-0.011039790582104136,0.0005527501551918501,-0.012846342472505379,0.006252320152254187,-0.0017614520018263136,-0.021696728271457855,0.008569265333294718,-0.02514041014573498,-0.022564043749249585,-0.01428093535885988
2022-09-26,-0.032516053582137605,-0.025096388125450786,-0.03371816882118428,-0.02306828188980936,-0.01887275454638604,-0.015095714098689927,-0.03459646619767365,-0.01945628524277354,-0.028619903512954403,-0.017078570253865943,-0.02643212838830411,-0.01896327036453882,-0.040128608936885524,-0.04093573308644627,-0.024530601820540787,-0.014722599706118,-0.040883914824177414,-0.0144036929812551,-0.02613300135064167,-0.02812341781975758,-0.031270820505657326,-0.03469419462270318,-0.04420924247092095,-0.014090967633958562,-0.027250741542911405
2022-09-27,-0.0034781280047391228,-0.010971070023387375,-0.01140777900075407,-0.007243227710297395,-0.01737848133542086,-0.03979167184679844,-0.027304089654162644,-0.023899893480908485,-0.010913492433532013,-0.01655088936059701,-0.001363034706393318,0.015463892723910355,-0.025486161241896288,0.006652025262525063,-0.01782354076538717,-0.023152692698397592,-0.018049255896361638,-0.011450255918271868,-0.009570474918144556,-0.007924185558327745,0.01911619316767399,-0.008557588745712552,-0.026499564814835286,-0.022198443500690668,-0.013829623666248958
2022-09-28,0.0020851319589636486,0.02385312371736248,0.03855521785598781,0.02407706924368691,0.013028122243762041,0.020873618816683592,0.023684526253585414,0.015519161133241699,0.026641390203483883,0.02215995149890926,0.03310176387620434,0.05012681801271257,0.03028193936298429,0.026431701561856258,0.028177280707118557,0.014792121353945253,0.016132361248061944,0.01767026843395647,0.029935629407197073,0.025685665272396907,0.03931279095637996,0.02836018656988304,0.020787090422893062,0.01725988881286189,0.013664083315205966
2022-09-29,-0.03320369999937567,-0.011425622521720413,-0.011122829209742502,-0.03405527756135074,-0.038782123573028016,-0.02866587187886238,-0.0325621947924698,-0.0262097332862532,-0.015835094376263514,-0.010781306695885617,-0.022351931316923146,-0.03895298350983456,-0.02449337576803634,-0.0300427249488876,-0.014055406296829442,-0.0400858956586424,-0.026363927371609974,-0.01736345158353536,-0.02189117374504057,-0.03169723067584085,-0.036744818520397016,-0.014868222592551827,-0.038787973424077915,-0.031947079574734416,-0.015608564725696716
2022-09-30,0.0045853158878077505,0.012640669457225862,0.0038833211951267987,-0.004130384651355623,0.0020797963361327554,0.02342376938841717,0.015057595067333951,0.01327055739717986,0.014958497148708894,0.02298212098978092,0.01497907458336356,0.0056997243053318325,0.003652010047004106,0.01825216178084088,0.009438960261935136,0.008630248358643122,0.0040516633469831476,0.01850502362562345,0.0127894636884327,0.008431858752168342,0.006956104378746053,0.01533601345037039,0.024745031380753124,0.01563229725899906,0.02918918910327073
2022-10-03,0.011504588392261095,0.027819681103727678,0.010270479092185036,0.041030907353206025,0.021861084203401715,0.012805069177136863,0.03664931723202436,0.017685258586705777,0.018866366586119954,0.005152942992931564,0.010763739759802826,0.030856455464079335,0.03798054131923867,0.017924678826856777,0.022699326349086002,0.017525966119489977,0.02716542912266795,0.003893182351737412,0.008356709581283317,0.015036034191054481,0.013704912419974624,0.010788760191641211,0.010953581880884133,0.016480139988683584,0.028361576118453247
2022-10-04,0.013399849753190196,0.010132459820052064,0.01610807154630578,0.04553222301107063,0.01794048633729184,0.01752111646039478,0.005050343562906123,0.015425887359797441,-0.00518640010005178,0.033813324523462196,0.027006001770885302,0.029321831928989628,0.042506751405151144,0.032017201303779386,-0.0010087833704938154,0.017730454105034044,0.01561897647429622,0.010375863854416911,0.03259649442032342,0.01554002164782542,0.0537479992499903,0.005455219618000662,0.005909820392540288,-0.01529540905819915,0.017705004695057758
2022-10-05,-0.026990396035430297,-0.028855942869174367,-0.03196475094292628,-0.007348950610470917,-0.030526616605236145,-0.031405807464826574,-0.024706776202612746,-0.016025201177651716,-0.03734937872202493,-0.007577961119704102,-0.005237794370336002,-0.0071215320522518555,-0.011139486052804348,-0.0020680773830755728,-0.031054905246018727,-0.01244386103116557,-0.005189089959192206,-0.010370097982355553,-0.006599088739904224,-0.035103454109255416,-0.001043179561811547,-0.030903394517462823,-0.024235063129306122,-0.03199732231619645,-0.002676533921405877
2022-10-06,-0.05169512233428264,-0.014290626120515237,-0.01449655712384823,-0.017411629146587337,-0.05536134797093373,-0.04646485904626407,-0.03005576214764616,-0.03627188176817375,-0.0324095010637101,-0.03368717922315645,-0.012035290295958068,-0.010161599434521662,-0.02231639320210177,-0.0072538087603130075,-0.021496865588663483,-0.016801252223949126,-0.033384039533596255,-0.020277950044151116,-0.010412836551015991,-0.05333406965827736,-0.011381381106842503,-0.03140208805408573,-0.03838430982548491,-0.04107837891021904,-0.0214692179696806
2022-10-07,-0.03457335946848916,-0.032943563969879186,-0.02873859089827646,-0.0312543312543313,-0.024328173092660554,-0.02065677898022289,-0.030544533088585624,-0.027931753166317352,-0.032707999060926585,-0.04032274965506588,-0.015118501299951959,-0.015700475330655883,-0.007608720351146903,-0.027661945641340835,-0.03308699708662266,-0.008373293826975936,-0.015305985524202703,-0.014897674557644791,-0.014513814419030324,-0.020968472468153032,-0.022602419356763215,-0.0347626381180417,-0.015914362795154013,-0.019410870341807995,-0.017483601869820786
2022-10-10,-0.025946508774326582,-0.019296575469388455,-0.01570623547273875,0.0004320722910127195,-0.012802273592695479,-0.029961926755713963,-0.013241900477272806,-0.025707676423671222,0.00103963671796925,0.002724291192668149,-0.015019204673793585,0.002454212209691109,-0.012486360618520265,0.0005367541374592388,-0.005094859295147969,-0.011717745184114836,-0.014547533616693809,0.013854133358958576,0.0,-0.022675438005042126,-0.00010814299454153797,-0.0052577905468937924,-0.029162544222153364,-0.020989947984696555,0.007327132560092542
2022-10-11,-0.0016354742376668563,0.017708606013125072,0.01453169799673626,-0.0030233096349061572,-0.0007541676261183516,0.004125841450055567,0.027302292591072197,-0.006876084579939823,0.024431139346168695,0.01569858355516307,0.01760291017101223,0.01162794356515584,0.020629965838125264,0.012875559574001105,0.01640119785197558,0.012379875092210835,0.017492157057391156,0.00803180722529473,0.01748914498731091,-0.004757199413916058,0.024748601390952807,0.019027736912761828,0.01010376270584179,0.013944547400860596,0.020436456144958592
2022-10-12,-0.02895341737254531,-0.010559287636686676,-0.000561514506784544,-0.010541564721062713,-0.0264090400824587,-0.009217281317308257,-0.0018018167736021384,-0.023726869374527504,-0.012475459021551782,-0.008441261757948015,-0.003966600044976065,0.005444564047518474,-0.013475441476942795,-0.0005297688123341304,-0.011915400308640356,-0.00912818437264451,-0.0019873868589455057,-0.010347921141426353,-0.009951280898963133,-0.04172714106451281,-0.012022629219509584,-0.01037354053181161,-0.012165269915614063,-0.00446958423014987,-0.0023761038514592547
2022-10-13,0.032972614409561674,0.011949485093154077,0.03231685011653296,0.01298901142215736,0.01619787536603301,0.03227972367080012,0.02572168812522979,0.020806582292283382,0.023122940548276016,-6.003188144754201e-05,0.004645947685217644,0.012635381528765421,0.008592293706222609,0.024907261172662176,0.01869777856664645,0.00034740573802172214,0.02081042015113521,0.008120945577206662,-0.00036534550155764567,0.02113817538418772,0.02295051950281124,0.023060591366672822,0.020799271532538688,0.02175777854088712,0.013950423607160145
2022-10-14,-0.02143804413922945,-0.023022684335897936,-0.0039471488012017275,-0.02694140106497156,-0.02646429751712598,-0.013680744179183635,-0.020237319399842746,-0.03276489171695918,-0.028708218656802287,-0.03585355774267862,-0.018167658771557793,-0.0011883205271181474,-0.03582361892204167,-0.019648106148032696,-0.028793751254443722,-0.034926032945795216,-0.029164961866562922,-0.02575715990036931,-0.023766126559052303,-0.030630441485580584,0.00031299608676294,-0.03560447193634708,-0.033780169943884886,-0.02247750350734501,-0.026845726988760976
2022-10-17,0.03611785672639889,0.02006858192441774,0.022137547596458473,0.03331359149393687,0.04167624014637128,0.0474458958219619,0.026043896985808335,0.04260074291313942,0.03885539531723814,0.04415159382685152,0.029157672160968318,0.03390821035464331,0.03217046228537135,0.016877481401346595,0.04714076716304505,0.03511019160853257,0.05726909325141771,0.03530998924276596,0.028089802108738127,0.04560095330075775,0.0343207826735743,0.04648089127498278,0.04106562629157784,0.03699869363361219,0.026207001446831413
2022-10-18,0.024572681726166223,-0.003204482525353436,-0.005347788742553039,0.006877714876663221,0.003083579011623483,0.01776155106087285,0.013566748671145046,0.02522180861933987,0.008691032531332743,0.017687986084303775,0.014274849256435962,0.015535004671041186,0.03446012596775572,0.02022820599829278,0.011069938021344594,0.019829022117721085,0.005891957875544529,0.018715442020063033,0.01220404504943673,0.020226123874012902,-0.004941942360812246,0.014974612803370091,0.01572460439248946,0.011503900581006254,0.003024077607048703
2022-10-19,-0.03158889912968843,-0.023699206167755338,-0.034677373616203155,-0.03472313830332985,-0.020093096837181634,-0.016831819362767564,-0.025906746068551367,-0.027192994726461417,-0.02640597722249982,-0.02902633689478762,-0.01987530575079577,-0.0067986761699273535,-0.018883942729860825,-0.02897829239102534,-0.02050451770683026,-0.0136446030947861,-0.036277703972522835,-0.021197767679894453,-0.02249417733006931,-0.02234195449452836,-0.00638533262872909,-0.028257207730873035,-0.025977385501919303,-0.022086653131023426,-0.026800688209146828
2022-10-20,-0.015655425704906856,-0.010337575077459471,0.006683304906355048,-0.0008846408133341699,-0.029839311049358663,-0.0013655239298032695,-0.004875820378646201,0.0012938738391019555,-0.0017612077509915336,-0.0008434980672764603,-0.007453823505928048,-0.016543011126372575,0.001297533734605505,0.00628285517449334,6.779742540174993e-05,-0.006225265989971862,0.004411379412167404,0.007528238276190979,-0.00018393613514933183,-0.017941321866712046,0.002855928409140951,0.0007722282492976795,0.008620573426378453,-0.005899271600648182,-0.0037865651753524743
2022-10-21,-0.0023404232745167786,0.021742476054094073,0.002766157656444612,0.022723933773204585,-0.02531541772555368,0.01872134481063159,-0.0004455461708436914,0.015963631407283296,0.004675329929019645,0.0010858151152695061,0.018995004548605587,0.034802562313517305,0.016630481069183523,0.02445369235225381,0.012938642112047427,0.0027837885908970073,0.006050994351953332,-0.0013990826644465493,0.0250413482536882,0.0009677948203297149,0.027769308086673883,0.007970849648249123,-0.008279663406618787,-0.018650329758129636,0.03524541085619748
2022-10-24,-0.011516227983824567,0.0056795830672875525,0.004413877526441512,0.007358276643991024,-0.009224161345817938,0.005987879822571873,-0.009358260572160604,-0.00643481334763607,-0.0006145863161198806,-0.005724757500120026,0.006827782856793307,0.0,0.01317216705187274,0.010665492241958452,-0.007155569757470004,0.02394593635840936,0.002813318230703077,-0.0045782165706858,0.010418446427073791,-0.0034648713054905578,0.01336116918010477,-0.004591926952915992,0.0002693457466320659,-0.006392656959956167,0.0033377949647386274
2022-10-25,0.05463851055143332,0.05579818273683279,0.03446858176700296,0.03065023487542451,0.03250322797614835,0.04217995310610889,0.03643733890968148,0.04467619492598218,0.03870152894977008,0.05066399080922568,0.040366083242997286,0.008968961215913396,0.03816311547847917,0.030150280418011377,0.03697973451214187,0.025080600321083057,0.04798289056144012,0.030102315297551474,0.033600126367334004,0.03743823916870692,0.03369458658924973,0.039723435883332936,0.053311683054036996,0.04955672577352832,0.028276764739113336
2022-10-26,0.0071089816169387365,-0.0007844234395689709,-0.032390850725325215,0.009588694416133414,0.014869753694465082,-0.0126048781387057,-0.0017363364375710955,0.00045017354706899937,-0.03463755618777942,-0.011132492214459555,-0.009415490900670176,0.0055554640321384685,-0.004039538408338705,0.0,-0.014875218683350733,0.0018187526540038856,0.014216050952550408,-0.00676443963581308,-0.00860018485621683,0.008495829052066695,-0.0029289382892235816,-0.02563464231717949,-0.010992157187549978,0.0006626581476989468,0.0016174979169452097
2022-10-27,0.008937542195714077,0.014203993364961143,-0.027027133665758263,-0.03275987381727319,-0.0024160824509011913,-0.003590259408494445,0.003043821189672613,-0.0003782693567969675,-0.02930852937633399,0.002508262307944653,0.01075825386855045,0.02265175416825249,0.011559303943962984,0.009756398766945118,0.01556150522649391,0.008910600368505328,0.010375744275531451,-0.000804920461070946,0.01335886776229267,0.005641759796077839,0.00814934218878105,-0.006577549459823362,0.0005174174535165221,-0.0076158679810179875,0.0016150283114348962
2022-10-28,0.030350378391062804,0.02554730273989647,0.026509000925191817,0.006830843601313141,0.035156329895745575,0.014813379318313613,0.030342372627780945,0.023642718399286444,0.0030238908632278516,0.039797594154437066,0.021701079058924044,0.00756345997108987,0.004410785241314885,0.019806784109261066,0.016815877446133554,0.01913648346709551,0.017746222826620084,0.045997590548594536,0.02516706152657422,0.03754255613761126,0.024156513921236966,0.00789440607977987,0.025316158013359846,0.02602607869069562,0.0029023920091124644
2022-10-31,0.012114748145177101,-0.0028823037177733157,-0.0013736118732393665,0.002685546875,0.005735850086129535,-0.011243835580841077,-0.0016829096395667431,-0.002834272042273378,0.0,-0.007106310689068085,0.00111264159492519,0.012332413139238163,-0.0005989558521725113,0.012790018846275952,0.005363490470797316,0.0033513202908028727,-0.019738031937399314,-0.0057454365010327635,0.010520981794089668,-0.0004074732483297927,0.00018351943621164324,0.004547613478066648,-0.01410918563466712,-0.0074797165409520305,-0.005466319983241652
2022-11-01,0.0033302197370750353,-0.003716340938933138,-0.006877636093724271,0.025937359382111502,-0.007504066054126901,-0.03371533504952995,0.0029496729819344925,-0.02106153442880776,-0.003824915305446819,0.0025360073398177363,0.01838742539112359,-0.0010591655822105306,0.0027963385605067614,0.006548215007490699,0.0006353768493965184,-0.0009632746723466923,-0.019864490227205045,-0.0068120398951043715,0.023301962248093,0.021711536468020043,0.044595419939650105,0.0020120241996641752,-0.01840003766428089,-0.01539987504867013,-0.01745875195068758
2022-11-02,-0.012940167484353005,-0.01644117803049039,-0.013296585604822164,-0.04025831759163556,-0.025858196414768386,-0.027253221418433338,-0.006302677625805497,-0.009485768269469785,-0.022900659364612275,-0.10922480041480631,-0.016170789879727976,-0.04559900346565515,-0.020514008193529,-0.03206329560391008,-0.027546953271256558,-0.018325300946524292,-0.01667434326388273,-0.08002829452374527,-0.022771345221405448,-0.026871052679638963,-0.01958888887326804,-0.025100531182947194,-0.027076331727831526,-0.020632177840839816,-0.024021003083450898
2022-11-03,-0.01881185256515805,0.004986895941619496,-0.009545233141144749,-0.014459587090823844,0.003725711502282847,0.007640778028656481,0.01437665350193984,0.06572618701874755,-0.010770970480731057,-0.026568382439208227,0.002420295973765585,-0.0561113757909284,0.013420164447536465,-0.0038401791234965454,-0.00744058240162071,0.009169787714892852,0.011897967297037626,-0.022436684940529084,-0.003635870258710483,0.007266551856104142,0.008691046595714402,-0.0066939416947309205,-0.00990109640557646,-0.007815340753455247,-0.00910326649683102
2022-11-04,0.012864501459000977,0.019638036207973553,0.015306232222120464,0.027890846898303012,0.005644694743409451,0.019167859291479017,0.01350776563984124,0.04397354152119948,0.0011681816432203007,-0.0024634407362471578,0.057136960164106076,0.012360497333511633,-0.008627751240993464,0.03228894071139998,0.010849920190468376,0.022391639304576882,-0.0036107840856858253,0.0038311850937937653,0.05440385720125951,0.007436188480456352,0.026558879191331375,-0.003628765199115258,0.06729737157830651,0.04366440560620921,0.030282385263024292
2022-11-07,-0.00931748576817737,0.006648219605021044,0.00488555381565603,0.005794177788823518,-0.0016146988531834383,0.004650477125071051,0.007913606295665954,-0.00747841889754286,-0.022218043676704435,-0.012152974986605725,-0.011133306392070441,-0.001744345008251491,0.010321887653514716,0.003267777568953356,-0.013791313916192594,0.0019048181210972182,0.012172595728895397,-0.012242351376358096,0.0012584924479270843,0.017737203632767873,0.011248617200317446,-0.016909339292127346,0.02836160608007643,0.008367655463831891,0.02245704293277706
2022-11-08,0.0049500394165831185,-0.008647106170162622,-0.00638984080279581,0.0025291598961192374,-0.00015391679494858312,0.01265154296263149,-0.0012401232615766311,-0.016932788946851685,-0.0073038019915755426,0.011578547209550427,-0.003945291838220566,0.004659157723394536,0.011618717884156915,-0.01768248876879952,0.01200531257880244,0.003326313133447112,0.0075275462300989915,0.04512815148906113,-0.010055005893688018,0.005845406250152285,-0.012406973276581912,-0.004763138536945322,0.03964520892017731,0.08216726352604509,0.0019381479489026798
2022-11-09,-0.009752553537421549,-0.01964278592793045,-0.01090440274538007,-0.017519271572982276,-0.016715425253244653,-0.013813977613535422,-0.011170604367924941,0.0028514159805583805,-0.00293331293200505,-0.013852537593392666,-0.024731939019508098,-0.026086915534595523,-0.026336769124040704,-0.01610600224669889,-0.007560974872406256,-0.0014209849057980062,-0.008747044935727422,-0.006975507913262846,-0.01269649045076926,-0.014457210621693584,-0.021660069134405546,-0.0013296245830273223,-0.011132146116967001,-0.00015028319244203558,-0.030947821284529553
2022-11-10,0.09878626158162418,0.07594240001322405,0.06685542379992526,0.10156922826768011,0.08625116450979942,0.11844672136781553,0.06066934759784748,0.08370250672083457,0.05411399840313025,0.07557889629217596,0.06062411523765987,0.07916671292923483,0.06914780542038956,0.07414538363627599,0.07598860686987807,0.03351795449317829,0.08778375365453006,0.0635733692203484,0.06510214627435618,0.08058837698986632,0.06305342262769509,0.08333328369146753,0.07449115504015924,0.053533730991469186,0.09314713214762071
2022-11-11,0.010683419934966576,-0.016929599502228387,0.007948852804713136,0.020849528423989572,0.013053681185128507,0.02753481249090628,0.0027615334940058744,0.019444664657302546,-0.014915787948886483,-0.029186475518740096,0.006537792512617546,0.023717717082756717,0.005706731512461483,-0.005826928383410257,-0.02166866690490954,-0.0059658318644745245,-0.018674994294077818,-0.025197121672621225,-0.0066404352488839136,0.003739326012126565,0.0013327194024510547,-0.014254077381413932,0.01003124919453402,0.021695823726231467,0.006999286762296109
2022-11-14,-0.0352949968948022,-0.023844138608439702,-0.021819281060353135,-0.04579475487122753,-0.03815766346864935,-0.03728271105638725,-0.02596388673619554,-0.03278853347547017,-0.022433800034800222,-0.02526378877720814,-0.021248985416855937,-0.025323459970282514,-0.02874985635574845,-0.016681760648533883,-0.02707775476262797,-0.01385063112038476,-0.031258057246951854,-0.01504176140211122,-0.017168067944392518,-0.028760495452752943,-0.022212842587503,-0.019197179251917995,-0.011918099487621903,-0.018021962888681853,-0.022665301159401463
2022-11-15,0.01950038855983216,0.016555771831492372,-0.00040298657334392196,0.004520025689617402,0.006587207263677675,0.04142624110259341,0.01777049170806233,0.03364050222352155,0.008124556532876692,0.0033695888645779437,0.021426091730996744,0.025981398884916684,0.023953382254655597,0.012838115986736343,0.00455282160773085,0.01029965614070738,0.0022221192440023962,-0.005640712161385175,0.012212036997548692,0.019936720126282337,0.022377346892332506,0.010930102354324678,0.00357382194936684,-0.005406148685965229,0.012368419024734179
2022-11-16,-0.0019583249307513206,-0.01628614217758506,-0.04328544219384056,0.001323532381510173,-0.002867659304263137,-0.018056688699609635,-0.024999933420761344,-0.014211397180222685,-0.010180043755941948,0.013432280257889007,-0.015407576536634937,-0.01508629464646949,-0.01654631464719103,-0.016297046570639462,0.0021066090631676193,-0.013901689763853753,0.007982424900450757,0.006918084323469076,-0.014966166211370147,0.005264026513047915,-0.03803282957915188,-0.0030168841770545907,-0.026485483723677428,-0.02445996270598494,-0.020464124277344453
2022-11-17,-0.012822232706321435,-0.0008140522032785702,-0.007728027386512126,-0.015596091039666748,-0.014674267871927493,-0.00509802148702132,-0.006919265191576485,-0.012270452714432611,-0.011903646156135594,-0.010386908154981889,0.014234461854113478,-0.02242883894004155,-0.007541973949506842,0.012885381550069797,-0.00726177881364698,0.00892829951843055,-0.011790581266195477,-0.005908820614349164,0.013643122400045726,-0.027565800756217618,0.001730420434501223,-0.005044296017957417,-0.008916550841364668,-0.01287185100671695,-0.0015591976950308784
2022-11-18,-0.0018952941385863564,0.019760776468800367,0.0038232399606987766,0.011009662431062273,0.016614208195737445,0.010705620611406452,0.01024635032463106,0.011672992922235226,0.019612684394012314,0.018287162564637693,0.007621510846419044,0.02574107212636334,0.01909572839857998,0.006360887471656973,0.018416308503415912,0.004502585217090349,0.020033897787482324,0.014271986269885684,0.0032120186439776877,0.009796650013620178,0.018222667888535993,0.019011530196664905,0.01660904826529741,0.015887185441452623,0.0078076119343359895
2022-11-21,0.01843211513396925,-0.0023972135905770964,-0.0035265541379432275,-0.0005312206362043659,0.02407240170317082,0.0011768440649837508,0.021906740968754113,0.01155389535521123,0.009121524943318748,-0.0034779109702904876,-0.0040585895434376296,-0.008728485622813142,0.005162598752032732,0.003611535929655796,0.007560842595369266,0.009273498863939134,0.0034041863963076846,0.013730446769512739,-0.009300134815582228,0.016994446041653788,-0.006106931305946195,0.002736043440074498,0.00022722379997497377,0.005901572343868011,-0.007747125385717757
2022-11-22,-0.008094361418005125,0.019157408703382783,-0.0016988034158142984,0.009566850920357695,0.0,-0.00985611166304845,0.008336363097463328,0.0018016704054155674,0.001030077520148165,-0.0053937535762782485,0.01935719382055523,0.019812844181834377,0.007418676404140179,0.023841738517318634,0.006065822118302311,0.0,0.007220598996426242,0.006083158565848956,0.02246850012504642,-0.005276759686333565,0.01877457653481618,0.002729132995166861,0.013611538506712373,0.00982714266311513,0.009056752702361948
2022-11-23,0.0005501662306710564,-0.005632338710602425,-0.005388486777756052,0.010529025888629029,0.007260226439124162,0.013607202846718236,-0.0055118171907360125,0.02393027234549816,-0.008795748267813597,-0.0015949472766370043,-0.0048156416403905,-0.0140313557195334,0.008496936972765434,-0.005711823158883411,0.0027349231333027024,-0.011944742674267705,-0.002159167407866036,-0.007449692314483114,-0.010234832653224446,0.012072120501444017,0.0019265777512524895,-0.007422359055387684,0.005371192009878678,0.007262031738320518,-0.004951853115638172
2022-11-25,0.008384885208896575,0.015149366432031686,0.021528485066191427,0.006512112632838685,0.007636500730078488,0.0025225952065928148,0.007917678837129793,0.004302082973288046,0.00354019579970144,-0.005559297047070699,0.00657361845707749,0.010399596011212875,0.002808530652956831,0.003977016159926627,0.0008678343949044542,0.0051145260356517674,0.007443815690304056,0.005014965013279138,0.007755433184352567,-0.0035952739883443607,0.009113065100788242,0.015204455285967589,0.012689293454270167,0.0025955880017982658,0.004976495992825125
2022-11-28,-0.028080818206793978,-0.0331560581641166,-0.028751097905103662,-0.028338541356097258,-0.025993364668273955,-0.03406121605061507,-0.025137202389245883,-0.017860683656057752,-0.010112417248333783,-0.01972752223321672,-0.023401206081851145,-0.01408436837331839,-0.005414385702021018,-0.028609194504121693,-0.020624241524296427,-0.04795677891796957,-0.04235742499777706,-0.03368958790831056,-0.028821468430246022,-0.011060712666634331,-0.04092794425776325,-0.01988717453580291,-0.028797689014739336,-0.04156501867528817,-0.03404523588058739
2022-11-29,0.015521330578620374,0.023555618013875623,0.0158071813438716,0.018244810406133016,0.011562003973194068,0.011816214863259011,0.0330373482050168,0.012601739246087762,0.01914855119983927,0.006358333973456531,0.022197304192830503,0.025274533522299247,0.011075765282074768,0.0294517863894308,0.023967504992172595,0.009070124032497073,0.021083662138906778,0.0071046816919433375,0.02268494640163099,0.004398478257753746,0.014685506287775985,0.02079188542419108,0.027614592953403738,0.038415480315410644,0.017622724260839995
2022-11-30,0.018552695110954476,0.020259480645912875,0.019663311592144517,0.04106721720176032,0.016677296621000703,0.034114904604791274,0.02418119984743905,0.029346042673409123,0.02746043275325749,0.04670415186590415,0.009449419644154577,0.015005512694704848,0.008726109895793366,0.008802883722535126,0.018280933638314956,0.01640562429874337,0.034970554815296984,0.02532710741776678,0.009267635664866436,0.01612646818351382,0.016856871125038086,0.01766850418231658,0.024889599975063792,0.026445181786210803,0.029911833915253316
2022-12-01,0.00022593144195837134,-0.004755347144606126,-0.005965661780303111,-0.0007537381877369409,0.00198009405347932,-0.0067580069986845626,-0.00418883291263672,0.010859279221525853,-0.0021327234593657707,-0.003982768139998982,-0.018721927934706506,-0.01319970850956731,0.00828267569793062,-0.01177988653283335,-0.004002913846037681,-0.004122068156589664,-0.005857989488041615,-0.008323572436082172,-0.011440751728538423,0.006381741076062042,-0.003600094270542309,-0.01422704045186407,-0.0034385498302746953,-0.0005630901679747335,-0.007685323665357124
2022-12-02,-0.00872124100357996,-0.010008377063557172,-0.013119258617617424,-0.0036459757630041834,-0.010867352020641485,-0.007609610545355694,0.0011473727839657055,-0.009568282610950996,-0.009958555278423264,-0.006560665695546697,0.0038525284616768296,-0.006420556528842103,0.005111499004405662,-0.0017661598279974378,0.00024332567979934439,0.0014328559430569765,-0.0013662756682845112,0.0010829504952074576,0.0021320024424500428,-0.019786933760038483,0.0027726762994952914,0.0029354047845040476,-0.002803298753825789,0.0012678124677827363,0.0043369666101813475
2022-12-05,-0.017139888786015467,-0.01787133315815892,-0.04044700308026228,-0.01917976836676849,-0.011058068969908685,-0.015245851831361512,-0.005729739825280689,-0.010412635166261452,-0.015340802165649703,-0.0135218530815433,-0.02220392919041192,-0.04792682850661434,-0.0012715343135893953,-0.02211412079859898,-0.029587286458994555,-0.01049274941147782,-0.02291772909498524,-0.021467019483338845,-0.015043278741069033,-0.0058595874421587535,-0.013825995762474563,-0.018292474620950072,-0.01686866215706062,-0.012521368920071274,-0.027760462578535705
2022-12-06,-0.014331372361315431,-0.02716132868262011,-0.036993538035742124,-0.011449980452928665,-0.009738895441229078,-0.010168632165541092,-0.00845178247371381,0.0037997177782178593,-0.015393131282681938,-0.005164182871428946,-0.0026165663960735497,-0.015271536973664679,-0.00581920100312594,-0.0009045435428636228,-0.01386436610807884,0.007551160464865259,0.002975696663697125,-0.0015891185309003797,0.008793499299649454,-0.016489587113697968,0.00484321099329299,-0.01739157697565552,-0.00945887142887647,-0.028351502557035668,-0.015862823494488865
2022-12-07,-0.006634751131133099,-0.006621883630715253,-0.005203353028222724,-0.006507027899914752,0.010563146074980878,0.006941267732469836,-0.017822608587120925,-0.0025478213486492818,0.008622236943519823,0.007177431049867344,0.0043099279868210605,0.009764709631443935,-0.0043897475737807445,-0.004527125543006161,0.012978110991963776,0.01371398497685239,0.012216511568189592,0.027094052113304956,0.005505524105716697,-0.003394592130251839,0.006680306704212935,-0.0035396531900213635,-0.026870850922415368,-0.046920726775672716,0.021598817013031457
2022-12-08,0.005400089915231332,0.021577889674485373,0.0195384025292884,-0.002881760569320324,0.003532220666808694,-0.013602905564378154,0.006706081576193013,-0.002597944520698836,0.004650008354920576,0.0019090275686006741,0.004851296912594449,0.006257069342298749,0.003306806811412377,-0.00045956306383765355,0.025372051800786943,0.007707947106992519,0.013793053490067653,0.019742621013093764,0.003193875521220191,0.005457174935824316,-0.0011089351881433673,0.018776932099599408,0.030123303390732437,0.010769188149053033,-0.0006311312787664614
2022-12-09,0.007491016524952432,0.004036268759625816,0.005130615630477786,-0.0036784865815573387,0.004382133381573894,-0.0033544101444560326,-0.006661409619869718,-0.01103423443947249,0.0042079318141712285,-0.005588642922095044,-0.0005571617326215472,0.0,-0.0036624477365685415,-0.00183878273820548,-0.009983595763961683,0.006088057346024689,-0.01088438776713252,-0.016783254431290806,-0.003486997544378312,-0.003733551769004251,-0.0031591803342152502,-0.0064757547616892674,0.006424402636933557,0.01476381431772622,-0.005999499014476828
2022-12-12,0.009493010708208294,0.0054267675372066115,0.016063627391850632,0.008702580353100897,0.006508305365807043,0.01280857247546563,-0.0019722267658941472,0.0067626172303791865,0.017784691583245582,0.01302853014419858,0.0,0.02317702480606898,0.007719388176972375,0.0050664143881167245,0.012249232684765188,0.003413443862514187,0.014700865436697352,0.012836051359917944,-0.0024341374016288997,0.008119715382680193,0.016017267472371977,0.010277947358655393,0.009685253018972828,-0.014099296730223365,0.026683859000290466
2022-12-13,0.034835814980967994,0.017524863596761087,0.005319232678498764,0.04392157660590268,0.030128518066716792,0.025477505212275098,0.013043518215271721,0.039155128699712494,0.021041966380326516,0.0033097928053413828,0.008360503659359031,-0.0016574776519625578,0.01294923021332961,0.005958205980017839,0.012284713334338448,0.00448456829412236,0.025925555698103953,0.008349372642362685,0.0016775105117960987,0.03768966275671426,0.01365707986841147,0.014640419296420903,0.009156016470201145,0.008063520669522095,0.01763597744284362
2022-12-14,-0.01584670352276385,0.0017683328804407594,0.022045900352535952,-0.0056348227498492776,-0.04131651778966239,-0.047601568195208666,-0.005462541026103329,-0.005063845977724912,-0.010169752955941802,-0.010340328895143247,0.0021187914849178924,-0.02711679419685953,0.0007099044730334292,0.0027333017413988525,-0.0070637971189064785,-0.0046184916508281715,0.004046474157549884,-0.005762937383578692,-0.0022837326241043066,-0.023517439656757344,-0.004408026072923232,-0.007581420987850085,0.003888750946952735,0.01645016722805015,-0.006688880913312878
2022-12-15,-0.007413988268897054,-0.01686624334611342,-0.00603982890371868,-0.024807972923480803,0.0037823551009472656,-0.003440467018823057,0.0003921096628232146,-0.01715879133105891,-0.012129974585225689,-0.0024997786772980035,-0.03943747283496579,-0.026166173668957238,-0.01164481561023556,-0.02180815692510385,-0.020004941848672297,-0.0003091014126072045,-0.024592723654653037,-0.004564039988366297,-0.022040739732102965,-0.019498000441037333,-0.012530001108376654,-0.0051750461082945565,-0.004088711455661698,-0.0034147729032809604,-0.027854361427969043
2022-12-16,-0.021858715281754648,-0.036504979606485355,-0.026620297186215613,-0.02117767740115084,-0.02340575398687139,-0.026275302295932557,-0.013725226643606758,-0.034019554075782166,-0.02813151913694356,-0.04061160704648181,-0.01875769469606814,-0.007009357543655281,-0.04988952552266468,-0.013934171029683196,-0.02215037158575428,-0.017945581764657326,-0.04719864809992447,-0.04129713801462365,-0.011347526678552322,-0.028962315010324313,-0.015988625304837578,-0.030963278853960108,-0.03522035761523712,-0.04171641173386176,-0.014483611939941854
2022-12-19,-0.017943381544656245,-0.005451965746857357,-0.011296307742029277,-0.010422175246984078,-0.01157523550898698,-0.021174002440826123,-0.00994040938811358,-0.014449846503407748,-0.016735863810176665,-0.017347658831598722,-0.011508981913483263,-0.012941092812302268,-0.027126615684845756,-0.011776004016754826,-0.01453082334276734,0.0009452044468818421,-0.001514514310483217,-0.007121250303487647,-0.006376578394225563,-0.010096613897743079,-0.006018096856780342,-0.017126733457911048,-0.0022396295383346754,-0.009639248049322369,-0.015015862413724435
2022-12-20,-0.004436534912165446,0.005273801628208563,0.006614838418809166,-0.001866409620868592,0.0045039905979369355,-0.0065399689974146025,-0.006425490036023995,-0.009176457005458216,-0.00513004647519022,-0.004907809107343786,-0.004637372285952179,0.00774731284280894,-0.001991500996308071,-0.002859567037951871,-0.00772625042598496,-0.006767494853507583,0.000981314292350266,-0.007629222189381557,-0.010588592868897018,0.003243448337321375,0.00034611999168543406,-0.011443796283224783,0.002469044936230569,-0.0023547324696390204,0.0025946617211203282
2022-12-21,0.009152389390239657,0.013943460794657137,0.008213772268648833,0.02337384714574342,0.005156571594817194,0.01731828153199877,0.011721904708758224,0.021160735716516,0.006505890143031046,0.006712711951700534,0.008723248979935594,-0.06091074867738355,0.011973537481763552,0.00860406626435406,0.012004246775041638,0.017905198434515324,0.01568912871952266,0.004995426147476056,0.013620691868667434,0.008334616208105272,0.007694977865925656,0.006840701425898654,0.004030488776826102,0.006608878039724653,0.006470576756941737
2022-12-22,0.0,-0.0055824064094518455,0.010961363908887245,-0.01226836867280301,0.008178600567623873,-0.0058735410760037965,-0.003995359893607775,-0.01632263158999947,0.0003831566789900265,-0.006055666731090148,-0.005011906171706881,0.010705288581976724,-0.0005916103938965467,-0.009478543843590703,-0.006604000511968189,-0.012297594849160265,-0.005880209732613495,-0.0129729340142819,-0.003839412309002199,-0.0021022009642819306,-0.0016301554331845658,0.003919263499318371,0.009366625129377137,0.008754069658788,-0.0019287637701487226
2022-12-23,0.008784258290252422,0.00800984588514364,0.0021977791205387565,0.013081367068940475,0.010176933950485356,0.010114425810004768,0.009626924584523966,0.003968728677636868,0.013018623045125688,0.005682127572351758,0.010765592579246919,0.01806862165028167,-0.0009864310494639428,0.01770329135657689,0.009165348876464474,0.01513012806544256,0.0030899140009528203,0.011500347697498636,0.005941942727074823,0.008640358163362283,0.01332071554222658,0.008589347206118036,0.005081684535193531,0.008368196273907724,0.014170588853161359
2022-12-27,4.7596810115679844e-05,-0.005365445800415314,0.007309727076318717,-0.0023477280484491825,-0.0003651371343253995,-0.005155327317439284,0.005562183324077319,-0.004713498619550172,-0.003354705804901048,0.004288047925469218,0.0017587541552526176,-0.011016112146115975,0.0013826052539509526,0.0014104500954459365,0.0030061856822820587,-0.004657566437693994,-0.0029043817903717795,-0.0005999528089309925,-0.0004788251698990553,-3.5683405205766405e-05,0.0016114314437047916,-0.005935297908164272,0.0072544549707656,0.013370220062671523,-0.0006350005446642548
2022-12-28,-0.0037935219661069386,-0.020484820358736888,-0.037155189874803596,-0.014119417333278705,-0.015117164537032601,-0.009466856180320393,-0.023706016904675775,-0.003116400925256113,-0.00810653931350902,-0.014978784432753023,-0.018045198467905976,-0.01980194137057323,-0.03353068608985432,-0.019718275159722798,-0.018683888634018042,-0.013726402467642895,-0.025068452985091416,-0.01784210705935596,-0.015333047591354565,-0.01345114779129275,-0.025740951498044784,-0.015057300292379727,-0.02204286409590317,-0.016681920546194107,-0.026692126502899205
2022-12-29,0.02684458160747072,0.020810037021378847,0.033353824855055114,0.028378189705932977,0.026323664673233438,0.01911466817518992,0.019829952487808722,0.01966179830720227,0.02408837213732884,0.025321660064983265,0.015496312311102045,0.01868582921962214,0.023061304650977332,0.01340986476603434,0.025017926913832866,0.012652035549058915,0.03186950739462513,0.016511251241329683,0.01605832520930317,0.022210309152026264,0.019642009562206297,0.025566821739694934,0.016737439025576117,0.01526863322809957,0.02252716238024033
2022-12-30,-0.01798471958031722,0.003236557808546703,0.0005922211263316157,-0.007608045700415733,-0.02001302431004781,-0.010167972726326524,-0.00515855940789367,-0.015540083096036716,-0.0007073356543513265,-0.012281083794431602,-0.001087641084401847,0.01518017580415365,-0.005585581885999891,0.0009451882467577111,-0.004754981500740274,-0.005503149076140246,-0.010879957192826972,-0.008457789598941168,-0.0022349387751203764,-0.016076454387881522,0.0013637858429451644,-0.0046262646150675435,-0.0013302141278267454,-0.004253551485655538,-0.010217393420417165
2023-01-03,0.01326356907350057,-0.010708758715649136,-0.01420537573301639,0.019230813078741305,0.01968437194517847,0.02553124191890377,0.014758471490939673,0.011419082848042716,-0.0028782982800722445,-0.01963593935112362,0.016033282082795752,-0.00747655542528558,-0.0036108137976889054,0.0028327794061235867,-0.010000374979972637,0.005833000769286167,-0.000354807364005727,-0.021449547477570108,0.00528007123233154,0.005101541157672251,0.0005108020989925688,-0.0036145956457086514,0.007103324540980616,0.021357723250698957,-0.00451604171172626
2023-01-04,0.020170644391025228,0.01929080700194108,0.0013509860503857496,0.016318188927301636,0.03643999840610035,0.007974252458115894,0.03734285140107052,0.0266261098568481,0.018645553401234416,0.0012475614989486683,0.02337823268650463,0.015065824315080745,0.02436097727959674,0.01930327241072094,0.01492735348515728,0.012696109178418125,0.037891548075284165,0.014333523561403272,0.013687541234070677,0.038652613657196966,0.030798136524206043,0.017102782518629622,0.036587953959855035,0.028229852604318983,0.011989712463102098
2023-01-05,-0.03136992904190572,-0.026141886522736413,-0.03792544410250387,-0.016181646961544893,-0.018137619316756837,-0.05373850865867669,-0.01629387391211823,-0.028714341895917372,-0.04353082728035651,-0.023742050584046548,-0.022273004309398825,-0.02350033538165619,-0.037932585228333204,-0.03140895856596848,-0.02998614873866212,-0.018882568850871695,-0.03514022189799948,-0.024594643856172493,-0.021981418140459064,-0.03847837903467244,-0.030868679126246357,-0.041274004647528284,-0.00574099688521057,-0.021063283959831702,-0.02977921018908236
2023-01-06,0.03002862733197187,0.03180708143655231,0.044718009424305594,0.031748028230024206,0.035239926854216064,0.033645932726662275,0.03004596213066102,0.020162911701426367,0.04284068628531634,0.02098732796465108,0.014797472433601744,0.024065891912867343,0.03554652626870536,0.026705175080363297,0.034638268195015254,0.010885143347832749,0.03367304580420005,0.02023829043792391,0.020870196689144027,0.035824708069102096,0.01234906282042636,0.038926305387202875,0.022668856892620326,0.035465149885202774,0.04323446932635
2023-01-09,0.0036612585670880993,-0.006843078771843203,-0.019835898081066894,0.010380672099514765,-0.002264684395783756,-0.002367230722221003,-0.017576441358633565,0.010712843412253648,-0.009920996446315833,0.022916265873492714,-0.012854875089445383,0.0018553582744067487,-0.0045374689103599986,-0.020436572234195816,-0.01610789514368638,0.009675332602509634,-0.00505790587027688,0.016078645704430183,-0.016669401196146794,-0.0002059557026238279,-0.004626767750002925,-0.00594315984904592,-0.00020912344581125453,-0.007308513609488254,-0.006010886761568357
2023-01-10,0.012083991576786746,0.007299270072992803,0.025410925631466963,0.01186400679254973,0.011830855734421997,0.011667024314274244,-0.004568069824215981,0.020538814999012667,0.007009498525422542,-0.005566703846407672,-0.010398521841935793,0.015432034929071081,-0.00594515879702906,-0.03366543829373292,-0.006676730589488478,-0.008655385972762941,-8.608341593085989e-05,-0.00010649084206915127,-0.007996146903049395,0.008373576029480745,-0.012424157766734445,0.0031196931363297598,-0.00041824502564513644,-0.004042078636802615,-0.017822976886127884
2023-01-11,0.02779895087292017,0.04090476968553647,0.03516825263170675,0.025383759082672652,0.03052339742029453,0.02648557797708917,0.03556397341116191,0.02872766892552936,0.03928805797689083,0.05010908738774078,0.05145829718651607,0.04924007482274462,0.02731250753953729,0.031894194574581425,0.038004220116148346,0.028998994283506052,0.04222303689245144,0.044420171012971466,0.03691755664966223,0.04172494206359212,0.03859661735353215,0.043534133392931995,0.0269933209222617,0.04116529395818258,0.034996729619681366
2023-01-12,0.017929263063384493,0.014183544476909837,0.02092900814437093,0.009430571791764653,-0.002242683554967151,0.021422418489293937,0.00886260139934425,0.014291283048816883,-0.00885510855984406,0.0018854641759495916,0.02353589716542892,0.008111209894482885,0.01203180064056597,0.03185910161319394,0.008102998609327727,0.008333336863032281,0.009673503074552725,0.008206153737572386,0.033737763325708325,0.0011433739185660041,0.03815091595219067,0.00471803911030122,0.013854709762278095,0.0037587290376024374,0.005948714934330912
2023-01-13,0.002583819541914778,-0.0019886872307400827,-0.000280908091659704,0.005605551469458181,-0.0025785947992793545,-0.011931474203030978,-0.009882806012590839,-0.004756449539865204,-0.008889016965608842,-0.014340438999904004,-0.004014862238259864,-0.02241397547668933,0.009204225979628555,-0.016128864371372065,-0.0036140104607973456,-0.005409645774582805,-0.0018014608648686536,-0.017596486847248682,-0.007670477605149162,0.00035886527421791214,-0.00333351094003298,-0.007661480330519499,-0.015474112646560845,-0.01317593178853016,-0.009648330599408728
2023-01-17,-0.007559833863068244,0.003792614482500234,0.008427001111030563,-0.016374447243237777,-0.0036458059058903647,0.008018804643940891,-0.0011090205477157777,-0.0053883895916514435,0.007046787460825765,0.007899893722563167,0.01566651798230656,0.02351565470747352,-0.005890123421734561,0.028103083037879006,0.00913005543520451,0.010575596403030074,-0.0039377503278896775,0.002509614148639372,-0.0001513288035578375,-0.012167584913655771,-0.004380267566925,0.007969755618139285,0.0020411158227719994,0.007870665097963858,-0.003457006165387244
2023-01-18,-0.025362314250722884,-0.00621169702228308,-0.009331395950645915,-0.012868906460016705,-0.033663865232946066,-0.013195972554584823,-0.010362794037993783,-0.021337383527369358,-0.021537674690061404,-0.014892256149870886,-0.021288044480876955,-0.015508316719498705,-0.004778376746319757,-0.027334888399360602,-0.022742731317214382,-0.012707108701955905,0.010130178816469826,-0.019958953999770546,-0.02804320444501962,-0.03414570300796438,-0.022156258271709084,-0.011613285548755403,-0.005703709086036013,-0.0008366836662654364,-0.011983517519120301
2023-01-19,-0.008170784910058515,-0.0054773052529718536,-0.009841219007954094,-0.0026312787836039186,-6.865379862674992e-05,-0.004552240407590391,-0.004861559350741507,0.00011377617297880782,0.0040402161980575,-0.005437017423748025,-0.018248868484363467,-0.0035003756627413063,-0.01862862246304453,-0.009836153868595487,-0.015472392785253808,-0.011054104948172716,-0.01108837659688855,0.006193753839889071,-0.010293133662359066,0.006735667354248465,-0.01079765388954912,-0.009750160106924755,-0.009219506218219653,0.0,-0.007341163721287125
2023-01-20,-0.00868620135003395,0.01749387492918042,0.010932808999242427,0.010792679367624736,0.019829301739757277,0.016958624428837332,0.00901913698899115,0.024617349117762366,-9.244632764027205e-05,0.006066716461261112,0.01060831332836476,0.03103052877738044,0.014089944888408423,0.014191127633915501,0.001288036601241771,0.016383472592208292,0.012614216732286465,0.00539052600842993,0.014024504397252224,0.008014782109089014,0.02249249215172222,0.009341009588609062,0.01902408116347698,0.01646898142317199,0.029903407381914437
2023-01-23,-0.025924644003106456,0.012735776915912655,-0.0004212521961285409,0.00925375217492963,-0.02254921493417661,0.004497039462404651,0.01713227349899671,-0.005193857221326703,0.003145242167174489,0.002451865530912034,0.016256380508912205,0.019874894595120596,0.00810504722299732,0.019589410185114176,0.011321256068046015,0.008285842291957168,0.026461387773307976,0.0060531205927516485,0.01693863076860813,-0.03551074934242737,0.010674949592098804,-0.0012503620343772281,0.028611863048628727,0.019909267604410585,0.010302886088604302
2023-01-24,-0.0023184728447211977,-0.002641153028045573,-0.004496381689364726,-0.021981929626077146,0.003660520115450483,-0.0020519421900243584,-0.004027958304773205,0.004606660701873766,0.007838934550136623,0.005354450021490598,0.008043831124762812,0.00946544865969634,-0.0017229323039872346,0.00365968594584154,0.02556938197710279,0.0025396930147896235,0.0026176286088666068,0.010177074022255095,0.006723628049046804,0.003981901241416175,0.0038412042084676745,0.017530422612304974,0.006115693035188885,0.008077354461888397,-0.004944308832744215
2023-01-25,0.016219894414052582,-0.011726241432066797,0.0033875178402127393,-0.0018028113219485942,0.0011011148970678786,0.001775699212607229,-0.004411707039388979,0.00020853765057915474,-0.008830136322417581,-0.002367275936835833,0.00181359935041292,0.006618922678558015,0.007478485222937037,0.006836786286162022,0.007628367961139748,0.0031297900477065266,-0.005616998566741582,-0.005173510304981477,0.0009109534338818115,0.014752315296149954,-0.0020726044223592366,-0.0007385422915220374,-0.00372542752331817,-0.013621587651323153,0.01708077262967711
2023-01-26,0.01083865117607763,0.00280724468747362,-0.014769906491127083,0.012642930569296995,0.018285797334888887,0.019778033601553835,0.007754809415700725,0.013087385360281534,0.0043851838624975326,0.029789972883061067,-0.0020817713094296586,0.004931438116999587,0.020745994117820743,0.0013581963483006998,0.0004926119633743564,0.009805506165119438,0.018855994110436924,0.017448426406676543,0.0016680276730101085,-0.001954112361685967,0.009106270684749784,0.01059119631900507,-0.0011809871411375683,0.004332568456924424,0.027480867873135306
2023-01-27,-0.0010857895241525028,0.022137544551411592,0.052255662658832414,0.004280625646650105,-0.013906720157673247,0.018296465553360175,0.00879440248415464,0.0014126527222693142,0.0267934382912145,0.008575836037077345,0.010249249790134307,0.015812333202124496,0.02685074633098239,0.023960125044506952,0.014764446489637706,0.004855180193272135,0.01389964050383341,0.006490047324050563,0.016654098155851838,-0.007042644385547359,0.01804782268968541,0.02291031933339238,0.017142919671656376,0.013615413264338683,0.019910906419150498
2023-01-30,-0.012364660998630317,-0.020537831950266483,-0.02048824692512108,-0.009353551078507882,-0.009036915016732094,-0.0025153652593127296,-0.014166243539032619,-0.007340291721876002,-0.01736636749566689,-0.02912607561035474,-0.012659200086596711,-0.005367577667632073,-0.011076940161562354,-0.023840975948999366,-0.019399755832008703,-0.007760332870255571,-0.01578856945723528,-0.0014367603258992334,-0.021146700267147933,0.004048058639420038,-0.020682602818052453,-0.014534401097668792,-0.006586531403515172,-0.008910458502570773,-0.01515148416637413
2023-01-31,0.024442717397320513,0.021349650215642724,0.03255280160023233,0.021991203627970135,0.023212423594417997,0.03233358995096469,0.012527395121372242,0.018307014116906384,0.029744065117915275,0.03156849619201618,0.01418572527788342,0.01726932026622152,0.002203493546335533,0.015829878569456834,0.030726323250038323,0.004576428088458151,0.011659605762891934,0.01823417557511009,0.013692337990819148,0.025258021722570856,0.01992857354243993,0.029738831350862416,0.010335370351534534,0.006977678450410085,0.018638948412877276
2023-02-01,0.016786856670818917,0.015739700063633233,-0.0020122571267153777,-0.003976189437388644,0.006751911569976343,0.013348394717447531,-0.002183334127050962,0.0,0.005042626112948589,0.003864664766938697,0.004572801899513035,-0.0026524346624241524,0.018504978759177337,0.0031164771526741575,0.010316821059772607,0.0010322358291019462,0.012531060496056012,0.00525726889575262,0.007053829273474088,0.01223439437077034,0.003658675573733783,0.005635292044816165,-0.0028952753789046604,-0.002132330015443884,0.016845728537642435
2023-02-02,0.0011005463012085936,0.04624223164071095,0.05350173772950795,0.03956795607647212,0.02300299516653226,0.03245813659616492,0.029905326939628107,0.020118392373128957,0.042779799993838186,0.04209825544027068,0.0182075506482684,0.022872401184291125,0.01870859659882007,0.02396826591142487,0.03366201361711463,-0.0005892505763634981,0.027425578024244945,0.018042883277270105,0.00640835750506441,0.02297697603160498,0.02218256307228761,0.0368901225978453,0.025938900702167755,0.018563282944146886,0.019994337933172623
2023-02-03,-0.02343989100373456,-0.017738167974054142,-0.03687639753371419,-0.015812079414982083,-0.04307086710271879,-0.03927617933646843,-0.021600443859037588,-0.02653448308033801,-0.02781409301803317,-0.01199185291670335,-0.00911617646521723,-0.008320527273374179,-0.019424465684029557,-0.023407235076851718,-0.006088355190412731,-0.003978743278606811,-0.021340152778886012,-0.009600120032570603,-0.010662067126477437,-0.033496613514542806,-0.015023912295878739,-0.023192876448725586,-0.0075473015086462425,-0.005900224068485338,-0.01232175657244905
2023-02-06,-0.00670983476934961,-0.0031585531593374405,-0.02808698522091635,-0.017328461634231407,-0.001438469821177124,-0.007030620327976522,-0.007600701619241423,-0.012510190430448986,-0.016367183299190402,0.029792203269489725,-0.012296607051815567,-0.028840923653650208,-0.010444922278687652,-0.010652461359497933,-0.0019068955513570351,0.0020713211950984523,-0.0013673564579863573,-0.00233425633538642,-0.009130335569886516,-0.006716576823018516,-0.009013101654392397,-0.015906169042360196,-0.013878150736373773,-0.01714554269285884,-0.028919322906435174
2023-02-07,-0.004987141464806721,-0.002570911241928431,0.0019084893870551234,0.01623262214448995,-0.00473368815234354,-0.008042091129513262,-0.006929107180225991,0.002279478063042406,0.016551152181101925,-0.002024072806096733,-0.014241041525929976,0.01025893671656708,-0.005095402123182158,0.003140655681860949,0.004110509631936932,-0.0053150588903096985,-0.008901347235486523,-0.01858647516854095,-0.009063242169809471,-0.008925916822152491,-0.02129995358183867,0.027641436348169623,-0.007133088560720924,0.005367299678657567,0.0017518087380394842
2023-02-08,-0.004556346186915583,-0.006053806623306013,-0.006258508044486355,-0.025856126026169823,-0.011373820582033511,-0.007666621245132177,-0.007797912335410051,0.0075951031351759735,0.020840536813580002,-0.007992796145899872,-0.007904657285499272,-0.00855146555359676,-0.0076825230419366175,-0.008944523019144612,0.006804145091878766,-0.002226780318340671,-0.0036079211856672178,-9.926655762104719e-05,-0.007622003347445783,-0.0012280919508503851,-0.013185017020087897,0.02028697394983836,0.007378432296519577,0.0010679280240382116,-0.007869417644044585
2023-02-09,-0.015013583444400846,-0.004402307744878264,-0.017250765220300113,0.034092333767708816,-0.016873567032653303,-0.011633003360621785,-0.015344287239791088,0.0023390876700815078,0.005571534434973824,-0.003848450546282911,-0.005128867546662752,-0.00539072543861574,-0.022304168405890668,-0.03384486607142856,-0.017582036083025,-0.01472780930854567,-0.01355930490623769,-0.011490079524834163,-0.023809518983393896,-0.011305990325366166,0.0013685006480919082,-0.018766762399969883,-0.025636064128366054,-0.01346666279573061,-0.006757038431356777
2023-02-10,0.007110150851276309,0.003573689549366099,0.010587993574052934,-0.004106782971846634,0.0035460265103244293,0.0014374696467867043,0.013302784530028422,-0.004025985110004071,-0.01125048296782094,-0.0236612288156961,0.012335625170916797,-0.01463425847110944,0.003959269083249062,0.012143862738768885,-0.0009911683447118014,0.009361828707860509,0.00039047790038093666,0.004622979457746812,0.033359443072819905,0.00010345895504193514,-0.00048234891400322777,0.0038706656855103105,0.008704244638617631,0.017434770110537512,-0.0050281400040207425
2023-02-13,0.0024914725793823145,0.007967212391333023,0.009511935095181778,0.01832758783722488,0.0016961773872499197,0.01354765145151382,-0.006376641240242842,0.012497115351500554,0.008170488596935588,0.007294967371444638,0.020278219918121287,0.015401483297692753,0.009577563618441198,0.0059990267295606525,0.004901735187221146,0.004487160702696613,0.009368343645484556,0.008635751848385276,0.01751175655409898,0.007047298764224497,0.011499864926340253,0.008391966852097754,0.004314776713258306,0.008103019724544192,0.016647114668119523
2023-02-14,-0.009711700796976142,-0.011496923697587036,-0.012153907974781109,0.0,-0.0190490662535423,-0.001239125969662913,-0.020762474616587756,-0.014143130418930117,0.013365476368506712,-0.018228621177209914,-0.01853840145980501,0.003792000611289481,-0.01060271625709508,-0.01743103922488809,-0.007781334429183162,-0.021444493565200173,-0.012065783732780111,-0.005355554343148938,-0.016012920451149437,-0.014784192754083048,-0.0029416690722917638,0.0042735008672141195,-0.007225520077451253,-0.0018446593680310208,-0.01591573226605525
2023-02-15,0.006739197290172694,0.0019382001478147615,0.011750517400457738,0.006861649042536833,0.007839630141691645,0.007090036404743039,0.004240575559554038,-0.0016061277722819733,0.0016330260999848356,0.013878549771391135,-0.0020885771157832522,-0.00539654403688683,0.001315818558409898,-0.005602291618046706,-0.0032185347863585845,0.01050060472134784,-0.0015659690467053622,9.987987515258645e-05,-0.008365176157789533,0.0050830725259021214,0.0008771564692913181,0.008286615339375691,-0.006097397537934257,-0.00039597562853621593,0.0024410736944495692
2023-02-16,-0.021237069429088762,-0.02049578520689399,-0.02486703285572378,-0.011283679054026718,-0.0026405654357620767,-0.006600335670636337,-0.0034548448313593827,-0.006957840799958537,-0.008945838022763386,-0.02059440010662117,-0.0006370649673964612,-0.058600242104107525,-0.0018774554777500896,-0.008450566936294535,-0.013621400706543274,-0.0013552929095865807,-0.013643709292090911,-0.004486427224487999,-0.009202450469762868,-0.01763201861469066,-0.009321296643140964,-0.001110580435955244,0.007322166181689571,0.030771392302368472,-0.012480931873521284
2023-02-17,-0.008207620591607845,-0.0026542226803248914,-0.013030447832845016,0.0029378772455419533,0.006582721319308593,-0.01878107214318525,0.006548492593910105,-0.007518636291312775,-0.001054553754850529,0.0009444955548838507,-0.0066469901185928215,-0.023630946681545528,-0.01053419121936039,0.0014202512246925814,0.002023686159180249,-0.002865196923133584,-0.003736349334612754,-0.0018361845234465823,-0.004179425368843748,-0.008286277256523533,-0.005548869187778194,-0.004892203572012921,-0.008644142447491232,-0.008328203761751807,-0.007398376825722197
2023-02-21,-0.026681179014731993,-0.025436404125480205,-0.028392896909142484,-0.03346103142432011,-0.028575363036529522,-0.021216916791334972,-0.020283230598905355,-0.01903009641314246,-0.02280099224738552,-0.002956254212818754,-0.026583599267654634,0.0029513603367876673,-0.036692130038823434,-0.03309679869168802,-0.02025670737273433,-0.01361172259410448,-0.014682421526388656,-0.00036800660929048323,-0.022073695998297782,-0.030045544745891384,-0.024583437806295683,-0.0201117538532688,-0.00951258318198045,-0.0074933280563919125,-0.04440987599462132
2023-02-22,-0.026239883832598787,-0.010287367969221028,-0.004091304066605961,0.0017484732984978102,-0.0178546427924976,-0.01632682784045436,-0.019921743810937698,-0.006613556820486699,-0.0005617222387245269,-0.026621372428861423,-0.0012245230867432566,0.0052974363935618385,-0.0007891816581433453,-0.003423125386443182,-0.0008488375471608078,0.004599662982727404,-0.004697160189806704,-0.0220807550927401,-0.0009538198625680394,-0.050551849302148844,0.0039792696088529755,0.005245261934276657,-0.008803513302748645,-0.015620884433713123,0.00227485924147941
2023-02-23,0.013448472491014662,-0.0002568433506540124,0.00601520330453531,0.010588736407533661,0.000298143927023764,0.01987979557547459,-0.0015944055600500828,0.011239087511548895,0.004064001533585548,0.028127280954627798,0.011597414984261478,0.015807809803364936,0.04226745220148875,0.010794884103750846,0.0035196002642357005,0.008547400946370187,0.009031707932686706,0.006842213802793484,0.010182975549675177,0.025212441243870787,0.009909356981708362,0.0027223525950079708,0.019378309210832168,0.007272943849654601,0.0071336468496498995
2023-02-24,-0.030847929311176414,-0.026121286076405514,-0.026979761503875155,-0.021416242291654064,-0.02308945125330708,-0.034203802133572325,-0.019960193545706995,-0.030467950194243754,-0.011970450944136957,0.013552444178467127,-0.002516561905629877,-0.021325788212535945,-0.008906741437134436,0.001941876178230828,-0.008768193777531574,-0.016646657286025546,-0.021208048952630065,-0.0036018150048363617,-0.005355141678684339,-0.029036260235242417,-0.0038431069826641018,-0.012895916854228529,-0.01603963282152665,-0.017067192389625396,-0.0061172323542392215
2023-02-27,-0.0033206634993547812,-0.0013841075114437995,-0.009892197272502679,0.0023532719456860196,0.0037356788670923624,-0.001523219301879819,-0.008961347826880406,0.012266509925360047,-0.008193028462660346,0.006779030320410051,-0.002803225204159765,0.005889576427398291,0.005162538480440126,-0.00048472159735934994,-0.014946238612295826,-0.003385620471459405,0.012605076512577362,0.006752480046436249,-0.001266903363322358,0.008067461410916854,0.005581601863948515,-0.013064495724902536,-0.007244778909674232,0.0001345753633092972,0.0009718309459669783
2023-02-28,0.015019425513174145,-0.011548989662433562,-0.008779630020793738,-0.0005869591539476859,-0.00683625279847222,-0.006197467513558541,-0.011096961181680465,-0.007112052292268745,0.002109014292972722,0.017111324133826544,0.0005623705955770664,-0.016393655146093367,0.00342390647624935,-0.0009693603604051804,-0.008484418656937942,-0.008604054023928498,0.00398674784531905,0.012634708198292266,-0.0026955411045435085,-0.002116140069040817,-0.003428353370912629,-0.005109205736342326,-0.013784928751542802,-0.0020195750401046375,0.01132692760509757
2023-03-01,-0.01575651853023441,-0.04586713901571848,-0.010232255842078208,-0.00880902050007748,-0.013690350278111718,-0.03262015624746861,-0.017456662285382896,-0.017856263181612597,-0.022888782186632373,-0.006012516891412245,-0.0014048872175769223,0.012499920676047882,-0.0032224830199147902,-0.005337153282085838,-0.028232544001724813,-0.00672400281086849,-0.01839552349550566,-0.010871376933569432,-0.0022256310290181824,-0.01711967770613143,-0.006880218878980382,-0.02777772033240744,-0.022815887722531958,-0.013896196310943743,0.013759873230120512
2023-03-02,0.013545827010501554,0.0018191128093589803,0.004937625672327917,-0.0020144350062190064,0.002714057462664732,0.022513172058047592,0.006768304373251821,0.017737198163612744,0.016558871063831138,0.019919193235691912,-0.0038451392410135954,-0.0017636672156187139,0.003993742571474224,-0.0024389353536333758,0.00822743388762559,0.008973471647603093,0.028812071012674023,0.018701139143058487,0.0,0.009611203000932544,0.013195977261826641,0.011044431811715771,0.007151713827931783,0.01723904902277673,-0.004445858867035413
2023-03-03,0.025160732929257357,0.004610060208458666,0.008137591916097753,0.02018519263360319,0.01701335929548664,0.028127988863304143,0.020168108405450136,0.02534983716853012,0.024941620559180366,0.013120212673401799,0.009696940966821499,0.00530048769206104,0.03485525071449502,0.010269041455719607,0.01663883663085053,0.006241163077836731,0.018696800365407773,0.011917920781923996,0.008285659759579067,0.011618135864470691,0.010012131846315553,0.020660242878643098,0.013157999216836691,0.012911876912229392,0.009888528490349824
2023-03-06,-0.01940751887038139,0.012445133450913248,0.007462586786254333,-0.009078198276531113,-0.010417404697566246,-0.006415011369198531,-0.0037068961898215624,-0.003660878590289185,0.010681480051282666,-0.010880561881192019,-0.0008389739522145501,-0.007029596658155168,0.004576088798842637,-0.008712676267562114,0.002132154785921214,-0.0029460717585360063,0.001654155556775061,0.002952470250759731,0.005847034151895469,-0.016055379844722717,-0.0018536728330967867,-0.0023265856783161176,0.007627420212857228,-0.001593478839955309,-0.0198990704791544
2023-03-07,-0.031223096599449218,-0.02980339931039766,-0.043235085563910314,-0.02490019687314904,-0.02781617874248654,-0.02250301274267874,-0.0355516876710954,-0.01983053163608428,-0.028381461385971307,-0.02086461131703332,-0.031168532062603393,-0.0017703242562484567,-0.022412407476886886,-0.037597888306342586,-0.04943371026967569,-0.0062209951521239315,-0.02626611226694775,-0.011023027314238876,-0.03613522166022187,-0.03942693082120241,-0.02616072514790624,-0.024720311535387784,-0.028232498756607716,-0.016225605484182615,-0.03351603321434582
2023-03-08,0.017674209213948577,0.021588287630107672,0.013904356522233208,0.004095446651810386,0.02782177154731147,0.027586317719278997,0.007715377503814569,0.012340374721248493,0.019341924078292827,-0.00024408776349726935,0.010884199113036841,0.002955334579020974,0.0035413779135733403,0.026694179708969257,0.026397151486522663,0.010015785339641647,0.010014514287286502,-0.00489522461876668,0.009942839837548956,0.01926275246002951,0.01301715065815312,0.00645636443329467,0.01031572012144144,0.010139604537994007,0.02600876991191159
2023-03-09,-0.023343756472320787,-0.03803789986113815,-0.03475152077399424,-0.022312867043340567,-0.016764056984143738,-0.013328436157814205,-0.023819798571642847,-0.016051445288398858,-0.025213956367405088,-0.02033696460460399,-0.024202139700898684,-0.05126703136477362,-0.018944976944208047,-0.02100002502982723,-0.019304546387107324,-0.017043743674417633,-0.030065480554533064,-0.017183184021215436,-0.021788155147333566,-0.024763878212276547,-0.02558547499294994,-0.019957134054220727,-0.028964294736527285,-0.03038030912768719,-0.011049721088866149
2023-03-10,0.0003661379488206773,-0.0867184923594404,-0.0726508754109142,-0.03815951669143025,-0.007664838869859247,-0.017627865462251924,-0.06666663912336279,-0.02526066034530927,-0.06700503186534701,-0.04276558226648386,-0.047665874634688965,-0.012422252679383239,-0.02820888616197459,-0.040857821346145906,-0.025243612395222548,-0.0324715179353573,-0.03561414100475413,-0.04815715587789271,-0.03349280109100505,-0.014973259519426518,-0.049445873137269225,-0.03224260767295151,-0.04163088118321134,-0.06376822074245225,-0.01873132777528541
2023-03-13,0.026454631624144742,-0.005362705337630613,-0.027855157258007468,-0.03852527958388019,0.029161588707616648,0.03306031413939947,0.0023339260553794094,0.02564478082052757,0.012395374514372559,0.026310595397309955,0.0026941780666271953,-0.008176191040739633,0.026105404113988095,0.009584451247150572,0.016437467826286634,0.022971526010747256,0.01188226527766112,0.02888514119631136,0.004096989721709798,0.037189851742679636,-0.0007176488189314378,0.008517237652413412,0.0058215455532926175,0.020345206051263,0.010046697097588542
2023-03-14,0.017827233902762307,0.003250840825899992,-0.04315912999288851,0.0053070702123931834,0.016548420642380712,0.009454901789427872,0.0041920576026186485,0.012846019783891549,0.0023364398305356637,0.008976090228549172,0.012608488333934575,0.012048207092052232,0.004015373991853366,0.012658345274046523,-0.0006604102387164357,0.006848445520689417,0.012334350948287387,0.0036639196990122525,0.03403831780348443,0.006986429099475444,0.007000604687868339,0.009438419434988798,0.027159498468637633,0.03395436934834417,-0.0056367089491393685
2023-03-15,0.012460771453956632,0.003319469347165649,0.02807423159804423,-0.024547882583643155,0.011742318308723965,-0.004162890777023032,-0.00139137261024469,0.005090724122112755,0.010723172840314987,0.0013344522893341537,-0.008062773304676196,-0.012531219408209782,-0.0036356819025100684,-0.027604155289206567,-0.003764770355198621,-0.002530805127054392,0.0015021025739951899,0.0031980400964213285,-0.004655253971035389,0.022169989975105775,-0.02237057776016904,-0.0019685253935415314,0.00021683038965858437,-0.004331766320777919,-0.01333762745216005
2023-03-16,0.01349335646220795,-0.02252870971601495,-0.02585115884650968,0.02232436496725887,-0.001281217935239387,-0.020615705334268486,-0.006502596150035012,0.010921031689996141,-0.022648662015489318,0.01510352588649555,-0.020886696341922084,0.006979663734413055,0.0001920025894601718,-0.017139651329879713,-0.009282126490018028,-0.009990745792620603,0.007973766506206292,0.021832657706135628,-0.026891595817762237,0.008152928250541924,-0.004467224846291806,-0.015039338948398484,-0.002600197289541195,-0.005614224746476437,0.005745146605116602
2023-03-17,-0.018044459864404394,-0.025948819991637895,-0.045038335854796996,-0.0223662634544316,-0.017054088109433096,-0.02318347344932903,-0.03038791863885215,-0.016695760525107795,-0.02213516070248933,-0.00275073921098401,-0.034468534810740636,-0.03339636247024613,-0.0343702016228582,-0.037057124175119416,-0.027705101534979848,-0.016818712317245632,-0.033807946949923395,0.0027470470336876662,-0.027634588695084172,-0.009518644934872311,-0.044780262367873025,-0.02603260034938848,-0.03888766180493941,-0.029640135479880203,-0.018481255610933944
2023-03-20,0.0029799154774239334,0.008521613735234856,0.01213315270622961,0.012048184060607925,0.007523693994781144,0.009533212434531313,0.012536273874466985,-0.002026410612591567,0.006708649932225974,0.005140362443526003,0.025794585956097515,0.022816196307773318,0.015708972573257984,0.024334896795721983,0.00874124437857482,0.0096123612425425,0.02301119894478143,0.009131855914764397,0.018534684818368508,0.00480496424546395,0.02693899699897373,0.012593129858853302,-0.0006782349630316542,0.0055272995517818835,0.021567971405490605
2023-03-21,-0.018618478779444225,0.008777610574247197,0.036156117491283,0.00548416293471643,-0.013334572969162517,-0.03767465577256268,-0.004762111705541083,-0.0021901032886683103,-0.011698056991349515,-0.010477652998706177,0.005198795940954071,0.010197443728470201,0.0025448267202305974,0.00662989413622439,-0.011394549604994086,-0.01129597540258509,-0.0028642885428245,-0.01826569557757629,0.006759125388459131,-0.009214210546873991,0.018670719990284468,-0.004314711652307346,-0.0070118962025240705,0.003761104362776546,0.0
2023-03-22,-0.030627244628680272,-0.0478979256504819,-0.0679231126743155,-0.05268057976498175,-0.026334035739304706,-0.05662877090145668,-0.03205738701791905,-0.03620953235393498,-0.03356955453036092,-0.057481507600428916,-0.03820958889435455,-0.04858045022105406,-0.02030843212078981,-0.03567524772767272,-0.028573571358046057,-0.030520660681152112,-0.0358228331358742,-0.02714064156087026,-0.030642096298532207,-0.033864317232209507,-0.044080038424015866,-0.026765127128538624,-0.046697184242297185,-0.04640445830815154,-0.03451728752578398
2023-03-23,-0.002602401855870351,-0.008712072218793332,-0.051651679410282814,-0.03229877056500052,-0.018480287565670772,0.013219153602163525,0.0034602882968177706,0.005037309036602489,-0.015309543840138051,-0.0018054935143053674,0.0004387690477796191,-0.014588717844813526,-0.012557229764253552,-0.003414943008241522,-0.005399722909121274,-0.0021886011214518053,0.0002628110183537924,-0.00957995492928898,0.006748530190054947,0.002802429702830622,-0.01850256268690731,-0.008905398070922499,-0.003823286115232638,-0.0061961456298366135,-0.01770221748173373
2023-03-24,0.0417492287837935,0.03274175707746907,0.04327643387201463,-0.0007256283427728993,0.04614136664459689,0.009196751661428193,0.03004930876991274,0.023005459894443137,0.023449185126756866,0.026328189324419604,0.014809225427321104,0.013458910835238092,0.01836892123890088,0.02855530898462577,0.02393032479553625,0.02986360437138802,0.025229821442870337,0.015447785204010911,0.029105534736078242,0.038517776163221384,0.010744162265332813,0.022727405755321284,0.016311226401097167,0.026155807618368554,0.008480377397721783
2023-03-27,-0.032411698764902686,-0.009260818101328283,0.01861595812264749,0.007406362644641007,-0.015371498152398577,-0.003920707400914325,-0.004782495479319193,0.008683976907053914,0.0015937622597097523,0.000979075842434618,0.00010809151255020133,0.005312131896082484,-0.004757297352976697,0.008883970565348509,-0.0010463921061423243,-0.005406608813058655,0.00025642066804043573,-0.0008721434113621029,0.002742527503564851,-0.020319253416173688,-0.0017393472265700982,-0.005167785926287971,0.01274471976165037,0.005927639861470491,0.005606266701654317
2023-03-28,-0.0014497661467659517,-0.0021892932500857665,0.011124245765949947,-0.0132623001573281,0.00015694191149107084,-0.027446796581756194,0.003363617931094076,-0.006645840220880106,-0.004127639087321944,-0.014411583782832471,0.0036748090281546464,0.007265488881384563,-0.0025890068039943204,0.0033019898500452616,0.002653978417445746,0.005765324381941994,-0.0035023616942020386,-0.015191339131293558,-0.0015384617672545842,-0.0018710386420548453,0.008228406259330079,-0.0033770622101549908,0.00349568758344998,0.013111343258069397,-0.009756030091675805
2023-03-29,0.029139097795707336,0.038315206408764846,0.04420436953292772,0.0140249343559955,0.02729603663507918,0.010719839994364877,0.022988557943497412,0.016777558240300694,0.020223904210908916,0.02990635908070627,0.010445831113529369,0.033442668087588334,0.017771505811554622,0.020296183716556504,0.022218742026761662,0.016049660843999503,0.027689480703992686,0.029219887706726233,0.013696278648011706,0.01372006601503073,0.023427669770105464,0.026583564334557774,0.021365443982388266,0.017304146370412443,0.022871177767247897
2023-03-30,0.013552308033401683,0.017731230328903447,0.02166005288115236,0.020602112092408253,0.011911274969184538,0.01158007545517159,0.015449625084466456,0.01079880371837505,0.010791894924382373,0.020364498598277825,0.017158848118252523,0.00959075614560101,0.016088086631023568,0.01129045623056979,0.011720014924061273,0.009187688932082771,0.01701720454240707,0.015160036943947297,0.005066736978628583,0.011921141343576025,0.009100361786091193,0.0124395593619393,0.010914068935654608,0.01415099156475974,0.006191923109305719
2023-03-31,0.015707134270862788,0.012985971235939031,0.01538463907329457,0.027809166043807565,0.009884502395513195,0.05178140149989563,0.012909037080039543,0.02710820390288715,0.024292354564591223,0.025813916369663126,0.035519736633502275,0.044331589432806684,0.02162564532807587,0.0382775575619303,0.01724146555196393,0.015475899644304514,0.02337584895778133,0.025454710927541147,0.028062554757853464,0.015046644138773768,0.0410006142426842,0.029589091673700496,-0.014996552582910994,0.010429995870454567,0.030085458945219745
2023-04-03,-0.01585569881688076,-0.009793837646020376,-0.009054039823251148,-0.0005493876784593565,-0.012104135391929671,-0.05075784743971645,-0.011379434349280237,-0.015380745394543704,-0.003825108111645492,-0.05167857376163243,-0.001012058702067331,-0.012734818979958096,0.0018900263064054457,-0.0030725128504377475,-0.008077375714579449,-0.007106727158693871,-0.00801475530921203,0.01840200452814611,0.001144149059045363,-0.023135611810643608,0.004018656749601446,-0.003653499181590303,-0.015916952789636785,0.0005578277842450685,-0.004314770326176887
2023-04-04,0.01168550838742255,-0.002734178873147197,-0.01491700856596645,-0.025559888233611106,0.01111804079955081,-0.00578643426140002,-0.0018413523069452653,0.0007463716784865682,-0.0002879577573591252,0.036631777903656904,-0.002025546099631015,-0.007371080014085818,-0.007923119494560815,-0.006676798259237615,-0.004405129316429446,-0.0004771241178990193,0.0025048429924925397,0.0018200210692818075,-0.006203956012676315,0.006705197476011948,-0.0098734438077277,-0.0031775796666085876,-0.009376584409926725,-0.018820713477241346,-0.0016665062805323316
2023-04-05,0.006095156337747376,-0.0029024908565226104,-0.005678510208580012,-0.011705003359042232,0.00022428987869616002,-0.02770002884896472,-0.009224839079204239,-0.009374059588883377,0.005569311699565205,-0.0009362506041035168,-0.009235968777872805,-0.00495040030988203,-0.019205130043687513,-0.011375317020663411,0.0002010652188706441,-0.002068940045806489,-0.01458753526315959,-0.003244012190662282,-0.01002155525876347,0.005725575183314957,-0.012218227384879432,-0.005394859974245048,-0.006862159154663594,0.002557532522491357,-0.012353880584659138
2023-04-06,0.009770772385693238,0.005903253382680607,0.010850846451083695,0.003281902419088434,0.0052347992051309244,0.007981260872971019,-0.0018623665231340958,0.010528556224288499,0.0014324742059050877,0.017310152425120906,0.0012294701929629337,0.0,0.013765071276037544,-0.0026152339292843108,0.007171701966510957,-0.0022323584022041487,0.003925728239635218,0.0114886379632817,0.000663678070081275,0.00569304297069384,-0.0016370782818048157,0.013453002953151438,0.015725476529362847,0.014030661675907607,0.009127784315809517
2023-04-10,0.008031216896001725,-0.0029747528302018766,-0.005838023546835269,-0.005120190909572275,-0.0029756687074838917,0.018695671336810715,0.011193942803934265,-0.007016022725951143,0.004910662818516043,0.008784408029674173,0.00020452546009930295,0.011815910056154788,0.00152988385059305,0.006293019147474377,-0.002595419991065384,0.0012786766645924708,0.008065157201060824,0.002155677135636358,0.002155992052110367,0.007932753758927769,-0.001913070355998192,0.00024570289347480845,0.029322398387531923,0.017749880010218932,0.019430446810174917
2023-04-11,0.009743170797856804,-0.007901569668281039,0.023110497316303213,0.0072909529446847365,0.003656170249310753,0.013062607232593448,0.014298883255435602,0.0004107460995155243,0.003036765373619632,0.0028011876658611268,0.006342043433078315,0.00799008381820454,0.02119532250126288,0.00521091723941014,0.0024691978570001716,-0.008779363314239452,-0.008647134746143537,0.008315685665024608,0.004964590518279133,0.008634696889137317,0.005476546881222566,0.0014746093960424922,0.01048313143270363,0.020873259636073893,0.014459444348216222
2023-04-12,0.004182878310657667,-0.012353832690303657,-0.04499155145306899,-0.00879935785748065,-0.005650169967461927,-0.01108238535478212,-0.02091856446060336,0.006383043959382606,-0.0018449530789710344,-0.0076511949884411345,-0.013722213489524515,-0.01768294282325633,0.01252827384955224,-0.016589055001802522,-0.007255287071825101,-0.0028981677021926444,0.0011411986570029065,-0.0028657282717849952,-0.012185169246778482,-0.008825680856388907,-0.005900590083887214,-0.008343636742511151,-0.0011277117055807917,0.003900915530459903,-0.009394180757009485
2023-04-13,0.005293471366298652,-0.01629356475531063,0.001938589898824894,0.013029835478609142,0.0013458164938906503,-0.009375308434344531,-0.0032512430251864233,-0.0032767119139479606,-0.0011372844199886156,-0.0283320122564642,0.0008243593812757855,0.011793835604377412,-0.0072024335290273855,-0.007380081696075624,-0.0022334441123825766,-0.006298668469785107,-0.007246778442656976,-0.027590746508966868,0.00016663001241457032,0.014063232896469158,-0.005205090753107711,-0.005196406256559927,-0.012418356253397045,-0.0017415763841009957,0.01962057902678449
2023-04-14,-0.0185950552246541,-0.008951135407753052,-0.013931882126122619,0.0009893949798476243,-0.03479435247526741,-0.023387137654945156,-0.020969054969817158,-0.02826280383894253,-0.013473802604329288,-0.023175044336009032,-0.0076201499371062464,-0.0006133425944570003,-0.018601114724185686,-0.006903790141928212,-0.002442230082955965,-0.012351477812603817,-0.017716592772686002,-0.04650074736877019,-0.005666651514416587,-0.025701890530279714,-0.012667602970186431,0.0004972732305932315,-0.005715616514053945,-0.005503781211111836,-0.0032072153597219044
2023-04-17,0.009377084746569064,0.04313337551237173,0.04140494331243483,0.020756865674069758,0.02251099479906471,0.07150806186146097,0.023322202056702546,0.027966813364255216,0.024333920593544,0.007736382730116231,0.01556512209012384,0.01411903451057861,0.008150073449157968,0.02245985500260317,0.02128392269981738,0.012999859660864255,0.028223019566695928,0.014224326580194457,0.014079739010142811,0.01798647938071385,0.035236143697455535,0.02610662146635989,0.021154285748733237,0.015521985618932588,0.014157179940024633
2023-04-18,-0.0031127793274657867,-0.0014565952269632865,-0.007913979588400233,-0.0042882494766598445,0.001664432130422222,0.014241351417432435,-0.013488715467849799,-0.003361902768720171,-0.004225273137634544,-0.008508955326014922,0.0011237094996741082,0.0066586793105611886,-0.008648225813433719,-0.001046093571713702,-0.006657960294604637,-0.007310057227031597,0.004629016399420038,-0.013244026342948634,0.00297520720578226,-0.0004940919116650511,-0.0004489399331988331,-0.0016962878817975424,-0.002251488161691295,0.0027911276323708822,-0.003172754036167902
2023-04-19,-0.0002879831321350723,0.014910740665589062,0.023741680046139635,0.0037509951441312417,0.00868590529870139,-0.010864002752473345,0.007543964174859585,0.0019840692035895113,0.015558542311057133,-0.012324122328560727,0.0,-0.009621191327749412,0.018774939401245305,0.0052355909682011426,0.009316622504480288,0.008672962968209852,0.011720885407588977,-0.004989867281431026,0.0029664532922140108,0.00862982668998491,0.00682839648333311,0.010437090749136235,0.009478619616612338,0.010603080327451275,0.0015913924416999237
2023-04-20,-0.012156503974745436,-0.01125813722525626,-0.03005566543824756,-0.00013843787170197963,-0.049569434271992896,-0.02341743985724065,-0.014506636802975925,-0.002743968626775173,-0.017084407395385415,-0.0075128533832780064,-0.009593718157537734,-0.02246515082924261,-0.0026062659876029404,-0.00885404224863473,-0.00803542553216241,0.0047045578322262305,-0.015260538873275054,-0.0051532248486999555,-0.005093618514025677,-0.02521498980039205,-0.011511659501992177,0.0,-0.003353543393806002,-0.00485288945186324,-0.010168459374661487
2023-04-21,-0.007053030818168549,0.0049259971384376655,-0.0030605101571209437,-0.005260205767649184,-0.007563323437478786,0.025358012820282383,0.0033240271378924824,0.011318554841405648,0.0033063366248333725,-0.005002400568632548,0.002473185091071528,0.007453490156432041,0.0061591900162307756,0.007882332713570639,0.005087963661724926,0.006459083215432981,0.0026775939264054305,0.002954807684158567,0.0028075892915191414,-0.006766425521679054,-0.0009931361279369444,-0.0024023278349268873,0.01345902539518029,-0.0032943962149397654,-0.0038523106026790987
2023-04-24,-0.0009795832120819137,-0.0031339760394852867,-0.0017267508425991007,-0.010993611311124085,-0.011828037979835004,0.008795692187860249,0.003312678035830574,4.2443700180916366e-05,-0.003483698297232385,0.007012244514129851,-0.013363511923756177,0.008631296909417108,0.00834711571779212,-0.018769544076764788,-0.0009990231462531085,-0.003850504840355984,-0.003155897893798776,-0.0013520045972984507,-0.01185778028164497,-0.004905015799700263,-0.003885683565939435,-0.008909162746652655,0.00885339900363924,-0.003966733035848269,-0.013857439364937774
2023-04-25,-0.010787573298807751,-0.028295115040043894,-0.033250063948328856,-0.008301622912960216,-0.018075413475842184,0.001538673066563856,-0.00424511081555079,-0.004151572633463663,-0.01799900429964485,-0.012350755682717152,-0.0012502037978413538,-0.02689491799953747,-0.0018396117836624315,0.002125357703446573,-0.014268595075106805,-0.000804998794801004,-0.020699769669280443,0.006594929126436222,0.0035000247583416577,-0.015648288429645607,-0.009162683335714683,-0.007288747579213273,0.017112780889051882,0.014071412157804719,-0.023202845049484222
2023-04-26,-0.006939504567982646,-0.004230977641934364,0.017495092965795767,-0.007661760638582926,-0.01709871359226378,0.00030727919330231224,-0.01610622829781916,-0.0046754987189389086,-0.009092093386729894,-0.006318776283864902,-0.01241401410033327,-0.007537544217674164,-0.007371930329873599,-0.010604310472326017,-0.002976191534122541,-0.011766800797719967,-0.013013865452716766,-0.004723769399019195,-0.012290262807616026,-0.005643349371844852,-0.008057256716917816,-0.007097535673557753,-0.011647882280336863,-0.002880039868213835,-0.02341893796640393
2023-04-27,0.02645504450917069,0.022411146753408495,0.032043726887795554,0.08864736533911866,0.023555788627515062,0.04177322925658933,0.02118427562452463,0.018521507973071394,0.026604519544888294,0.011580443080279945,0.021971266398211675,0.006961891094833916,0.02079474943106474,0.017684591373953618,0.026594245879774325,0.015984384403962437,0.02611910409180651,0.013165331757564402,0.01580617651725036,0.026578680799270726,0.020860378022888426,0.012817462298498672,0.028808021826834507,0.023893964730159256,0.0068514364607334954
2023-04-28,-0.006078628744063619,0.011896867514868736,0.010223374112254602,0.006829580727993001,0.0009758143473588277,-0.025552607530781146,0.03583229311990599,0.005890122124120989,0.039109084918225845,0.0060879063644028175,0.02211876298843829,0.01634197581737462,0.004729084387642857,0.010532192968175647,0.01638897908791126,0.012976499855877455,0.025126847766900662,0.008207326025123862,0.016884649130860296,0.015728921811395846,0.024592997366646774,0.005841124486611893,0.0193043681845928,0.01577142349339722,0.017693064577836592
2023-05-01,-0.023924734014933446,-0.01900471098917944,-0.010307383557454641,-0.0033916269737798155,-0.00853045866352764,-0.022390479252240136,-0.015020447657115965,-0.002858778361587211,0.004232374590482868,0.00236766333313132,-0.012235794092800623,0.0006185611188427309,0.0023532586117416265,-0.017717952905979995,0.004551771676098548,-0.009548020421812131,-0.02275456354040528,-0.007597994342107617,-0.012860152532857771,0.0005749462904707237,0.0015001183052243405,-0.002661604177359833,-0.007908511686848807,-0.01211812693791614,-0.0053492638800558545
2023-05-02,-0.01689245392379135,-0.018633844425906654,-0.03029734781329041,-0.01701574641091419,-0.02884286441549677,-0.02249053009608626,-0.021256894858575626,-0.026093985809053977,-0.015816227004167516,-0.007808385755173508,-0.015151455285754567,-0.012361131640023282,-0.012461598452892408,-0.016975865509434196,-0.027832017852474022,-0.013656824805548529,0.0006536507138450443,-0.019754157628344204,-0.010718943277338022,-0.053823026195578105,-0.012688035857468138,-0.025230466207506796,-0.010278946760559071,-0.011627977741906492,-0.023193353365027036
2023-05-03,-0.0212103568206371,0.01622733989843894,-0.018355712238957822,-0.013448763738370895,-0.005568720206190592,0.00042217237510011607,0.004721417244420767,-0.007878579157767907,-0.0023942957792539854,-0.026122512186018687,-0.0006238546063164208,0.01814777388834843,0.008961157808240028,-0.004317483697632296,-0.004127651157496359,-0.006841679328488559,0.013716524786223205,-0.015689877164889343,-0.0055009657362142805,-0.024575921527495992,-0.03980378856191513,0.00024886950400460073,0.008690153024130343,0.002197661737170842,0.007570705683913159
2023-05-04,0.012658318000222879,0.0004940582291532714,0.0077582580520758615,-0.005803653624441463,-0.002206060446859781,0.011499052010228938,0.004699007431592017,0.04545383544848125,-0.00023062774721860357,0.023970946783137492,0.0030165712980763093,0.06392138513270162,0.00851914067999604,-0.0005420409264732529,-0.0008693079825965455,0.015581530288786505,0.005798988379549508,0.02830197058226336,0.007375264570199658,-0.010875022277087809,0.002416632299219179,0.0017417621619841839,0.003782248674653488,-0.007997768705050201,-0.009221523771327456
2023-05-05,0.012088394156990478,0.01719453348437372,0.025068937936821856,0.012082532519696931,0.007653187048335841,0.005632113323425836,0.01897576545843016,0.014616085416478741,0.015697061650618904,0.026195567702664624,-0.0009334589831100359,0.025996637162696956,0.013479609317062158,0.020065229375254567,0.01967215113121834,0.01663424336334507,0.018978030822702774,0.01932492791179996,0.010648926682513604,0.005413523426466504,0.015762696904535245,0.026577319913172248,0.001674694916332875,0.024187173249663685,0.02275097090000089
2023-05-08,-0.017992584559431868,-0.010433695456152914,-0.01944928120542,-0.01891352923393519,-0.01797479752332176,0.00985269075709505,-0.012104608767115055,0.0001620722251318707,-0.006227525724895933,0.014475742770740707,-0.020344600846124217,-0.019144296892470547,-0.007093472040324733,-0.016480474369131137,-0.002887099976124796,-0.0030180978778168166,0.0009431728083426627,0.004832729810931191,-0.017451488174377472,-0.02696264702539919,-0.014148974263993974,-0.0014517744540518684,-0.008568472933045856,-0.03085318056097719,0.002696266501539535
2023-05-09,0.0016046419183313176,-0.009153823959757945,0.0013747185735375478,0.003281348998801059,0.005843439514947146,-0.007805093259530382,-0.007540007760509337,-0.01602419034892566,-0.010611478348187098,-0.003503613216700896,-0.017906174533969366,0.004592267488385371,-0.0037507484659535795,-0.01837860285101034,-0.007568359346854625,-0.008604311012068266,-0.011384151172265433,0.006558114340092125,-0.013404891394664942,0.004246337849448167,-0.013981376435753923,-0.012600161077772176,-0.01222584090371448,0.02607101211864915,0.007058756709251046
2023-05-10,0.014675452315090487,0.008661089121637433,-0.00745234680117246,0.005859911709873433,0.01623239524274811,0.023392936075270043,0.0009497446576307578,0.030250102015402458,0.002126626556541389,0.0023655473558761297,-0.0031288500834805166,-0.010285584602270137,0.0008964665453319309,-0.0016520284984073985,0.007161890388716063,0.0024109200104369677,0.017153738599349877,0.0024055985261548507,0.0018681493065528798,0.01251489456545185,0.0003754914330991177,0.010061463291731298,0.003841259811938169,0.013534210933012769,0.004672971360204281
2023-05-11,-0.003411942093245024,-0.015292560522969123,-0.02331543621984422,-0.002303186215530717,-0.018999568174234427,-0.011125822593237245,0.0,-0.009129966695845537,0.0009687373404094757,-0.02697724463961848,-0.016774890028344203,-0.02655905283791915,-0.010926120292296337,-0.007170408232306746,0.008229842767386364,-0.009139373291923714,-0.018269711050753035,-0.016699414599979368,-0.008475981707441571,-0.016874074825698804,-0.0026282252421963026,0.004616043488369748,-0.007228018466518771,-0.0028974526850600313,-0.011627914357110303
2023-05-12,0.023506516167672853,-0.007889931602556022,-0.020433139537565093,-0.0073329837045497115,0.0,-0.006852808858673454,-0.005218528370121267,-0.005662881052213464,-0.0076504466538841465,0.006357870213796524,0.006164016540878725,-0.00711737121835565,-0.0023541112703915346,0.015000231131264252,0.0016980814790834575,0.0037219574936202537,-0.004533164302139792,0.0033559475339841605,0.0006838363763619348,0.01570484146310136,0.0009408919841729091,0.000725695329034659,-0.004496763927228198,0.0018952649293613177,0.002689158903618427
2023-05-15,-0.024115153398553968,0.011300778852611604,0.014250472796632163,0.014500755268326726,-0.023909427625323443,0.013182211605962335,-0.0014301742924610616,0.0013935681320547122,-0.005898056491713599,-0.008597154363904846,0.0059075656547851185,0.010752691159243266,0.010346591181246811,0.022988402185278645,-0.007236474407392723,-0.0014508792998398912,0.0008787279143445126,-0.006757097799963474,0.010251353472072289,-0.006041120096787367,0.005453813271191876,-0.0031415871170138443,0.014841899605976927,0.01829962972037147,0.008380798861183036
2023-05-16,-0.02261330830108854,-0.027398284305831133,-0.04174308626072021,-0.007955824408711676,-0.021510172204653344,-0.04858704939610581,-0.03151883123848076,-0.032380620808508565,-0.02293870216487548,-0.020365311464064728,-0.03871674461833918,0.0023640897481442824,-0.02353562980168389,-0.03370783737848937,-0.024756968393812695,-0.026638522069541537,-0.03216797801059312,-0.017483506137460525,-0.03568419217366159,-0.014833474789977874,-0.029925964251168224,-0.021091077508277767,-0.032852829533900896,-0.032447451866257304,-0.025598348652987823
2023-05-17,0.01947254488451522,0.013021328309954283,0.044623821816682785,0.02433058207085015,0.02691787874098628,0.021581329077542843,0.006410315510651632,0.016543728320597806,0.008750189600782887,0.0005365551179430383,0.023418965997341612,0.0047170965701974765,0.016927211401300157,0.027685429543057083,0.0033666383852686277,0.005970856342538244,0.011958687599536333,-0.006335409590173868,0.030866255887603167,0.012166240730938638,0.024775848673216805,0.003962407395364798,0.00460221026935459,-0.00025770741716002465,0.0057998850625908815
2023-05-18,-0.01915185338747505,-0.017810582074378023,0.003865020603612157,0.01924093599387544,-0.004019429789941853,-0.014850535434671408,-0.010288877557318554,-0.009558707853392745,-0.006351731000293959,-0.00013418475802640106,-0.013154969175040665,0.0181924793738375,-0.0018093232356422018,-0.009698242149948189,-0.004227740528200075,-0.009563178910464543,-0.005216007056666916,-0.007734671085531164,-0.009186726191172223,0.001278698442050974,-0.007149581391287629,-0.00764676971721745,-0.017233974173299416,-0.008128076176587284,0.0013569662195698218
2023-05-19,-0.0015702595419301302,-0.009494619805746729,-0.005471294964607076,0.006119011009531494,-0.007982871969457461,-0.03662404283466647,-0.014851876359283422,0.0033277629402863607,0.0007156291361503087,-0.007239637789329012,-0.005937167855773917,-0.01613842022078371,0.0034440687903445344,-0.003264692650481904,-0.0013479768305709738,-0.001664501994623424,0.008192701142537784,0.0003510621985371998,-0.01047396066855344,-0.006513145297158074,-0.0017055703005020018,0.0027340533261355215,-0.006215377175597947,-0.00442262332883725,0.00237127512558577
2023-05-22,0.014365669201085396,0.016321478949705703,0.019967498852482723,0.010093152065445254,0.017509691593843746,0.0083744547898017,0.010050715730473447,0.004339622401865029,0.005815388483483952,0.0037138068943955993,0.01645260234466983,0.0029291274570248937,-0.0057804054809871275,0.025109403645432238,-0.006478738639096093,0.006169659715472342,0.009507701662982093,-0.0013688576660613183,0.014055333383552915,0.013197295967438682,0.005884663440570259,0.007684900392210814,-0.00804097578649432,-0.0006531340694212462,-0.009462590188485609
2023-05-23,-0.027497800016995644,0.0035685344926681406,0.015980896734309136,-0.024724575525730375,-0.018251355775882994,-0.011801771497178315,0.0024874143832132045,-0.036637076787831235,0.0010429164623095843,-0.0037672878415258015,-0.00909098246695339,-0.017523232631094676,-0.005995732147894506,-0.01916914263689784,-0.0067925156914656615,-0.00397740016464132,-0.005554297505310224,0.01050924631907102,-0.015058237969628796,-0.025501075110180405,-0.017456234853543195,-0.010085998004671137,0.002026682124739887,-0.004183642206123439,-0.004094147281389904
2023-05-24,-0.02529908480612486,-0.03175008025571502,-0.049351381889253476,-0.021279327146104254,-0.018059517231122313,-0.043569712523849224,-0.025310251004264095,-0.031041467668173506,-0.014108583354810023,-0.011006744321640394,-0.021816659080635903,-0.014863247875654406,-0.02303054301238594,-0.021172856954508434,-0.009232776545423094,-0.016805425450118983,-0.020398217904823324,-0.01429538221961224,-0.02102157862030052,-0.02686273141124418,-0.018918549023151487,-0.019880962613789355,-0.03685386621703912,-0.025469299396090883,-0.020554963880769272
2023-05-25,-0.004525787998726605,-0.027457132577183962,-0.015511907566212346,0.006173655499722264,0.012080831236058076,0.06625050659933507,-0.018330055841323745,0.047513066332746545,-0.006818991796390006,-0.007305861698171379,-0.017271174495045116,0.009655888676866065,0.004864454201310986,-0.007764781966590806,-0.0024158121975964564,-0.011000172687778531,0.007932553106337892,-0.0009883808415835915,-0.02111810985085416,-0.007565310152030769,-0.008907827583360728,-0.011156272400716594,-0.0011666528871724369,-0.008217629526735437,-0.005246602883474671
2023-05-26,-0.002081413661259468,0.0049450663000785156,0.0029413964966653605,0.008003180797006682,-0.004453928927428907,0.07232672129772388,0.00985466241294275,0.030950592070930538,0.017213009004480195,0.008185050495663537,0.01326806410200776,0.002988655326788603,-0.0024205321604854335,0.010061136700977746,0.009964100511295815,0.003764480832420425,0.024348275156922172,0.012645290917648877,0.014140816556351687,0.00947216539052076,0.010963233778168435,0.0058976375952448645,0.0016349254529504087,-0.0010867949488330142,-0.006680937306193013
2023-05-30,-0.000988092885046421,0.006620781494455885,0.02597394411252707,-0.006880993054999562,0.004026388168164585,0.017292238156536577,0.023112798504201892,0.007351004741557476,0.01963105357337991,-0.0027971352332761823,0.002641837165463068,-0.011323063406813216,-0.003359283780680511,0.004427393811307301,0.0079474240225339,0.004432417362435714,-0.005122081000882628,0.007708712568291087,-0.0028602681667619922,-0.008757839828986147,0.01123471861037606,-0.0007648003221906174,0.006296791666654311,-0.005575399190958841,0.011681477878012103
2023-05-31,0.013406675834009674,0.008443691191671876,-0.006329187569018346,-0.0017322435379895085,0.008911908991914297,0.018488815445373508,0.0020077253780852455,0.015030327247128161,0.007225854540091614,-0.0129985008326301,0.010425150512319181,0.0006027612224595025,0.00037436129635004534,0.012672386385533585,-0.00040804696719420885,0.01321062993244504,0.0019307544457858317,-0.019383856999875437,0.008784546758999312,-0.00027040585052451327,0.015843928828351617,0.011989849581134804,-0.00023166445422539983,0.02023803395461421,0.002799246948499201
2023-06-01,0.013933992323508004,-0.009606824600400188,-0.012738721634936057,0.0013347367400569077,-0.009274763387402851,0.02264312464435858,0.009018183436199978,0.010341394673836435,0.014393964266197434,-0.0063076386062626,-0.005102107285770985,0.009036251956078045,-0.005054177223257961,-0.009249359311505057,-0.0009518629641329657,-0.00336470725610305,-0.015335278765112426,0.0004588218879859607,0.00231032434987255,-0.004914853140566056,-0.016642943905596175,0.010587451206522047,0.009040339931680297,0.0,0.0024585764239599683
2023-06-02,0.022137807587209846,0.026697497881655874,0.053902221520465865,0.028125842505573928,0.016405088094874065,0.0049627203641997575,0.028798542265492832,0.005775080311607894,0.042797917456445456,0.018763791762456794,0.038632324778782534,0.05074619530904245,0.03913448494362126,0.03020318414513934,0.025456041253707262,0.00776497660864206,0.018591002967800918,0.017500036092998883,0.03297862396045215,0.022475031435986503,0.030077531598318608,0.026689911640522368,0.04043187090306466,0.01541373189828743,0.010161289261970019
2023-06-05,-0.013131045542111641,0.0005198741258303219,-0.018760037865452994,-0.014002259044710308,-0.01052627543146989,-0.004558418909130446,-0.0072394045595389755,-0.005979513987586782,-0.014569881998281242,-0.011023466023592499,-0.007022038548934018,-0.010795445912782697,0.005250960704642926,-0.003198143353196903,-0.0021239146722774604,0.004857612203162498,-0.0023215659178040804,-0.0181698138839832,-0.0046343237869852505,-0.0061156238520744255,0.00037550667240537905,0.0007289386625382033,-0.013910372226424217,0.004355818461601713,-0.016302479126912406
2023-06-06,0.0024913201514451533,0.02417052293109334,0.047293292221231686,0.020381267063308117,0.0016843260564636253,0.004960907752675325,0.029654853491402955,-0.014407402198612251,0.002042340693632516,-0.007754063794814248,0.029613273334116563,0.011487898063310853,0.003602121394917557,0.013368712963456986,0.00505536879653512,0.00033346963394009776,0.009628578626019513,-0.011089569190490534,0.018451451119943396,-0.0016945472777164516,0.024589369793708293,0.008254293896328813,0.01500221085810649,0.03364444026079827,0.02045126592824542
2023-06-07,0.009624214964417899,0.03019805905979278,0.046887131748986954,0.030154690893009928,0.016992879701503982,-0.016328178696231155,0.007554246281361587,-0.004419091220549842,0.022686861793159263,0.04312006984498162,0.043142230416599814,0.006246263613979508,0.011485966561364025,0.03685927737457928,0.025479645359451686,0.016497401576882176,0.01772234493426983,0.04235548740605832,0.031154868339918318,0.017106672453371274,0.03233491644620101,0.017096197740344987,0.023384144487160308,0.022504493055772068,0.018659309343826758
2023-06-08,-0.004766146690299733,-0.010263623588524173,-0.011013223969922659,-0.016387354865900594,0.005656419561935522,0.008589152700090974,-0.01921276983030551,0.015359562971210883,0.00948891927452844,-0.022408019868449758,-0.011213844726910227,0.006207555606440707,-0.009403742920157998,-0.009788914481272282,-0.012262127002240386,-0.0022954126630065907,-0.02459795149567834,-0.005653108941455098,-0.0039410772663569515,0.0055331852243381,-0.010284205637097754,-0.003551089778557115,-0.03556795674415503,-0.007709234251190078,-0.0006784557017781578
2023-06-09,-0.014314300692951476,0.00041484736154528967,0.004268568012759655,0.003942581696768421,-0.013845568081817694,-0.002487649312467033,-0.011466607021758612,-0.008809739086576118,0.00562245711598619,-0.011289592961711392,0.00031203688442071886,-0.00560835259753012,0.004298788929234965,0.00936518411531262,0.007971442122891581,0.0008219442842571922,-0.028820647061949423,-0.011611986695422294,-0.0008242347091159674,-0.021224529603429576,0.009023623095855804,0.010928810924040633,0.02190411920876567,0.016290611654070197,0.006789020008454827
2023-06-12,0.006727304994792238,0.003399947531488534,0.0049899075267394455,-0.007474080935367167,0.010530049373814299,0.010551411054034121,0.00290007325585262,0.013701886794442064,-0.01054198584845345,0.006020622166467149,-0.0083211858775597,-0.006204185256173056,0.005350371693174205,-0.0015464392799251492,-0.009982727944632175,0.0009846984532475567,-0.013931135306045395,0.0029284673455829413,0.00527962589324793,0.010485382802950971,-0.006684608525110103,-0.0016451569199258387,0.007655436898277301,0.008754634129579442,0.005394350289876559
2023-06-13,0.013046209532410424,0.008760341852114717,0.01011404904546609,0.011359277689614755,0.0038206927994568485,-0.0035120750703231396,0.0024092699788065275,0.0035947997345198157,0.010438628000945416,0.003577212650763606,-0.006083306736902716,-0.010215599157889388,0.00017743182012419645,-0.005162513192060625,0.0062200101940681485,0.003608532019037325,0.014462233174643124,0.0011589967539133994,0.002156687806143198,0.013511709209873768,0.009094303294291617,0.0032957358424792194,-0.0034730747445813615,0.0017113683885299213,0.023474214258625947
2023-06-14,0.010470078110007108,-0.0011469000263483187,-0.012743695758924312,-0.010726886635994415,0.0032883975971782498,0.016673194777048872,-0.004807520519466202,0.025363883282388366,-0.003671263506875966,-0.006584830398652652,-0.00474890059660471,0.0011467001554754663,0.01719847263588381,0.0015569874275780382,-0.0018218341286309059,-0.00016350226477879204,0.007581468120067658,-0.003157570761051942,0.007117946026226063,0.0012636949406039655,-0.0005407032884023888,0.011496875190610822,0.008930546762041303,-0.00500313161814725,0.0
2023-06-15,0.014729758457673547,-0.006315712595145406,0.01844027693457062,0.0035718686245307385,0.021676474846329397,-0.0009480344995009826,0.0028986724683019993,0.004936783284419155,0.00604136286993695,0.017164414496296132,0.006361987341874542,-0.020045832782591977,0.007757278455178929,0.0041448964000965205,0.005019730402176847,0.0008172718272219104,0.0026360545570209837,0.012389314624742687,0.0,0.01797034965717459,0.00018019689589787724,-0.0018557413070788842,-0.00410194267376951,-0.017046835426846374,0.00786376294626634
2023-06-16,-0.007103484887141742,-0.04704902280942924,-0.0034403214356857337,-0.010931748193316326,-0.01950552678493278,-0.0019927457633691636,-0.004335272805383483,-0.0012826703814521334,0.009028905994910685,-0.0034301600007399236,0.010746904502602073,-0.0035067896824496625,-0.006997894651882608,0.003611928697971223,0.007264627368565479,0.0026132087818908634,0.007476015398977687,-0.001877584801621035,0.004930943797921694,-0.014447310540219194,0.016859064834811255,0.009063571226778144,-0.0010838612925211377,0.003243935666212616,0.007802338116994045
2023-06-20,-0.01472349194079492,-0.012213122020466871,-0.016896833916665965,-0.01118101972092167,-0.018846556389581992,-0.002662113856145343,-0.023706074347991324,0.0020935092402485367,-0.011480688836959296,-0.010186870052801833,-0.017512706971763214,-0.02580657083477611,-0.023079676726859844,-0.011311019832250802,-0.01081846257695207,-0.01726659459607416,-0.01459667119767527,-0.007244907261838129,-0.007850727843804473,-0.02589239217930861,-0.018263929297300474,-0.012206344961053661,-0.014322786306836366,-0.01479929080630249,0.008386986315114031
2023-06-21,-0.0037359450520134674,-0.007278215463648818,0.001293673487529956,-0.0028593867133116513,-0.0025789241864186963,-0.0053385190784738246,-0.01536171572012257,-0.01568744226677743,-0.006490344809747084,0.015368182284787979,-0.008586328807440258,0.0018062464840140624,0.0018033870822038445,-0.006760323480783481,-0.01236898070745085,-0.011934372230283041,-0.0012412508523785837,0.009613512250655099,-0.01681509777496648,-0.015182792486812646,0.0,-0.010258878536100635,-0.010127880009395573,-0.002903394926202396,-0.011516278526351842
2023-06-22,-0.015369299271647874,-0.020846177500049357,-0.034699171294243936,-0.006256560861524929,-0.022378727235115692,0.010830175976715095,-0.016607709719627328,-0.0273567999169676,-0.03300641547249672,-0.019176463859706838,-0.011475652058327235,-0.008413370338235415,-0.012601212450402577,-0.013088902347614617,-0.017270227856853282,-0.002348554649569845,-0.01682000551069618,-0.01549890133157561,-0.012575466799514934,0.006284260710042622,-0.014901239424769841,-0.029210738456308172,-0.010453559408433843,-0.006709518622135313,-0.0016180912855707774
2023-06-23,-0.0021452866613614896,-0.0159675147549998,-0.015296177921385268,-0.013247567354876644,-0.0019150379177835797,-0.012515445604396547,-0.013818148588291557,-0.001178180722776645,-0.022133326480775706,-0.008728441370580486,-0.01325172136011643,-0.01575769541590666,-0.016043573626116192,-0.022811621749312838,-0.023139880524013723,-0.011939108488927874,-0.01483230365617938,0.000988177331332496,-0.015112828460634997,0.002246427386581873,-0.012284602025815494,-0.023780692713149754,-0.00044956387551808863,-0.027784981283750954,-0.014262704773091217
2023-06-26,0.011288563365702498,0.049779959562467724,0.09883504798228282,0.004386470649143437,0.01233542344964067,0.02928474847096174,0.031136582282227154,0.018536244995473128,0.03895095636523327,0.026415893691075443,0.024861287734095905,0.011699570119207747,0.012229011567851167,0.033659168913082294,0.027876828582633406,0.020251842886929383,0.01804967193187257,0.01854854174611309,0.02568965811477497,0.005603407582648767,0.030907785468296867,0.0313198939374737,0.03148181851549059,0.043130611756127424,0.01677094405633439
2023-06-27,-0.0021796921994572394,0.011963930087102392,0.020498098244171148,0.03189523213312051,0.005144891151544373,0.016977639952821644,0.014091678777992778,0.006947675728246727,0.010674167441139248,0.009745186194658917,0.02198414425933204,0.012172904150197228,0.020318397274072586,0.017856946473969293,0.011690035777704333,0.004003468082965478,0.01562878953015656,0.0022852260644985467,0.014120098458009211,0.005215402958073989,0.01800659219949763,0.01735347970350376,0.02376273074218127,0.01470401494313367,0.02975434370603347
2023-06-28,0.020722465305510696,-0.028909233985732974,-0.016277065149630898,0.006412722741720778,0.019935325357493205,0.005228333924177209,-0.016377221238053297,0.005201464869940331,-0.0032896621684667116,0.0059131457644585605,0.00010584945983227456,-0.0060131134952275955,-0.004843872303678776,-0.003612043639694029,-0.007791364195441797,-0.0006644955311366774,-0.002233711096464641,-0.0013126443349285033,0.000331413333059416,0.008292718753085682,-0.0024762483597635665,-0.000710598226703274,-0.008091988161826102,-0.008421972618749107,0.042713439544174614
2023-06-29,0.005845369048525839,0.01868995416873309,0.022747707311842724,0.023321037372073805,0.004402120844279045,0.020895956707876584,0.008072600338832725,0.010179386199320906,0.02241632674598515,-0.00020253677605885922,0.020873104983006652,0.01892545700691417,0.01243908004580141,0.020196833734857478,0.011978391217719375,0.0011635455198941713,0.007462465257468853,-0.0018332279843086274,0.022038031592066742,0.010159787978868628,0.017465993732509233,0.016595568438518615,0.02232731796574372,0.004121767035736301,0.003915801751389614
2023-06-30,0.006278077311118402,0.0010584304442740056,0.00858148063165709,0.005105803451222579,-0.0012269837207928846,0.01778711304277003,0.00600625892747586,0.008892802042807624,0.00527713944073982,0.005947298731366679,0.004359088375731401,0.008388184972462964,0.01175220898265894,0.001015184229704369,-0.0013809279656228357,-0.0029016538979842466,0.009300549275450098,0.011400382102490392,0.0014592070213854669,0.009055982008403962,0.006273826242409797,0.0018654904408821338,0.0021200527957525583,0.00621986261019547,0.00540033208771451
2023-07-03,0.005671918170826684,0.02317387078311528,0.014759511384702773,0.013505191173950326,0.013427944147055726,0.01194359592696892,0.02388043387892802,-0.0007399313125713292,0.009773863992862841,0.010547386978758011,0.005580204735342598,0.029114635540301137,0.007919720596192725,0.02028422311719158,0.012379902899148698,0.006857479724487137,0.009948616239541241,0.0038026310849239575,0.009875251474289248,0.009794598773616103,0.013509045726736613,0.016294254789665175,0.020943366851309486,0.007170231937797977,0.0008953886634317509
2023-07-05,0.01702208135653782,0.007319946405016653,-0.006331412653271862,0.0020782171467370603,0.020784681691071727,0.0006073557857051437,0.009232103366669131,0.008629443698933148,-0.005748279437616688,-0.005119126885900549,-0.003391062906106024,-0.008083139418207375,0.01676265824645573,0.003975969255988199,-0.0007154370090699524,0.007142726045651582,0.0011305530504459593,-0.0036860130401915603,-0.0019235467105123139,0.029654263905298794,0.00999656516580627,-0.006184090273319343,0.010774847308232305,-0.0035597428895658423,-0.008944619183168356
2023-07-06,-0.011847013618015323,0.0,-0.011193337701695949,-0.0008539672292519063,-0.010095881150262831,-0.007025274981802054,-0.0024071759770318835,-0.011112217352920672,-0.0016154911664062466,-0.008018656256611911,0.0010309910675456724,-0.0005819427418770617,0.0006869594522598277,0.0014849735475992443,0.0008461632749632297,-0.012040221765061254,-0.008065272958104108,-0.003288695832646127,-0.004175993212792717,-0.008258281264152956,0.00752904679328914,-0.0009218324663453625,-0.012300051709247417,-0.010963399826330544,-0.017448920542558644
2023-07-07,-0.0023468376455693107,0.0003420792173141063,0.028909803267912038,-0.0003662854546760963,-0.009855960525040453,-0.006026649447110954,-0.008204733699777922,-0.011557106608323209,-0.006812906049571632,-0.002222908710267646,-0.011330829146166232,0.016307508023985395,-0.005491613947196883,-0.01631214006367354,-0.003837497191714001,-0.005509369191650015,-0.008130782225578836,-0.013266768324822209,-0.011129118037438102,0.007825024485601073,-0.004617932810205505,-0.0065222889537023265,-0.005811361060472975,-0.005978355242399536,0.024188731023774723
2023-07-10,-0.010227648327426175,-0.008118983585124195,0.004570027093130813,0.01795521609860895,-0.003289306674393977,0.0018453315452053864,0.0019466298600918641,0.014424373978937588,0.004458941892231838,0.009451848462226131,0.010731448101807484,0.01948406494446231,0.01415002137372201,-0.005527844629764411,0.0012407489919843417,-0.004196669318303425,-0.0014755835010206164,0.013306017393325265,0.0008155004324932325,-0.012538969394824906,0.020244405110031005,0.0014066490045812063,0.0014612888741010188,-0.008018911075553636,0.013452776280054923
2023-07-11,0.0054249850412888545,0.019989681063749654,0.026958704068802852,0.005519639237829388,0.006860711028645605,0.02113829904916731,0.02476938046355004,0.004697224422731461,0.01621899611998434,0.01631875104791236,0.02752282097630432,0.0016864838120673742,-0.003913489947898197,0.02476014217282363,0.015062547110080926,0.01989229179633245,0.011575577283249316,0.010140478338307668,0.023305233486825117,0.016776708110953775,0.0170318879305964,0.01428245283839713,0.017094075305439604,0.021851740198649106,0.004130098507300062
2023-07-12,0.0042650551971121775,-0.005237221345479659,0.0011486039433636908,0.03138421429165805,0.0043125138051498535,0.011424398877320163,-0.0061616356297546915,0.004764329740392759,0.010920351731603217,0.006161044658558046,0.00030089344214090374,-0.010662326766525454,0.013836561380155654,0.008382716820980018,0.010278249460144107,-0.003140415644750205,0.016393299653955973,0.008235140697042231,0.005096305625634123,0.006037593960127596,-0.004633823757791755,-0.0030008864159881687,-0.00983819408125286,-0.014956627261566324,0.001174891370867126
2023-07-13,0.007214934996108147,0.009935440988835254,0.01786304880871392,0.021636037718144596,-0.009189319372761684,0.004585949191059813,0.019551882436819934,0.013351830935463438,0.01553870521296119,0.016921477811717267,0.009427506536745955,0.009075447783256196,-0.004043620288784799,0.010757803086268725,-0.0008981986905947092,0.010611804980904749,0.013653837155721327,0.008573118795608625,0.004753582234381382,0.0023429339104623637,-0.004900289424788928,0.0053253570081985835,0.00434700882060346,0.014681871148418235,0.002054049271319025
2023-07-14,-0.014580290372619875,0.005381108688989222,-0.010465615990549959,-0.014835845330836595,0.0024269178205964526,-8.453074604120037e-05,0.0009355296745356956,0.005352980303435784,0.004132036142034945,0.008481579904332959,-0.003775447050699099,-0.021922346752391797,0.006767037819029209,-0.007740673273797127,0.002889551227131193,-0.002132959021106662,0.006301698112221699,0.00943692593417822,-0.0001578614457014016,-0.00032802080455407445,-0.004596165142465858,-0.0011515364818195373,-0.009274492039108018,-0.010883238524798111,-0.002049838801422621
2023-07-17,-0.03974849325440444,-0.017479089438619977,-0.008948691998158731,0.013219928200019826,-0.048940686292556546,-0.0005918360469004957,-0.010747443540890966,0.0022836685827793968,-0.011856267349590888,0.004237188468456665,0.004986419698424616,0.002298935203874697,0.029742726210498116,0.006338421303003994,-0.017223547281494223,0.0077276458442046,0.0018004008908423241,-0.0035470643235728794,0.006940212382282596,-0.07228120480042477,0.003050845272623448,-0.01222033887616325,-0.0033285754455172345,-0.008752019161852309,0.007335722309516957
2023-07-18,-0.0025234716628639298,-0.005192403296335413,0.020850433812080515,0.004084418117137334,0.005182311915283178,-0.007613624328175805,-0.012754045911253287,-0.014339558161221344,-0.011297694091363608,-0.03906126916063013,0.002778650205180533,0.013761180620697866,0.008975274411070933,-0.006298498764259586,-0.011727447164785798,-0.004894720009685716,-0.031098581888607146,-0.02062779292177952,-0.0017230944541044568,0.00848987788299782,-0.0010687361546815044,-0.01003747229758778,-0.006470521842590227,-0.00857706889539589,0.005534605550403748
2023-07-19,0.017869660426544476,0.021818987677447055,0.03602429266962548,0.004632809741348831,0.026591806004008012,0.032904162367044965,0.024880610709558937,0.02103065328959519,0.013595419536202025,-0.008981466226258505,0.01405245791015819,-0.000565354851397526,0.006469345699882556,0.017064863467624702,0.008108773482772502,0.012133090118362944,-0.009838767117537395,-0.004789676504548757,0.016004946249178698,0.027184552758076075,0.015552998117710048,0.008252825968455557,0.012815278194536095,0.023154928461915913,-0.007242401803548071
2023-07-20,-0.0235841775749841,0.015324082668001004,-0.01598877820377398,-0.01079751067737622,-0.0528634786572626,-0.019889228904652723,0.010737732759533936,-0.0027315593016797868,0.0036617892721784173,-0.014366492253500729,0.0049770992676470005,-0.011318774361141704,-0.0038566167848701483,0.0004795790724549942,0.004643024887117431,0.014417521821142865,0.007981813136777038,-0.013414774732384394,0.010501926416595309,-0.04870455952574615,0.0027549294503028676,0.007483606861132142,0.03069886935530186,0.019771346250045507,0.0017509405244464649
2023-07-21,0.0013000941792555842,0.016330001184649223,0.0,-0.002615073740985019,-0.002046255450289025,0.011704119288963755,0.004618554947072306,-0.0041824831151712205,0.0049192055922833156,-0.005108326080677128,0.0026218508508890626,0.0057240789385957225,-0.001613263774263074,0.0023954651069335586,0.007420317920312947,0.0020760034664197846,0.01357460200566396,0.009341643534529265,0.005654960026167055,0.01696140346668229,-0.0008080088137438768,0.004410515096888945,-0.003219972986922559,0.003658019310121219,0.0014565462673183927
2023-07-24,0.03212707107100354,-0.0009737421510739308,0.016879654205970818,-0.005471994416939241,0.03905645250759315,0.024719214053756655,0.017011477455037394,0.014842971291537888,-0.0030186792891279124,0.0021908728459660853,-0.0008716369146420933,-0.007968126706322298,0.004201005107152156,0.0019121757830251607,-6.472521677614029e-05,0.009880494692815489,0.012515978189816979,0.013436957823985018,-0.0006077254912065788,0.004279958957504437,0.0061464287585515365,-0.0009246634098769579,0.0030286824191303463,0.004373703567637222,-0.002617945552767842
2023-07-25,-0.021170696938504707,0.005198547180821134,-0.017685312244607565,0.009972521410885227,-0.008432768438522031,-0.020305351954105766,-0.004972750460146336,-0.003210932517691223,-0.018944389355051383,-0.008334103621392752,-0.008433482372429912,0.002294912518688408,-0.0012871937530364308,-0.017175674334284796,-0.018932397819527713,-0.004418499594319725,0.0007085978567029638,-0.006527873634596393,-0.006539050473852059,-0.03237988289887417,-0.0057871898468681016,-0.022669496248815202,-0.00785042574850614,0.0032661903221924415,0.002624817181234196
2023-07-26,0.01707802961058147,0.029090743678089392,0.035533876058280844,0.0028373623682693694,0.017461304667348854,-0.01641523754615626,0.00908666545754655,-0.004213250155586157,-0.001334635688068464,-0.004201893750907737,0.006256798472259462,-0.0028619405497434247,0.005799939127901332,0.006310837823979121,0.007179082447787755,0.010461314447483439,0.01715184460355479,0.006298329213917819,0.00903094254727721,0.027969390912011116,0.0038805115966760173,0.006153873660477371,-0.008520905540496337,0.003617001794746555,0.0
2023-07-27,0.017106949529832383,-0.012171185783194871,-0.01448849800361185,-0.057831604516228485,-0.02098515331473516,-0.029416811706160728,-0.017559609247209895,-0.020860212858921257,-0.032156978928829516,-0.017777902902858078,-0.022928285379195557,0.006314499202040302,-0.021624216954586828,-0.027013885404019278,-0.02269162610434472,-0.024470747059749498,-0.033570422420423185,-0.024495160454415355,-0.0206309949919965,-0.017667758784613463,-0.009422405739398343,-0.0446954229494696,-0.017802461993378982,-0.02426705844071686,-0.00785365265444582
2023-07-28,-0.0220461614121249,0.005644060049549315,0.020581892912860056,-0.01021019188133443,-0.010535958268333978,0.06626146683570311,-0.004124562273371102,0.0016203952966760138,0.023991319154658575,-0.008099374757454814,0.0035795436028018823,0.03707939521489245,-0.008513431289640772,0.0004958745775265339,-0.004750596583575906,-0.011577281713123888,-0.010325155237161487,-0.02358406083010678,0.00495651748452941,-0.015827429985306618,0.01203243881451388,-0.009110920607614204,0.0027084556645493585,-0.00258569990471047,-0.012899450789937705
2023-07-31,0.00709092619970253,-0.006560808802338336,0.010310845914680566,0.011043640969218282,-0.005966510955698778,0.01498623338120808,0.004601875296988078,0.015751969856619308,0.02629478468890567,-0.009016890795433663,0.005845571315205467,0.01210105326235289,0.01387041825198665,0.00396425776716014,0.00618527123168966,-0.003985734673628172,0.008896237427816533,0.0007815821303271964,0.010018626934512831,0.00031986387427607177,0.0009638087365162473,0.015904525806311742,0.008103071134451634,0.014072384303714935,0.011583549603473964
2023-08-01,0.0048868090537079745,-0.02880330702473588,-0.028815738170232863,-0.0036009534408194543,-0.0003692870006993809,-0.009870031426180037,-0.006413070243996399,-0.005877199018622159,0.0020118875206289744,-0.014401786974599484,-0.0028564314977026495,-0.0005435452978416189,0.006189078094254619,-0.004442276246845567,-0.011025049189243186,-0.003116522209258843,-0.004569065449020915,-0.008518034881854986,0.003204624084007346,0.04179049518153888,0.006741751457788547,-0.009295425659533563,0.0010304895235291323,0.02982340679522033,-0.002642726648046767
2023-08-02,-0.003241940885080452,0.001310963467231474,0.036006521372590417,0.0050596091812651345,-0.011547469250395737,-0.00024311067644089412,-0.0036885263566225346,0.0005837775568933168,0.0023766092084311907,-0.0051611777422553295,-0.004840797764568028,-0.013050302182210927,-0.00226616480359898,0.0014871819734902925,-0.008850777221521056,-0.006745402512708276,-0.004026466222020408,-0.002076406683336529,-0.0007606775031133717,0.002016621350630965,-0.011001339593124992,-0.0007408222880850301,-0.0018530924083233202,-0.012175127818326414,-0.022667146133189986
2023-08-03,-0.025548216059638307,0.0013088077474623372,0.0008951497760087967,0.0021575009531027423,-0.019345702935623765,-0.0203469711172396,-0.004164968215484732,-0.05735873043987849,-0.0018394346429349007,0.018998777028234715,0.018761391797974314,-0.07382927909128278,-0.029850680017555864,-0.005940666120801574,-0.005930328404805563,-0.025344002644901997,0.0010509899486315089,0.029450914390654503,0.004414829540109411,-0.026207534098172336,-0.045864783204124904,-0.005435901990922032,-0.005363019195000263,0.0026327264246130966,-0.002710866387968913
2023-08-04,-0.005275895101191863,-0.013318948489671856,0.021311527408601094,0.0037076612406503617,-0.01067387663543462,-0.007364493322859378,0.0004716725499933627,-0.00202793981584648,-0.001024032361493954,-0.09860168948295034,0.007697631746189426,-0.013087552891471232,0.01872909392949662,-0.003984001427065231,-0.004251533541476338,0.0064581430024304165,-0.012680755023221857,-0.039340736537786025,0.004092129829682101,0.001392709616309773,-0.0006759839342795892,-0.0054658282458256435,-0.06822888883619116,-0.016827631169351043,-0.006946367445323842
2023-08-07,-0.0067650519653971175,0.028736966689585586,0.017802605654219095,0.012154483969452512,0.0003853969346148123,0.007752686961240318,0.01224684927337183,0.021626088242178154,0.005821477129686059,0.04295970807971461,0.0049313801433661375,0.012055622488412077,0.008371616930983317,0.006500051067056534,0.011569335518979651,0.015028785056161453,0.017915632376006574,0.02655150723774624,0.005886699833783426,-0.012428312053521684,0.011581843118055879,0.00899305075047474,0.014689662559697947,0.02925447522975566,0.007907373352927127
2023-08-08,0.005939279158220456,-0.01392683768703562,-0.016200950293693728,0.0012950389355999015,0.0018292814778870792,-0.014724180780361973,-0.020009501523890028,0.0002843783943979883,-0.011371862890248163,-0.01792554213444919,-0.01780057641042343,-0.0017867920659845327,-0.010744001955373506,-0.007451461260800429,-0.008781926474657253,-0.018465892613055424,-0.008116909623391066,-0.0041694295532863634,-0.017406731914384688,0.013311592061137523,-0.005515600639605767,-0.017330924916845625,-0.002193618532530195,0.005897095524528995,0.006940206448744268
2023-08-09,0.013487931307255785,-0.0004897393648454207,-0.022588141602755574,-0.011405069793034905,0.005671132505804755,0.0016791166111402855,0.004748509969375814,0.0,-0.005070955049357062,0.0106407046600272,0.008914722624193239,0.004773239011012453,0.002468407726706312,0.020019925493460322,0.0012361044079853833,0.00864396175914317,-0.006644170924468562,0.015966857071027185,0.0033596129931938723,0.020937981215819246,-0.0016808241746915087,-0.007054720792382896,-0.021543175620323485,0.0021104435523704446,0.0008991451580726562
2023-08-10,-0.0008550778104499113,-0.006044442872014222,0.003280168140434192,0.0026165701226454896,0.0005733930678588628,0.012153223905067456,-0.010397066838255697,-0.0005164598155963374,0.006298534342337403,-0.001844372028976582,-0.0023302889489258405,-0.010688853248507879,0.0013131135224782042,-0.0009815300742235245,-0.01090696044228312,-0.012099017833603454,-0.0035886701671368204,-0.005692347030547773,-0.010958853143153813,0.0026788066385670106,0.00042098916115529406,0.0010148989545979425,-0.021343524251502544,-0.006084134706138333,-0.007784517711054706
2023-08-11,0.0009091276744956911,0.003533595931010769,0.012334710767190282,0.002728300346535484,-0.0026745010932756053,-0.0035608921009748773,-0.0019102666625284703,0.00010322716999877635,0.011077259590193789,0.008700213758090714,-0.005255607701687204,-0.02220892340128089,-0.008688486342696478,0.0004912472110232269,0.0005549528214847665,-0.0028914339785776066,0.011050957766854275,0.007797547025195417,-0.0016928647548684062,0.007620780939066263,0.00016837016396009652,0.006083770112878195,-0.017217600324780147,-0.008122190059976386,-0.0036208417189177444
2023-08-14,0.00021371276786563698,-0.018997579280186194,-0.021139297191512973,0.0014196468509997118,-0.01235508825794307,0.00955699755453443,-0.011961769180495518,-0.0051539896727783585,-0.022726262110252193,-0.006411515057298978,-0.013501628541525368,-0.006752451235204182,-0.004299725566020096,-0.007854893181042044,-0.011506146433144515,-0.011600201354407313,-0.00024273403765406876,-0.012024165076616633,-0.010174279751959947,0.004172971825514127,0.0012617699430252927,-0.0166289534728169,-0.00023374379879370633,0.0075310975939382185,0.003331107996690008
2023-08-15,-0.008014826087748061,-0.02696160312008644,-0.03299319956455715,-0.01618432040031559,-0.004169823941444384,0.0012348721611228353,-0.015496527471644428,-0.012971026848922707,-0.007418408085289374,-0.009449189167193839,-0.015669925071312485,-0.009888900906563913,-0.008968455934786568,-0.0197918758573834,-0.005820282923284514,-0.008802102695444236,-0.006397944955685353,-0.013335036952819679,-0.018065750815732473,-0.004718275841290254,-0.009662285077875699,-0.01691037406088236,-0.01682223381156156,-0.011983816812972559,-0.012073603978202563
2023-08-16,-0.04126030822902482,0.0013724743539151874,-0.009615428047071606,-0.010926945797951504,-0.027656194140933676,-0.0039464005043284844,-0.0044268102072714255,-0.008471487961660196,-0.0006295824252955384,-0.0069801252829253535,-0.017430802642000698,0.0006242247531291767,-0.006703529754858328,-0.029278214327359775,0.004443636798678652,-0.009751004335233904,-0.0068464940543262465,-0.0032892698130283504,-0.014274388710229569,-0.041099448731552246,-0.019173647541833372,-0.004430091083098109,-0.011407073841042115,-0.00024024603992334193,-0.010082321163674357
2023-08-17,-0.009438898394558692,-0.004711706592916198,-0.01252753552209529,-0.0013354450246892968,-0.0006008424388534994,0.005777811172821945,0.001976333415884657,0.00011927521238308536,-0.006596259664500281,-0.01249603018369605,-0.015073633429593003,-0.013724161861409678,-0.011979127716498006,-0.014560759102313359,0.008707331806597551,0.00017571884093725565,-0.013541411378883761,-0.022922055899074367,-0.018020858275651808,0.0020863920071816366,-0.012628642005361512,0.00654446468529124,0.009615463035523186,-0.017537413975768135,-0.007407664364122324
2023-08-18,0.0007939578442803796,-0.009295936673193506,0.003805875751465404,0.0003646824521983394,0.004409246960676461,-0.0041854591599693736,-0.009368982095238287,-0.005398899834724746,-0.0005921062710080305,0.0033217614636715798,0.003852080818768089,0.01897519130514813,0.009392157847942117,0.007388012541166056,0.0009048708993844023,0.00035153514826080645,0.010565880702039676,0.003891663743501139,0.004587980469915376,0.007105818947994669,0.012702473742784326,-0.0010403512670290604,-0.000952408591463505,-0.007213672775696844,0.004353293079048859
2023-08-21,-0.00810399225155467,-0.007211189878208901,-0.007582750386067483,-0.0097217528600958,-0.009877344026418156,-0.003131703898555882,-0.010950591906679796,-0.005375136269403447,-0.013372292531208863,0.0037048651548416967,-0.006118905016277321,-0.009931728173908305,-0.009304766016774435,-0.017286485192197665,-0.010502203349584072,-0.01177499470813581,-0.01094923857797847,-0.0006948701042834848,-0.01467949913476796,-0.01927990602972507,-0.024913418962830836,-0.008330912662575796,-0.007626332659157242,-0.010837215520726473,0.003405558283716026
2023-08-22,0.004056578637567254,0.0013126176784068466,-0.004616566887366558,-0.006626591357016487,-0.005340532608674953,0.022817513959736857,-0.002012902758877222,0.014185173879780688,0.0038602209416784827,-0.0065185028751894025,0.0035476705563339817,-0.004388678006727265,0.016734907203723726,-0.009594880197432043,-0.005271507081993643,0.001600516648964545,0.007324652977470647,0.001646852850078151,-0.003310670913626357,-0.0005040674237239973,-0.01588013839579272,0.002362514436606844,0.007204719803654669,-0.005851779821521852,0.00863923086427243
2023-08-23,0.012007032807776152,0.024995660977952694,0.03310417651662623,0.027424352123478712,0.008003351670821335,0.016569742688125277,0.021179793601550534,0.009736123764583882,0.017304086714034606,0.007984170322045125,0.019860756956539438,0.0018891114298604794,0.02552911945676639,0.017222848951234493,0.01427364364931405,0.014027164018167726,0.016939458062489532,0.005882433672314891,0.016608482264460767,0.01385449558494356,0.0064006073197682145,0.01728650779112373,0.03195033199722164,0.014402113375726833,0.019272114775410465
2023-08-24,-0.0038798755084681336,-0.009549618488372769,0.0024768342577619062,0.00468918357862913,0.0006029558649667255,0.013437206231947663,-0.0014815465625342972,0.006537702992619243,-0.002226001113861731,-0.00039209228602810065,-0.004791869893686296,-0.01697037922722522,-0.00851628859543252,-0.009523865648034424,-0.002577840489815131,-0.013132647910173434,-0.0108068228988486,-0.0055938033556811595,0.002777357885656029,-0.0024062107098122842,-0.008778365232503194,-0.0030896033021343694,0.00046221740476926065,-0.00790132511681807,-0.016506468035172528
2023-08-25,0.0021452334222371583,-0.007059480489603365,-0.011581202752139141,-0.011728048781378564,0.0014060191586351412,-0.011846889385033421,0.0004946575841151546,0.007527983332612287,-0.001388996469648962,0.0036874928140191443,-0.0005124793018412843,-0.012787752798055219,0.010406337779965025,0.0016024943079144816,0.010896069343694137,-0.006387620799246374,0.007557059478181305,0.009241389137569334,-0.0030954095543960225,0.011786668613500195,0.0006327878971783552,0.011621723289472863,-0.005542595285393803,0.008337420353440761,-0.004272321535147783
2023-08-28,0.0036048784353717167,0.0037282147074264582,0.021402929581637142,0.024339966847519046,0.0017051435132424686,0.009527638116111126,0.007414714323828786,0.009819514101346627,0.0032034638893709833,0.0046899300779219555,0.003690338629297907,0.025259047060203432,0.014386249030836629,0.0010667390894474327,0.0035238595859032884,0.008392915315734273,0.010924531542034321,0.0035468365902024956,0.008661481340195287,0.0013043545577478,0.008489072911310958,0.007403740019220839,0.007431315823237972,0.0032087378781318066,0.007355062842737903
2023-08-29,0.018690137671937723,0.012697600886580895,0.02661351069231599,0.013122126237217424,0.007309580569305529,0.02532435593148441,0.004416061972325913,0.015542873565234983,0.0042435989934994645,0.01594968770617955,0.003472037738762923,0.01958300998469542,0.009347380034980146,0.0042621721246300925,0.004131039997896213,0.0,0.008870990674302082,0.00595059361143746,0.008263015263561435,0.02210050489932658,0.01665611500973463,0.007602813296165634,0.003918825298659945,0.021773929997177754,0.004259196675168164
2023-08-30,0.004297375829719563,0.004947083806002617,0.0026818476704113525,-0.011901944917015905,0.002186872603420431,0.00989483740240571,0.01074775745942036,0.002466482183693053,0.0048116457439761895,0.000383072496850545,0.004884838961803917,-0.008673958053610598,0.011496022740141942,0.00742696818556654,0.0034970391949096236,0.0015938747996029345,0.0047959984333898475,0.007421222139066153,0.0,-0.0018459390197883563,-0.00017610168023951545,0.012575380490700727,0.008495891369852071,-0.0018059625104271948,0.002726406047459884
2023-08-31,-0.00526659626931214,-0.012561440134185586,-0.00787528651402214,0.00436942306623278,-0.0031740779417620546,0.0004558710814137612,-0.005316624356223487,-0.014081194470002556,-0.007370230897854824,-0.014927888700288716,-0.0081018807175256,-0.013124960892184512,0.0029990517454867582,-0.0026328501338771515,-0.007652831531651749,-0.004689076588224261,-0.011933000316782238,-0.01644092941959774,-0.0004820112302392765,-0.011403746576609697,-0.00017629101902938427,-0.008941676108403462,-0.0054643537157405,-0.00036178744070702873,-0.004861633327361892
2023-09-01,-0.002923075082091442,0.0052432063899423564,-0.0013479192612065871,0.011404980088222993,-0.007263759559995142,0.0029607627882173304,0.003401135817212131,-0.004940001661372095,-0.0036493692712743497,0.0011657832248890276,0.00122522188167129,0.0018997328904197808,0.0011017634309673507,-0.003167760399043207,-0.00661019045226463,0.002855511458039306,0.003139971892208937,-0.0020989064626256715,0.0030546712115193664,-0.012648461446396975,0.012512139464053718,-0.00426075716328167,-0.013736086176286855,-0.002895835049550044,0.0
2023-09-05,-0.0020466285900737624,-0.0049594274921813675,0.0032994207534238207,-0.0017437096295964682,0.0022050659075401047,-0.01067289683369288,-0.012106250551039976,-0.011523723995417456,-0.007283677413651102,-0.008771323240659767,-0.0155008393362559,0.0050570769073019495,-0.005187895356411176,-0.01853826801467695,-0.016288981968862304,-0.016904067362505937,-0.020386766633771813,-0.016714924264882525,0.0014425321353641607,0.0006764723913057491,0.000260941111448032,-0.007802797826489072,-0.019266695148124624,-0.021539027784099773,-0.025343463070577887
2023-09-06,-0.013357520826997371,-0.00360908188322262,-0.011808579752854875,-0.00034943994097635933,-0.009900874471091115,-0.0055087750188730356,0.0004898408853106773,-0.0008458962522971403,0.0026295454005274,-0.008927160737002948,0.007250999179243989,0.004402550813015438,0.011694041545317946,0.017486367701791572,-0.005566483221340235,-0.004706002903030471,-0.005489668874746223,-0.00907121572767644,0.017925675647286532,-0.017354689144680635,0.007047246319731748,-0.008878801822103655,0.009230689919940582,0.01385105872546366,0.014724141076992048
2023-09-07,0.025504063955230194,0.0035359403264918488,-0.0025714725686096784,-0.009785605472117709,0.010808216356679612,0.014002113144800488,-0.01371876619629886,0.009949135499992545,-0.02186870681316344,0.005372850714631117,0.003085238508313548,-0.016280583039060437,-0.00577943581018614,-0.0032226126366680097,-0.006943940416471617,0.0016369870716463897,0.015900550731422047,0.016410437524036814,0.004245331150716236,0.014908929477233768,0.005270144899679918,0.0012799693847413973,-0.0011725928594920054,0.006952927177210411,0.0018525512874163486
2023-09-08,-0.00909327020747086,-0.011601831207453839,0.0097057321388625,0.00282350427964162,-0.008294292778311174,-0.013808761306596029,-0.005464186839287066,-0.0052994139976716426,-0.025731043324982883,-0.006680324623669409,0.0007176658976775219,0.021642219065747925,-0.015239509226391723,0.0010779142087440352,-0.01605423640797765,0.0043571825876691506,-0.006730846217991693,0.0019038919386766828,0.003131323558107413,-0.01952644999250297,0.001485362824677372,-0.011758578698612632,-0.004930632341427321,0.0006055105873217226,-0.010785920413294403
2023-09-11,-0.00337233346508925,-0.020432933701147182,-0.006308195040824804,0.0014078220270936637,-0.00715450162737663,0.00869360837160471,-0.012987158001999788,0.004122049351451551,-0.005415162591769884,0.003164944875307274,-0.0029712073511332093,0.005607378154841136,0.005264802168994276,-0.0005383767803908146,-0.00870178233099117,-0.00271162864180563,-0.002612672889255263,0.010706765932582352,-0.0029653808510740065,-0.00792909267699693,0.0010469635397145627,-0.003362943300261656,0.015101504932035548,0.013801576567533003,-0.001869157047270087
2023-09-12,-0.006046209123821034,-0.007988731286266315,-0.0031741882176853364,-0.007029035494738878,-0.005886441965866851,-0.001372966929477415,0.008603071535862483,-0.001962179391054364,0.007096142667696759,7.88501373742978e-05,0.009453568032981918,0.013011258293178063,0.0022217940776743106,0.010231470342347837,0.012509151399728413,-0.0003624246075524251,-0.0014735984853040396,-0.0040206295005396075,0.006731294513554031,-0.0039033515871527147,0.006449368693005608,0.005190956670666713,0.006275991341606835,-0.0017913939864070416,0.007802826156503961
2023-09-13,-0.01250066692170504,-0.008589823954613385,-0.03260030484121934,-0.06713074915053674,-0.005206640612677171,-0.020774279455003652,-0.0035121776808294536,-0.005393941005089942,-0.011787712893857272,-0.01695573605535894,-0.007125433903963585,-0.020795062686702614,-0.0014251203253486944,-0.010127847570300497,-0.013582922849018297,-0.001631910682415194,-0.006066555154321307,-0.001834879600686179,-0.010053420969687976,-0.009470108846941439,-0.006148364028213171,-0.01316807755080085,-0.010625739040812765,-0.01208264142730242,-0.004335551548670935
2023-09-14,0.02333982066158491,0.030054164374446746,0.03824427236982708,0.008599978598713642,0.028735333377582162,0.011733104770683678,0.025679724301767015,0.017218598837376087,0.009416970130124103,0.017494348991636155,0.022349696643256145,0.01561522128231796,0.022592558425543308,0.026386616801783447,0.01054698224301287,0.0010895277626965516,0.02548661156040466,0.015074047082075603,0.01777212388064453,0.030565675952400007,0.02274135092943852,0.005756024265400894,0.03595586975451637,0.02337113485579745,0.017107179974667597
2023-09-15,-0.005190849441682466,-0.0035048946747666676,0.0006039963466641929,-0.0166771389473942,-0.0022304814725138122,0.0021015910617043776,0.0009819168455929006,-0.007606738891646758,0.0005332290911574944,0.014658014964185062,-0.009025355514401312,0.020910093104032468,-0.015199044761653235,-0.009443733836752899,0.00021763081395631545,-0.018505166496533998,-0.0022679748673244404,-0.007171711852653306,-0.006704062002179212,-0.0030617910119492553,-0.008263773338309743,-0.005462870101826001,0.005634554041667128,-0.0016563766913033628,-0.004587279194672056
2023-09-18,-0.0033863740108803775,-0.012397741901977066,-0.014182473100055715,0.006503470391975075,-0.008942229807797908,-0.005436944719380943,-0.025012339625836044,-0.008696144703874698,-0.00608293077974964,-0.011400858038851824,-0.022060208748534538,-0.010843322738101735,0.0035005517191917246,-0.01430100187296246,-0.01695672762526179,-0.006839132743379106,-0.0036530347882937075,-0.015431583865439635,-0.019777126607965934,-0.013981146787638732,-0.01855525898859567,-0.007585780069157777,-0.02084266389504197,0.00497794976698529,-0.009523757381509346
2023-09-19,-0.012086944649492448,-0.004718541245683716,0.00321422992273801,-0.006968238307757169,-0.005741723051577163,-0.008278154489706702,0.0030184729897790863,-0.017193667303353366,-0.007907158476648024,0.008609791619081042,-0.002793945216816751,-0.006090112959565852,-0.00031732003284168364,-0.006447980369277073,0.005307343377796148,0.005025287507131715,-0.009451771957610267,0.0018156162703317769,-0.001120976969663512,-0.007531558257987903,8.749083705605898e-05,-0.0028993666432090004,-0.005493310794707051,-0.012383517532249422,-0.008685006412973983
2023-09-20,0.00028165915304789735,0.0040252115297492175,0.00015243472085613163,-0.0036999352601367885,-0.0023720213586737593,0.008504737391640704,-0.0020066447425144407,0.0019439914761598676,0.008060118948746142,-0.0011747288847617776,0.012555838191230961,-0.007352788570320068,0.00634418638333667,-0.0021633945269914356,0.0023466774889990827,-0.003703689482727146,-0.005428890361883543,0.0014792244766168583,0.001442932067462932,0.00697955026152397,-0.004375783510139342,0.0026433895980313427,0.012197848205219852,0.01815138844143216,-0.006570510844098099
2023-09-21,-0.04560045587843542,-0.08294709050692228,-0.07138489347906418,-0.03726464552672626,-0.039694014871688554,-0.03224778525146943,-0.042210950640726,-0.03193851930953795,-0.02139643679180292,-0.038811376686382015,-0.02528759961608662,-0.01790144699469598,-0.0274229306427326,-0.026016303979746858,-0.033065247884581206,-0.03234190792524538,-0.05260121939926932,-0.028141869071659387,-0.019049278414209225,-0.04786712546176852,-0.01863587108017728,-0.032428178315149436,-0.024101802680401407,-0.017827789312567788,-0.017952736542463654
2023-09-22,-0.018367462579700122,-0.016224738428750052,-0.009362787710204046,-0.00013304251383172705,-0.009903003989856884,-0.005648080664494293,-0.012067002764677204,-0.0021813888394323078,-0.015701932504744165,0.011991140700404301,-0.012227547025012164,-0.0069137294703285335,0.00291665938131902,-0.015581429285323023,-0.014903959724416493,-0.009604394597767185,-0.004190247848764428,0.0031540670119254433,-0.008322415045735165,-0.01744170918484722,0.0003583033678458136,-0.01280649045144,-0.008387550792423815,-0.010866895002422328,0.00320713574254472
2023-09-25,-0.002948120844500468,-0.003653844097290082,-0.01110925620034875,-0.0025275351422079373,0.0035876599947228804,0.002921151523705534,-0.005842039133939436,0.001967559701690158,0.0031069385229951507,-0.01305822789302069,-0.00592032453708069,0.02025317969408702,-0.008078733762245216,0.0,0.0020736066355411253,-0.007176309445463547,-0.007188534594274598,-0.0009469833926992743,-0.0014810198546529874,0.0010940013604370247,0.004029350410089005,-0.006348389613944017,-0.0025848086199391496,0.00434603247277332,0.002237737602108547
2023-09-26,-0.016956274558059814,-0.023689212323223074,-0.032193035752400845,-0.017471394096265302,-0.0133246537210997,-0.03066352108443393,-0.016559535031509198,-0.030435603151420798,-0.012204664203685378,-0.013639157050275741,-0.021007112514997872,-0.017369864842525895,-0.024597002868413043,-0.014132161285679179,7.677437965769585e-05,-0.01816753118550396,-0.015452565931566298,0.0007206532526886633,-0.023401431742378187,-0.006109550760024285,-0.02657624269381509,-0.008055558134927088,-0.017667716563869118,-0.025243481835957482,-0.01052623905740413
2023-09-27,-0.01976567006765062,0.003959291897584372,0.019923547607148206,-0.0024433325593817834,-0.015151528383982815,-0.024789282513744126,-0.019554384240473843,-0.005527375546695912,-0.013712702865982362,-0.002152868623751747,-0.00011057927894153607,0.012626291829469283,-0.0148629139292622,0.002866771835664972,-0.018545576465469837,-0.011937967838856034,-0.002242156489782432,0.004016116128708891,-0.0021937769971802634,-0.02018992786233742,-0.008795128881593506,-0.008960988089703581,-0.006954286070725901,-0.010975319845808018,0.0003224624533328946
2023-09-28,0.016469451551510694,0.01699952524190862,0.022629329373031304,-0.0025853152474424324,0.026532918071184852,0.014549911088570067,0.0005536152280958273,0.01961540704407061,0.011130775812325577,0.0025722772005951633,0.008628508802505541,0.03530890189539204,0.014917801841930256,0.008004430533272044,0.006793132633776233,-0.0008052745848370346,0.00791006963397134,-0.0026417011860961903,0.0165738305549743,0.012241204964756891,0.005915500827601505,0.007911708112320781,0.019077307880873695,0.0032418445268254104,-0.016758047746625593
2023-09-29,0.013122216600379488,0.007954933758569371,0.004729562014051281,0.007639802664105355,-0.0005430788829275945,0.020921109320302778,0.016611517617484584,0.007337537930774518,0.006358364909863301,0.006290468348779221,-0.006032191372089435,-0.021315438942154263,-0.0070152290388746374,-0.0022688017178106312,-0.002249211321849409,0.011668178227564052,0.0007134470115037761,-0.0028757756003747748,-0.011146370760588553,0.00861622714597532,-0.007351013642241777,0.0,0.0091018741715847,0.018145835681370848,0.004916415777939109
2023-10-02,-0.01666161584925885,-0.019180856487663434,-0.033960923755023464,-0.011237501004547235,-0.011952498857646932,-0.02313655143182336,-0.029956444141348237,-0.018698510253508993,-0.015276578741150293,-0.018999907211268652,-0.02317133280290784,-0.009334190121114028,-0.013120284539702154,-0.027856646164082344,-0.010493485868854235,-0.019022914469211782,-0.024151195832267547,-0.010549481509738667,-0.023048362839009462,-0.009641679870530329,-0.03147286087308876,-0.014858316555655282,-0.01875148955030359,-0.0023193069590465853,-0.022178894109217584
2023-10-03,-0.022323624737270564,-0.010083518965037341,-0.05238419750685597,-0.023278063489768464,-0.027383930810457757,-0.025968652495993783,-0.02751243899871547,-0.01613635502901345,-0.007230119618686359,-0.020793243686322183,-0.02100975031394048,-0.028266199785077606,-0.02454400180641858,-0.023976632976780987,-0.00942642910614222,-0.0020408088544889846,-0.018264722678878798,-0.01929123955290457,-0.018598201266901038,-0.04166682365506669,-0.012042480393148147,-0.009390990628591278,-0.02975335151226155,-0.0296098926631988,-0.01601038024268442
2023-10-04,-0.002657075092338812,0.006585052664236146,0.008815334216293769,-0.0022431467545499517,0.00938497442719144,0.02092919659771164,0.009815050355955979,0.02103580868088395,0.012395045633077695,-0.0035960785927673378,0.012691877427960963,0.026502825794812335,0.00803765820156399,0.011384164389086848,0.0141157292642613,0.013908557667472898,0.008558089657263013,0.013061795861790682,0.007545082159297056,0.004316484905763973,0.010351380062884719,0.016087375921834735,0.012465804246818424,0.029504628119960907,0.013898052049627463
2023-10-05,0.006532563105950739,0.001737727216844176,-0.005461469551300557,0.015737006820252253,0.0060492426170033475,0.0011908786233054691,-0.0057175621916573105,0.0070677852761755755,0.011671784104759553,0.0017185950745726153,0.0007976305342152212,0.012594542460580671,-0.006760314722633276,0.0017772703710183801,0.00375351066439622,0.009884999908633896,0.0056263000596992185,-0.0006562984020070939,0.011320155592601466,0.00251549579963517,0.0009573418847863557,0.009895334246615262,0.0036935229061483277,0.016533947334657295,0.0036778833381490017
2023-10-06,0.00541879597525563,-0.002347006757056569,-0.025627006186705104,0.006778224617013162,0.015254088505106234,-0.002803601255482291,-0.006900290288485489,0.003703080942416115,0.016810882721940867,0.01672827327131965,-0.010473575985477046,0.004353014561409685,0.013612655279164443,-0.02306332956033652,0.015269594166757994,0.0009988624738090923,-0.0011005981415229682,0.019661655640196285,-0.0013776309530690867,0.0033982936292753507,-0.0012435316739158875,0.013881123878678459,-0.02723236371008131,-0.018313122950949112,-0.006662264453361377
2023-10-09,0.015353561835981466,0.027411422709638478,0.018222987992916106,-0.0010992282549673327,0.02193477020354595,0.014313745929720012,0.015633595760386143,0.010682067480116464,0.013291550505066807,0.018140316152914115,0.013000428609406534,-0.008049414054881576,0.02083320780874809,0.012106557682678654,0.0246316000944804,0.00878096797719885,0.00504992785872016,0.02447231300665309,0.011381152731151145,0.015057667040005551,0.00986498809559988,0.020396660130666433,0.026733777896458033,0.007854678470476717,0.00368884244507961
2023-10-10,-0.011471485754359634,0.0,0.01476001860997056,0.0064649414089761326,-0.0007512211612171749,0.01175966715443777,0.021664780106834147,0.010117699095134602,-0.007084140493714197,0.004640790832713737,0.013174215856190052,0.014981302437456101,0.00657795164650099,0.01913865588371988,-0.008312741091107245,-0.006924258509908965,0.007948181866440862,0.003919753489083577,0.004774135065719998,0.0009751345685704571,0.0067338958198748244,-0.009857671714508909,0.03021359246228794,0.018874730876043744,0.006014166241933516
2023-10-11,0.04452551870676125,0.010054738054142698,0.036181949201661956,0.009293430670938463,0.015358169986010362,0.03295966894061553,0.01227709122312115,0.021210424567667863,0.023245224324865976,0.008413751300363481,0.02017720191666794,-0.005535057160187651,0.019269480309837883,0.021126797385114582,0.01208289387402739,0.01494061725681095,0.018761882021538057,0.015801614589768143,0.017648060672374344,0.033793131815337274,0.02053681346559677,0.01797563477650499,0.027897281313634448,0.02557656523764429,0.017934079792868207
2023-10-12,-0.008331967960189313,-0.03144107161677101,-0.01386207783805582,-0.020988428630860922,-0.002432990851113037,0.00016093598341249127,-0.03307637990925405,-0.014752433049753377,-0.008187296319129844,-0.017505244216169724,-0.019118844510911503,-0.006802872049787467,-0.0054249530582297645,-0.009770052598347179,-0.006786381896072613,-0.01315055969022838,-0.02446623717419072,-0.010225363296402334,-0.01517420360524524,-0.008283732288135948,-0.009046410704141583,-0.010594837026042137,-0.007886841966135205,-0.009439268177671045,-0.01957590386895336
2023-10-13,0.016561273739464033,0.0062074662616784515,-0.013523178099736577,-0.01175665377091517,0.0024389247326741526,-0.014786330534782066,-0.0085516673225281,-0.0009282426194693327,-0.004626173482042084,-0.016984274684104128,-0.010193619313542568,-0.013075805911048732,-0.003305930126643042,-0.008125280336727103,-0.0022776708047679284,0.006165833047869773,0.0,-0.003077364778185099,-0.0022012058052051087,0.008202922248921052,-0.002980894759110009,-0.007413494699631706,0.015431297936983945,0.0017645534978245614,-0.003660399181935947
2023-10-16,0.013296577699498213,0.020428593273961404,0.023809451902330636,0.01371593280323724,0.00042321420107538366,0.00913537848249768,0.007475778315253256,0.01180906624022482,0.0001822632522017198,0.012026635520620665,0.014033346847307504,0.02586750017788053,0.022719801845716647,0.007606654651416855,0.009739815780735572,0.0029648387970282464,0.011582326139278454,0.013266175267919289,0.011369347242238481,0.006598166884081547,0.012146096339383572,0.0022128168440400664,0.003453885692966896,0.0061066794983666295,0.004675919769468573
2023-10-17,-0.013417994893087482,0.0002975231482555962,0.024665238568584602,-0.012701893760444616,-0.012476313488215096,-0.0034754766963782657,-0.006278725313002331,-0.011298620825098693,-0.0018681081034471747,-0.005858059619125,0.012053491669522298,0.0036899914009960177,0.0003243210452743561,0.023228906913820957,0.008666074449849015,0.004533136597526299,-0.02515330456080178,-0.00982857633131795,0.01929541876311558,-0.012272122422887888,0.016800442057210763,0.005244443254986519,0.0011471422996551794,0.010388946709128266,-0.00132980901533708
2023-10-18,-0.024743594590290297,-0.03329052912723196,-0.02699446069527034,-0.023912725959859604,-0.026445235237931075,-0.0221429962177212,-0.022975206130216308,-0.013447029717705394,-0.01583810085329429,-0.023486928213861114,-0.019959984720063217,-0.017769622213957725,-0.027557068007812546,-0.02270157416084162,-0.01419505500112117,-0.020796650689500318,-0.03468046630844035,-0.023404785423671193,-0.017284065412683236,-0.02819224974421941,-0.014525685451944659,-0.01674915924948084,-0.010543250063256071,-0.009242063505414233,-0.011318183702591522
2023-10-19,-0.020580071751484463,-0.02920978897786708,-0.03604876390145162,-0.0212034855619726,-0.055427351175028616,-0.04080958811999369,-0.019400388815267733,-0.039730888135351417,-0.006121960826911854,-0.030172345419043567,-0.013953198035208225,-0.017467224082477917,-0.0040008422240938035,-0.01974442076597882,-0.007957498207456948,-0.009817748927472447,-0.01724442808735649,-0.030491749058673134,-0.008542673442844317,-0.027315603978641856,-0.018885245292998065,-0.017313685720868333,-0.031039989341141605,-0.021455515924607482,-0.012457992509631866
2023-10-20,0.004139893234332392,0.0035895664661309556,-0.0119157220392353,-0.01214873879921241,0.0029106785144981107,0.001470024947529902,-0.0035970726022981347,0.002571736715150097,-0.012272342061707686,-0.025866707552295032,-0.003880045490120998,-0.016507974623256372,-0.008870230246690314,-0.01066355706257105,-0.017341263883143276,-0.001416299246092212,-0.0014623732674851064,-0.028278439055061,-0.0006758176746114453,0.012880083620432137,-0.003286175796421875,-0.0139240905267356,0.0,-0.00035724049167706884,-0.0027276989576500155
2023-10-23,-0.004997392441487225,-0.007258412384398283,-0.016883153510078852,-0.009482877610105911,0.005456124609402924,0.013988428674506004,-0.007220324484395468,-0.008744057571950847,-0.01110226620705812,-0.013322405315686514,-0.01661122454051267,0.009683695272876713,-0.00270176803092137,-0.013173641887869625,-0.009795672832113689,-0.006889911077022748,-0.015815768351078563,-0.012978262580643385,-0.01707518028590793,0.006879334384731761,-0.008855527186118817,-0.01613858849665628,-0.009323513762223179,-0.010728469822062325,-0.014017128741088292
2023-10-24,0.024734979353979947,0.012715800253645604,0.015663317012458267,-0.00029912705344559143,0.01743451075731417,0.01737225469954673,0.027878776789607596,0.006719640736424948,0.025702232892835575,-0.015351927696433898,0.020969239894145453,0.008312039740465016,0.009989821348082462,0.020631069014183767,0.01892109508950246,0.01203847444279682,0.008828482231601376,-0.02129633003241338,0.017715745164258223,0.020082746063981416,0.007223658034488212,0.016989057754426717,0.022683462016416023,0.015664780615578522,0.003467645594407154
2023-10-25,-0.007964379227288543,-0.037459622389296676,-0.030843522159550885,-0.016010768599545533,-0.009759264521172373,-0.0210095857133068,-0.033018799020788525,-0.031115639007602502,-0.020680073847905267,-0.031839873587982015,-0.022021821457652524,-0.010779925629182396,-0.02145854345119158,-0.026159377749288337,-0.018492757494768197,-0.0064516998103988366,-0.02910510746042161,-0.01920463951386364,-0.02281551412914884,-0.006951415477682077,-0.009342205015591909,-0.02102567714598702,-0.02501166765930185,-0.01921964017026967,-0.011403034506420884
2023-10-26,0.08108461028495895,0.021850516337932335,0.027799168504260452,0.010644722103141824,0.04824634169612585,0.033943302017900745,0.020731584786532586,0.0546289120033403,-0.008180326275924577,0.02076056333798637,0.027068080001096506,-0.00448709977071593,0.011135883530074997,0.05067151992399399,-0.04372747548932665,0.010349095198044944,0.009013478509022343,0.003319426832742556,0.01833277510435294,0.05421285962057243,0.012764144720641468,-0.011768073080905217,0.01863508208095066,0.004475684242282174,0.013981062624074614
2023-10-27,-0.01753687346740007,-0.024893729937015885,-0.022197530720112546,-0.004664423154742026,-0.017491621458535334,0.011742292515060981,-0.019115811790782256,-0.012675182714660727,-0.00939855884388563,-0.007888375200641562,-0.01567640612633192,-0.03090790300919366,-0.01355468800733639,-0.019755894376676353,-0.03480814176281688,-0.015866457086859298,-0.023185903265355745,-0.0008793253542355162,-0.020380405586625128,-0.011196236661745074,-0.01674191030448524,-0.060434496639863444,-0.010453866970850711,-0.02035170930237773,-0.013443555222530934
2023-10-30,0.0037792176594024784,0.014946550938703007,0.01697838378925831,0.02040813972760014,0.003449141294419311,-0.0022067495893784983,-0.026796547812150462,0.006953896003663473,0.01674895206570781,-0.004406338999893289,0.012579129158220237,0.021926713250127294,0.0012023530140792271,0.024303587038669416,-0.0005103448396793775,-0.05673489386321284,0.01602969956584488,0.0010478460644332,0.009188598698816053,0.0044116974051531255,0.007557060933305548,0.0019010162429902167,-0.0024008969610161968,0.006392132747456536,-0.0024457174671081994
2023-10-31,0.03214782646056635,0.0010749449204721095,0.004877120660633061,0.027259205005786935,0.03104916008389358,0.01867628196918103,-0.026908612420249334,0.020004711504882033,0.018472599445470417,-0.003271622521742179,0.039320946695371006,0.006501994409106926,0.013381384944146202,0.038194282433318794,0.005446409128060603,0.03080654841193975,0.018911826758864825,-0.00046060677341741574,0.035217266096492006,0.01815415592458014,0.0432924007089901,0.006008779181198243,0.021901033002297066,0.021253293670135953,0.004903647638237363
2023-11-01,0.0010661950708468204,-0.002469737483995371,-0.0013065525026834113,0.012258525359210903,-0.0059153779008340734,0.01696685854454638,0.001929270791218185,0.013006486619180802,-0.02828150210820468,-0.0025098309389766094,0.005592526273468179,0.007751989895965261,0.009988200264176905,0.008918817138834356,-0.004824439113603751,0.0128751474839075,0.008436723374868116,0.016253902574546064,0.006471903478234564,-0.004649285508375178,0.02366004581402903,-0.012574493368218032,0.007536483201580069,0.02176777760534332,0.0020911725203445197
2023-11-02,0.032346819728164666,0.05349845990521618,0.04373827680876352,0.02151295703539069,0.05539341455746305,0.029809407789046727,0.0802309276593769,0.032551668574940296,0.01871356505637034,0.01974255541312986,0.019083821360845743,0.04487158188887719,-0.005196234416411705,0.023756897314194392,0.02721546804395203,0.04250839901000636,0.03070861560924132,0.02337291372488237,0.02473203624359055,0.04690346902734022,0.029780414394203536,0.027061291174294455,0.02781698708734015,0.02774210018570855,0.04904364934818228
2023-11-03,0.03486276940663702,0.04546836068478033,0.0549785696328724,0.06011165092656179,0.008713198243878839,0.02065421049423688,0.02257860108705212,0.009919056510627744,0.025972831020785403,0.01518478448379268,0.021937195655060027,0.028220982290898533,0.040438172861368304,0.01187233097828222,0.02881274673264045,0.01639037263706422,0.01747527136812521,0.020140174814833545,0.009493313848480067,0.04457235402389359,0.017696917335292994,0.031308227853109605,0.002501630196968474,0.007402980135074122,0.030835508755411967
2023-11-06,-0.02030761085858812,-0.010457335473892382,-0.025971943372155137,-0.011708977300820433,-0.012906512617967714,-0.025878309582627268,-0.0082789611316203,-0.011728835618761702,-0.02301392063779606,-0.010750918028419876,-0.01392695012990075,-0.005369930550320978,-0.02429161952248471,-0.010133366873826932,-0.02011913061542059,-0.007669713838414749,-0.015204059381592638,-0.020295480837758784,-0.02406758625924954,-0.02752222798205317,-0.006870718592390301,-0.022542776030077483,0.004537085565079257,-0.0035048629722229663,-0.007397981375569795
2023-11-07,-0.0066948722233273195,-0.01629629422740586,-0.03276399951561304,-0.010649667498770277,-0.00586828368785286,-0.011661150570870582,-0.02385192117652568,-0.004883502487772917,-0.01352120161991699,0.013041112649198272,-0.01189311077841504,-0.005399059059793765,-0.017925270370511726,-0.01885757213988848,-0.017822091475039215,0.004756364568305083,-0.0066710936172937885,-0.0005641041281816417,-0.017965162962526482,-0.005207402400632777,-0.015715984500059954,-0.012300153671114256,-0.011291577070843828,-0.028250319462969964,-0.013609701501561933
2023-11-08,-0.005554284148522437,0.0034137805470140226,-0.009729855724524006,-0.005247569849971323,0.001242899027428468,0.0036724495443269944,0.007330344895891683,0.002559142305506912,0.007115919549724348,0.10569029328483093,0.0035463205058801073,-0.02714107990070258,0.006084220567094567,0.001098208906503917,0.011372378264065564,0.00986182555344195,0.008634540593874362,0.010928228988938749,0.008814351607003612,0.0015478189736206627,0.001735551495454013,0.01930264388691727,0.005481961803269764,0.008406354317941123,-0.006570409484697226
2023-11-09,-0.013989700956469786,-0.053632288914703174,-0.05040022717112935,-0.025429423044197597,-0.010964139443266574,-0.006539429758005477,-0.04608854879271529,-0.0038554455676026445,-0.01569623353060634,-0.0036278009290576785,-0.0198116567643275,0.007439674951820852,-0.011086773977261322,-0.02907287309198603,-0.009673370688587424,-0.02011702458533582,-0.017597198531703273,-0.016275140510007113,-0.02060684094476506,-0.007408263982711771,-0.014293071666786727,-0.02290776613915002,-0.0440709921830954,-0.02003010444393183,-0.016203709962784973
2023-11-10,0.01072360153980867,0.01141888605827912,0.004790222303495906,0.01998604789755931,0.00020907840236739084,0.008933438392588311,0.013350127249979638,0.01355320258331516,0.01483834547412588,0.008552139268897418,0.011253108286155777,0.009846149661615122,0.009682315433648503,0.011299578628075624,0.02454486126748945,-0.002192693776168153,0.012296688412430035,-0.007420553262761365,0.01750554875508037,0.0027015234088041407,0.013533647828613216,0.024069944699713686,0.011406859084047927,0.01583173651155101,0.013445458218394268
2023-11-13,-0.0009251422753222549,-0.014112412820547204,-0.023455378535733207,-0.002313215048127315,-0.0010456355458789979,-0.00854361381102886,-0.023212107509829938,-0.006164675306841505,-0.023688428316883336,-0.012845365517817897,-0.015233311993647525,-0.0012187772076375225,-0.005720164626358937,-0.01787706153486146,-0.025505314301281556,-0.0031962761747947877,-0.019799044076294292,0.0063322181863150195,-0.01141440496483026,-0.00031971774676697873,0.0018210218244443244,-0.01831493460443967,0.004229328798888821,0.0011713658351444334,-0.010613563685032856
2023-11-14,0.057619124346067974,0.1167426435028911,0.10701031066210609,0.06301149435094944,0.06102181759144787,0.05209544616381523,0.08798974563851858,0.036596051222360204,0.05090934458628227,0.10180299756114497,0.03916656695616583,0.03599741865801498,0.04703908290311287,0.07508518905773376,0.03813042945477996,0.044889921755997264,0.06684232704719717,0.055494678283973586,0.047021470720050695,0.06728487654888715,0.04543873914463603,0.047263612731975435,0.04141320112807412,0.017199119486878578,0.06034172780696445
2023-11-15,0.008650943627751762,0.003702961580525521,0.00582121254327661,0.00846800118092128,0.01864467929355551,0.002233729124490047,0.0005906365032339878,-0.0063994423361913855,-0.011798598163906715,0.003473721588552081,-0.0045399957111098566,0.010600846342203596,0.005009612793305918,0.0026452596878883128,-0.007974148175419526,0.006329030021690274,0.010793002768727078,0.002269214774072381,-0.005593727323716102,0.004510291278004841,-0.00206979530040563,-0.009501161021597149,-0.001123360032607823,-0.007591773346199648,0.00284552980253161
2023-11-16,0.01648969719483584,-0.017973666199377014,-0.03139245483173403,-0.00699739736692695,0.008328100096744562,0.004086145657726137,-0.023598822817588183,-0.000806655767166431,-0.009410895297835897,0.0007693026609696396,-0.01855961897947922,-0.0052447572177148905,-0.0025728068775742186,-0.00897057247766786,-0.011042588777185558,0.011816274833392981,-0.002171942956906703,-0.0041444200728983915,-0.014625474725588727,0.00923667523137861,-0.0009954714371478435,-0.01079143282924655,0.004273587521582911,0.005679157088529285,0.0006304282146303297
2023-11-17,-0.00688056112528479,-0.0008670379989937915,-0.00271590152645107,0.0011530600175755357,-0.0019207789867390357,-0.004587458895766838,-0.004833837436715727,-0.007342590055628873,-0.0025996394674584478,-0.014143203821574413,0.0,0.011130679830940737,0.0032243208989439776,0.0010649350314659856,-0.003119980343115336,-0.0033904090833799527,-0.001813703128172972,-0.006974512518728826,0.007992117804908716,-0.009745360162646821,0.010463342631554351,-0.005454514133899524,-0.002463624301795253,0.008297944740105256,0.0056712039953663584
2023-11-20,0.009608511991841873,0.007327525059205309,0.0001814305220695367,-0.0002559078989327057,0.004907803693635637,0.009737468530708782,0.010321300054431548,0.012522118655346137,0.009620040127278351,0.00951200158964638,-0.001729193460919154,0.014484354447289016,0.01590865394142149,0.0010636851342220588,0.009306532846759197,0.005858920669425283,0.008449232952402408,0.0014743704130129043,-0.0006473448040635876,0.0062470554144862245,0.008793592447045917,0.013101869499491992,0.009429551709486006,0.012115886828419908,0.00971172481622573
2023-11-21,-0.010518890224129995,-0.006795652365879645,-0.02668360457528285,-0.0028161957625219003,-0.007948143637520055,0.0027242056415293092,-0.016225444151146573,0.005074282438594313,-0.0018305924285383357,-0.011430290448991576,-0.006061778892784031,-0.012564202669030244,-0.0026891077036135247,-0.011158463056987977,-0.008078328595565898,0.00620034354183252,-0.0035135739224949614,-0.003371028570530399,-0.013115171579550555,-0.0068460567996521116,-0.008146624407257108,-0.013533851855503043,-0.00978636780661224,0.002145397386972725,-0.013962067182682558
2023-11-22,0.0063276600400843375,0.007902072180872022,0.0067139452086717455,0.007188671984912798,-0.004826220405360848,0.0045516356060757435,0.015882679069705752,0.007649130562089379,0.0008934137456031443,-0.009218886535044879,0.0029406329434371603,0.00578339886490431,0.00380660433396951,0.0075227619759479225,0.006005307633954793,-0.004481659571413554,0.008407908249902452,-0.009680786899567861,0.004265827605712147,-0.0014983997420469075,-0.00533883172168792,0.01006097118319249,0.004043225033704356,-0.00045066233968060754,0.006607790015818793
2023-11-24,0.0026662085523305734,0.005641076684101742,-0.00500195820717364,0.007009980348912093,0.004655801900176781,-0.0024116941249486823,0.0012024076748209378,0.0008183386008469018,0.00878555757513877,0.00236577900967605,0.00021712392729877905,0.0017255670979121618,-0.001263946642784064,-0.0021333959714566753,0.0031073387196587365,0.011255173706029797,0.004124169498814556,0.001217009494253185,0.0017972007569915238,0.00806112866484554,-0.00214689296048709,0.006640374700660701,0.009172378718442342,0.010372080421587881,-0.0015628994783715155
2023-11-27,0.009482503641627948,-0.0015212677959807186,-0.0046546586825639835,-0.00012659329148256848,0.034466110916801185,0.006959611912671804,0.006606897968956416,0.0017860029402259059,-0.011829563433396473,-0.003068057743176311,0.017261980228139073,0.0005738930455880809,0.006169752047977761,0.009620630492161553,-0.003668279934890384,0.004080987113159962,-0.0011606597889032289,0.006234504295858034,0.007175211762951106,0.01016646474628402,0.0071995237228026365,-0.0020987920030164364,0.0039900666768757365,0.005579173928065284,-0.010018883663556744
2023-11-28,0.009989350175552358,0.025709517882692268,0.033670200174994,0.00037973138350477775,0.03714415710092189,-0.004001419862554312,0.015513161316908608,0.0006278926446501298,0.001508293944173511,0.004418876489389545,0.0036285080511553325,0.009179570982582375,0.0018868755055183595,0.0042351691633659705,0.014482135766069382,-0.00591173522280386,0.0021453152233992245,0.00015601437404466623,0.0014574865385976743,0.019749047570355005,0.003204235638469388,0.005107989057320239,0.0057407583964379505,-0.008988060245297746,-0.0025298207410423545
2023-11-29,0.01456558576472955,0.011975549775639971,0.03148745158475408,0.004428678723613855,0.043642550245813094,0.00949600322630828,0.00705026293383626,0.01429247458537164,-0.0012705523391698392,0.017597473499221472,0.0029775244633489795,-0.008527596710091179,-0.006905252157621611,0.002635730617383425,-0.0010484817867337792,-0.0026017651063976466,0.008295337637136857,0.004831241889215354,-0.006144080068926305,0.012511846200938592,0.005405539217357536,-0.004783117335029452,-0.003073519190390117,-0.012428647873263698,0.005072939247638963
2023-11-30,0.01261018210610687,0.0035776158037374994,-0.001228007412260812,-0.005290982407123113,0.011208961438551102,0.004196857614565008,0.0105019185555848,0.008288893067318392,0.0057956651988329,0.004941044424193297,0.013464760170294188,0.0017202276061780708,0.013748530582837315,0.0157726951603121,0.0050055932872230535,0.010222000690794708,0.016719755498586286,0.0033347198535285116,0.02131129124687514,0.007177909694255691,0.017350887893637035,0.0033042941905689904,0.009469276638739865,0.010203849319467162,-0.005077956399337502
2023-12-01,0.00809479788244527,0.07989027937529647,0.11154041966428907,0.03102842712821796,0.010999254990306406,-0.0012252135427247568,0.050808451471176186,0.011545873574442034,0.03372986091451513,0.032265411654415654,0.024270375540919265,0.014310177831965643,0.020888484694514986,0.037784906647372996,0.018557134424465715,0.011860650861512667,0.02897412733937421,0.02797936880613805,0.01879589045204466,0.01461780609030594,0.0314677245805397,0.029940130529011455,0.020069893694976804,0.004040565394290985,0.012440068805040339
2023-12-04,-0.008267406387990062,0.014812800119206049,0.006953296125981945,0.00945825584607829,-0.0011808656530890582,-0.0060599760796559154,0.014834744920510179,-0.002535156508023495,0.009562312562989561,0.020093923944488168,0.020324816298314508,0.020880275773078827,0.01084134893077593,0.02493745037147943,0.00031551144221864114,0.017033002493935134,0.017503863276697285,0.012406126518936356,0.018292468898846614,-0.006664964720779487,0.015758433395373084,0.006104688215965659,0.008981780677234319,0.00402421514292195,-0.005040964277537419
2023-12-05,0.00804881953032055,-0.0015011282971197915,-0.02730698302580381,-0.013020195800082401,-0.0040529890878480135,0.006605195904413774,-0.005955498870574338,-0.001033596527392544,-0.005656175702150046,-0.006566099926968771,-0.0013014014075356517,-0.02266451446861595,-0.003172313313042907,-0.0004864449502539614,-0.0029961085198538795,-0.010985440846239869,-0.01396160594737439,-0.0017452875148525893,-0.008905110959538831,0.005986379135005215,-0.0005350106411123878,-0.0020226316822602453,-0.005086645029416914,0.000668178235113448,-0.009182927764417426
2023-12-06,0.001663252535235804,0.017709381528864032,0.02081314668082035,0.00419179306290407,-0.007291184525999972,-0.0230747781074645,0.0021788349116298455,-0.01604432924012278,0.009796369687898654,0.0033047177047433873,-0.007216578924096995,-0.00565601836358387,-0.0001513238278147977,-0.0014842506419292523,0.005377436843190031,-0.0038235131309776182,0.0033713504351622348,0.0030874259463480325,-0.012083691332823276,0.004393156669763254,0.007264117893207134,0.0037639201510337728,-0.018747388520445663,-0.027370044477640354,-0.0015980106422593954
2023-12-07,-0.0001895064694164006,0.0010670978290279187,0.021179005347643498,0.014855822703542687,0.004697192289898844,-0.010702548606913331,0.02010855967674785,0.0022394172970261472,0.0052307910818854,0.0035866176308245734,-0.0004037343697926854,0.011376640944541716,-0.0059110463855313045,-0.0024778930025614043,0.0003933852626205603,-0.00036536407020770767,-0.0008401106954557536,0.012719621287216265,-0.004704466601213153,-0.0014713394689321868,0.011707640489874382,0.009518186658971306,0.003473764178096861,0.0010295995633160526,-0.011203511604170657
2023-12-08,-0.020263992727943436,-0.02066257358955892,-0.00820307419899724,0.0003629177107165038,-0.013345848901411772,0.005819605054067312,-0.0010650779711027791,-0.010294923742695361,0.0056037025426836085,0.01145068351343026,0.0011108911498138863,0.011810942147936432,-0.0021342480243661255,0.0054645619624378305,-0.0003932305715088624,-0.015176590364983089,0.007566302389695023,0.0026367714403849885,0.007720333381479927,-0.027636125337557993,0.01164835457790292,0.010571513362500173,0.010817810826471597,0.0023996220668671686,-0.0006474004537470046
2023-12-11,-0.004117097942207049,0.0,0.0,-0.005321108095480254,-0.013353975924861872,-0.0004453510348165768,0.0010662135716905663,-0.005724804909344905,0.004245742299757493,-0.004037979551923532,0.0020177652613935226,0.02056702537262356,0.006875364602909384,0.005434648926834207,-0.005506042301686276,0.009840303641112547,0.0179389272091095,0.011029405585714969,0.005784936758662429,-0.007453501334212298,0.014298428590747703,-0.011026602271585917,0.00428079754124,0.003990131847317446,0.0068025810179872526
2023-12-12,-0.002675272332781753,-0.02093093854978667,-0.020755071032653616,0.0006079398390008706,-0.004802527431547743,0.0016328605962039333,-0.02290903877029793,0.007125043982378898,0.002378202873148272,0.006660612677257927,0.00010074553421901555,0.013616680000233305,0.008345744355015894,-0.003931020728350942,0.009491479729285768,0.0016548722037363905,0.0005737278561956938,-0.0030311427879925468,-0.0012437049892827234,-0.011511762017713756,-0.0021515326285083125,0.013436559016342553,-0.004049524471665622,0.006017910088401246,-0.013513371251934081
2023-12-13,0.029212467755332483,0.07362742912417386,0.08509924765095,0.046172482156209504,0.024480121000850286,0.012595230129287538,0.04634684788688226,0.008407268630945763,0.047361595629309416,0.05005742652484546,0.04439728689480971,0.009134597168176217,0.020918059669032374,0.0592005824601165,0.04685403794910892,0.03928017251772786,0.058736984473702236,0.03498184720926134,0.04860010235997492,0.035438415842439897,0.03546721425349242,0.04710844307427986,0.03573727556957418,0.025394907238897035,0.043705159457321674
2023-12-14,0.005354326325729408,0.07088790996172567,0.07181702684476932,0.057723592436496274,-0.0055992109480205166,-0.01860452723778072,0.04846280170218065,-0.0053355336588127855,0.04240944116307288,0.07154757089479014,0.031906975875394705,0.036208980881249575,0.018752876624842152,0.05216590278034716,0.0362249685067082,0.021194021287062492,0.06097182989477412,0.03025988822194181,0.01769908258945896,0.01116669636295664,0.052563525670159095,0.033135691169671855,0.04400836253496654,0.011227419970859964,0.06062481475883108
2023-12-15,-9.428172629522003e-05,-0.03205638530104704,-0.02137589982188759,0.0005490617319137137,-0.014928041946224435,-0.005717301167183164,-0.028330126329719096,-0.0019372185698314226,-0.014285790060803105,-0.006334324144377068,-0.01802904369561753,-0.015930247696402833,-0.007742838728624357,-0.011509435408605828,-0.028385636454863805,-0.009166203887955193,-0.014605671315457647,-0.0035726001273223007,-0.013854018606683893,-0.009329006684178909,-0.015213308523641111,-0.018513674822597026,-0.023352682369125022,-0.011755858082692305,-0.017678201651541547
2023-12-18,-0.006881712026491238,-0.008068270103160136,-0.015681882637806788,0.003950840644208142,-0.0037220514820164308,0.0011349335687251827,-0.0030690838650881958,0.002500716973589334,0.00493994624527172,-0.013790488909066645,-0.007229880493555885,0.005222026857395923,0.0058893029737017155,-0.01925658957523213,0.0067647310869967114,-0.013615244090721013,-0.011768213323685162,-0.003654343892638856,-0.0025407653697340216,-0.007887713625577386,-0.005057379015286467,0.004516594967265197,-0.002836771402643823,-0.007159343950188468,0.006298736258491866
2023-12-19,0.0014712336426712103,0.003485877438548224,0.015647295269452632,-0.011696541927849857,0.013965432897006247,0.016777564886330865,0.016931984853301163,0.0046540811745539035,-0.0013000883796483453,0.013059823499224521,0.0003831917191809975,-0.0010391454862858085,0.0060012153534581,0.009132338853695465,-0.004873340588616659,0.010795012334082754,0.008064520157054833,0.020276798466070556,-0.005394127287457251,0.009126726424345977,0.010722758318693959,-0.005025175236050838,0.011380039945506404,0.0016641590521171423,0.026825643103204788
2023-12-20,0.0005213452919576866,-0.02362196559482177,-0.009383723052088677,-0.007410748492433061,0.003684501250975636,-0.013379047114397524,-0.01816353199757148,-0.018604307424840982,-0.02200613097655424,-0.008985093456686633,-0.011110931342069086,-0.006240114590775114,-0.01033035239650093,-0.0162896646453502,-0.019588889110556562,-0.0073529600294877095,-0.024523237717447133,-0.006341884016869637,-0.012654239761253794,-0.009968649668811724,-0.007233384931075171,-0.015417274093831534,-0.027325837667245834,-0.019492915367015917,-0.010159645171919696
2023-12-21,0.01501590327855884,0.019054410469633742,0.007351818938993171,0.019723694167542938,0.0016607265903667567,0.01634793836029136,-0.003083393948900448,0.00902524195587584,0.007029072457917174,0.0255570372017333,0.011720123257294102,0.0240710899120693,0.01514281968988751,0.004599676229470218,-0.0007569327314798091,0.004585221762943403,0.003755609509563218,0.014164378977179037,0.015562931180258754,0.022371004194895905,-0.013114994684866432,0.006479289509036645,0.020450387198357456,0.01603977413251534,0.0002932287504495701
2023-12-22,0.004246714992677703,-0.008844775021148665,-0.00533316677493989,0.004808160875755529,0.0020069160078715065,0.0015562829042017334,0.015463953024058119,-0.002395052757723559,0.009292952896399864,0.0028183907239538453,-0.004212462225872016,0.010219909789673798,0.004634159647824765,-0.003662833395938203,0.008255599985764528,-0.001228884201662006,0.010995629061600898,0.002658431245276427,0.0007512209160778216,-0.00150904634348914,0.0005625550497017073,0.009925204493070217,0.010121273077913662,0.00011126163280117396,0.007329302976334162
2023-12-26,0.004879466592549342,0.010645770351473516,0.016791006614228277,0.0071778540947737834,0.006618533671189253,0.003404569773572508,0.013197830791482401,0.005577206049456995,0.011253268064364663,0.01858962220746907,0.005768618999519637,0.017197715007450265,0.00720791624104411,0.004595647390028601,0.007061531594728665,0.014238177465853319,0.008006245126469524,0.013258271749357009,0.00900763093066348,0.0046137040322664635,0.009557263145368644,0.008499196915059848,0.011623206252014961,0.005557998495545835,0.007857934283439949
2023-12-27,0.01016135439816912,0.001239307159808689,-0.0045794583161309355,0.011121895826677664,0.004325635134588834,0.003909073981180455,0.0030063822659296413,0.003394920881156116,0.008538512099832696,0.010285429302232085,0.001911871619533878,0.0029836667583200693,0.005295087165853474,-0.004117250745917511,0.0018648004010637376,0.005199155859224369,0.00539495190456063,0.011262590034931685,-0.0020830885835443347,0.0064135606889945684,6.978884115849127e-05,0.009481227373188128,0.0053487011487525216,0.006522454288967916,0.0037541142430970176
2023-12-28,0.0020301279437719977,0.0070310930864769805,0.016961146456985432,0.0019222587179521522,0.00017230722453254188,7.350424449259485e-05,0.007991782905280465,0.00894829463636948,0.014123593717570548,0.006642232215681387,0.004961249797119427,-0.0025356207385492935,0.005125627692017742,0.001377991431575909,0.016677902778141185,0.010000119368777982,0.0075268993119790295,0.008254814277447675,0.008647737370758524,0.00015732049092398448,0.004245484610269967,0.01147925404324801,0.003940946230465814,0.0012080330048660493,0.009781135968659704
2023-12-29,-0.0058941890443235945,-0.016524365523722828,-0.024739422888745533,-0.007780892766021452,-0.007923490147699774,-0.011313567439324546,-0.018830560192698687,-0.010686938119656264,-0.009982568982095041,-0.011285181770207209,-0.011415773039733845,-0.01016769960764885,-0.008781973792821973,-0.022476850194677933,-0.015305823317628309,-0.015482710507337738,-0.013980051869428745,-0.009096691192097217,-0.009608147099549935,-0.0022025222169104186,-0.011366666660629354,-0.012380671195958315,-0.013069223117007311,-0.010860148005057857,-0.009401517376227075
2024-01-02,0.01357229837584839,0.020036354560085456,0.027504918405411694,0.0013965505202151451,0.012414331453777905,0.0048298328122109435,0.011616294926625637,0.0063200534558172095,0.0077841668656104535,0.025385225369251252,0.013779748004503212,0.011812845104763658,-0.01929109730829326,-0.0014077366704584593,0.01026316833493457,0.020027902889326432,0.009902202213529998,0.022393259811982702,0.010895381335829901,0.005084878169479667,0.0027342663201654904,0.009140692237851633,0.01464672860966476,0.0007762185312598646,0.0005750368208770062
2024-01-03,-0.0188291734854813,-0.030624075415820573,-0.038002893174890806,-0.04473286970971635,-0.026839263502029143,-0.012719044176833338,-0.022466235923909728,-0.017249188531651694,-0.028534719219697746,-0.03406332829663805,-0.027376257849247354,-0.007106676354505237,-0.035115924219396244,-0.026315982204088262,-0.026796177064320914,-0.014341849100143356,-0.030455818885416153,-0.028284487827749172,-0.02908591688646145,-0.0261588589013676,-0.020555309552216627,-0.02536228866841328,-0.018192493553705003,-0.014738493345844317,-0.020982771808575218
2024-01-04,0.003586569307289622,0.0025526632074091005,-0.0017301803402690608,-0.01830437761877568,0.004493725748655919,-0.012957776485405859,0.004086033965742919,-0.002033706620727549,0.004366752283173847,-0.011649901941161223,0.0019681590480951083,0.007157542693924546,0.005134154147496739,0.004826421712880391,-0.0003025348207442713,-0.0006929079232295132,-0.0017623040454610717,-0.009339752050509076,-0.002737320739948479,0.006362919323882554,0.0012137220983041708,0.00531063077411198,-0.007855065670658745,-0.0023618373909646273,-0.013799463051341276
2024-01-05,-0.005476579318249297,0.006684489185958764,0.01617575200092647,-0.004232385323006516,-0.002017708009449448,-0.007209039115222415,-0.0015265888375879388,-0.00816474779742693,-0.0009023964707980392,0.007199714551244352,0.0015715677588574728,0.006598992003462589,0.0028548339884248985,0.001440555911524255,-0.002875275555094481,0.003986849134604897,0.002072314058388036,-0.005230218581395607,-0.008844215872534256,-0.01320584154505089,0.0027804138780602727,-0.0010564927274476776,-0.011774201483010782,-0.0020293929189391102,0.0026793141129590747
2024-01-08,0.008400239598361114,0.02561039497133888,0.010375110556355427,0.012981013369363081,0.008701909642145456,0.021936850277836317,0.01783016613049382,0.0188612023740673,0.01950081735178033,0.011133759055397485,0.003530562285336547,0.028240122932589262,0.019475524209682238,0.0014391065953169857,0.012976017124228134,0.026933464996184098,0.019990793675870755,0.005056722419114701,0.0,0.007421267617276905,0.011731306956998422,0.02035947625669321,0.0006163537507719585,0.01457308925047407,0.010985874985366184
2024-01-09,-0.019529925340467047,-0.010866968022583912,0.0032351781979800265,-0.0165570319734617,-0.008713991737496984,-0.0005982031033884283,-0.004004231921540535,-0.005689386181237599,-0.0018121245867850355,-0.011323859049277574,0.0006840254395437118,-0.02697412650376685,-0.013372516712993221,-0.006704797637459681,-0.008240210494926736,-0.0031942732331952106,-0.0007509340955803578,-0.010728799795432176,-0.0072307316146212885,-0.011432241833024492,-0.0010540216874189712,-0.0010477362604132123,-0.009854320651406345,-0.002449603806321199,-0.009104173781693259
2024-01-10,-0.013640983920653382,0.006155629571867216,0.010516131740972101,-0.0008071920414999267,-0.0030765235506164945,0.02177793030112385,0.0035179454361156104,0.007136675766502565,0.0,-0.007530386923453425,0.008300724360862155,-0.005040121011405829,0.0005958644206871533,0.010607364089592508,0.0014351077657706046,-0.00303578424625095,0.0036069683176682688,-0.005658573968947089,-0.0010847027128020326,-0.011034926817776736,0.017797991661017365,0.0023602129990119014,0.00870827088159154,0.012724751008829971,0.0026675874047477066
2024-01-11,-0.006316734506169097,-0.025245882976373313,-0.029693352412110796,-0.02065782901334101,-0.0060840766650556155,-0.018530696974389915,0.016024152398231184,-0.004164683407517966,0.0008068207970894914,-0.038892999604879686,-0.012300219437795135,0.005572308037079976,-0.013843386631522403,-0.020515355173390204,0.021584920398535656,0.002706700123729755,-0.016697651534737235,-0.01649611091307457,-0.004343849275277423,-0.014493541388060027,-0.0020734863053273322,0.007325891006774832,-0.015005163510025121,-0.008266331395823334,0.0005910763305931876
2024-01-12,0.008572070483606531,0.00301888161854591,0.00042912818988138923,0.004713663952414793,-8.872934625270279e-05,0.02298524085503506,0.02710685347404551,0.017452224115633186,0.004030851810376879,0.010481601774946281,0.009021367096443855,-0.00503769377245078,0.014792552628979605,0.004383874713059122,0.0006719583199379375,-0.0062425482264359955,0.001751505158348543,0.01611839878146082,-0.00171402541775878,0.0022979293018869917,0.015514501214369592,0.0023376412375433198,0.02483310726691057,0.02167146348434823,-0.006499168579988557
2024-01-16,-0.006589300186173763,0.0024554524289099877,-0.006861055899525348,0.0019938794825935524,-0.016679966934361135,0.011671999943867695,-0.00527859702757838,0.005030630944042214,-0.0012443995800597296,-0.012276810137277883,-0.009718087395166997,0.0025315439214863567,-0.012940857767417602,-0.017943733807006867,0.010743923383670806,-0.009507789825024204,-0.012010830697959607,-0.0006101880256856873,-0.011549712796825928,-0.007878412969081872,-0.007434104559153165,-0.006478291713040818,0.004886819896307015,-0.00663553784587656,-0.016651846806207016
2024-01-17,-0.014900337636417071,-0.0266277765586016,-0.036845177782930505,-0.02142106782766584,-0.021023267685024383,-0.02249806929574405,-0.03328493155862344,-0.024734007232735666,-0.02845990586484315,-0.015154693851898826,-0.01629052917614371,-0.005050527777565317,-0.015370653298776182,-0.013333366113757128,-0.01823281063146176,-0.019368902177171465,-0.023928595102003403,-0.001187042301132979,-0.013579658177416576,-0.021427568831675514,-0.023431627750520878,-0.022170102128573288,-0.02695029688106143,-0.018396755641196805,-0.01814339881182847
2024-01-18,-0.005074292213331222,-0.00998444970774659,-0.006276330646845074,0.008612454950295279,-0.006543763224812538,-0.007524092992093778,-0.021955924533486937,-0.006408956395731691,-0.011750777273470736,-0.01167549325157069,-0.011572320697850524,-0.004060683318261149,0.009182738369028165,-0.009509513142438197,-0.011578882691184011,-0.019052878364199555,-0.00472958254300182,-0.011986430568294626,-0.002721482769138528,-0.0013739396162568696,-0.0020404747272446677,-0.007468427361708052,-0.008746354438281312,-0.007028166787870771,0.003695643062752385
2024-01-19,-0.0001961290558581963,0.011397132180803515,0.02751889109092076,0.014112932230943676,0.001670014542652254,0.020811457293887337,0.007652961018087323,0.011275694077213183,0.008373586534456745,0.0021850038015465145,0.015543037706048812,0.017328921517705487,0.014103774249006218,0.018696301209363053,0.02875375474826014,0.007127550526708548,0.01726605054593877,0.0032651347094041494,0.006902288883035013,-0.007351925956700867,-0.0014807291181420101,0.01074972420886744,0.009453780153015678,0.009437004818711792,0.007977956897418759
2024-01-22,0.0007356690717470471,0.0004864335616314719,0.02004966606680858,0.0222196407252091,0.007316785779730939,0.023591135587032852,-0.00202548887305376,-0.0005231584428007086,0.005688079109329003,0.013150850589076057,0.0017890077306654817,-0.0020038387193287432,0.0035889429089979163,0.007936460216556585,0.004954215605769807,-0.016631196173236273,0.0023358295629327674,0.0059261713128537785,0.003825761556986551,0.012603811344341187,0.002824569119893594,0.006115200736933835,0.008116629589501212,-0.010127942205426788,0.017960395357463632
2024-01-23,-0.008626495106272114,-0.011506427380474138,0.011334257688956795,-0.011325997616828953,-0.007447559335261311,-0.011096678879095045,-0.017249875031292494,-0.0040760485111200895,-0.014284559835401667,-0.009751840071790085,0.010714035576854464,-0.016566092781435837,0.011622644534819093,0.000984392568214254,-0.0022072279120013416,0.0073768665262647914,-0.00567047553145994,-0.006129752142508105,0.0009529123777856086,-0.0024379020064424495,0.004083761297304367,-0.009249438087328032,-0.015689537515830687,-0.009894172210740959,-0.004485553867902947
2024-01-24,-0.027192763084566307,-0.01000074886723068,-0.00042547246494617497,-0.006595692049309099,-0.022140047927615703,-0.007840645758120268,-0.012390295899022186,-0.004730980381491223,-0.017172025037726746,-0.002241277152602028,-0.006379899883879214,-0.006636044425407772,-0.012961889708038132,-0.006391567472859738,-0.011429822462374561,-0.01786064059974879,-0.02007652198672427,-0.0107589990678707,-0.0130097122053634,-0.02546955684488872,-0.007783926555113174,-0.02080551118979357,-0.002726452089862108,-0.010561019380171954,-0.00480644117455753
2024-01-25,0.017534014091860506,0.02194261766812411,0.014760081824666704,0.010483419241413383,0.04973489213087223,0.030885085819387648,0.01202301692012564,0.025263564713770448,-0.0031535726742409897,0.013069124007869304,0.024103555968562285,0.005652484708976946,0.021190772243531608,0.0326574839750593,-0.01551553324388244,0.007819853536141563,0.0060585764973537515,0.010287272339952303,0.028291295779796055,0.02318714846036163,0.009470627762453665,-0.00490325164098715,-0.002313411350572836,0.0010329341441566164,0.005735159826543157
2024-01-26,-0.014584760244068629,0.007535124126172965,-0.00419565602173011,-0.005533179907015517,-0.01994403642644904,0.0071033040406307535,0.003099203157287622,-0.005311002036761936,0.010644829313298354,-0.009137857904195634,-0.0006754295714067604,0.006642713394934052,-0.012713805636315523,-0.01581229854892474,-0.008637594657833203,-0.008119793625433358,0.0053091077368421224,-0.006170920664925639,-0.005784015109479124,-0.019952757364808726,-0.006091055971887083,0.004380025022739931,-0.0008431124303153181,0.0019488082819103525,-0.0063027039143938035
2024-01-29,0.00922508275290479,0.016807407458490298,0.01418532356946578,0.018546495488292347,0.0032228610115796474,0.01934369424294413,-0.010298836979079296,0.0256234542637519,0.0020726297984146047,0.003933098803510449,0.0008688559849909794,0.00609153379244276,0.0023682129235766958,-0.00048697707793310396,0.00045843451333427154,-0.0009096831783367287,0.008039590330213509,-0.00024171138172135453,-0.0015722342894223251,-0.001491535366431651,-0.0016201313531127859,0.0013626152775301215,0.014556871588429443,-0.0025172548870388,-0.003624208707089016
2024-01-30,-0.017829379253424982,-0.04144265822094506,-0.03060506505205085,-0.013428932153091155,-0.00890320547250767,-0.011988889110406853,-0.031217372248842135,0.011806261791313055,-0.010257603861905662,-0.016818637113411583,-0.0008681017296076066,-0.007063535519184594,0.00797405574344845,-0.0029225479970967916,-0.007104523131508889,0.004733983743866688,-0.01063406903753561,-0.01742534455108069,-0.005039404265658631,-0.01964236267980235,-0.017568698743288702,-0.007076396553108211,-0.022665774081562895,-0.002753135205392776,0.00303139110447459
2024-01-31,0.0004602602794867572,-0.0024752407338390903,-0.05000021109002417,-0.0043834914305066475,0.0025005331752070425,-0.026071349013611744,-0.006444744922470935,-0.014033155429611366,-0.005117862593762568,-0.007694390016476982,-0.018049975272660057,-0.023374039527108925,-0.010840806564325844,-0.013189855821406193,-0.02762189181413177,-0.009704344561766609,0.001264664066937593,-0.0055133210865082605,-0.008072231862683132,0.0034064805217275396,-0.004524628720141366,-0.012609711751095487,-0.012978749509741205,-0.004831634287454478,-0.00967066848981668
2024-02-01,0.014004503812207636,0.012986004404881513,-0.01819544130405304,-0.0013902806231229636,0.025958400956830108,0.024135058752139837,0.017297117400063344,0.019957344829013346,0.018562223880683737,0.011284808788978307,0.014843291433334072,0.01040575695516388,0.026066383582218355,0.015841486125439008,0.01218547316138241,0.015811767011842726,0.02959977909900191,0.011546895615363484,0.01563761985997636,0.03153753638209911,0.005699481148948138,0.013603335158657082,0.01810725844202188,0.01988227710254642,0.0207506622484126
2024-02-02,-0.02459787671520286,-0.008246837236961513,-0.02450598268387494,-0.013806734049175096,-0.02467145811512983,0.00444886694705815,-0.027098856667626015,-0.003379359162788309,-0.006649755043148464,-0.017388791589821206,-0.012301573733497606,-0.0005148894702408091,-0.0023095366311604026,-0.016569033914129783,0.0006253538242906309,-0.01918539599531044,-0.009123026059256634,-0.0205961345397776,-0.01649648283660421,-0.026892325049854393,-0.010473428171892118,-0.005477914284920615,-0.018420406347302465,-0.003400186987525311,-0.01644246641357372
2024-02-05,-0.020877522412746985,-0.02840447479912267,-0.01632908905666075,-0.019529454848345562,-0.025203041292509054,-0.001314729729391395,-0.027307400894257983,-0.008370003552453431,-0.024065929754679583,-0.026823920553137426,-0.021280735247688587,-0.010303897675055906,-0.009693329795454675,-0.021803763660000586,-0.02468739904163053,-0.028418557027675928,-0.018104547495267687,-0.022811694677892236,-0.02188503688786725,-0.03164084933997513,-0.008337051143491037,-0.024235746923212842,-0.03386533514271184,-0.01614940250325647,-0.01610955605367792
2024-02-06,0.01161140787101167,-0.003220027315287255,0.010534593343664245,0.010199257749777146,0.019604156122058125,-0.00027767130735900647,0.015160170555653663,0.001912850476611938,0.011417996715096912,0.02183572950027779,0.0186371715997522,0.013534629700490575,0.007450909759891378,0.025835656451671518,0.005927627057518592,0.020892721908685186,0.02828779153180183,0.016377571006104485,0.016005175765772428,0.00459561222079552,0.04824925766894994,0.0036692598442511493,0.006921033024220868,0.00023118602982741265,0.01359289882222603
2024-02-07,0.010173740337383386,-0.0034855102677679994,0.007265962780741209,-0.002969473723129945,-0.007337935333285639,0.008388070972758843,-0.011615093396740717,0.010405586979356007,-0.016955029114155584,-0.0022419184416379023,-0.00806608587999269,-0.01232675546378692,-0.01653154441443505,-0.0039505398989244656,-0.003185234495369893,-0.007255872501137572,-0.01080472659656695,0.00918685891951787,-0.004340085367819602,-0.007319253882816845,0.00034881152587007414,-0.006749253409488176,-0.00022157767677311035,0.0026580248448047072,0.001524106157312577
2024-02-08,0.00010327619433847524,0.005801160650167114,0.02038572081552692,0.024064767504342832,0.005894878795489111,0.010930041338310215,0.006715103318225113,0.01015673729298383,0.0013971187870474022,0.007443399781896343,0.012098473429925649,0.016640646592096076,0.010911199902853053,-0.007436828861824396,-0.005591972109357135,-0.0037481247013245733,0.019908817349588936,0.013121983026650907,0.0032288765916044238,-0.003686759284835306,0.004601164218611009,0.004813326865342082,0.009536419256297668,0.002535903700834563,0.0045644724841351625
2024-02-09,0.0041314810082566655,-0.01441910478317232,-0.01367762173896836,0.006863703740915161,0.00837227486979164,0.0008839019497159928,-0.03613105318683818,0.0005026816113122834,0.0020059076220912964,-0.0006272872068614488,-0.00901421247484857,0.001534510885479401,0.0010212254693595657,0.0029968901237236167,0.00032121534182349976,-0.007524451987005465,0.006228067167515228,-0.002913365716161742,-0.013195908572300019,0.005781863743560489,0.01963903671634437,-0.0033814618241395644,0.0002195332234613545,0.007817942529474431,0.008179426021583946
2024-02-12,-0.013731923466008933,0.015060197867760916,0.01963237601418988,0.019988395916110013,-0.0019374129933846795,-0.02303130456326652,0.011533635487912308,-0.006753997723198291,0.0042645677282386885,-0.009485371606214432,-0.004251608720781452,0.006639434843733971,0.0029141576405855574,-0.013446033633517485,0.007629331057873223,-0.0017058580268314305,-0.0032457345178250607,-0.009610232651110717,-0.01011098336280769,-0.008277836888178514,-0.008371347095158965,0.00565447158153809,-0.005490914871018049,-0.0012548419535951538,0.007512220884993592
2024-02-13,-0.017468727146978336,-0.043916834651842596,-0.0443153610632967,-0.03556863879777061,-0.027359227418449983,-0.01133526934642004,-0.026681607084231507,-0.020353510543622666,-0.022488954143734308,-0.02443323535978381,0.003376057635215979,-0.02739720144547686,-0.02629675827814726,-0.015648654569731635,-0.016896315041669552,-0.0218340334231113,-0.00886023476651765,-0.016705549042700163,-0.004612855574283814,-0.03134724298518887,-0.014962151172196347,-0.026707751783490385,-0.01788851061907515,-0.003198339821083085,-0.020578659783184183
2024-02-14,0.00037148658433294734,0.005054474555094224,0.010872989163076774,0.020554381166847602,0.005416729539642118,0.0004221110804389916,0.004767278890689619,0.00015611821457617303,0.00740280876971755,0.007578660663653647,-0.001583387397694036,0.013041151307984444,0.007908231174932556,-0.0015387364866590314,0.014106001370870702,-0.002523397770463731,-0.0029035031727199234,0.01388077752489747,-0.00380660137436184,0.0008617671842277019,-0.004598781892092951,0.007221118239077118,0.025635438924943355,0.06989804483464956,0.005785550877170698
2024-02-15,0.005146234865820665,0.053290970445006414,0.05520387466526144,0.08528028212867222,0.02069939123170572,0.04485667745928845,0.035587357501134065,0.05062371916651487,0.0323857579586222,0.0155442412246376,0.013083494325803802,0.02471675917625027,0.023537995532488365,0.015408410255315586,0.0353346243340138,0.012259255696543958,0.019923305446270634,0.02060763858938852,0.017444777639755715,0.013870963223847843,0.035979358279933926,0.03384010409643623,-0.030695251185575922,0.00396279552143719,0.01611423250571531
2024-02-16,-0.012298273738707177,-0.0008376588797668338,0.009743811745330344,-0.012407272115332546,0.0021299196051840497,-0.08337224931497367,-0.017182177456132153,-0.02141795276782532,0.003196860034567761,-0.0014105672588013984,-0.017512899168558804,-0.009045132308901915,-0.016777583277271746,-0.007081572036949146,-0.0026251735800347786,0.005959308088881343,0.0021789913394258953,-0.01655847636009411,-0.0070215523700819515,-0.024390215979412933,0.013243007090756098,0.0008321306735914469,-0.01017869102739466,-0.0065075854996723415,-0.012866434513779446
2024-02-20,0.006786684549293209,-0.003772625131892582,-0.01974468578193067,-0.023193343674619005,0.00646827465862021,-0.008515923596092545,-0.013985715579035829,-0.0017401634838196678,-0.010281810739216413,-0.0010596901101656009,-0.01005771225767993,-0.0030425645014412472,0.006472424339224014,0.0005096625828602264,-0.019741446469267787,0.0026751185733910887,-0.0002998285301254455,0.009235612870091003,-0.0031245786390765584,0.001160478789422159,-0.007068364387636916,-0.00776052680452155,-0.01645309792856331,-0.0034358683333994833,0.0021218553364170667
2024-02-21,-0.0009552391495870616,0.021795839757948743,-0.004694807870269768,-0.005606267224215422,-0.011292626145209872,0.003480096737863425,-0.005910333566645831,0.011687772984579015,0.009787423070785728,0.011950289221146049,-0.00010063699204143628,0.027975593357988826,0.0016076702133427379,0.0071284452618305405,0.008292363944630177,0.004193248691071405,0.0005247951742697321,0.015838213249787625,0.0098976954867529,0.002125260666369755,0.009267951845119748,0.013966445349228085,0.024163239909875234,0.015515492905089134,0.0030247678446111426
2024-02-22,-0.001115997778619482,-0.002882548230866422,-0.004412695368683495,0.011828429202448199,0.0026000594974842084,0.02102846991407903,-0.0017838669408077878,0.01860705424731468,-0.02244605469813299,-0.012018788001366132,-0.003018218494740821,0.022266191324229023,0.05209391993757606,0.0015166262021442112,-0.00845917465974999,0.0024671139807994624,0.0001499426585747088,-0.011191100019288136,-0.002450241667246833,0.017929482411539466,0.00818461955076466,-0.004131999044654222,0.00022698446479552103,0.001922247328360882,0.01598321281095183
2024-02-23,0.01021230304534182,0.007103395155753756,-0.00611338675542028,-0.015514019314796457,0.006668436409549727,-0.0039023945704740326,-0.009529213593812202,0.0016688942820930475,-0.0026528847536677613,-0.009406522814841112,-0.008274452623244444,-0.018877074649651826,0.04063826414493987,-0.013629512107042219,-0.0021329195753433394,0.00227186586590844,-0.0017235543907926365,-0.0021374390689267164,-0.005567191549631367,0.008333367165526795,-0.007656171937028167,-0.008299108330380944,0.001587599101509518,-0.004369919615457962,-0.009201570287991845
2024-02-26,-0.01163588426584039,-0.02312820089217893,-0.014608626636856803,-0.00177564821912779,-0.025393382299555456,0.0008705630700787115,-0.027059702991704238,-0.00529309424490354,-0.015479088409389163,-0.006140317433180886,-0.008953996057572078,-0.010853657384076065,0.004531578011343074,-0.013306054201488893,-0.020740973767619297,-0.008500455710891086,-0.004879667738088789,-0.02163075364537259,-0.008233231579490963,-0.024323929290086976,-0.005454027197137501,-0.02315194647114105,-0.02694733474151023,-0.016593506463106422,-0.017975058537759603
2024-02-27,-0.0055401281228355526,0.021744825567693304,0.013108584385876254,0.010339081008650997,-0.0027374290639152754,0.0019573462037030254,0.0037082372801409136,-0.0003550552782305427,0.008592140343310462,0.007327517459319921,0.005236138950608149,0.008977796975205399,-0.018177132084123304,0.0145226485123644,0.009620036507601126,-0.00342918236116474,-0.0005279228242821565,0.0034456248950529567,0.004980822262973028,-0.037684133975643186,0.0011369819124458225,0.0017134527733517757,-0.007679965313695636,0.002830304481862722,0.003661004991767358
2024-02-28,0.037925788958549145,-0.002465070793850721,-0.01694393435360131,0.003521123508970936,0.02773552301464166,0.032554148576898534,0.019088795524042412,0.02155659090741535,0.008343067119967351,-0.013764097715294188,0.0077622941918684685,0.01977248005591714,0.01837838922851498,0.003578634738342412,0.007526738736299832,-0.005543725115579434,0.011321697765728223,0.002539510362285391,0.007269111818501539,0.02605669084613904,0.0010688921657129313,0.009406963033735227,-0.0037521841906020814,-0.0028223164669172185,0.04042572369097863
2024-02-29,0.02632147666445217,0.027429945710687242,0.01410220851226196,0.007565816496658773,0.012618643884706238,0.02858540972819945,0.012084602911805797,-0.003419638424851934,0.007708185505426179,0.019379637619591605,0.022093597743066073,0.005332129220562587,0.043524409161179944,0.0066227465873172076,-0.0011922247771717354,0.00670364035461124,-0.005373673359126641,0.012772454109058806,0.016073498764462624,0.01983781612036961,-0.011477420760331647,0.0025416318347777356,-0.004472820652944742,0.003265882955529431,0.0043819472020223404
2024-03-01,0.01458288034115962,-0.003688109584089938,0.023640084254904936,0.011862052176789373,0.010187390110639738,0.025816129150752598,0.02089545773421353,0.013174871465640114,0.012834840326458652,0.016953982117473787,-0.009221483115837814,0.01012536281109111,0.030391643604456453,-0.0015183805547385187,0.015515732596651066,0.0024947633149363657,0.009979767591473232,-0.002219440613066892,-0.0032284236836720437,-0.004492434539197565,0.015526027454932256,0.012394486443562114,0.04043498736962059,0.006076256223307208,0.015415974788784759
2024-03-04,0.021758629069958957,0.014001787824835521,-0.006641301931337051,-0.008819097281341115,0.015667235631543264,0.02065047246963947,-0.014619782948803728,0.014580252675303607,0.03929686365823848,0.02873868100743815,0.017814143378504843,0.005727969861945237,-0.02591635782701407,-0.005574910827757185,0.01308459534662565,0.008996864216345601,-0.00735503140115723,0.00649646795997616,0.018623475590191285,0.018051684715684635,0.013094801359228248,0.03728419146267403,0.0022728515960837026,0.007334087507109066,0.012890374453935038
2024-03-05,-0.003541068364975253,-0.014998753859511327,-0.01838634557942842,-0.0030382638624669722,-0.010904345636062462,-0.022509826027568014,0.011275838495644397,-0.019821462220539376,-0.003202314157302766,-0.033224743981316696,-0.00019657503872472226,-0.0132890727207855,-0.004560994002907104,0.0030578779273773282,-0.0030161365176089028,-0.008727011392140605,-0.008756907392701963,-0.019538541639807727,-0.015262225248579786,0.020985697517350133,-0.01673119532248024,-0.003218817189123535,-0.02562345381089226,-0.019807571870052443,-0.026018164873576
2024-03-06,0.0028720842488854093,-0.004189439805804551,-0.022910066838491727,0.004571243044135143,0.004481414595171707,-0.002928504419730582,0.031103424206461172,0.012383491973691818,-0.0004118508211775618,0.01016973775738328,0.0012785731387481292,0.006253012024957094,0.023800526321538396,-0.007201617801269378,0.008067692466250387,-0.001722374417597261,0.004832355559892143,0.015097927711285264,-0.00904101779918054,0.002170864223804969,0.01641511456263367,0.0024221655210390214,0.010937732692549273,0.005679952023486257,0.003484363596748752
2024-03-07,-0.006213284959830423,0.004449896067617143,0.00047515126210795344,0.006067145612982605,-0.004104445182913974,0.011347509479853857,-0.0017078468417849324,-0.000639818746653753,-0.000823972032279463,0.016871613855055756,0.0017680970744802238,-0.005258106447081801,0.007210355993694906,0.0031087801630111933,0.021084940639240823,0.0015337155652328516,-0.0025548527075500704,0.008282592378327402,0.0008146181548653875,0.005346395373625468,-0.004455474986847174,0.011811793725492903,0.0023019623127185085,-0.00032554876548895884,0.00029080151514615515
2024-03-08,0.012602096876886515,0.024325439472948185,0.012509929840254674,0.016261061019874123,0.01173726948109155,-0.013398355696300657,0.011402776300005524,0.004458938829101644,0.01212368239944528,0.028267173857383865,0.0017648100275020617,0.0033638033734582073,0.004319891791360275,0.006715054761585737,0.01673070981558622,0.012825197653557163,0.01755303115875062,0.02464331012073906,0.0071626126634010134,0.025535154280792893,0.008416850059578707,0.010878319350552612,0.020211234522014898,-0.0004347265913082765,0.013674803020190973
2024-03-11,-0.002701336075120464,-0.0023591087089815943,-0.0017204447246299548,-0.009748922025682227,-0.005844838194739577,-0.02662562080527131,-0.007328057230824081,-0.018173819270678182,-0.010063472238007964,-0.007901792156950416,0.0057746949579740026,0.0,-0.008356791447234335,-0.004104887291952686,0.0004448562434298253,0.003402027585612588,-0.007033523555257104,-0.00494650374944805,0.001292957395432115,0.00022361607001131212,-0.007684238300020962,-0.006824245792695249,0.0024764234904237625,0.007608682075437745,0.006601676356784214
2024-03-12,-0.012430490856896736,-0.007251661626460626,-0.003760018187310865,0.0031032736757388157,-0.011491356587804535,0.0050172048315682005,-0.012492919882486686,-0.0008392652237287912,-0.009630923043514983,0.007964727780458203,-0.0053112397211367846,0.0033524194547220887,0.0022306012805579645,-0.0030909420383649078,-0.01933776418312505,-0.003955479037073939,0.0033555154679640875,0.0065121761266604405,-0.009301681811194507,-0.015106038793052612,0.005340599555145209,-0.020084298676238954,-0.02021109115910502,0.001726009543412399,-0.017108559191909678
2024-03-13,-0.008962629331497163,-0.006033998707481669,0.010536334247976287,0.004587159323394596,-0.007929904914689812,-0.015728783693272796,-0.008625639232506366,-0.028651258899182075,0.007106423643330695,-0.018326963342685576,0.0005931504858063263,-0.006682542902625044,-0.009521431460673191,0.001033508527743754,-0.003097677672345478,-0.011346414043394981,-0.009214720727658388,-0.005885093210504455,-0.0014823423633197885,0.0018687450175058906,0.005909709235453864,0.00862999822494892,-0.0052714759266504485,-0.0019383935292924814,0.0026108368162944817
2024-03-14,-0.01561660853314184,-0.013579459493085588,-0.02583256200111106,-0.009450986587593802,-0.021515701203405402,0.0007007036051165372,-0.019141656117512285,-0.00289421337665674,-0.02149876258608663,-0.02674039402803774,-0.01828226551548362,-0.006727499708051532,-0.017621031005452648,-0.02942695578560761,-0.012731921104656374,-0.011859348928658142,-0.01935050324032639,-0.028422839386360366,-0.022434889848301554,-0.016697130248519487,-0.01406035470633793,-0.019518825432442988,-0.018663779038118333,-0.010574154176156703,-0.008680544880345864
2024-03-15,-0.009287461438073241,0.0021055835910308573,0.0,-0.00075042555467697,-0.00395533482087751,-0.01365438109119066,0.019515209547736223,-0.016571874087071725,0.008181247888682908,-0.020940326407769994,-0.0022147220619310737,-0.007740677080246394,0.007174840488895162,0.004255090715103771,0.0005372565472721025,0.010259466019479246,-0.005932460035073861,-0.01282788849264338,-0.003037436857869613,-0.0030075194693626184,0.009440192062454944,0.01363485763082073,-0.002582540717039561,-0.003816700558180952,0.0020434795700219333
2024-03-18,-0.0072465259889991085,-0.0025051279179352237,0.003674290098341748,-0.0017165114717987429,-0.013425376307453885,0.009583966441130132,0.004640466033465573,0.012065172441561245,-0.006148846619367099,-0.009043109047690345,0.006759452264571086,0.006825902612155987,0.013611470019811556,0.012182302484501584,-0.004219816826046219,0.00038320855576401414,-0.006820816786118011,0.0019490788176852458,0.005077912425544451,-0.010302441034141352,0.00782635576148727,-0.009684915438803232,0.006826804475179804,0.01039964379121261,-0.005243327702332157
2024-03-19,0.003675249217081511,0.0005669620616040039,0.003023849649181898,0.004621174541354911,0.002012416353539548,-0.0033047939630794776,0.010392740726919314,-0.01867196660185333,-0.006186818377028169,0.002389890148257079,-0.0012024833767799725,0.0029055383967180326,0.00313764711187825,-0.0005231882843418356,0.004699973361799836,-0.0021068396977047543,-0.002263080655601657,-0.0009726737057521584,-0.0023576218525394044,0.008534276636959826,0.014149537688204372,-0.002173584230481529,0.014262360400239205,0.014734573802815953,0.011127290913279353
2024-03-20,-0.01017121890525774,0.021455834678615116,0.022691255865889826,0.023106503585235805,-0.0003825201525969879,-0.005997198937864434,0.004571075802772828,-0.02332533920800317,0.01935356092756968,0.015173491059309763,0.014347357829072926,0.0033800458553028268,0.0030026951754424935,0.017800959673151873,0.006825066349111619,0.006525966782516601,0.006648286069445897,0.01702046186001338,0.017218044430034496,0.0029755481605968637,0.008436226254385115,0.00898478596577501,0.0066847902038973395,-0.007153550106546169,0.02258913044933042
2024-03-21,-0.0035454367675266107,0.01926131148264143,0.02575654129431726,0.025930608247180853,-0.008228029447476581,-0.006246054344063001,0.013652157779283858,-0.016050681681727408,0.013751531219415192,0.013167323030595535,0.011078141144948317,0.017805466069913845,0.009479762672073955,0.014917652586724506,0.012567784608980004,0.0009536209891087832,0.009246397931313544,-0.0006026406618090396,0.0077994276304627075,-0.0032449882507115113,0.00263803945095753,0.01484072485899568,0.00549576333756252,0.0011829844866408923,0.006230298786497501
2024-03-22,-0.005929570924472771,-0.023796711167945572,-0.04295878394324404,-0.015593216121721931,-0.008296374502005266,-0.010713244031071989,-0.01571309471396587,-0.013146162893378555,-0.008278242151964155,-0.006954574897503396,-0.026315739762850177,-0.014184354587695736,-0.018164129919304384,-0.032437692868309,-0.015721331157435126,-0.007811208357390131,-0.009777410765078431,-0.008834133747318007,-0.02288809182839968,0.002092790960976698,-0.025351352150851603,-0.011965018664242155,-0.012525370366663457,-0.010955970059956188,0.0022518944250573547
2024-03-25,0.014367881607992183,0.007488354623937932,-0.006006054274156791,-0.00911064589276478,0.007003829232694381,-0.004909476632819043,0.0,-0.010549805306867333,-0.010165635634540537,-0.0060839341731209196,-0.005023589936861028,-0.013908762891333804,-0.01623426021315022,-0.013095983863187,-0.00649614544551802,0.0017278285945632188,-0.011584715537927837,-0.012850429123092089,-0.004044432042009882,0.013505476955018914,-0.005267927499292724,-0.00753486473730125,-0.016374691452400225,-0.008796746392010557,-0.0033700204335661565
2024-03-26,-0.00746564990522347,-0.018027911511722117,-0.028939375595333883,0.0019851890421453966,-0.015359115893647135,0.008778773304164655,0.0011405758280531586,0.009526561399978206,-0.007514937495408103,-0.0002845610430425305,-0.002423592778765138,-0.014105161910938357,-0.0028145995624805353,-0.0015923989761252866,-0.00900001385301119,0.008242647794052926,-0.01565306876847261,-0.001776712953371895,-0.003215070627691663,-0.019095223586927168,-0.0025817661753451127,-0.012743930342585585,-0.007034092829686034,-0.0028488628549220296,-0.0011269836010108225
2024-03-27,0.016898499207400386,0.03872432398154646,0.050923655933414524,0.009801822701306806,0.03590683334310163,0.033803286553747425,0.04271053862037344,0.019048371391999108,0.026054320280875398,0.04478130611898368,0.027836880773660644,0.026905901049827152,0.028095127289589295,0.029239748133582877,0.015291643038942926,0.02224320882340236,0.02972654136751851,0.046532843563055204,0.02138866524405425,0.01806647967672359,0.02429160657448004,0.01647887491383937,0.030224383836232604,0.019668271046836105,0.013539992704113102
2024-03-28,0.0010639536256922266,0.009633451044083419,0.034204293999368085,0.0041305404895228826,0.0022730580828942415,0.0020871610617381187,0.024031047469810884,0.012289767720832456,0.014083801246554284,0.0017035345562610438,0.005712014113970598,0.003396428201857704,0.000873465651668015,0.012913235519714128,0.005963094512106082,0.010969216443496466,0.010554190733278679,0.0068031726053108255,0.0064817081947805555,-0.006328015920112895,0.01399573863952952,0.010807815961898282,0.00833715228837928,0.006896598575224733,-0.000556533898610656
2024-04-01,-0.023179362918058333,-0.026452615229447085,-0.030929438198480486,-0.023241408437730815,-0.01483510066022764,-0.014787378801972895,-0.011200365892903186,-0.030630271491511873,-0.020995916652101543,-0.0017687178820604554,-0.013513657938888701,0.0014506392325710493,-0.008353236691707178,-0.026516916315400763,-0.02188769083215447,-0.011829714963620952,-0.017662517884731166,-0.012273344314611467,-0.015026496020346558,-0.012828866760023816,-0.01923443605755326,-0.020582859425838818,-0.015617850524502264,-0.015517988071008904,-0.009746490137452879
2024-04-02,-0.004300241201693589,-0.012191343998766646,-0.018644271982336758,-0.006633026537648634,-0.013523929549325242,-0.01486871835650072,-0.015641777714018645,-0.009224280071101543,-0.017398909014171515,-0.008518482942745709,-0.009330806871782116,-0.01883141902404628,-0.009932001574878058,-0.010476854293668847,-0.009712618027473474,-0.01103654815800903,-0.01829263118757085,-0.010890164641332634,0.0003352786157606591,-0.004534394312585843,-0.022413352227205197,-0.012554420905966923,-0.0025664541865165758,-0.01097938749341898,-0.0036559214648750338
2024-04-03,0.000676368589432208,-0.00379119146362239,0.00966017771108274,0.01144676045067361,-0.0066115437245870545,0.005937108443710093,0.007123211757738668,-0.004743582498484944,0.008492575127627466,-0.002955298039084675,0.0036072566418283714,-0.001968452659017461,0.005841350378851029,-0.006881904797694682,0.007846182588458372,-0.0018915032858495273,0.004061260383476428,-0.010798091712591495,0.0011731517304425232,0.007936184391699186,-0.0019327820094239279,0.007739194017519324,0.010292326373272154,0.0031874802372278133,-0.013829831589740604
2024-04-04,-0.010451822588618653,-0.00801616332759214,-0.020570982877823663,0.00031435375878596794,-0.008417448221756274,-0.005333236576865907,-0.002720305446302307,-0.009975699946139449,-0.006399856652142377,-0.0037227256947383047,-0.00808713404549155,-0.009862110546468239,-0.006438907364613278,-0.008528669214625917,-0.012611809246781958,-0.0028421778332082814,-0.011103254146389352,0.0011416802580983543,-0.010713031260976447,-0.003960148041627032,-0.012019845303105958,-0.0019201143059863757,-0.012271349849424573,-0.00909410043284209,-0.008586311950792846
2024-04-05,-0.0006831380393798048,0.016896552552983835,-0.0011395857472132898,0.0071234057374549575,-0.005231472152282701,0.019445339889623714,0.01636659700783749,0.004314764816846894,0.007203867512377782,0.012455104734282907,0.0034223082205198097,0.009960340525814182,-0.000762250295165301,-0.0048387226563083585,0.0021288164345913962,0.007411503005597453,0.0004009594802087957,0.006876873627294833,-0.005076263908147416,-0.0018242023145386144,0.01486965296548548,0.0032976571101315244,0.010079823496604856,0.01459545702249243,-0.0014434458683081353
2024-04-08,-0.010306519112574186,0.017097444421069863,0.030806846374780816,0.0038485827848036003,-0.005854328230804451,0.00518936560168437,0.018787204369872468,0.0048189690743980496,0.02448677989292336,0.018794291959168374,0.013541906592585251,0.01331337072678851,0.0012715944412056146,0.008103595537339192,0.04421711965649844,0.011884561941795546,0.011463767889518195,0.017871886515227198,0.006632727887526668,-0.0018275361101406373,0.0013988716478852137,0.03067650596731064,0.009283028650477476,0.000326909448170154,-0.004914690921787979
2024-04-09,0.024440730741402072,0.02280809319435928,0.032574345156485496,-0.003212156057676663,0.018065785785624344,0.017720144142217897,0.01896721738821472,0.016556864339163813,0.02501015235646631,0.02227145960506771,0.01840861491603829,0.008272506761658027,0.0058419890559511245,0.015541448714055717,0.020042142308023925,0.013795755490683348,0.0007133914843633349,0.019887225931491725,0.01706371823440689,0.026242920870188424,-0.0011306419289609515,0.01787393594568676,0.011956482624315257,0.0022878791092886264,0.017722296855515296
2024-04-10,-0.05627285712422958,-0.05277779894002532,-0.060796281342464065,-0.05062365147275072,-0.04215696486370413,-0.030710242025686285,-0.03412637939504959,-0.03153866649508885,-0.02235643384626762,-0.06489936831955523,-0.03158409343609969,-0.02799229905485978,-0.04431792802819423,-0.05171527667530851,-0.017949455796253955,-0.04119176758926979,-0.044669741324317114,-0.059623615294977284,-0.030730896089444903,-0.06505022328418208,-0.030894191827353312,-0.0171638741768666,-0.03658228402290131,-0.019565306394353166,-0.04082234967854459
2024-04-11,-0.009426920912192549,0.009286439960491055,0.011413554668189496,-0.007117064632072401,-0.006345942368658486,0.012941878796389306,0.0,-0.002770779958052638,0.0009833331182709237,0.00491246408957946,0.001003575532707135,0.010427288990279227,0.01215468394436936,-0.0016693745913571867,-0.007220651411901868,0.0019180691604183675,-0.003067421718027541,-0.0024289390898534213,-0.0027420585427961885,0.003229204484998416,0.009000206660909171,-0.0013435979906113449,0.018160175507170306,0.001884790999999053,0.0014881856078647893
2024-04-12,0.003134861681167944,-0.016626465699578596,-0.02289214135842832,-0.014225859188199741,-0.0038113579263096,-0.005166540783951068,-0.008565366622545922,-0.012625500836845549,-0.020307093702924273,-0.017528015295741883,-0.00010032426958550555,-0.01719921824493975,-0.007701492817973055,0.008918616285562564,-0.018311414200020026,-0.004211223660155361,-0.010394992339819331,-0.011047278536897909,0.005155433736577564,-0.015606717107289003,-0.013958857795168256,-0.01425877166346956,-0.007875712147429104,-0.006417992136281803,-0.01218430175797569
2024-04-15,-0.006026917715491575,-0.021831812197153577,-0.03200802387746993,-0.026848658040787843,-0.010960524690178386,-0.027580946444754173,-0.012418908299394071,-0.026097920460295576,-0.015462355739448208,-0.02103924041961558,-0.016943960916746104,-0.021499994210560258,-0.015522101622056472,-0.0033148871047099515,-0.01170692774457105,-0.007112772959171898,-0.026974716036436197,-0.02344378896678112,-0.009745376271963702,-0.009809844540277113,-0.016711539397941344,-0.02156109683593388,-0.01377554584357088,-0.007684948826554239,-0.01654627876469128
2024-04-16,-0.033179688579865974,-0.01837558679100093,-0.011760547940732446,-0.01712838142728701,-0.017668545043524997,-0.015372334104752139,-0.025696965316151732,-0.002647318101646201,-0.012267032631170571,-0.013940292091498718,-0.016522331871247964,-0.025038351146387083,-0.001736996505336319,-0.023835901124132475,-0.022427434244658984,-0.016456823059048165,-0.009068200692351147,-0.013320288987265672,-0.016229276298643014,-0.024016864073939437,-0.014326888781876268,-0.01617837206732997,-0.013257457650737048,-0.008866247240885028,-0.022025195310231838
2024-04-17,-0.0011031986628614598,-0.004615707278222914,-0.0005174549212758617,-0.004210533454404253,-0.009685105756996548,-0.004984028239062743,0.014029145160635581,-0.010213855720778153,-0.00021492782719290116,0.002135272437962632,0.006325952677938673,-0.01781970746827921,0.0058894633320212275,-0.0005678135269536755,0.008158994396272767,0.009448589909026639,-0.07190172114698412,-0.0015635328473618815,0.005440627366351203,0.005947150495399178,0.004203949157304709,0.001984845227871679,0.013195855013440783,0.01574008082758871,-0.014075518550252797
2024-04-18,-0.00592968260168536,0.0005151188421412822,0.012769586116173404,0.0,0.01418618183524667,0.006703215906815441,-0.0033203802680666916,0.007201705404214165,0.005673804331605581,-0.013960306220490715,0.015354525435739674,-0.00800441476786451,-0.009714044165915259,0.007954330918729546,-0.00144243169618119,0.014625754111383227,-0.016902987834889527,-0.005843861638148651,0.00820376203499995,-0.0013761949465589396,-0.004044557674894533,0.012450251588470573,0.009708578991697747,0.012374588039363088,-0.0053935706150941565
2024-04-19,0.0017543707280638365,-0.007037943582716699,0.025728427473325155,-0.002818861469227496,0.008795013793644335,0.0012443127060062231,-0.00166587543762442,0.011015696469277358,0.00512885203086233,-0.012965587324887506,0.01258487128024477,0.006455154472285507,0.009137317236057596,0.02593037187394409,0.011715673011344574,0.01941184447554689,-0.01146235512706173,0.0003840683006910428,0.010560971138918962,0.0005613959640808908,0.0004988396755134517,0.017328019387062188,0.011491561650051718,0.005616038805045909,0.0038276941390580355
2024-04-22,0.005837564674251672,0.024894049794537798,0.018936813854022905,0.013427554407062559,-0.0012605682407953456,-0.007089165117428409,0.013904242834391622,0.009010619815791765,0.02007057867992268,0.002113848124196238,0.013731573421515764,0.015499686267178348,0.009986994193980525,0.021978015522946315,0.011024680608263004,0.0054675388692957405,0.005700933369025218,0.004071188704434681,0.014390930537494961,0.003774358040803838,0.014027225650217856,0.016758307688370833,0.0,0.0031756132477076537,0.0
2024-04-23,0.010911204161023758,0.0077590442868802345,0.025921184885592252,0.012436072564373069,0.004101814242085666,0.019652454381937856,0.012068160355330537,0.009486918456162341,0.009421038931755943,0.0040680534292432124,0.017105118876948655,0.015263228886214897,0.009887916656999396,0.0016127159589791606,0.0001569717500273793,0.0011249819410794615,0.007206077916561915,0.002983283007757853,0.014693565830391941,0.007621977667994884,0.009620304619531117,0.0070250161406339995,0.009969791196205335,0.014409050193300521,0.007626394206439624
2024-04-24,-0.004764955333754317,0.0013391135684277522,0.00015887221115740147,-0.0039031565251160805,-0.00031413827522330795,0.015014972961351347,0.009756039892001134,-0.006641282711394303,0.023084936945363843,0.01020404879503145,0.007096161682473401,0.0020735596900727238,0.020756980310937978,-0.005367599909973819,0.007137667458847696,0.0052443969922377764,-0.01573972848915406,-0.0001906452488990018,-0.007822795103541558,0.0035300496880767973,-0.006746532582483922,0.016635610644845533,0.001147916844944863,0.00828563704980212,-0.00536105899865047
2024-04-25,-0.0025960718896399504,-0.01964058410782843,-0.015729315514933284,0.0028811802428481137,-0.012887679415225617,0.006258258462978894,-0.015566392281280983,-0.024430780560585896,-0.002139404086694552,-0.0060160011113306044,-0.009941934609194902,-0.022762528798162762,-0.011893982044346663,-0.0059363616401140185,-0.009345771158599803,0.002422357950008447,0.001647621603942273,-0.013312070679992516,-0.009226767812084424,-0.0053769706858581845,-0.0005602242245675848,0.0021112558528495473,-0.005732537153831707,0.003201836190670937,-0.0025365763290859933
2024-04-26,-0.006998204780951811,-0.0090367526109415,-0.007102478730149131,0.0035624592041740843,-0.006687231158562845,0.0094706645365219,0.02508201501011964,-0.009128386850227543,-0.001173118269694795,-0.0026900099564365343,-0.0037048893260078763,-0.001587984140474008,0.003365177364149874,-0.0021714943054428337,0.015959254451129112,-0.0016729333868931162,0.006869816488227931,-0.003672410625730871,-0.013206845369431397,-0.008588957554437782,-0.0025921881789086054,-0.0015800506314567198,0.014760094326904616,0.0036170246181965737,-0.013032283332165995
2024-04-29,0.019220618301458714,0.025034587091817162,0.021622672326873982,0.0069850062700289595,0.01859369689621282,-0.0034306082803928772,0.007446737729593256,-0.00720320885487713,0.00445489723595438,0.02929501288458347,0.01076428440273891,0.017497362403532835,0.005805006149961489,0.02339491708912589,0.01470252712096154,0.011171281220581752,0.009129341504461319,0.020176145702278214,0.012525700335253687,0.028843717540588676,0.017350449457110617,0.010023783090774785,0.0152271175191534,0.015263873382123538,0.004186743831730677
2024-04-30,-0.01960104616112901,-0.02752823142756089,-0.015117877046120887,-0.011939993434244234,-0.016156100337592072,-0.02501064266827524,-0.017423320035155232,-0.020968216141649787,-0.007136593105148692,-0.02256522687721252,0.008519702589479428,-0.016675378337040914,-0.0057715025422094834,-0.00956940518480709,-0.008617517038146283,-0.009490641759689833,-0.028187758015042808,-0.01323538865651075,0.003558748033007264,-0.07811181930261601,-0.029690103896393816,-0.00548467123530838,-0.008730642114107456,-0.00522022814034151,-0.032392527797239
2024-05-01,0.030776426890800845,0.00793976891985082,-0.042656320983346596,-0.007135490285846369,0.015461824953274306,-0.005692479701012054,0.014508181624652172,-0.022190687314860735,-0.003167452422599415,0.032916174787595676,0.001055936082259512,-0.0015897838679364007,0.007481846025321426,-0.006977948745434892,0.0047691602873889405,0.00709754846187538,-0.0016660268788247778,0.0026978505753889603,-0.0018574924000471782,0.01611868971522301,-0.0024905016010104974,-0.015493623957089975,-0.010614193115320414,-0.009655691343513517,0.0009944529602619046
2024-05-02,0.015833477735516244,0.01181606082806308,0.013839688173619136,0.006027637564568478,0.012706055022022156,0.015653327782323645,0.015360269083215972,0.004846718209366996,0.01763961797424063,0.007858711631868243,0.006041437720643694,-0.020700567225744648,-0.01408446128290175,0.024864832378279855,0.008115270670547403,0.018360119980985523,0.026011066622500856,0.014530119118768114,0.015394893483432925,0.02511632985131551,0.008417480534346211,0.002134005901083702,0.055010306255616426,0.018227889294753608,0.026821095753234214
2024-05-03,0.011690037678626197,0.019802062923770514,0.01181953949256287,-0.0020739751500979953,0.00985068659068955,0.048876099450228416,0.005299298992015089,0.002118191102565614,0.002041622428749834,0.014879490785920213,-0.027642724432784593,0.010839825912491552,-0.021818146642258562,0.007384049991902897,0.01002437692999436,0.006374023552830899,0.013010663896990904,0.006933698194276028,-0.016994218400183225,-0.004023192236510931,0.011106447407720932,0.01756716492584176,0.012332298913705575,-0.0028100633707371925,0.0025797965503580045
2024-05-06,-0.0167820715938809,-0.0053107567061104755,0.013326742393525715,-0.0033483536945349,-0.01509407816811037,-0.02197264276667299,0.0,-0.009212005269623291,0.020694463947370734,0.005709531864150685,0.0010783771917011187,0.0064345052487380094,0.019649507086058948,-0.004712054955018141,0.02872166966419809,0.003438317916388156,-0.011521394001311469,0.01290621764380906,-0.001186473956589218,-0.0025897249137759593,0.010564754067736937,0.017263997118423413,0.005556739495941487,0.01012417928239695,-0.0003215867245602855
2024-05-07,0.014494248575707358,-0.0013347959201515103,-0.011852568272851194,0.0022011404318580396,0.002397990845892428,0.005981802412292181,0.012124380779540145,0.026148513290840336,0.00853263949139249,0.004345604206146048,0.00949853696650571,-0.0026638735807450464,0.010416689980535798,-0.0010522182571733874,-0.00460455658196246,-0.007754422594377086,0.029521447235808296,0.01489682458068109,0.008654346183329498,0.017706231703405795,0.02430084742735561,0.0020569678464186225,0.001700377589056279,0.007026334261816869,-0.007400268079572059
2024-05-08,0.0002759050591667478,-0.01344914614866155,-0.012159153084222885,-0.00011561826359363092,0.012064349395173313,-0.030284264754698476,-0.0026043942877682635,-0.026914846382022906,-0.012302764070130312,-0.016399544208661188,-0.009506237567497688,-0.02617541884487362,0.005669915242393353,-0.0036860237805225182,-0.02349658581091052,-0.004180581454016341,-0.017446407454512092,-0.015300101495783314,-0.012954182291051719,0.0062243168351068245,-0.00047334037066781853,-0.0179625452019041,0.006577530481054694,0.009644904221561612,-0.003889730988473339
2024-05-09,0.02779447675947666,0.020660383668114957,0.021789718095913235,0.010867080247471073,0.02641045128929198,0.023458130142443023,0.015665910750311207,0.11508411353713166,0.019960854073756806,0.03738939845720202,0.004309202261099987,0.010422657164500748,0.01986172268832198,0.006342324122021292,0.02518994006759545,-0.002920092290391474,0.021439438713340087,0.023678276385472596,0.011078850649382854,0.00638883680393354,0.008452870967505577,0.020120242792295517,0.002318594944659358,0.007723589301664724,0.013016445016137856
2024-05-10,-0.01008728524996061,0.008710793382458393,0.0011396787236488404,0.03179321479502195,-0.0037043396016133157,-0.014490562831999898,0.005141387595675839,-0.019095730369733666,-0.0024269092686419746,0.003077545661361203,-0.0080935820889535,-0.004342992476512708,0.0022615906908562966,-0.003151232429360884,-0.006381079635866427,0.00695577794070501,-0.0061027112829219465,0.001997111183913436,0.0042143677808628155,-0.00488713021627607,-0.009454637712914993,0.0,0.0002104725210683167,0.0028410812477772662,-0.005139637908999961
2024-05-13,0.0027641743540718355,-0.007155185124771091,0.02032516876857904,-0.023165638871722294,0.0053260153351095685,0.011522598460849354,0.001023264330883622,0.025353979786368885,0.006217289569953044,0.00831784698358784,0.0072747687296697006,0.005997782714432409,-0.017299771242185513,0.008957035766295807,0.004428764803525942,-0.0009089532247232857,0.0017676817710752246,0.0035153864294654724,0.00386109251200617,0.0026327253179860843,-0.005077354238684384,0.002049172179362957,0.0010512864541056821,0.006577212510570751,0.007749252075229807
2024-05-14,0.010594771465697983,0.02733587694306805,0.02071726603070423,0.006694700847301727,0.010195967101179981,-0.008595969931308622,0.012774762458222844,0.016643264518120482,0.016924978878200214,0.0051389939491004455,9.750688816523301e-05,0.004335691286348364,0.027299343850108793,0.0031332421787857445,0.0055119942330437155,-0.001637446567667955,0.005572114000502504,0.010544827538416346,-0.0008361637801548305,0.005403309231057918,0.017486678980844772,0.0063905274673417,0.007351447642302,-0.0066346885626802354,-0.0006406344707354794
2024-05-15,0.027064552786328244,0.009272753568757564,0.009835930951396232,0.03990082131222139,0.024341807341600186,0.01959682686083375,0.02169489352129994,0.025144871622388543,0.010831432832339116,0.023074620022580428,0.005074697741731304,-0.0026981386425967147,0.022476126509981986,0.006767375905470496,0.006504938457232212,0.004374028193430801,0.015792379053549244,0.024372241834452524,0.013389188443369004,0.016373586174951438,0.004747824100839848,0.006350054521908177,0.01563794539797203,0.02206036847992765,0.005450372085331612
2024-05-16,0.01520687511800145,-0.008867955600023847,-0.01592453100131974,-0.0022761660482358836,0.004830161330875882,0.0020739482413481003,-0.013827137359647801,-0.012572834125232912,-0.01168608035778862,-0.004800208810521012,-0.013205167030164056,0.01461036926744308,-0.004129065992290015,-0.012409729930525804,-0.006172481796394069,0.0014514500460258706,0.007273426764197843,0.0012905168144385915,-0.00710168929835564,0.0025201998426784833,-0.010582361845075328,-0.005047988614597765,0.0,-0.0004951779047943639,-0.00797183085989539
2024-05-17,-0.002205956794397723,0.0008867574069935102,-0.007069990378648305,-0.008473724962864249,-0.010863426790927111,-0.0076583228825140015,-0.004006096252507363,0.0004128117179278412,0.005968754781351837,0.0035679009162632447,0.006887751435268319,-0.01759989742950341,-0.0025610585935109675,0.006282665308978697,0.006429875268067375,-0.0010868723445732753,0.006408555032048735,0.005748856454970364,0.01280773163830573,-0.01720302892714498,0.000874597927897014,0.003044181341289587,0.004106033161546119,0.0033681865852179804,0.0019286113381602465
2024-05-20,-0.01413813791802232,-0.0037046621282293968,-0.017405073247714453,-0.011832959804783827,-0.022062301035482235,-0.0033371639558184008,-0.005027541715719841,-0.005688786003925528,-0.01081508094725836,-0.010533982297337485,-0.012899321105203199,-0.002171795573313484,0.0037901555031560896,-0.016129016109214023,-0.0063887961059928555,-0.002721002211964252,0.004932673450748881,-0.009595830619977042,-0.015437668612694466,-0.004864988962814842,-0.016264633824390917,-0.00379375761759837,-0.0036803349585196043,-0.004442901759347473,-0.008341317064833875
2024-05-21,0.012359178697151973,-0.00177832236172637,0.004025786019175026,0.0025501244185959226,0.0012919342570083536,0.006348115694212453,-0.002021156103062194,0.00154225771573957,0.0028472346649326408,-0.028012705160349483,0.0027719611282133183,-0.002175922562187682,0.009135184762947723,0.0058170695248696,-0.0026302835530862545,0.0018190559673503248,-0.012940696522334538,-0.010038629147345657,0.0036698180678946812,-0.0002016423951675117,0.010931264186356815,0.007616303531579716,-0.007387609460471234,0.002578523451822301,0.006470389680483413
2024-05-22,-0.014371859322111269,-0.005749428788284883,-0.009943832200000613,-0.008958168270257083,-0.005260379664336012,-0.007694533897591671,-0.011645544850561684,-0.013606917537929641,-0.004618474311289256,0.0019855000008059953,-0.00197465292930199,0.0038166341633942835,-0.02281226338593445,-0.0010516650257469395,-0.00366314770636178,-0.024691313331193787,-0.012477348736997573,-7.039177918344297e-05,0.0024928580690530833,-0.01833935594900893,-0.012029611852923505,-0.002267630747132099,0.0020674474801445353,0.007616361138319316,-0.0131790983654122
2024-05-23,-0.024772530739386456,-0.0341261607658242,-0.031913166947095895,-0.021872548500420863,-0.012073585677746745,-0.0062871759399133476,-0.024589910940994608,-0.017825511994005505,-0.018901588224754073,-0.02555178512125078,-0.024136869438881825,-0.014122752472188527,-0.020751055776310423,-0.02263173241062999,-0.022647026178430174,-0.026247269389272798,-0.032777955583181306,-0.030564328288391285,-0.017407167316352723,-0.02570055117745529,-0.010465803118012373,-0.019949456474866678,-0.026408326529722248,-0.018749637491178195,-0.01921827827834155
2024-05-24,-0.003590625375285428,-0.0016021879381495907,-0.007530059378502485,-0.0017113693470344193,-0.008989006548911327,0.003655578871996301,0.003150982748990838,-0.0018371720278443915,0.0055432062704203755,-0.00035071362675742623,-0.00598070864878586,0.008264491431264842,0.011983093210657714,-0.005384713520713236,0.0021065501176666945,-0.0024853420999815246,-0.008424727312581148,-0.007180246058229645,0.00033749858320253345,-0.003707804275609239,0.02225898983616026,0.0038649003801656256,0.006569254850168349,0.00910368673923534,0.002989166873885951
2024-05-28,-0.004840489711296803,-0.012077534631282916,-0.020569960787158115,-0.008457118443080391,-0.004280471497514093,0.007004319265509151,-0.00994757287388881,0.0033807123836733233,-0.015690062021608164,-0.0015429027593764078,-0.0006118917265851564,-0.0071037611560824665,-0.009098867676289424,-0.012994273105824239,-0.021696637443726963,-0.011690157857546235,0.0023866620110415404,-0.006975567473529121,-0.006409254623830463,-0.004253297376950127,-0.004733551918872481,-0.019250532945136456,-0.0067368187198341145,-0.0003964327343991547,-0.014569613155985262
2024-05-29,0.0015674782159680323,-0.01470462251585114,-0.01583751411178358,-0.007837716556392538,0.0017400136178038483,-0.016276072302771727,0.002644102852380037,-0.011304661745803135,-0.009477984578284748,-0.027816878943264234,-0.0030612461689447645,-0.020913656230190147,-0.014088162778335578,0.002743039684877102,-0.011741211045462774,-0.007756512842358787,0.0,-0.02473264996890634,-0.0037343928978297303,-0.0048586558075479624,-0.0005434734979256062,-0.016749367595664477,0.004874954206568249,-0.0018843135615437268,-0.013440774488103213
2024-05-30,0.029462380585140835,0.00911054485466467,0.01784146588937041,0.00929362692084279,0.01798304551818153,0.018454411085141453,0.02373393898040299,0.0008026240559122488,0.010636267309366065,0.023699426988124772,0.011668438270421966,0.001124073920598656,0.0160755290987471,0.031181507790668972,0.008386333892039577,0.011334769444663051,0.024476089376593402,0.016830759561951236,0.023854177960888512,0.036591648304401536,0.009109504862705009,0.007984922679145967,0.03353728514730592,0.015003987177671707,0.012261536246364058
2024-05-31,0.025998480456637996,0.02321583190976617,0.04261916127955079,0.013697081940911682,0.028806618091957947,0.009025149612767347,0.025244875529671473,0.003089421273831716,0.01639279533665783,0.021809795626952733,0.02134743171263853,0.007299515031245152,0.013184449088141204,0.027055627036162155,0.029647154346168936,0.02531410289432423,0.027145116905332944,0.020839603096175274,0.02180070738194506,0.0180125729650642,0.019334436311141623,0.01980472587923865,0.02571419943727471,0.01487994512966373,0.017276356377522895
2024-06-03,0.006283876186925719,-0.01117645543268031,-0.010384115060565025,-0.01680485252710373,0.005951235343620631,-0.01582488969069873,-0.00653252976552865,-0.01509848727340457,0.0032334123915813695,0.0012435107225061692,0.0033682334692015647,0.011705564942524171,0.0004957355784769302,0.008781225457458408,-7.469744394017486e-05,0.009716537802884062,-0.02796619957972002,0.0020451715840643647,0.0087945778462728,0.00040661493231808343,0.001916559095591408,0.006214371874331492,-0.0045761297168590565,0.0037620099346133973,-0.010655955685702434
2024-06-04,0.017464605367492947,-0.0013596781994336116,-0.001498888813788124,-0.010971209012818561,0.004946154269393821,0.014541557213503475,-0.0015176496167588205,0.017592312809550537,0.01220119186261659,0.021455510730946425,0.0028630146694068603,-0.007713541537873181,0.005202492353972632,-0.012800938039882026,0.020718120358823366,0.02100908531163448,0.012755933110996764,0.016691385298020167,-0.006134776441580558,0.00950399864201823,0.005738792213793031,0.01878537637046329,-0.0005997117223695003,0.004132113931898829,-0.008078097797446726
2024-06-05,-0.011077278121583212,-0.010126895752673781,-0.003836695494429221,0.009107879318728251,-0.011966856774915602,0.015435256298856892,-0.008611754307125796,-0.007937981609533296,0.016185918294427726,0.002701789283610534,0.001476679058141972,0.004997216795042281,0.014664004243577278,0.0005185750453835514,0.002051752191323919,-0.007348818131649226,-0.0002758628823127385,-0.006559585800278267,-0.004873275662647836,-0.008759917519544524,0.006427606855692769,0.004294168847452484,-0.004599762979444533,0.004976523091970275,-0.000678691843723378
2024-06-06,0.00655938869071826,0.000773914163582301,0.018586855901600252,-0.004859965029439639,-0.007227852103706578,-0.0016284454010577765,-0.002043653010444735,0.005562905591613765,0.0008952285283776451,0.00013436858322046774,0.0030472924940296853,-0.006629906287535792,0.030361960543398014,-0.002099495072598878,0.002486263814735157,0.004256597806431062,0.011679350862001225,-0.0036082966438765185,0.00359100059337214,-0.007720129886832572,0.002150408204344645,-0.004024339359782192,0.0014063649961069125,-0.003428061906769475,0.010526380979936745
2024-06-07,-0.026216956144075376,-0.016493631640441042,-0.02580965085485254,-0.004302357518395694,-0.010035463209151052,-0.005233819295222264,-0.012288823358568846,-0.012374914024633976,-0.000931731663998292,-0.0025590037851506153,-0.010094009176551455,-0.009454951138277101,0.007425791051906883,-0.011573016784201084,-0.0031365345986335003,-0.01732394491594269,0.00172711442577822,-0.00840174965803675,-0.003903585931219089,-0.01013460441909897,6.587129777302358e-05,0.001767497665339235,-0.0026083857223485607,-0.008026805836163997,-0.013440875949301878
2024-06-10,0.0023680250949329462,-0.004978540201114545,-0.0030374517300406634,0.023239583755616966,-0.007652423126366381,0.01872213192700789,-0.0031108268700481556,0.012131628002381323,0.004849510743236252,0.011411047097443117,-0.004455201713760348,0.01684465365676968,0.01907114113498687,-0.01330484483843064,0.013463862645980873,-0.011440220194024797,0.008802155581207671,0.0007304581868599058,-0.007838039632121152,-0.0011891335617678633,0.0016470094611344965,0.0040334709553284664,0.0038219428321153437,-0.0026973541313654037,0.0003406173088453812
2024-06-11,-0.007446440862451276,-0.003160113747673221,-0.011679148054361987,-0.0054782394645875865,0.004106101801400808,0.005298828331302019,-0.002079900489248332,-0.0029506739528368797,-0.013846995069370038,0.010014104704948235,-0.006960873358055952,-0.007730639074566614,0.0026404911775943507,-0.01294508112543169,-0.011046791398280909,-0.008916727214315245,0.0036880932747864748,0.0022628466831706717,-0.002633228435655166,-0.004193597634334023,-0.008287376705314986,-0.01330651362790769,-0.0062123251520883604,-0.0006760474733176203,-0.007831251449136656
2024-06-12,0.002845649411108875,0.01910887922123039,0.026888186037955064,0.021574446483658027,-0.005884862460201701,-0.0019350920253673465,0.01094314966845289,0.0015388541733589722,0.021833741857817168,0.023002272444278438,0.009913679968698297,0.02003336111585341,-0.0003435089462289209,0.01256826710732084,0.00270133574051723,0.008613841611032624,0.01102332888923696,0.01509326344660522,0.01134655611873625,0.020483546032008082,0.015784722911759586,0.006615776461744716,-0.00141155211959465,-0.0057025715308985925,0.0024022521632682814
2024-06-13,0.015271854279996333,0.011665049805389183,0.022348157244635125,0.00022471661666245701,0.0016053216576812357,0.0011366500775329413,0.008762906215389998,0.00676346372674419,0.013852453041357515,0.024293985656219874,0.009221732741072186,-0.0016365587110248603,0.005383739458550751,0.010253512305719026,0.0063346178433785205,0.010059134251376722,-0.003811750978140238,0.02487852695581738,0.016663819191519824,0.003667948592545933,-0.008422607258933845,0.008847166020994113,0.0105009662934612,0.00972082868628621,-0.0065044719516264005
2024-06-14,0.00958174237908005,-0.006491331932898414,0.005546544232975181,-0.02403413485674455,0.008497478602607078,0.00929035454895466,0.004087865772467225,-0.00044342031887179,0.01199095006275841,-0.0021668590771320995,-0.005796868814838652,-0.026229550082070507,0.002848255198891092,0.0016027457723053473,0.008031177785936983,0.0028184622895726097,-0.0008007844526645158,0.002299998691855265,0.0024343228411078943,-0.005329529648711806,-0.02001703144334388,0.009270731992961467,0.0011989399547898127,0.0016367498131397706,-0.0006894277876472454
2024-06-17,-0.024108014189940463,-0.009886504006200836,-0.0030823690653937197,0.005408529487346048,-0.027850620269684878,-0.00606997752231675,-0.014758309381518564,-0.005063583436426211,0.01001793920283478,-0.010602206972228911,-0.007016432102502024,0.007856261249121754,0.010301110381846224,-0.003733380482498161,0.000287180429621392,-0.005621324227361946,-0.00044911796614666155,0.001941749609272847,-0.0055042164721648135,-0.024341775108594588,-0.007794122393657177,0.0014896456037174488,-0.0019960567311436694,-0.00240293523699997,0.005172544401712553
2024-06-18,0.0026005637420267735,0.004341443788940191,0.00976400284729495,0.014879196308759779,-0.010380118679611638,0.0036910307248059215,0.006198254751982102,0.015031772984423597,0.011731818232698199,0.028209691769901957,0.00507560603431223,-0.001113372759324327,0.004871427451121901,0.006423805927540105,0.013562079438076413,0.0005652695771019012,-0.011053134314886637,0.026955842215820036,-0.004395319786316798,0.0,-0.0050788828067103164,0.007189296329498163,0.0051999971707774595,0.001445218662966763,-0.009605500499351383
2024-06-20,0.007210295474061157,-0.002852932462203861,-0.01031429713266463,0.017029459427228444,0.011223281308863742,-0.011165782556171622,-0.00513358165420208,-0.013232750312495045,-0.0158474166585435,-0.008035937417853578,9.909245608796802e-05,0.006688788877786234,0.0014657474281407623,0.004787327660753071,-0.007504600612590395,-0.0016947694544123815,-0.008087177890058972,0.0017840583800345922,0.008338773100128982,-0.0021443484042664718,-0.004628457695670218,-0.0012308320802817407,-0.003780361949376254,-0.008755093466765174,-0.007966739497896835
2024-06-21,0.0035020501110920588,0.010577385966006991,0.00146565895881956,0.0022177528006805947,0.0009336034037294993,0.0031103223056181406,-0.007223647630606456,0.001833549487224806,-0.006640910393683308,0.0058860116554873,0.0034029732438640714,0.014950145421399608,0.00033759252353759983,0.004764406567463242,0.005492672671474352,0.0026410186204912645,0.0021985160595410225,-0.003151050672417499,0.007621235623167966,0.020180164226615505,-0.0005471657071728364,0.0034499358649198175,0.006990263138730635,-0.006891121345040774,0.013268279894075308
2024-06-24,0.00790355877681792,0.01261162295743512,0.011219369671051416,-0.012392068502139142,0.009637097049959076,-0.009032817945131444,0.021309717511306392,-0.01673207615567429,0.003486380588724858,0.0025170483964853663,0.00827938927212557,-0.012002052210813186,0.0025882806878310127,0.008429954490950742,0.016742400820755954,0.00921929820076639,0.020383901152126738,0.004329223289211814,0.0019311481541504083,0.01305040949791425,0.029351524262211104,0.010805510192999801,0.005355172938393826,0.006352561258972322,0.0006891453220987387
2024-06-25,-0.01889096358880804,-0.014911574589425935,-0.007718257473142587,-0.010755086953812554,-0.018269385332021604,-0.0038773003597820654,-0.023409616783228615,-0.012416861706713411,-0.012786923000672523,-0.013368645909609178,-0.017609867980627136,-0.0016568656255184777,-0.006173566828735488,-0.019853568637012264,-0.015350516271181558,-0.013422947234633109,-0.016124649104145128,-0.009373614627590454,-0.015258518770561946,-0.02282293227478427,-0.017148528667455087,-0.008260440101488187,-0.015782348340938834,-0.019811588953085435,-0.026170899014860027
2024-06-26,-5.1981431077652296e-05,-0.005074319589692289,-0.010046891638522792,-0.0014723089277391965,0.00292717999543024,0.0030729936187157136,0.009379744715402483,-0.0013326150907972956,-0.008671366680766068,-0.0013358632907966017,-0.0014097287677167225,-0.012167951125211296,-0.0010164620605099817,0.0005331843973834793,-0.014030392974339057,-0.004535300053655211,0.00528086093576996,-0.005007574453630537,0.001631064936280957,0.004671329955703962,-0.0018935104420872984,-0.008819222991116704,-0.0008017508805204798,0.008917105159040206,-0.011315431195378256
2024-06-27,0.013754135265602763,0.006137669228009512,0.0014731962078813332,0.0037427904945892543,0.015219405339364833,0.01245818138907806,-0.0067112719984572244,0.013600646901181346,0.000548956539818457,-0.007962274319247453,0.011799025364541915,0.008958705328958372,0.008592548256441068,0.017048308528215372,0.010061539609535597,-0.0047454260448218655,0.008513669505344046,-0.005449205456903972,0.009770319066472855,0.01746124897147716,0.015041568342043954,0.007661793478142442,0.01925778699516334,0.014926784361036782,0.009299046802627275
2024-06-28,-0.0048125859046207475,0.01633491619683536,0.022591472937950385,0.006892662263859428,0.0031830391742828645,0.022391267854564578,0.018710738177769803,0.006170485226029143,0.0046876056082749695,-0.002118786067386136,0.006378976461672847,0.008978541714896648,0.0045958727581767445,0.019381820108472336,0.014729216631177877,0.007438451458176898,0.008621545531782404,0.003839006392162281,0.0030641001043112404,-0.0033002956570804542,0.013283596328961256,0.009320620430651072,0.008856540476978925,0.008708306161203883,0.006023976521639662
2024-07-01,-0.0018521869133509838,-0.009917022446354062,-0.014132609333552204,-0.035237340008318574,-0.017604800406962107,0.0005261817421953197,-0.0066326299640351305,0.004070943083199996,0.0022776603751955005,-0.022456942984000916,-0.00544711346003568,-0.019466050982676175,0.0007811953222200962,-0.00976360212030103,-0.010027417006507777,-0.0037482734024149034,-0.003205534434070234,-0.015713605258033447,-0.005466296717404173,-0.03321453630213789,-0.03478261647450964,-0.0026731239547674868,0.0013776187702541076,-0.002398094852784083,-0.02923552245511485
2024-07-02,-0.00901966983239244,0.010793499230620451,0.014170402020488249,0.012911487665353771,-0.0071889883211336825,0.005127148805080584,0.0030821812990105,-0.004343980199877029,0.0006229918235709508,0.011848322275768597,0.006970689906269367,0.001134304904844896,0.012933333901010036,0.007265051998815331,-0.0012040351719165843,0.0013369667747649139,0.011255122543795126,0.00798223227608097,0.0022631484002164637,-0.00410994569193357,0.008599363145725514,-0.0012182293982390124,0.01788527723181499,0.01894230943014996,-0.0029028354305196125
2024-07-03,0.013106571875733275,0.0002562819437921249,-0.001137215841310657,0.0035599167670572474,0.014377135242281458,-0.007847807002424267,-0.002560610903024285,-0.009757142493212467,-0.012418027924710473,0.003122526682051152,-0.004648054900513343,0.001699776713930179,0.010236612274705514,-0.007212651709099238,-0.011205080343336116,0.00038129337693071363,0.0007949587559785698,0.006832656529040193,-0.00580652628092182,0.016825363094980172,0.003248093562737475,-0.009514516259953254,0.0005792248951714818,-0.0058507779570078355,-0.015647745007731806
2024-07-05,0.004363671681301584,-0.0024767329944763716,-0.019193365087523673,-0.002059735741308466,-0.0061038474257854025,-0.001779790115007951,0.012833785434169132,0.007329898509097488,0.009792266067078392,0.0010376382743959578,0.0014903296894435147,-0.01131208127418104,-0.001961246547236728,0.0005190731722231057,-0.004518363631576761,0.012202056251985782,0.01023825213743046,0.008109038260159185,0.0050292389914146085,-0.007024610404068987,-0.014636419965954994,0.006650310270994497,0.012157536656462797,0.010726253484075077,0.014787525207945906
2024-07-08,0.0027088997264581582,-0.0012842621754323158,0.007462690212387324,0.013186578809214256,0.005724841746022946,0.014659399427794595,-0.005068644229278663,0.003220791447559934,0.0031591793107537125,0.0013605492067454428,-0.002083373154731394,0.012013714987291868,0.013864625102623318,-0.0010374982284879763,0.0024496642325357865,0.0013185833511046852,-0.0004366940373848882,0.002658062839992148,-0.0033897244505036728,0.016401982827632278,0.0053390072049293025,-0.0012235017877724186,-0.010867403359482108,-0.019346516730206154,0.005100300129198487
2024-07-09,-0.0010702710666495863,-0.0052293331324620995,0.008395033475892877,0.004640063715287246,0.004554013760995845,-0.0023426929509596794,0.0005093796617334778,0.013092568659551107,0.010508800230924376,-0.006728556925301943,0.0,-0.00847935641962183,0.0027996040433768687,-0.0010384661136293438,-0.00021552809272851192,-0.007524540009792968,0.0003494508512413841,-0.004992461303879092,0.005506890409374021,0.008094388396949759,0.0047664127222688535,-0.0002450412299342952,0.006938950685639211,0.003926543103260904,-0.0007250867846136932
2024-07-10,0.004133506221138061,0.007755966870657938,0.00930468136758611,0.013292783032542221,0.007624191019372395,0.015198763240168223,0.009165392936256733,0.011906228795674378,0.0014858743741064107,0.0012376744905246984,0.02008150267155351,0.019384178261896867,0.021690207393715077,0.024948107773402395,0.006541449854218451,0.015542247207664284,0.018261332830330268,-0.005501901297460088,0.0035437825240045573,-0.0017387283062640924,0.005895560672950273,0.006561908483661005,-0.0024886105477596177,-0.0026708820144698553,0.0003627321281212126
2024-07-11,0.05300595142051945,0.06747051234579482,0.05498941295491733,0.03524186665802653,0.04642117665603318,0.013493401195490806,0.02623580343873333,0.028145557546631395,0.007345021333398982,0.03376286125333405,0.022609980208770697,-0.001118566936442189,-0.006621284925307669,0.028904725477867377,0.0067133509011636505,0.02650223677529495,0.03320752921885095,0.032115730881896676,0.014767291214504263,0.07515746464655826,0.002425066730215919,-0.0009841257000724468,0.016695455222731637,0.000956500577890429,0.050036356654545866
2024-07-12,0.016457597737621343,0.00953292051225163,0.038785971909269135,0.01643039877759267,0.011823570185597543,0.003930752572431695,0.009832947920781043,0.00882433418094486,-0.014654721041840846,0.01894126103331084,0.01315166092460296,0.017917173531545094,0.014494360658600991,0.014292533832840792,-0.0022702964394419878,0.01363669563035197,-0.0021593291319444985,0.020227104121454564,0.013128724447535545,0.014152274798937547,0.004569752117270509,-0.006402453955364096,-0.009814947766778825,-0.004300177407611683,0.011049594742048807
2024-07-15,-0.00840421349844711,0.00825266827394211,0.00929731300630876,0.012678255984117426,-0.004152739563671015,0.007262474167074151,0.0058420655169766356,-0.00022382284811317543,0.006415397672817624,0.002964395077615478,0.0008464964335985758,0.007150586524688363,0.020231566014954794,0.018464501646732634,0.005604708153146065,0.004125364014028188,0.008239655138486679,-0.0019497021348998667,0.002185766876901196,-0.012075379743651804,0.003880229566054716,0.005204688953464487,0.0034311172037746474,0.010940459858721496,-0.008196591659090369
2024-07-16,0.0062726929134204745,0.004171286001151797,0.014037180883809786,0.01439754725906539,0.007564161093517541,0.017742997961749607,0.02032926439104088,0.009892654747407414,0.009634712757452313,0.014840084465999714,0.02161649755870254,0.013653845604077786,0.02197686111185848,0.010973452254627647,0.01914973585751989,0.006966856677424582,0.0028893039625565997,0.011952085872300122,0.014643947041564687,0.01331693013166002,0.009662852715107473,0.012820691307169563,0.00873875124786272,0.005695889221794648,0.02376023391235127
2024-07-17,0.014132952550410804,0.01167794933010824,-0.011535499253165216,0.007096521528223487,0.016650443537606918,-0.03388162498325342,0.0028462577053234295,-0.01166600598583134,0.018762319676697725,0.018202783015032198,0.0105797468396982,0.016163891621042703,-0.007601466383089672,0.017932858828075826,0.011568421531134465,0.022352239289605835,0.014157481132909933,0.014166625450293457,0.018885377619856758,0.005444445280237131,0.022374532715541795,0.014362063727223262,0.006214665943873543,0.008023469330920241,0.02556336631609124
2024-07-18,-0.011589806235290712,-0.021381952045430808,-0.019256069216738725,-0.008476326047541893,-0.005585594721415954,-0.014218985763280845,-0.009933731938680967,-0.010048152829038481,0.00056340478314576,-0.0035159089423235645,-0.0027311026971728047,-0.046129431300168,-0.013908651829319219,-0.012980766830479551,0.0035346551994321906,0.0017354131978386533,-0.0047886410813263725,-0.020517485516849843,-0.0025616567812438706,-0.013864159738701587,-0.011555552730743157,-0.000959836908434375,-0.004117597020422581,-0.007866028789152879,-0.005903481564709656
2024-07-19,-0.002421169618221364,-0.008787313335440028,-0.006990857147005758,0.007621851077104891,0.0003809247635331303,0.003686736387993994,-0.0014333280541752869,-0.010376394192349703,0.0022877237437748388,-0.01865805189867409,-0.00045644297574742865,-0.007226288655106883,0.004497246654011855,-0.002348620824986769,-0.007528030903919403,-0.002598795991057723,0.009215532193560083,-0.006488397711253646,-0.001359910750677984,-0.010651032033286323,0.0022206127183792557,-0.0026424116140044696,0.0016913776466300767,0.013780126998024,-0.005608733440812141
2024-07-22,-0.0036641664397120133,0.00503160837461869,0.016626782708312415,0.009608451338220636,-0.010848880295064367,0.0025134027304807294,0.005263429339475323,0.015302069359639514,0.01875054063810877,0.010176678674657769,0.01187217825680964,0.0039193072945373775,0.01882376049629264,0.010828592143840243,0.009255471466557585,-0.0003472648735803885,0.023515254511751404,0.009182844873156792,0.010892666065695167,-0.0008610687205533596,0.027956884813745253,0.012283057730371416,0.006941792794889823,0.011358457586615023,0.015262094316326857
2024-07-23,0.0007166277972168178,-0.03520349721742033,0.019301258556429834,0.003948638577485841,0.003367246206383845,-0.003021306619745534,0.0004756090554045578,0.005144871447930743,0.0032054086983830388,0.004283163838925574,-0.01001802775789018,0.0,0.008089587616602723,-0.005589040492317121,-0.009101471682947504,-0.0012160356848949228,-0.007737372685403421,-0.00804808946514135,-0.0059862677993892666,-0.007135477210173602,-0.005832260369458275,-0.000475857281540093,-0.002049479705879098,0.008837205363213085,-0.011111091020054475
2024-07-24,-0.0006205857954980631,-0.04810133243343828,-0.031222745603943225,-0.008672857791353406,0.011314644856303957,-0.022116215169411202,-0.01236902475097379,-0.010984170586974762,-0.01752235251313705,-0.027691077847137757,-0.022244488204148483,-0.041829168873436684,-0.04002387029229593,-0.021077392698276576,-0.0020877208305304373,-0.004000655752194993,-0.02068745635569702,-0.021260339304967846,-0.024540658166030127,-0.009067627663283284,-0.04419080083263727,-0.01213969289875061,-0.0005601584693274431,-0.00036488886232111106,-0.012888367454493399
2024-07-25,0.002531248839831246,0.00380708938956964,0.013279597574482382,0.09287891118996972,0.0005689372305479612,-0.02828697768265276,0.0,-0.031278820486632664,-0.011330097300379371,-0.0072897555171979045,-0.0017716950956103705,0.0005819444867616319,0.0,-0.007655527239544546,-0.022941216566809364,0.001746402298835159,-0.021530643938116878,-0.0021315417928939873,-0.009723799513125742,0.027354608290365512,-0.0038696149274500824,-0.02000022610995722,-0.006351493889337645,-0.009675980303577858,0.014730585878849123
2024-07-26,0.018102090605020216,0.02508398090763153,0.03813881516285811,0.029042192476208317,0.01885717781421903,-0.011671511509894872,0.05491311087722628,0.004055776665004895,0.014219112919191312,0.02439480749398748,0.023258077963551615,0.015125245761533401,0.016511799460733112,0.021697217167548466,0.016985410059548567,0.012378138923011983,0.018683029314869426,0.019733976377829476,0.018703289901411235,0.01724549526907193,0.021030071510701465,0.014753096200273763,0.010528269413158542,0.011890524972529404,0.04256021008072408
2024-07-29,0.005661512694564275,-0.012613460070711513,0.01205649677792131,-9.047612803581018e-05,0.00567328268975964,0.010573524092834408,-0.002283004754784268,0.005333591023561901,-0.002580737246147491,-0.003766605762604458,0.011866759284437478,0.014326628762708626,0.00994919697634944,0.009438320528015742,0.004631590245427697,0.0024108588274387444,0.010352118357467743,0.0068498315117713204,0.013463896768084238,0.01448452771781028,0.0024925538488946852,-0.0026654615381365154,0.008186091238698623,0.017034049749369062,-0.01044306637772574
2024-07-30,0.03777967359750889,0.0136263431694148,0.017939865324217763,0.01320788015542318,0.011930066117213034,-0.0146070108994526,-0.0004576257046874366,-0.010018611728447313,-0.018181960175933654,-0.005427169286566835,0.027604819987669726,0.005649525371973718,0.018194707496093976,0.029920623850120842,-0.01292271639374909,0.002748640646791811,0.017265104384713847,0.005184913879087372,0.032457767007034066,0.0005509486205093062,0.01295568763205912,-0.007531638470055446,0.012363797727165782,0.005284405838561046,0.01567000634381377
2024-07-31,-0.011880713306510415,-0.014535380718695534,-0.018174301532534853,0.0063392775399344625,0.006031924520756071,0.03068140696526145,-0.0009158710726384633,0.027927822751484976,-0.008689372141276852,-0.021336475254259524,-0.019840145860395397,-0.016291933071030607,0.012538173119065465,-0.013617706421024667,-0.010897896456101286,-0.016104293801893932,-0.00031727441171847115,-0.027762152712824006,-0.015353182471585347,0.00734149535481321,-0.008849493480558412,-0.019094107536805294,-0.00765587018842917,-0.00882049576036359,0.0
2024-08-01,0.034165318702651604,-0.019353730260884716,-0.014303577995119943,-0.002839142023099428,0.020076329359194123,0.01873000599657848,-0.00412469594424314,0.026498218581626265,0.026332843631815317,0.0015034502697448549,0.010299985889615115,-0.043403837067051976,0.06805778249572225,0.01288528259174515,0.04750672535970568,0.014746298647278833,0.013248583551082715,0.014057768559016193,0.018116832450669973,0.03470887823170332,0.0,0.0164710924338749,0.015797345983111555,0.010247368489716191,0.005037660178029979
2024-08-02,0.02943872395984415,-0.014432249252978702,-0.047802149780663994,-0.0178841724988531,0.026003975166436932,-0.009521113696584038,-0.0087434094991935,-0.005584430107262173,-0.014106243379722216,0.03184039841868058,-0.0028368179223928758,-0.03283571517253936,-0.026017802442860893,-0.0036347714282617405,0.024656732558830052,0.02258258535145874,-0.02928276892455073,0.03938931227178788,0.025233545696087267,0.011313554655417946,-0.01544581023187852,-0.003437317654676697,0.01989142632893315,0.003292086283823048,-0.005639137085422075
2024-08-05,-0.036012470654422035,-0.010762203236517998,-0.019124408014446037,-0.034064093136399354,-0.03853830899166988,-0.0422300408135613,-0.023540537816319262,-0.04761673104659592,-0.03209550488354718,-0.0376477679281525,-0.02418217858450511,-0.01728412929422396,-0.022120123577402673,-0.035567702286299796,-0.023330133315839108,-0.002360195573877122,-0.04065167675458892,-0.02641864452069831,-0.02674636774752237,-0.037522184643204004,-0.019990781869181684,-0.015521025290086476,-0.012943162874872183,-0.015253694275512597,-0.01921856399273103
2024-08-06,0.008709417599979563,0.02746559411885774,0.04112720838680328,0.014068654674163295,0.01986098722049756,0.028794798948113876,0.030858276276819918,0.021308400592531473,0.028501478499927346,0.028096233216984068,0.024508000238188554,0.02198503602077917,0.02031997991442447,0.027896080453584826,0.02538889733564198,0.021290714078119333,0.017740034815052264,0.02957275953435423,0.020172417981678015,-0.003573036652781858,0.0505910556336282,0.0315315549334223,0.02694433993851053,0.03530257770771161,0.01638291413997428
2024-08-07,-0.009598541436581343,-0.02542952710895474,-0.011704515331353305,-0.016648196504182144,-0.015048202255867227,-0.010024930146417255,-0.007016099085284999,-0.005505926726292021,-0.010556966123944744,-0.009620028020033922,-0.004001675882716826,-0.014751123839773506,-0.00836064089825772,-0.010579544336462243,0.004459595743875555,-0.002647191210739863,-0.007434921954972307,-0.00796444452702838,-0.002579051783951458,-0.02423741513933164,-0.01684468147497553,-0.0016982787250097164,0.011019828163527867,-0.0012178685665039657,-0.015486696145149637
2024-08-08,-0.010443834730682555,0.008816411764571264,0.017764669057589222,0.02219714651171545,-0.0033252626200864777,0.017126497840533883,0.008478298255129468,0.03740922307802497,0.006704524950522428,0.009589768167272084,0.003035708578798202,0.012476591085101463,0.017146734121252782,0.013017169446435162,0.014313170095017869,-0.0009952518062193993,0.015314120227908345,0.00973733689114642,0.004022245039997374,0.008884515978538454,0.014648282053689954,0.005103301546922623,0.02058813400830206,0.007925556505775866,-0.0016050232352392557
2024-08-09,-0.004561686401186038,0.0032663078949559665,-0.0018909398483930584,0.004232601059817487,-0.0023446051536452073,0.003073429544163897,0.010275763649262748,0.011612326684420804,0.011994664386023368,0.007415179990175158,0.004094674365493267,0.006161489190836589,0.009965401264889762,0.0022946319431293993,0.0,0.005812022371809666,-0.0007376763342498149,0.012357311756388878,0.007440615802121409,-0.01835022712871981,0.022621866221366638,0.012330675445069605,0.006441877071081459,0.014430015616686331,-0.013504870780889244
2024-08-12,0.01325317769817591,-0.018125943879036988,-0.020693743692156263,-0.01163639958006868,0.0008136043767463796,-0.009125688492671036,-0.005085373468724841,0.0002565713777351597,-0.0037148804285209724,-0.0017033830788031334,-0.010017690446923022,-0.01714640142336743,0.002121014004881072,-0.004120862254315294,-0.005357012332836364,-0.004292602279043156,-0.015668568108268444,-0.008516264712159605,-0.00923190170193533,0.015358674689907259,-0.03510415097633779,-0.0074037250968044255,-0.006569023989710265,-0.0009423313990848392,-0.017601096408964123
2024-08-13,-0.012769190011651332,0.018550045883166666,0.024404915684413497,0.02299059668483827,-0.0034317975697902847,0.005512687311688191,0.01951667488511566,0.012880143280476375,0.010192015828506706,0.011151038376602473,0.0009849471312299851,0.0024922767346466923,-0.007177747338419027,0.005057590711158744,0.004926050281244487,0.0,0.022418506463394605,0.00671234387059183,0.0018634428943011816,0.011009301362851609,0.018418871671150416,0.0031280011852636846,0.005086550815603275,0.004716168744796301,0.006303905565774315
2024-08-14,0.0023352627990180785,-0.0036951258923514363,-0.004503325264030078,0.0012686850166225838,-0.001268660040896763,0.010763852102976923,-0.006836724847229303,0.014283194414501432,0.00597637808186402,0.004459562360735969,0.007514756511888709,0.004350387124675947,0.007415192891933486,0.007319134187893983,0.0021569765167617216,-0.0024871396371188847,0.006032029318763232,0.013999182666522225,0.00529422531506385,-0.0031570083120693315,0.00577253046707038,0.002158870865820006,-0.01282052066325845,0.0029017841368998987,-0.010220831195984048
2024-08-15,-0.022941106290028213,0.01589533353647199,0.016051584242557926,0.0007240640112358143,-0.009436522542100145,-0.008731214012553057,-0.009637619632476002,-0.013559195414453384,-0.004053710167528313,-0.0030598217882283896,0.004528494895985835,0.01670796910694894,-0.0010122823138910553,0.011353418247113112,0.0001303262025817986,-0.007479951759381542,0.01093819266198004,-0.01137490474709224,-0.003558086794074544,-0.014228762581169563,0.006631634651884877,-0.0038296364329842847,-0.008202274716817115,-0.00995660790168229,0.0023317643745204286
2024-08-16,0.008208721501101524,-0.0030424324332171127,0.005170017644315239,0.0104911247654067,0.0061371912503211945,-0.0017350814126612102,-0.004633750788359259,-0.001710764303599066,-0.003473554413467861,0.006619922323412908,0.0015912252691505646,0.0012173503723003076,-0.0025786901956870167,0.0008980127379185632,-0.003325703775487354,0.005694241157903068,-0.015388328795579942,0.006871880042123024,-0.003428360853328538,0.015830850644991568,-0.007348171973267537,0.002162402018029086,0.0065470389968376175,-0.003610066214823182,-0.00598209471522837
2024-08-19,-0.0008641752355917909,0.00810883969711318,0.01843130134919191,0.006891583459516903,-0.003095403106079586,-0.006550748848474175,0.01024217190849308,0.0020757020568369366,0.004929356909866067,0.011717486465736338,-0.003265346089526,0.023100341147691106,0.012373058722234154,0.0004485561512725944,-0.0012431560609541537,0.013488745114865308,0.015058973275049015,0.011489981556175977,0.010606425279328535,0.0006417422479285673,0.02035730383499934,0.005514092875827492,-0.00017104823739622077,-0.0032780423746178178,0.009027006268792492
2024-08-20,0.003277601736073832,-0.007005719905866514,-0.015432130831676494,-0.008888888888888835,0.00438352243729101,0.0032297357635302504,0.004608125181875478,-0.0006503536047174352,0.006061442349145185,0.0007681113383681826,-0.0005314232001559782,-0.018419594729001787,-0.0010945846847364438,0.008520260771244459,0.0029479072722633504,-0.004929395498156186,-0.004410546843868768,0.007645068419536383,-0.0009927553540592937,0.005405207787175792,-0.003064720510398855,0.003815027402442217,0.008902652349687346,0.007702905012338057,-0.0023194027704226405
2024-08-21,-0.004038318428759902,0.008710174098303769,0.00541459297830249,0.0066367521414307795,-0.003818784452858992,0.00442667129371066,0.004128259261579004,-0.009193572861278976,0.007208881867750039,0.009801630806878014,0.006378482683769837,0.024213046290354034,0.023557318351954404,0.013783836869465604,-0.0006531529697285654,0.006109467434750382,0.0025775296232692924,0.006880786732516908,0.004826679446637838,-0.0008656980720255225,0.0109161428443032,0.006650924495073429,-0.0023757966443334055,-0.0008590137793044184,0.009963513692217152
2024-08-22,0.002779231533608151,0.0220187946327417,0.004393252480376919,0.0054347881500491635,-0.0006389811393989753,0.006210018625629088,0.010507279774557343,0.001173718698207038,0.003907040577752818,0.015670641241510408,0.005017618137730162,0.010047463020904424,0.006066145534439293,0.0008773232093710615,0.00790847926147098,-0.007057283459115049,0.012131471256595194,0.01662649549343076,-0.0005651581294967567,0.00022910888701321852,0.006640193395264005,0.0042471496013405385,0.007654347167088904,0.01280843182275282,-0.004932577017436546
2024-08-23,0.031349266984388,0.02399457031974994,0.03174841041831766,0.037040322212625876,0.02639511022208252,0.009887562468573918,0.015370649258818592,0.011001901567074146,0.019804452288225027,0.026021754713311918,0.017693044724849116,0.018724183713532794,0.005053997556820233,0.017966538633434226,0.015692959734659784,0.009752290948419118,0.02286066292732092,0.023106391859469166,0.009612771354974292,0.04080228924892504,0.026447099470047197,0.017387462304027768,0.005739288528462616,0.013155657849153624,0.036351560797409865
2024-08-26,-0.007444860707336742,0.0037128457509878476,0.011624668364798474,-0.002648872612383446,0.005339093497003011,-0.010448027457084175,0.0013358417558471114,-0.01094271380594658,-0.004964649626838735,-0.0029177420011740063,-0.0019796049796042547,-0.004020610601148,0.0004411075541210785,0.006887668098987998,0.008363521346365976,0.011131080589666942,0.0003104542609515537,-0.003754296544021818,-0.0023803403198376927,0.0011439078151402882,0.005165327486921223,-0.00184769645882632,0.004699620456888098,-0.001089088510340841,-0.008928517167065997
2024-08-27,0.003772505230531298,-0.008960052918471129,0.0031094108513445295,-0.011823208262336182,0.004956584854995283,0.00013282080465559787,-0.009337360999830069,-0.0011233402558282757,0.0031225545814357325,0.0032640179217442444,-0.007847468598022211,-0.002306802318550183,0.012698425208133246,-0.009833322635518948,0.01500572560444624,0.006151975582985303,0.00031042115701085393,0.008626248037865825,0.00028059926928425405,0.00426285806282789,0.0041229141629555155,0.009717858641503652,0.007016321381390522,0.008554294530440432,-0.015444033773686194
2024-08-28,-0.004023682734888512,-0.01202723350400392,0.001078132387988484,-0.001994067408024547,-0.0004404160657520695,-0.0033197570636093188,-0.010772099705191218,-0.005232396399867056,0.0018610545249519994,-0.02002465075221771,-0.0004345503630878156,-0.0034680778680492574,-0.022117582503179967,0.0,0.007485533865139171,-0.002574424033456757,-0.015821444608852264,-0.005312441078188845,0.005472349630451179,-0.0036757831488331005,-0.0020232963417537997,0.012602957276541815,0.014764458351330889,0.006735346444513901,0.0013071911182527263
2024-08-29,-0.007680270906320397,-0.010830312450275548,0.0016156834932570252,-0.0042567792648023905,-0.015948595188075232,-0.0040639341463427625,0.004083304989301206,0.006193903557127234,0.006619680748390477,0.004750741850790163,-0.004521866230290494,0.02378161794272815,-0.0027605964485780676,-0.0064766885437366195,-0.0025385360936971413,-0.009517880717296201,-0.01237188058508265,0.0027877539136167417,0.0001394969018913006,-0.004963252672330665,-0.013177735155842751,-0.001810389595502726,-0.0008174510584937345,-0.004295054102752993,-0.00489561741348854
2024-08-30,0.002415969870555923,0.014853079263767333,0.011021431610885202,0.004536700668347438,0.00304455608507026,0.01411373511270475,0.006778418085361393,0.019078111666771758,0.012548264250269225,0.008317165703247476,0.004542406384324016,0.0028331053556960306,0.011340222939067335,0.01086512445366039,0.00788338049691717,0.011563675079899305,0.019867643581539918,0.005852777149663924,0.014231993110827013,0.0005296278167290502,0.011178516571158426,0.009068271122848026,0.016197783798419074,0.0010784279991988832,0.00660288759383687
2024-09-03,0.028161914666318344,-0.009533993906151284,-0.01196490833552899,0.004516278228395398,0.011872744577714922,-0.012004524986772624,-0.0035909584719431287,-0.002648687144249595,0.0029821937997143166,-0.005084690763611288,-0.0032175039610381484,-0.018644166896012893,-0.0037963674469346786,-0.0012900044355818041,0.007390563460072164,0.00700106669557421,0.004302824003712624,-0.005935109343142231,-0.0026139060893221044,0.018309368394155534,-0.020496215516837446,0.009211308418851871,0.005313134340558356,0.01143512303548877,-0.006887487456247565
2024-09-04,0.009332908130735174,-0.007092955061680506,0.0014801798907733144,-0.007522070889117938,0.004234783086426219,-0.004673125196058336,-0.0009007316985351066,-0.005479740366887476,-0.003502014645913154,-0.00204445986449997,-0.0018319436903717623,-0.025330874733783704,0.00035442592433376774,0.005165773798919027,-0.003484819179586096,0.00690430555991961,-0.0007789394090564894,0.006643674521098042,0.005517274331329869,0.010441526208956553,0.007076826437880435,-0.007346265723742751,0.001761684712642042,0.019826469533644975,-0.004293294054336316
2024-09-05,0.004816720054004131,-0.0017858879095148383,0.003090080074116708,-0.00557539319229905,0.00035143522040970154,0.005500225529310621,-0.004057628671117142,-0.007068896907475919,0.0012599375258290912,-0.012404524380818183,0.013284374423881085,-0.01181346193076116,-0.03357841627023228,-9.043156290466925e-08,-0.011349688934073732,-0.006059403495775828,-0.006704609475422618,-0.008082492612584646,0.005486887902621085,0.000643004062439223,-0.005452015385578823,-0.0038126136474528893,0.004316524981270664,-0.0038560863226132502,0.0006632872307181792
2024-09-06,0.01078575613347943,-0.009285925247980775,-0.0013395311257821119,-0.005256228349546421,0.019759354418577457,-0.011273565602724855,-0.0045271596818636795,-0.004599976718004384,-0.012582541969087147,0.0001152966192574656,-0.004226332943807587,0.0,0.003666999337315291,-0.00519239994990095,-0.010052825666634457,0.0011230627679132965,-0.0014127832085157888,0.013072597949672193,-0.009276819877565567,0.022025094476036067,0.0019490934265242732,-0.008329557849126479,0.0006367842038519367,0.004838671212844314,0.005966370422004319
2024-09-09,0.010035608614590297,0.016854275158204368,-0.0034869558572878656,0.015059436710831431,0.012228746370606558,0.007556460180003111,0.006366513264125961,0.016920232942847724,0.00617025855849529,0.006682692519800026,0.014465135002076135,0.002390911563714182,0.008311884231175126,0.01304911783985463,0.004826620569432061,0.007371652930063366,0.023736477743279583,0.01698343341939057,0.02506189833680872,0.005534461444603123,-0.0032009977049937133,0.0106697957470121,0.02068084216628585,0.0219101099062311,-0.002635933251912914
2024-09-10,0.01802713023202962,0.012769590997349978,0.0028262598308321785,0.01336110434656379,0.020418540782517258,0.04968506908947745,0.004066992278562109,0.03964891750277966,0.0273953947791179,0.015508619673684665,-0.004439874145657163,0.0,0.03415173043201469,0.00343496572571822,0.020212161791048233,-0.0007953855322261338,0.01650669288539164,0.02173551512649685,0.009940696414927341,0.011257939433516606,0.012536309448634597,0.024034149521011683,0.012624687535403911,0.013272685778553006,0.020482271365731997
2024-09-11,-0.015895911099357285,0.006847062952675342,0.023889488245679713,0.0027397233430073165,0.0016675912642738489,0.010589604724553281,-0.0031504035497482707,0.0033767417457954974,-3.2285056376868404e-05,-0.008058302961344022,-0.0027445082413594113,0.002981575953194149,0.001927059409966958,0.005134631838902504,0.007093006057137474,-0.003184277882784081,-0.012915326489978396,0.0007239473170017607,-0.00997570745735965,-0.0028450403296818028,-0.0035375290828116857,0.008554398695324261,0.005541032391094491,-0.0027903283368040377,-0.0009711951275741537
2024-09-12,-0.007657898092565674,0.011030036888952655,0.030410287319374785,0.0030737756310552644,-0.008906362517540622,0.013066531939107229,0.011738089715872979,0.0012791826384059846,0.006358123800459525,0.0071581987072606434,-0.00017183867020009735,0.022592122904883105,0.017310745212092638,0.0068114400163559186,-0.001578591955328279,-0.0031945178442793765,-0.0030606963458477132,-0.0007792623099796003,0.008134227328189247,-0.008228417812011335,0.002203453129937749,0.01239664197488044,-0.00505132116647955,0.0013212586016344563,0.01782248721197499
2024-09-13,0.005735088886217321,0.020588974160040463,0.018445510101288587,0.010044265163924537,0.01144633671178652,-0.0021346884864043014,0.007586209821834888,0.0031420448676939827,0.01234600319296475,0.003497222909575548,0.009719482660991208,0.012790808258973607,0.0060157578838295755,0.01564480243581179,0.010581328564693848,0.00480699691316655,-0.0023793470796291682,0.008536566759356434,0.004303434151664787,0.01292461206174278,0.0017101767854941219,0.012459984961748827,0.0009231411818972912,0.0071412477433976385,0.033110518138499856
2024-09-16,0.007631062498284491,0.0023306137218557232,0.017986349202711915,0.007079018304116724,0.011779572739325284,0.012206617232655148,-0.00752909254601275,0.005771517447036967,0.003502624589012404,0.0076582616318809915,-0.0014480908355991584,0.0022961454879448784,0.01585813203833797,0.001665286468425009,0.002828144267170485,-0.0004783864564805729,0.0020151474762046817,0.010663729976115643,0.001205021162294928,0.008808338099487,0.0053650080876257444,-0.0033950001691465115,-0.005533429009853319,-0.004393107750413794,0.0018488862076100343
2024-09-17,-0.003620234222568963,-0.005612770735909378,-0.013374293423472738,-0.011129722435604061,-0.005904400949320321,-0.020451297075862462,-0.020972697588114708,-0.01396350096562693,-0.009550784008304669,0.006474110060614047,-0.013564233131798664,0.020045730264887318,-0.019206417334148296,-0.019950041076526426,-0.015901480254232103,-0.0030313214835069324,-0.0031713803579482835,-0.014931323145331743,-0.01457785545540613,-0.00036722178718207044,-0.003335198363436098,-0.012774112188683628,-0.004173085816639777,-0.013314698428618432,0.02276226711143403
2024-09-18,-0.014616866585816846,-0.0012097325563568129,0.010944084395383635,0.018448001514386636,-0.014723154775537983,0.004251724319469963,0.008204227363047822,-0.003910647744828855,0.0003202157136363848,0.016053205510778934,-0.0009513590910850134,0.003930310149714122,0.004572196115622207,-0.001696360358699578,-0.0004876924312080533,-0.004800774757268811,-0.014355485442313132,0.00880942623344727,-0.0043431504885946826,-0.02077548274094332,0.0,-0.0038818741913881905,-0.003414483415781655,0.0016476183034301872,-0.004511310789270029
2024-09-19,-0.015427000111323919,-0.013240686648260946,0.012547729739421865,0.017781465864402213,-0.022159991821714464,0.004107380203861144,-0.009945834871560422,0.01166156840605237,0.0005765824827488331,-0.00858793001971303,-0.011253492363367812,0.036353364443806546,-0.019922707912228055,-0.012744410431966391,0.00359908247585472,-0.023958848573802927,0.011651678980017177,-0.00582184677037223,-0.016766732332264445,-0.006752511716889731,0.016489047198973372,-0.0008660004138536515,-0.03130351546522825,-0.01785859657978195,0.014803609806058438
2024-09-20,0.01183771601316752,-0.007936487359828992,-0.015672538918587664,-0.007265894400931172,0.0013892488725313346,-0.0012584686853667204,0.0050229727586170725,0.007129872438401241,-0.01987711077535359,0.0017770555563443313,-0.01041847151592501,0.010793296715377432,0.01077717192348615,0.0,-0.012460916578242665,0.015321056276280887,-0.023579895778025772,0.008644355562841044,-0.007486526303694396,0.004951961460967214,-0.0030526631809667526,-0.011484406038935191,-0.0004823486375270525,-0.0009569939484928014,-0.010419661745403763
2024-09-23,0.005147600042442413,0.007670054649077551,0.014194009833485621,0.0017269661768732902,0.013266361753249578,0.014240576563371965,0.02544300762170293,0.005380771712962584,0.011233978429662894,0.015132034635003455,0.01424398392760362,-0.005338906256077025,0.026698986651031653,0.01678148832283055,0.007386366601642047,0.011196119425918027,0.009245275327890434,0.009095376762639829,0.007682743597237973,0.004426396074368455,0.009606739543112974,0.01600193384763049,0.032813267501953014,0.026502719598832103,0.009325996206002829
2024-09-24,0.000846439816639899,0.018251864628849646,0.00389444463505062,0.012724760551876768,0.004449727108031043,0.007268946949766875,0.008861185983827458,0.006417790345056851,-0.030421144862291527,-0.005351012590363524,0.0028786521037695856,0.0026838401215658614,0.006163499432104702,0.0,-0.00470502238131143,0.0038510416331758446,0.0003949408713443958,-0.0082737732435898,0.005406179530027755,0.006028462365989418,0.011656174939522979,-0.00711970590622335,-0.0038936197422987373,-0.007698955768105864,0.006855428880727876
2024-09-25,-0.0035521790576185097,-0.0012057742239394154,-0.0204873583875278,-0.008106355342511917,-0.0053671496721984235,0.0047492018599333274,0.0013175601825285987,0.00273770865395484,-0.009093171779057219,-0.004501640854385314,-0.0013047749214502025,-0.02516062857349688,0.0012586633476352471,-0.011426116291426869,-0.008164884952688523,0.0012786653355962851,-0.010183152111281846,-0.006657710751176604,-0.0017923699695032713,-0.01095133653620961,-0.005937326382079888,-0.007388194785471369,0.014540342852477517,0.01159879100799377,-0.023978679671649128
2024-09-26,-0.016381770784534067,-0.021487189206885304,-0.006683108764686696,0.00915334047887617,-0.016873629650534405,-0.0051566285663176,-0.013157980762042332,-0.012393176032045483,-0.01119323062383104,-0.026083470416618848,-0.01036395687337155,0.0016474445834915308,-0.01684542822442492,-0.020976031763214498,-0.01757861860437926,-0.0025541327897773414,-0.00127592147087352,-0.008565386705859379,-0.020442047767729732,-0.012827430641942805,-0.01590770984610046,-0.010288974405633033,-0.016335232917650266,-0.019600135966283072,0.005762918418109164
2024-09-27,-0.0062560500935922025,-0.00468787187479025,0.006354064184226793,-0.002510569967285936,0.01594349456463351,-0.005553377766824519,0.004444473889279932,0.0042209375893929035,0.0014616095794048878,0.0035105610592807146,0.006600296804328831,-0.006030694903814693,-0.0049440432518428334,0.003935395402790087,-0.0059854035088307,0.004001251706082787,0.0028745878652378654,0.00039277867500087105,0.007473190707717903,0.010073568356699258,0.007812011289701992,-0.0048660645242819545,0.0001566770427858799,0.005136175161238876,0.01779228054880644
2024-09-30,0.00972552919616354,-0.008102297010720627,0.008397338432555967,0.010635749025435626,0.017322729888259225,0.004157476093890056,0.011947143958486839,0.005596445115551241,0.011192924048134767,0.016701253261836246,0.005158311831291451,-0.018404738966302348,0.017990105811903412,0.01132381822034545,0.007162319566891062,0.010999448593275396,0.005494156409932893,0.0202723811544665,0.010917004591383339,0.008632195605156712,0.00781122795801914,0.007779476177384614,0.00454254377654717,0.006525273244073482,0.0032594040841296135
2024-10-01,-0.002107001118348162,-0.013810498787209746,-0.00969437197205858,-0.005864422696393978,0.004046188459642108,-0.009639857104157934,-0.008745042024887573,-0.00521609131668388,-0.009173525934964122,-0.01059983909176565,-0.004039651924219734,-0.002840940077746268,-0.004965066357407899,-0.006029222771271603,-0.006859660644275567,-0.002469996548189357,-0.013224699999948686,-0.01047073463806203,-0.0008310490047328534,0.008059847776843654,0.003135680437299282,-0.009704407157261286,0.0032976965634112787,-0.003514803936580435,-0.004725193635295444
2024-10-02,-0.0008186002795568248,-0.007428995901283542,0.005773027134333475,0.010020184757733697,-0.027957303123302912,-0.004180362837432394,-0.014556898695877951,0.004076869958638429,0.0011275115146500703,-0.005889491963423699,-0.019839578968225857,0.0011395644435245877,0.009810449682603029,-0.005199149200496578,-0.005386153767062973,-0.009206393928706258,-0.00345064132741435,-0.013220073137387045,-0.015518795698145293,-0.002761292560830686,-0.005956935897390214,0.0046770787723153795,-0.010173627436712018,-0.004311202444669204,-0.0023741458058992304
2024-10-03,-0.011212747539558143,-0.007398448445333106,-0.003992985408051264,-0.01976159103062991,-0.012869279528912259,-0.014410922995623632,-0.005371488638072464,-0.011707566983658269,-0.011295207926198092,-0.005191107421046892,0.0038682734389903217,-0.010814091926134362,-0.008123791102514488,-0.003919968775691007,-0.011531601379462297,-0.0003202034099287765,-0.017233117693177924,-0.006473349942012763,-0.0005628890785254193,-0.00851346521831442,-0.001127273942486906,-0.009088881654379488,-0.01059452978165809,-0.004486988478347276,-0.020523407320155007
2024-10-04,-0.024511655213394934,-0.004160172516162741,0.011526011848464357,-0.013712049879254229,-0.024586571495889498,-0.0019074136244500162,-0.004500479273965352,0.0007533743758223466,0.0005176128916639655,-0.03873858347194936,-0.00215072706265218,0.02761812397461272,-0.0012665961183901953,0.0030607920172862624,-0.003416238717100728,-0.0062502435560995995,0.0031136448543100936,-0.021529761748566134,-0.002253284822176904,-0.018923858389251813,0.007306176136437248,-0.002460930613348955,-0.0006392544567808134,-0.007116880719757135,-0.0015182597348096794
2024-10-07,-0.0012966086731851512,-0.011662283098154314,-0.010403848650736847,-0.013406116900713028,-0.002511620354273769,-0.003375679226664041,-0.004972819770564851,-0.007834642423828697,-0.006795941515281845,-0.0004721735870124588,-0.00978888334293515,-0.02127657647277914,-0.012766407163978255,-0.0008719345751165841,-0.006984922699644014,-0.005483001928867859,-0.01976787707085703,0.0037926532529188872,-0.006210065890379535,0.00994199053746736,-0.012265743912895366,-0.008522115673273434,0.0014392905591331662,-0.010274085737128624,-0.0009125391472978306
2024-10-08,0.004074014076504318,0.002113423266725034,0.0127660535243026,0.015181995806584858,0.008093419772272847,0.011567747849801524,-0.008632682128627334,0.002873520726843992,0.0019796798276869865,0.009209251261550255,-0.005532462391870552,-0.001144127980931886,0.017727247203210394,-0.002617630619384914,-0.003256190150330629,-0.002594291925779868,-0.005500170211250821,0.0035476891307071323,-0.003550701126201594,0.003828175817003565,-0.001611941033401565,-0.0024883004330459313,-0.0038326558378565245,0.004023529199745024,0.007914759985280018
2024-10-09,-0.00844333160686872,0.005360412990480956,0.01828949248751588,-0.001074091173503433,-0.005619946796347253,0.0053701004929604945,-0.0018329354531082531,0.004871075941864422,-0.0010052729689291606,0.006141565161207341,0.017692669090091817,-0.0005727192545903481,0.01388421831759823,0.014435576043505982,0.0015680728845925973,0.004877138991229657,-0.004189577429336455,5.747824951551905e-05,0.012827699909876422,-0.013200919831909741,0.011959570954614529,0.0009072305882451559,0.005129804666038407,-0.003446295232624963,-0.0015101288387078249
2024-10-10,-0.013044614763732754,0.006030801138847686,-0.0020629038890788154,-0.011497099851987214,-0.013725600646714353,-0.0017596322217399152,-0.012855894340615293,-0.007094426713502799,-0.009993220605651554,-0.013022375284474252,-0.010574444913325598,0.009169191826954082,-0.012200237447628992,-0.014230155550939427,-0.006980692628916985,-0.0055007432288316505,-0.0047122671342911815,-0.016927077086695608,-0.018153808921634318,-0.009512922383036693,-0.008272691658317233,-0.006976973222859839,-0.018022310097089433,-0.009892133782522183,-0.01300656514000631
2024-10-11,0.006287292140426226,0.0217202501734004,0.008999213349820456,0.02024933583539501,0.007913291613970586,0.011835066688418827,0.007906797279360056,0.0011717096784931158,0.009708431936854778,0.004535462034890747,0.009419496933498861,0.011356999899562181,0.011090536267949869,0.013998220225110325,0.007883883595248387,0.004555230158453494,0.016570851008207654,0.002221462682373998,0.007596486946950032,0.0012005102493501951,0.01757722841857179,0.0071411798216485245,0.022413420122294525,0.016814243980029397,0.012258559222947163
2024-10-14,0.011082156121460907,0.0204081206279223,0.01711447615472972,0.0013121957870450007,0.011009803404441243,0.007777025134889204,0.00969109117266198,-0.006356334569754152,0.01135128595367263,0.0035183719899942734,0.0007178833548409091,0.005053299441206249,0.0071464001468735106,0.009922210368386697,0.0004561206317157396,0.005829833514575888,0.0018296858965178853,0.0025962412788711475,0.005832183743668562,0.02702244542379839,0.005269940403246132,0.005032078536617135,0.015567987906571767,0.01933199417948739,-0.013321074292830248
2024-10-15,0.034866861802154814,0.010000014826342163,0.02476610734311291,0.005569664391616769,0.02026248769286143,-0.00475350127901919,0.02010966069403053,0.01386797784518179,0.004358923130880266,-5.850944725149798e-05,0.014794146179716527,0.001117282554817356,0.006600791999098243,0.02605726985902246,0.004276198812590559,0.020125558548790723,0.007720345351448055,0.0036948225156769876,0.012445068851124175,0.039571320233328766,0.017183345553030804,0.012972209840657056,0.005631212002320973,0.012931149293282873,0.014114673121901511
2024-10-16,-0.008324843605113652,0.012128730675687649,0.010638176175326475,0.013032549867761034,0.012073456454264386,0.005706780590595484,0.016576848704919822,0.0024714719543821317,0.016608635550975803,0.005785062464176427,0.0028273502385194327,0.003906245063103997,0.011639257673657477,0.013738613364506769,0.008188203236388025,0.013731094638349983,0.04596758952014257,0.007681228267868878,0.009219269482298786,-0.002246223437251116,0.002290344451103099,0.007414147382751368,0.0057552636939248725,0.008510570536041318,0.012102839206649785
2024-10-17,-0.0147680236364931,-0.011575766164923729,0.017391281188532615,0.0045026738459981175,-0.033972939793321055,0.009621822594918061,-0.016747272944701797,0.009827363425913616,-0.010857914410144498,-0.012142652930155151,-0.0014097619036576026,0.0027794725009131493,0.008426574460606906,0.0049282392373874995,-0.00617260837368494,-0.004203569284296993,-0.03362998438424858,-0.0064433085542985324,-0.0034600494667722526,-0.006231028734852151,-0.003885071379064353,-0.011596984343887673,-0.004794473376759534,0.002991927192889099,-0.019431886513634367
2024-10-18,0.00954682549968,0.004453544804916332,0.008996883612126583,0.006003361867989332,0.005637473308507612,0.01032445775030344,0.014791407657338107,0.0071440271118354826,0.0076465886749677026,0.007351627833421803,0.008823069857310184,-0.014966796349448752,0.010445071051241817,0.006129810936075231,0.010656501460537982,0.011726063203731707,-0.0016299005261413146,0.0006369102621774925,0.007916439812353016,0.0010921327330142283,0.014740493191914172,0.010153460271612014,0.01864790415170514,0.011473243393707921,0.007926700135632014
2024-10-21,-0.02134331566528158,-0.018638552435024103,-0.031096800042400674,-0.017186534507196538,-0.01948728899413754,-0.00108835920414041,-0.0203178317060696,-0.017046597286206833,-0.017301921501914563,-0.037832859267646235,-0.009795332059987172,-0.007878557546777354,-0.018686373942711998,-0.02274575262059708,-0.012808023752748476,-0.014217268867416588,-0.038612294370784395,-0.0398413596145476,-0.013366267884678873,-0.016163609342573326,-0.01531761215570282,-0.02188962165353514,-0.013424736766097345,-0.016485118686986766,-0.023290848861992508
2024-10-22,-4.5044169329377937e-05,-0.012968511958752815,-0.0012653176257090282,-0.006395671207923059,-0.0038117252341863805,0.0003025704501053994,0.011271537067804926,-0.0017841698084393176,0.006967113783037382,0.008191738492191902,0.010068840369921839,-0.0022687259972129503,0.0037274607581470054,-0.0008310852281028236,0.008518447429258336,-0.0015674956535749462,0.009934607594028533,0.009251140253610624,0.003770914086789423,-0.008255506609084251,0.003673867630686889,0.010961376477691687,0.002783387847454799,0.0002304608349668058,-0.01982045723735104
2024-10-23,0.02171945741193748,0.01635994669203411,0.0016125924887526732,0.003177702102021618,0.008290059588416554,0.0033284334659968717,0.030762267907606944,0.014560981228128878,0.02235841971191288,0.017514369928775197,0.0006120832277831667,-0.011938830309529025,0.013481831132124977,-0.003327888419546454,0.015788303646372848,0.00863525990852576,0.0158903688311971,0.014480968014411566,0.00500922440611129,0.009235368011567768,-0.005890743838590673,0.009939122826246427,0.015574407937619883,0.0129142898986363,0.006319096931135082
2024-10-24,-0.0015027468860259185,-0.029607887126890442,0.007359463753957574,0.08430796801380125,0.006957125401093389,-0.004041126482758561,-0.005190456914946684,0.005161912491115084,0.006001041402537988,-0.004613739014767693,-0.004456848579714179,0.01611063954262959,0.003425129822898443,-0.0004172769036100421,-0.001726802489645629,-0.014476920928108816,-0.0036415033330217117,-0.004002600645190424,-0.0031843299282654502,0.009766627166990727,-0.002416550506754267,-0.004473305481937584,0.0015183325303154138,0.0020487870444605427,0.00879120893169194
2024-10-25,-0.013853873940721129,-0.02862065457772678,-0.0069632935712384825,-0.007191061527095033,-0.022790624496630496,0.09616656107031929,-0.030869589720468937,0.020730952367917554,-0.02024806355183406,-0.0111719209283071,-0.013781598277814666,-0.0045299879486124794,0.013733433855905863,-0.01670162150606125,-0.017620305086927357,-0.03159068203823889,-0.02367299633308828,-0.006116964272587788,-0.01375009592588572,-0.017393436719373767,-0.01660881175932405,-0.014378843317991885,-0.01500914665178199,-0.013935039412636852,-0.01027078645413193
2024-10-28,-0.0026031649123968714,-0.0026544014976791486,0.004598102749830524,-0.007167624840536235,0.001285559209439402,0.012706390303807824,0.0134591359550289,-0.0018700949883989626,0.013597322908957876,0.006370243210704896,0.007921752822979578,0.0073947131104799,0.00344566971197513,0.014012802272930669,0.003065318354730673,-0.0003261388395150444,0.0022971301536114375,0.0008029616253244498,0.01042109698920135,-0.00765134488460828,0.011728920688029998,0.005242642823633403,-0.0035400091733310823,0.0028420805010445083,0.004717015558084681
2024-10-29,-0.04189541066295166,-0.009492437144566268,-0.013731456303013867,-0.005167510408885412,-0.02237514068593094,-0.00278201846683912,-0.003098898707019848,-0.007352451652316239,-0.004138009446692181,-0.01098774119170598,-0.003444134326759163,-0.005081650659855774,-0.004214249803163983,-0.008793921583711062,-0.01833666893751129,-0.014357970102112039,-0.02122062012596504,-0.015893780216959197,0.0094772368717988,-0.03413343930129242,-0.0031301697841402687,-0.011111000254834802,0.01992584834012856,0.051849358217681774,-0.03348975252913167
2024-10-30,0.002677154286182537,0.015763594420355798,-0.03991184115976132,0.008479112209152317,0.01125596486249858,-0.003446384324916063,0.00888124514711608,0.004757497811489042,-0.014777283634758165,-0.005313167937163521,0.012405830160719278,0.007377802337060091,0.0003135744909967819,0.014786538460689558,0.007816121288664712,0.0011588425683795034,0.0048564538903563825,0.013795748810657704,0.003727702256877574,0.0005608875944633773,0.0005814090059816923,-0.0013758981714659946,0.006815238882381669,0.008082004457452996,0.02720200430546993
2024-10-31,0.0002809892007142878,-0.016400767300989383,-0.026465215798738506,-0.007953363261455682,-0.0029681034405308893,-0.021628024682810554,-0.011883944860001994,-0.0023510427823875135,-0.03455560640651145,-0.008741161756503524,-0.029846801618780283,-0.028732321489016277,-0.030633045401285308,-0.012489648513188012,-0.005323609509622518,-0.01835317102446321,-0.025286975809943657,-0.020159103262736733,-0.017331450227128564,-0.010393344571402396,-0.01720136254125948,-0.031228389352161212,-0.014891924449667804,-0.02578552509765064,-0.017654476347128578
2024-11-01,-0.010677177113543546,-0.006185500143203293,-0.01737828477527359,-0.006031980893018374,-0.008465979440063887,-0.012512039550768295,-0.02093551914377212,-0.021782246268941985,-0.024272396693911347,-0.013288330083723432,-0.0036990386848086976,0.005220437118946375,-0.02077106890048297,0.004637634220642672,-0.014338711365543766,-0.003823631722314702,0.004072952736322355,-0.016410243249625478,-0.00027996529665963443,-0.016908574149775424,-0.00839632060563733,-0.021094902598013388,-0.019850207195682534,-0.011936437377669362,0.0006418531785681303
2024-11-04,0.004023562261159297,0.019213372831522024,0.014780155983643795,0.010447078559442602,0.016701106460642157,0.007499975611243714,0.014298835639562801,0.008578213472886231,0.013142268573739013,0.014832516584944111,0.008964997850739342,0.003461968197686849,0.00982174604301278,0.016365997068213733,0.020178264924858302,0.006963406712161113,0.0040564310842381435,0.02749790485074466,0.012041421289867404,0.014096507522930235,0.026595142276274464,0.01864387659773481,0.0024924847732044064,0.007803858225234439,0.01699793771083624
2024-11-05,0.008203386693838022,0.007522775538862492,0.01307100527478644,0.024175217400634885,0.003137665688921709,0.020866337328049767,0.02364721574730355,0.014588315144856256,0.037026271623809226,0.03069970840775138,0.020732461842532857,0.014951077005435964,0.02762567351319567,0.017753653826573235,0.018728016968833527,-0.007927412997559946,0.005006147875962208,0.024176137831593225,0.012175088506468201,-0.001792178313686943,0.012952984709205584,0.027335453310873392,0.0018648401558474248,0.006030769866676833,0.005045828355805249
2024-11-06,-0.07659586042285604,-0.007027367557757902,-0.005283958229710062,-0.03948936517231261,-0.0481140212845077,-0.0408795771159538,-0.007996483830390866,-0.01998914987224165,0.009484686238479423,-0.04449992179533635,-0.005363662183158535,0.019263573728386385,-0.08979561008402459,-0.013387400443799269,-0.00928856590664251,-0.030941712717283965,-0.0060299840116953,-0.04489143617154179,-0.004647403222391766,-0.0420827767188906,-0.004472703350312468,0.0011570232050654994,-0.019388944946410747,-0.010731320482688211,-0.014119900884286385
2024-11-07,0.002025685727941484,0.006015528310389984,0.020630176337721906,0.020479206184455867,0.007151801390640644,0.027934585778415233,0.0103002158065022,0.018993668920012974,0.009463322583824985,0.019249885475883577,0.004596808527269625,0.0005560863367799485,0.021670809704820826,0.013980498694387444,0.00716188512617566,-0.010877184726569844,0.00413224551709801,0.024038694697891883,0.014419128436458983,0.01293711248854068,0.012326301268625883,0.006239811364971537,0.019455936518395944,0.024313623418705355,0.010184670368294402
2024-11-08,0.019861429898471394,0.002813957904691744,0.0033890371325009383,0.030518732950860272,0.015737472003251263,0.019667154494336758,0.008865110566178114,0.014673946903588586,0.02738280889142164,0.021688822655872464,0.006247772930751738,0.0005553578673012094,0.023862488548136884,0.010948782937007406,0.028767305988623315,0.02004245638413682,0.01418450269319771,0.018881489225399894,0.005008702464241344,0.01056058371917623,0.018606016639105327,0.021589257843525944,0.010861096781122459,0.009348520143049432,0.004725932173765157
2024-11-11,-0.02834487293980259,-0.023500535121201316,-0.011339060492170927,-0.0020576041705562265,-0.01653293500181985,0.004780599527177687,-0.018013983777499853,-0.008208038575693077,-0.0017068271052783635,-0.013237934297940956,0.0044601107989206135,0.0027761463160849154,-0.01896254547848597,0.005214707880457636,0.005466701706973387,0.002434584743723711,-0.014935720440313771,-0.007424437615003332,-0.003232875005078184,-0.01665766856198081,0.012959556654729809,0.00359711232586446,-0.00475823025523292,-0.004124327828143093,-0.016933266216618614
2024-11-12,-0.012035938280579583,-0.027209167134364387,-0.03574917104768005,-0.014727540169772513,-0.017771301097303294,-0.011265853699846784,-0.025055864979031672,-0.011472338120974701,-0.010949053251541718,-0.017645593994628395,-0.010534565500196713,-0.00387590464647547,-0.025034104629703458,-0.01516375649457713,-0.0015621694243280748,-0.010928072669071587,-0.011831861100316865,-0.01976853960027858,-0.0070269494706675095,-0.002679655227983413,-0.017205318501665845,-0.00828856513312548,-0.005552057169355473,-0.012133845184209013,-0.021371506528212736
2024-11-13,0.007433467613254807,0.006461877736815502,0.004555359371622325,0.01307922242216275,0.00498777859910704,-0.014713298809107656,-0.006424875553485476,0.002659302675347641,0.02150846073956303,0.009104269232104167,0.0036955146623511848,0.0005560863367799485,0.012925796491910058,0.0056726348588704845,0.009889603064709318,-0.002104687628630586,0.033880359294906404,0.014232242033551223,0.00517155037723227,-0.004963499937335025,0.0053305138693249265,0.020781464507511727,-0.00046531660113002804,-0.002513510058564261,0.006844766404678682
2024-11-14,-0.0019982961659237297,-0.006970620295534524,0.0010077814044224809,-0.026189619858601465,0.0015570239926492313,0.0004492425304307712,-0.018476052439627244,-0.0033624750652598845,-0.014774645734363823,-0.0037184254133700856,-0.0061364654561795184,-0.030000109645581752,-0.024659469818892443,-0.004029026843928141,-0.024606296098726,-0.014586958800168914,-0.015612874032985835,-0.009404824948140544,-0.0027078123412678234,0.004321244883029429,-0.004799840126955335,-0.01416229710950423,-0.014740064351478566,-0.003927225499497311,-0.0009711951275741537
2024-11-15,0.008625569644961972,-0.024845278943929516,-0.01182846384165226,-0.013409123276219237,0.008550400037384387,0.008192586009502234,-0.018352845571989795,-0.0008350737761426696,-0.0032370060862385586,0.006914088578419797,0.0014993854739686618,-0.011454755703921182,0.01555876678025725,0.006876968925897176,0.004575016097201345,0.008382521342551241,-0.011590437407822729,0.009705032209693432,0.0,0.01199247666588632,0.010992107117131944,-0.005387190531909947,0.0015747618718475742,0.01190284939854136,0.00226832495047935
2024-11-18,0.01216577671683483,-0.0034096614644540946,-0.0015282267805546423,0.018736101677459205,0.007610749101164771,0.020147842957337847,0.00047959862039048673,0.013494972372630976,0.002584737451879482,0.00206615878316474,-0.008895475876446013,0.008690521930566408,0.005396916842817401,0.0084371615972747,0.0027200517263934465,0.004067951612746867,0.01084468597972199,0.006805811035911047,0.001493235058189768,0.002351953817851582,0.003217562636325777,0.002933924838812718,0.004088081729425097,0.007278537314445499,0.0029098832031633215
2024-11-19,0.011617448897222049,-0.006937907878368232,0.012881096154861549,-0.0038440831678199228,-0.0011474554040774576,0.021714385167346473,0.025395412824271935,0.01486567070141498,-0.0025122895900943076,0.00369923271282957,0.006309473617732708,-0.004594912863538303,0.008744665105481442,-0.001991957567074154,-0.0024601647546940164,0.007221921549238841,0.004186617815027827,-0.008420012741715333,0.006506833909593723,-0.009656593222487908,0.0019904149756619915,0.001350108070640843,0.006107030735267083,0.008539428032086294,-0.010960683314174768
2024-11-20,-0.0013422823128740324,-0.0017226553995954852,0.0017628467153436578,-0.002875339529984089,-0.0009570315684543917,-0.007262324358515371,0.0014015931920567937,-0.004398777940209708,-0.0039430702302785114,-0.0028396991758782297,-0.0007947890543993363,0.005193325688749972,-0.001802428447624349,0.0015967300197257117,-0.0024663362182920645,-0.005246517196503597,-0.005124681271366338,-0.004754271616991601,0.00377095914526393,-0.002414908979903596,-0.0016554767501999468,-0.003595495567588425,-0.002178918949819586,-0.005644786951059744,-0.0003260802919301531
2024-11-21,0.009607735105131132,0.015147125508617965,0.015208556531937534,-0.00098652970114399,0.0012455568684832663,0.007853267345379722,0.013066011277991008,0.005071163422893932,0.01247551358750032,0.01114895587176079,0.011047283075243053,0.026980416775397087,0.020894223466714212,0.00876838978365857,0.005008333478600857,0.008966216529339155,-0.00497642774500473,0.008982741344367717,-0.0009390884404606448,0.0022380084923749877,0.0049195337075575996,0.010599961198052732,0.0029637221289422477,0.003493636822591739,-0.002282310899028528
2024-11-22,0.0073962297525767,0.022759474693466064,-0.0013618182635978249,0.028712487311386203,0.008995222529022406,0.013182535497716419,-0.004145622587866882,0.01382636746426047,0.003910008581640367,0.007550200644414806,0.00402093671058279,0.02012304934452569,0.0031162538356366287,0.0023706978410968915,0.015202098293801702,0.0010455225992571648,0.016056955192646827,0.005151188428045961,-0.0029547125563154086,0.005605437402402158,-0.0036303951103217047,0.006248541491565396,-0.011664172824942587,0.00021728621694006023,0.020915051290995468
2024-11-25,0.01585809827513529,0.03453370185428439,0.018100880849137635,0.02407154944938572,0.006069714888829125,0.015697510182436147,0.01665112703403282,0.04056086536344772,0.013321273289839564,0.01350076438302783,0.009750914593580795,0.009314886124799138,0.01410585766540895,0.006700939932325012,0.006461996204567111,0.0,0.019602673164854645,0.030363130447058406,-0.00296346875465503,0.024109481877093053,-0.005686283818355453,0.010645254987184716,-0.005507361837311708,-0.01566226149796368,0.0316901094084403
2024-11-26,0.0021681790505541088,-0.0025883147370757698,0.013394912107910883,0.012545895188877054,0.002074002101472905,0.0062233395121225055,0.015468571922717889,0.004012902126993012,0.0004842875365451693,0.007452463620777339,-0.0006897021756079313,-0.005971812408413935,0.023431015829407542,-0.003132518664638151,0.007284848927186172,0.005221932881586122,-0.016092103864411955,0.006353684716498886,0.013239701325747921,0.002699376981965207,0.01859992924789733,0.008119501711050026,0.016613772443906827,0.02364645326900594,-0.0099285837053662
2024-11-27,0.006250033686113765,-0.011006727264153415,-0.004325903223599048,0.001993976021436028,0.0037629296950727475,0.006494083280677687,-0.003584288588312168,0.0008586737223226226,0.009975826789116793,0.0058248550080013395,0.01406395088230683,0.006554056951357579,0.005096567329681223,0.012568792014483021,0.012503120835312131,0.009870145917872275,0.014031144205390644,0.003770899283784379,0.01213349856292334,0.008473364409135709,0.0015807163568966054,0.008489298979194926,0.004513706265783846,0.0024466757611387724,0.013788688955823192
2024-11-29,-0.0014333151374349429,-0.00262391218108049,-0.010499753639251375,-0.005116915545084422,-0.0042174162473940235,0.002099644189523131,-0.011241097707697212,0.0024308000172208466,-0.007607752898486586,-0.009960501525352217,-0.007487647785146545,-0.0005428101414443054,-0.004587869129874522,-0.008145723683543826,-0.0062953610957010575,-0.007373052139855618,-0.008658787218843056,-0.0094203851044935,-0.00421577742831436,-0.009890008376520987,-0.000816478823321698,-0.010144664356893651,-0.007282356445593052,-0.008040218442120106,0.003421479044573683
2024-12-02,-0.007990478530049194,-0.004808314571990824,-0.013538334685770925,-0.011429430964582377,-0.008753154473977731,-0.01803876973896279,-0.015461249731703375,-0.016953995188034643,-0.02051791800387026,-0.007194782602990002,-0.020574338388846924,-0.0016286122392293878,-0.016819015256101744,-0.013688138281769513,-0.011330559662344974,-0.016242555061509067,-0.008049281501994798,-0.01143512056131446,-0.012699903180133587,-0.01462993380466382,-0.012145893886971848,-0.012211044070495114,-0.028250280358354085,-0.030033183183507228,-0.008989454216770443
2024-12-03,0.002218674196408532,-0.015314518518198206,-0.009025669658229263,-0.009104664443912003,-0.005981653482541871,-0.005672284310485165,-0.006466815200795173,-0.0012332646667965186,-0.010161398511449704,-0.024686266846886462,-0.004901452588358057,0.0070691839597047945,-0.011760659407159424,-0.00039651251293226775,-0.008071340345288447,-0.011642462573752232,0.00483437437039691,-0.023193105244602386,0.0012059379768278866,0.0006729855300986465,-0.004080233469911043,-0.011258190498114495,0.008191413818476212,-0.008803879383527002,-0.007819829824737168
2024-12-04,-0.0013956431288365545,-0.028605624810783437,-0.004741156306930727,0.004521221433028577,-0.01184443744525121,-0.0012038814110884033,-0.009762766265704714,0.0020650393327044103,0.001295686110868166,-0.009303010167291736,0.0006156903513074852,0.0005398229171191815,-0.01081892128791051,0.0035701939744323674,-0.0061494775306686345,0.0024987361331496594,-0.011598068768321812,-0.004403456111668924,-0.004951943645264523,-0.010220065503254494,0.0048719432843364885,0.004465223868497681,-0.010196056134560094,0.005570021421978044,-0.015132344870502523
2024-12-05,0.008000086444249765,0.004765034452355321,-0.006769182476849878,-0.009655185706386127,-0.0012566338710167102,0.0012576322309019172,0.008920234995760667,0.008450237330814403,-0.005706805530142356,-0.0021950257549889773,-0.0013186176271346994,0.01457096348831488,-0.004122538186181024,0.001995952914906507,-0.005062625485088956,-0.001958399153318635,-0.010951716085376928,-0.005797792710764971,-0.0005379054601196698,0.0034870144032483896,0.0020384971474616265,-0.005779068819442679,0.0,-0.007335982131245755,-0.008962894571111879
2024-12-06,-0.009848984822045548,-0.014986295663309557,0.01400973406803141,0.010702292431195248,-0.014227632256627043,0.008425805939078712,-0.005118744094624428,0.011501463182904681,0.0014348084976316677,-0.0006110034862784053,0.0024646405673378613,0.0,0.01512213028635867,0.0035856905432409825,-0.0015703196958656296,0.0019622420064024926,-0.015730820517379285,0.003997899953815498,-0.0024222622865025523,-0.005415566932418847,0.010776350700469672,0.002459319235945223,-0.007725573453191692,-0.009350765452091792,0.010658836776391567
2024-12-09,0.00936750438430023,0.02792496138971101,0.03323377446356379,-0.004279167216313606,0.0014727212090546171,-0.023457324220173215,0.014967307415541642,-0.01626410484036256,0.002999012051838834,0.005931093641658558,0.002809724373434408,0.0074467987462081275,-0.04843558797361802,-0.005954744076450358,0.0013211555931353924,0.005518975401917592,0.030535716801703527,0.004700702719139915,0.010656951738903686,0.013068160810494334,0.0020359124079871727,0.0011149465099873357,-0.009570181929052679,-0.014615097032486757,0.014381628574238636
2024-12-10,-0.04549378199415488,-0.021077393405100286,-0.021925093844509247,-0.010270146931842916,-0.014117627412123634,-0.013073191846941445,-0.01198166628402686,-0.0074923953502064045,-0.011195948689401547,-0.025104675514678654,-0.012695837596295667,0.006863787694744383,-0.020290358853813584,-0.012380131365875235,-0.003707038914855909,-0.01239369113593225,-0.019667283918979872,-0.022588548432500133,-0.007874968416339612,-0.026336876015972788,-0.0158146017239702,-0.008687868339904758,0.0014739410447170975,-0.0013904969273164092,-0.025834927430720467
2024-12-11,0.0003007972348152421,-0.010621782997623619,-0.01478014652358961,0.013099784481403365,-0.013723193261932276,0.008130877920701662,-0.007928838532543225,0.012321839874412044,0.0013775545828780267,-0.00536240570352442,-0.003547497417538348,-0.007341364277169804,0.009551999350647433,-0.011322319235902212,-0.0014505959863279072,-0.00824670277526618,-0.010517042320276171,-0.014177189319126926,-0.0017491850899977734,-0.005382175762453589,-0.01450653536999491,-0.004269685638550236,-0.007031907362261003,-0.005260336550091171,-0.0009702090147055697
2024-12-12,-0.008717891776817255,-0.006964014274651875,-0.000625138811475523,0.014746467567148702,-0.004133923878653301,-0.0004806559136191213,-0.01598501600104507,0.0017768601901866354,0.014293328821755935,-0.0037611188009921692,0.009968018739421325,-0.005810809425003671,-0.0015032717027398945,0.001635912831319919,0.00012635367422975108,-0.003253892893223531,-0.00276868015235443,-0.007886388069492045,0.014959613537809169,-0.0007401418795048853,0.003227125681519949,0.01150991288892711,-0.01119902172797882,-0.0011663852102794525,-0.015862769983743807
2024-12-13,-0.003487473165229238,-9.737206816207156e-05,-0.00012510597089310238,-0.017109308811494528,-0.0009773472862106836,-0.004679730764989398,-0.0081224456053417,-0.01056081582664592,-0.008303042462675214,-0.004530693274857556,0.006785271932754355,-0.012752438817393186,-0.009032923538162319,0.0049001454370263264,-0.007136157010635524,0.0036273914729119117,-0.004657526919090826,-0.000535067425229796,0.0007968442276982124,-0.008192510318199009,0.013543957472420542,-0.007809025848888429,-0.002165173316156399,0.00529420705965955,-0.011184163631611677
2024-12-16,-0.01739711227928198,-0.012565851178708787,0.008007159910740302,0.004588416678956264,-0.014313727464686177,0.002323814650344813,-0.0024085176433540356,-0.007274608045907738,-0.002468512852206395,-0.006258721344303386,0.0015755260416800976,0.004305682690839863,0.0009444037923365123,-0.007314334605920347,0.008459591146292578,-0.013733463878962127,-0.011799849525375716,-0.007618992199391772,0.009843850922462538,-0.009333584567315145,0.012973320102030561,0.006071526223998092,-0.007177452089657477,-0.0032527039776845124,-0.013639431015954662
2024-12-17,-0.0024259209731460896,0.009272946533064985,-0.0026063724464953086,-0.015225048620591264,-0.008775484308968018,-0.0025340846940579143,0.007725967230103548,0.0029854104021229677,-0.016552264846694142,-0.007133820226051357,-0.000873787580197849,0.003215446349080775,-0.010782590715681883,-0.005321366456028875,-0.015641752381395424,-0.0010995672574023452,0.0,-0.005837815750807107,0.0013263587902010432,-0.015498367468580021,-0.010828307846790897,-0.007375940236612477,0.01244115436164872,0.004118001619617617,-0.009106167125704223
2024-12-18,-0.04351643614142764,-0.04281104659732571,-0.07628178144621178,-0.050872440322161205,-0.020868390486181942,-0.04345955030802606,-0.04264513104837986,-0.03586454772848957,-0.03437608506523826,-0.0442098116544839,-0.038485097367625176,-0.06249994959021743,-0.06249437447721351,-0.041975247668079696,-0.03331849290138533,-0.03136442369843728,-0.04555887599180164,-0.043017438618395576,-0.030331141893486846,-0.037944490881152926,-0.04695506120817783,-0.032875592083991156,-0.025240748597883833,-0.028166713552897682,-0.04833226787424971
2024-12-19,-0.029483507943185217,-0.006535174751905126,-0.012124645943113688,-0.02536454149480505,-0.023358437091997586,-0.0008476298615072153,-0.011011193031399191,-0.005192122774979269,-0.017535897112092913,-0.03596110424319354,-0.0034567771170768147,0.004558257774098351,-0.015405569183730816,-0.011597957158203664,-0.009544683790331687,-0.019882872735098145,-0.02415549608411638,-0.03518088208739134,-0.010790915749100738,-0.014025670793981426,-0.013118681969331747,-0.012339955875251274,-0.01652473966986512,-0.014411998400256643,-0.026824030297364132
2024-12-20,0.024135971384931842,0.019323553285002237,0.01786459687858466,0.02793475601755202,-0.0007716684640564075,0.009954237484508743,0.018218820165135874,0.006130853818462345,0.017024546985940026,0.03266605034845682,0.021633867079644098,0.03233144063825555,0.03424531096628147,0.017818336100390297,0.026567596743747757,0.019899729585725723,0.01893486714262349,0.028237595129938953,0.019055609571096754,0.026886706547907036,0.013883927002323881,0.02451686412288745,0.01784170254620676,0.006947775262732714,0.010657913140246
2024-12-23,0.0035377748505116546,-0.002621622185004613,0.01299563693478989,0.010452081189608942,0.0009927948275687548,-0.0005599321582198113,0.002981838901268352,0.013340882381351893,0.0020088624122098775,0.0062584157231448945,0.0018763558583738682,-0.0071428046579010696,0.0011417645422868716,0.00042700909857162905,-0.0004561822951679728,0.003978145094217567,0.007936433986458047,0.004437001908143001,-0.0006776120320022283,-0.00142480852160487,-0.001340121298455621,0.0,0.002893110170716584,0.007862629555693168,0.021090819091000412
2024-12-24,0.00178988044317685,0.00535827121661181,0.006877515118196786,0.010803798340789372,0.002754756577748818,0.010814120660986415,0.010406517629033551,0.011090031317458227,0.008651836692329384,0.011087154894436013,0.005350924005435687,0.00830096248622425,0.0034213872082606844,0.008109356692557412,0.009326151787316439,0.004528278332196933,0.00537735508207926,0.006626157087147311,0.010169425650601749,-0.003541748611796791,0.011494791914948621,0.004601777715288691,0.005769596354343376,0.00772164764213179,0.006410373727951502
2024-12-26,-0.003952216974609568,0.00201120930114862,0.0013134515985768758,0.0006064420267215542,0.0015385774037721678,-0.004989064301904822,-0.006375780290834854,-0.0017052289818868527,0.0032078209817139047,0.0002675756012973096,0.0005323538489490076,0.003293096867740042,0.0014207171798563678,-0.0004233933915939181,0.0029724286970340685,-0.0031930253702472378,0.02091700687778153,0.001728854624648335,0.001476609285118391,0.007108988016030882,0.0025960781697040858,0.005038900052224626,0.0018559122717094478,-0.001579791952941667,-0.0031847354925500504
2024-12-27,-0.0026869487465365216,-0.012946542941765227,-0.021251575454009353,-0.01037875088778406,-0.0063641340687828896,-0.007576494314720628,-0.008884334527888949,-0.00604195744743985,-0.011400300385093431,-0.01009377483975682,-0.012057787417667942,-0.016411557873202032,-0.009552691996732032,-0.010165132015253486,-0.009470471261970648,-0.00772587517121015,-0.015436550592320408,-0.010686452807042057,-0.008846050120490778,-0.003921507560616155,-0.010299357280593613,-0.010710896050415086,-0.008251942965381898,-0.010997628487160016,-0.006389820874429963
2024-12-30,0.00027485568969431995,-0.005592165988532072,-0.005897125823884464,-0.002755879942548556,-0.008612907792151181,-0.010778133273386725,-0.004980056005334799,-0.0071393730036444225,-0.0057308966009606,-0.005672219223935571,-0.004576912413291612,-0.011123474125743216,-0.00983575960178551,-0.00599065104623675,-0.004617835554506566,0.0013294017588443285,-0.00133023022511769,-0.007681929002498977,-0.007301965074778094,0.0005905497654841163,-0.00662750964193648,-0.007832298407879135,-0.006452716169150885,-0.0006401178565135224,-0.0035727617145902
2024-12-31,0.008190378746037563,0.01109025884720638,0.015985476450567138,0.00782980717140802,0.010915661417707057,0.006299018133345102,0.014514541150342675,0.007436556830097807,0.009335372051705093,0.01595944269520988,0.009285938871882449,0.0022885278692215127,0.013694657272978805,0.008609497633220942,0.009997430762934245,0.012895871634759137,0.0057087548795549115,0.012271381140664284,0.00708334565014912,0.002360804889162793,0.00784240399009839,0.00789412757068253,0.014295544649275849,0.00888566743983965,0.009322371413502895
2025-01-02,-0.012976405641179412,-0.0005125232336155028,-0.008875596357400206,-0.010587245492648334,-0.016527080369420077,-0.0018609126886736105,-0.005426828588831145,0.0014210320815235544,-0.012262047108664298,-0.012099127321328673,-0.01714027465290735,-0.018264967299131407,-0.0035200806578918886,-0.01963297484176807,-0.013586243849540547,-0.01027363718669927,-0.01362330069262585,-0.009551345357520336,-0.023265207550806855,-0.016683112592149385,0.007665039644002558,-0.020271959331611744,-0.015792118597366622,-0.010394343763540093,-0.005683812691203327
2025-01-03,0.008451621638499995,0.017025576897162553,0.016417939853425434,0.012317214616581529,0.008178326064191,0.026779642820408567,0.012896933716142644,0.01666977483314258,0.016922029659216298,0.021990757235637703,0.006241432626025389,0.01453495593810028,0.009165511606497034,0.008707130404357777,0.016987097904971327,0.012927856971648888,0.01314009151826312,0.013048902992133904,0.01135558063842601,0.006986117565207728,0.01463734010030704,0.012932194711060552,0.006038661241488885,0.008819761480198363,0.013219059316836645
2025-01-06,-0.012598576063975742,-0.014420995290155836,-0.038980113894275914,0.006768056195045169,-0.016113018047095196,-0.011775051413549176,-0.019588752855593028,-0.020802718652949914,-0.04031656019643737,-0.016419562122669373,-0.02818570030093126,-0.00974215833269132,-0.021475728874625566,-0.03582219619247007,-0.034115835493283675,-0.010322677060511154,0.009751080818398483,-0.015376972777941589,-0.02670129477319816,-0.014222013940629163,-0.00942821216536216,-0.036908057588058374,-0.024181105752693055,-0.014067649775229785,0.004936509193485872
2025-01-07,-0.017141887168354075,-0.0037859597762940345,-0.02305861337226589,-0.02832540235129888,-0.01219777500703978,0.0015591204909441991,-0.005494490289221221,7.451358308441236e-05,-0.010007783713393614,-0.0008751721796579348,-0.015393290225006129,-0.013310187067146484,-0.02649135416226267,-0.016562300916070916,-0.01008202404773706,-0.004172217687040347,-0.0007500546068637259,0.00801149836129933,-0.012942964675830115,-0.015281854176482534,-0.0013760902163340027,-0.01012291724439085,0.0029876607059051707,0.0015315509812849903,-0.017193015710073367
2025-01-08,0.011401598639876331,0.0003080968610518209,-0.005687521105124049,0.008861935595905868,0.0004573863526924349,0.005503595859877919,0.02059279456073071,0.01166923882325599,0.009553501858515556,-0.002829448351072461,-0.003241123769700649,-0.005278536352575025,0.021451882753166895,0.0031862449157118444,0.007284309637022757,0.0,-0.010133262476797245,-0.009188625342372858,-0.00014276122129741609,0.019500871487535543,0.0029854628756673662,0.0036522780581271785,0.021026778658106204,0.018029721803600074,-0.011781492936904558
2025-01-10,-0.031977251290467135,-0.02464324678869978,-0.025454123137184537,-0.04707967843906513,-0.03622847930620254,-0.0416322334445538,-0.03248043025082059,-0.05384626356284106,-0.002714249841278882,-0.008242714693810216,-0.027830946560641223,0.0070755212396922396,-0.016431596720888897,-0.017241580029712655,-0.007700436885844653,-0.01599703603308955,-0.018104262526901227,-0.021897994463549897,-0.018816699468730103,-0.03480058240231654,-0.02135208360823515,-0.017281649030542745,-0.01510212118817067,-0.013441024989440664,-0.014089499095746527
2025-01-13,0.02006223945618313,0.028213607180480826,0.01716815846664188,-0.0008894688443457088,0.01660132973566064,-0.008191910303488648,0.017294067980774486,-0.0002001298131713014,0.04063974801548542,0.004155666476648667,0.01544514304907274,0.004683687082101873,0.010676186785402164,0.018929090235503487,0.013496172736255474,0.015482638081510514,0.017183148549142047,0.0043253016401116895,0.028040031710848234,0.011413267571290353,0.010762895171886333,0.022200121774661685,0.010629102075256691,0.007533279641430246,0.05020143250281861
2025-01-14,0.010511991776516183,0.0014333359718123884,0.013993074823222651,0.010925915589108381,0.010964714687369037,0.011458784899967212,0.0069999025127731596,-0.001733889619103035,0.005336729008207808,0.009701324894746621,0.007266016644627227,0.006993056682759846,0.01760555228611249,-0.0027185851806167394,0.00785649376270281,0.012959888255328567,0.02609843664286493,-0.0008956550174165079,-0.0014132185944779607,0.0003077139663034689,0.004456062766558411,0.005124395772455381,0.0017239756514537685,0.009147382738537546,0.010467506255618986
2025-01-15,0.008501007019367623,0.006338752988073404,0.024327755900572345,0.051156826533556465,-0.00034616655854691203,0.005865900046287953,0.00893758639460529,0.002137795151103239,-0.005659878483186609,0.004434733317557615,0.00048090161022518174,0.0023147697897785147,0.020568969741521226,0.0009086340067347987,-0.0026357634076283887,0.0003762525015054141,-0.002497139945943583,0.0017585872440197825,0.007217500306821778,0.011332232680084209,-0.010485812708485365,-0.0036416356988980825,-0.000860538504536712,-0.002207050041723946,0.020718215060704814
2025-01-16,0.05407061744492925,0.01686479935901941,0.006110934760866327,0.02627568064017649,0.04628353849531863,0.02967241484124772,0.018700570961530216,0.022088688165227355,0.003182001585178007,0.01411453207337332,0.01317040178694473,-0.01443419081272257,0.03833121486649116,0.011802176318608026,0.007828284453225809,0.026518771057540524,0.02855817933666005,0.024820339466625763,0.006885107100465193,0.03523792849686669,0.005589707212153128,0.008528107422758557,0.00534023487841373,0.01690500123229466,0.015899969411552695
2025-01-17,0.0016837287678346247,0.0169848254429934,0.01035359826779425,0.016029711778177136,0.004522686224150307,-0.009272720320160577,0.003864798749231513,-0.004674463387975392,-0.0011982006958850544,-0.0065961440909340086,0.0,-0.0005857340769774844,-0.009342482087038362,0.0,-0.0007304635099388834,0.0007329423848043692,-0.013071332457094575,-0.0054754032187354085,-0.006140178809925567,-0.0027915507766633763,0.008279568891710554,-0.004590273026116254,0.009252995438981282,0.004738551573571836,0.005661015128896718
2025-01-21,-0.0024162071375934957,0.01002046559747427,0.011613481874593212,0.029435385811856563,-0.003953283981732225,0.028750756640004704,0.016361850602939487,0.020107215126785594,0.006456942700416413,0.008698546411563646,0.009109074816577856,0.008792465593281173,0.015473335784998987,0.009421134826868016,-6.638540049674901e-05,0.011717188960714608,0.07115444126097592,0.0032762776579329245,0.0103904998415707,0.0036835232639857995,0.010451491808688873,0.00266996347395132,0.023599358316929386,0.033477662174896894,0.007284803972340548
2025-01-22,-0.024430027498619333,-0.021204024318645653,-0.017693068195655415,-0.01064282655042248,-0.02502754281821018,-0.006101593052854848,-0.02698848029415668,-0.009389709596036688,-0.01872100387584874,-0.01211258692268391,-0.017677371053553825,0.004648554597274757,-0.008385139561221444,-0.012444396540664537,-0.022456866931756636,-0.023524859006577192,-0.018248403135600055,-0.02117566510172142,-0.011534221607699902,-0.029164331089002515,-0.01739047968310503,-0.01960788370215283,-0.03201205679167174,-0.018852380296020432,-0.021696424711426188
2025-01-23,0.005936606492007446,-0.0017888432426650391,-0.011962152616732835,0.011331051372568846,0.002374659445362637,0.005865023714374029,0.0048661565855339095,0.01696879621399594,-0.008110147462470962,0.009529049489716446,0.005934670908137818,0.008097038379341281,0.012093101774858228,0.021152165797056144,-0.0015632629008243137,0.0031502538141017222,0.029618754514554757,0.0028892393205095512,-0.0008436342044891854,0.0014618569810715965,0.011336042011864667,-0.004444453823049255,0.018505854817506107,0.008311063081105186,0.006048565970860897
2025-01-24,-0.007028247343778826,0.011747081305754525,0.02365708528151611,0.0007800355057359099,-0.001692272948589535,-0.016402411765758518,0.00871664455826271,-8.508383384930873e-05,0.0010806098920355112,0.0034981717017210645,0.013797748141534782,-0.028112314456339993,-0.0023358323604002473,0.01013654496587102,0.010279205799720303,0.003879473611583917,0.003289961010050302,0.0020576857018532735,0.009849266315165028,-0.009361333582536102,-0.003488376500914492,0.007936513543932655,0.02321670986466695,0.034104782105765175,0.001670033245913416
2025-01-27,0.03760531956298885,0.004723174972279587,0.014002183812509283,0.014100405055802234,0.044524908106313044,-0.08731303249428435,0.017763034127551647,-0.04331189550304115,0.01856596230174512,0.026113307843174782,0.0319128572295686,0.014167686371218347,-0.06357494483257009,0.022251274395519882,0.03517286692167554,0.030548607532033367,0.019507272805889597,0.01755706359168463,0.018392082449997238,0.05644458385204332,0.01406007803451259,0.025590494015198972,0.01644191465241951,0.012431310302705834,0.028676100625112166
2025-01-28,-0.02660904846015877,-0.047595688788535484,-0.018903280449489746,-0.0036332380618522286,-0.028994873258394782,-0.015782439555065086,-0.02547181389239539,0.007454694685826713,-0.006676195070744906,-0.0057693505281044555,-0.011187891850502285,-0.007567083178914302,-0.05010100165276832,-0.021340017255002675,-0.01445056898060959,-0.0182146104050388,-0.008577276074035245,0.0005380976166222684,-0.007661627674075189,-0.03015302881155657,-0.0061119200400190365,-0.009356960967341288,-0.016014174195327135,-0.009389518094891525,-0.0025931818991181688
2025-01-29,-0.017653568870473868,-0.015012926085787304,-0.059305878124773725,-0.006732164605731561,-0.0207243268800964,-0.0025286277273597335,-0.0217812697706109,0.0015659271257415508,-0.016287595117201237,-0.01341052191880443,-0.014074151213814612,-0.026979538193676156,0.018526015373148796,-0.02224165809228351,-0.018823052924151762,-0.016733208493799223,-0.008651548963289013,-0.010824180747163181,-0.016544770853249124,-0.017702047974786805,-0.011331259247824299,-0.012109582943724106,-0.02022030904722827,-0.01618684969935802,-0.007474814304999966
2025-01-30,0.011926171187581325,0.0006263804320114641,0.05171420590586395,0.021251020331873205,0.012970706680848432,0.0154578366362359,0.01484417141587091,0.015304532902149504,0.016412626979955602,0.01104435036456164,0.01035651632472212,0.0030137893838253493,0.013815715181632049,0.01159659798423407,0.022078694995829373,0.004809565129968885,0.012419294044244245,0.01287960180584613,0.008832243785639182,0.005249727471192456,0.012440162070275651,0.015690133091063485,0.009395955360602004,0.016675327925978145,0.013752463735202447
2025-01-31,-0.004681988276786009,0.015649446537902678,0.010220968026119825,0.0006222716935895267,0.002808069125961543,-0.0022529964561657234,0.007313522525907112,-0.009185300220132642,0.012128102980046185,-0.004589334456798211,0.003139585423400648,0.00420692035626824,-0.004215562490201719,-0.010140833967952734,0.004873462912309501,0.0058909121112120655,-0.01160379890294938,0.0014426907656912569,-0.0016678070812374823,-0.00793408537281326,-0.010979050663644019,0.0074826264072715976,0.004321798045380687,-0.005102824709322329,-0.010981930846498011
2025-02-03,0.002270896536543221,-0.028454025017906948,-0.01996166309057401,-0.014992386946177105,0.0005600780077754663,-0.014829705838114937,-0.013552776327517502,0.0014667716759189098,-0.0006324402946515928,-0.008181860783578188,-0.0036821755845637405,-0.01316586131178532,-0.009156441715368224,-0.010245092694244451,-0.0005897226092277386,0.0020967147925812224,-0.011824054315153876,-0.008610214779546932,0.0002783946479698596,0.0008605027931567477,-0.0025881768717792575,-0.00023965467886277736,0.015557810748808354,0.028575725897859172,0.004245606200978358
2025-02-04,-0.006689352558974071,-0.0011630114121986557,0.008230982048173185,0.009118241749209277,-0.00873159021044112,0.011831687651346234,-0.015701718579833712,0.01014207719927307,0.009669866866159671,-0.004844683328574684,-0.0009240212798059533,-0.006064260170739799,0.006260068241209504,-0.004050442466256188,0.01403373856858492,-0.008442097018425243,0.003988602592091217,0.0028048878707802594,-0.0011131559848275296,-0.0009608973730759196,-0.00034612587954152563,-0.0007188438112628592,-0.019067911487372635,-0.010827680978215182,-0.019837478678469078
2025-02-05,0.018085136064242002,0.02699265010261298,0.00982435373621482,0.022659413889390967,0.01468096114182571,0.023570645618336883,-0.0009969192698280338,0.01322105691097053,0.03012467437936661,0.019736784156348275,0.016646636100092316,-0.0012202002067651652,0.026068964697633312,0.010845138561238699,0.014486043573668228,0.007403424502221201,0.0039725534152608155,0.018231423822143267,0.01755352126276155,0.030069749352286124,0.033227735716431894,0.01246989853702618,0.01113152557380892,0.023980992058060924,0.006635739577412814
2025-02-06,0.012215825867180508,-0.0041228426017247966,-0.008084362435276993,-0.017331631666762104,0.0043405280977375504,0.005502544359424766,0.003991975430791106,0.0019647638009123725,0.007707983166900245,0.0067742109122426175,0.007186356051391618,0.019548026177684585,0.022038175670536564,0.0017880226532203114,0.012685805348400914,-0.0025721596333778685,-0.0020204955174920602,0.002416106979215904,-0.0012321936105966769,0.007470109181400897,0.005918100301368412,0.018237928494735378,-0.005422325074256107,0.001406689883764134,0.002966401895808435
2025-02-07,-0.004795753976276407,-0.006830909050331679,0.004834849172174804,-0.01251900356668123,-0.008089601108494326,-0.00023773804624271921,-0.012922255077228106,-0.005403178732234615,-0.019894506299340087,-0.00032048069383705524,0.0023484704708858217,0.004194062104061036,-0.0013182867274009746,-0.0008924156671811234,-0.004595307376851543,-0.0031314458331010986,-0.010038807219262202,-0.0008915715018290582,0.01466759710404153,0.004000158679882571,-0.001276635040210361,-0.002093419879783176,0.00099128199201437,0.0014044934532286835,-0.012487690400277529
2025-02-10,0.005507248848712232,-0.004689487176941287,-0.022270952599044658,0.007634631261973501,0.0017875525347743615,-0.009996003874903958,-0.013595387883408638,0.010575726781521855,-0.0031835079717587034,0.00358984369071802,-0.010632595510478016,-0.012529952553548274,0.0015086994379918117,-0.011165760515466472,-0.008031494277282003,-0.002956383775578497,0.018065596460700384,0.0033375901501873084,-0.005538898361532318,0.00238067015297605,0.0034455187535018528,-0.0018649215829834587,-0.013698619365524967,0.0036468035437853263,0.0023294747774331714
2025-02-11,0.018643360825906896,-0.0057585225363471215,0.006045938753250546,-0.014389040146228105,0.01728552867123212,-0.004387233974059268,0.0010209459249996833,0.0005300070273313029,0.0013049055332452486,0.0060039083284439965,0.010655551717352107,-0.0036253394751663004,-9.419415765077321e-05,0.010840052932468591,-0.005291129553695817,0.0077836918296583235,0.019251691973465546,0.0056651106461917955,0.011003867055993988,0.014201824394784346,0.02115646623742129,-0.001634700820762336,-0.003179450506551551,0.0020263411185934554,-0.0039840468847957
2025-02-12,-0.0201633684956547,0.002843304982723671,-0.015653407393895202,-0.00804005531862828,-0.016334016116911432,-0.01472910119070936,-0.007649176268885394,-0.00894388327374862,-0.00401239168846057,-0.017142696015601366,-0.0037847131116709454,-0.01091565544760742,-0.03276520419545703,-0.004021300233661318,-0.001346011724635554,-0.005700864181287679,-0.016424576014690273,-0.01712854939471209,-0.0001342628003913049,-0.002915185655492092,-0.002711842653627894,-0.0046784252579559205,0.006211229386071659,0.02161791069800456,-0.013666709762082951
2025-02-13,0.0024798984111791267,0.006195408616911147,0.011784734542960695,0.01763249977922765,0.001560078832747891,0.009741681357162468,0.025693389062951155,-0.013045464191668188,0.00413196903519597,0.007428889057648158,0.011488039790450655,0.006744343699025324,-0.07281233517871988,0.006729382019191599,0.007508867468457803,0.01572055396691785,0.009434882331735173,0.0037652686836697757,0.007928880345987599,-0.0024445320981019147,0.012725786552345353,0.014101056118249522,0.0834167201585394,0.03372020377704854,0.0037175590510962753
2025-02-14,-0.0032105357380197708,-0.01012309639157638,-0.005332630328370835,0.004191929185063614,-0.021252876301107615,-0.0032158343714715487,-0.0033066903524794355,0.011484263408316764,-0.01114470452950811,-0.006604691064434287,-0.06072264704731967,-0.001827085340738055,0.0016797544480513515,-0.02852050683410523,6.354562139510023e-05,-0.00782945934188184,-0.0004135360323460624,-0.012747261074563143,-0.03546676080910682,-0.013213619559609646,-0.006282937948913214,-0.004635056608617405,0.024484190768088165,-0.009707054625525013,-0.0030303240865633407
2025-02-18,0.0008975697332171961,0.009804984149609064,0.004091457163365897,0.00048707525429447784,0.015347826582508217,0.008339274639535654,-0.0005105988627366331,-0.001820886152825829,0.008357402244162149,0.00012910625065010173,-0.0030468170412383255,0.04026848286004259,-0.012577242272282851,-0.010091826020530159,0.003566842423517569,0.01358037002249124,0.003806278058579693,-0.0013448823492341333,0.007326802735647231,0.005015397396847199,0.005349959263224013,0.0027939842402877613,0.0036073541591810088,0.005534630394496087,0.004052735926443951
2025-02-19,-0.005222816110025397,-0.0049069410707206496,-0.017985028958974247,-0.0008345644883843706,-0.0005597058871158467,0.02390589697205514,-0.0040858059982666894,0.007704810673904605,0.0014443264624264263,-0.007551266479470908,0.0028650961672036512,0.0017596364910401618,-0.014223422572376077,-0.002316800678720421,-0.0006347093196846787,0.007966545551990167,0.002637897395790567,0.0014477910350936263,0.007821985764772554,0.0066375105226150755,-0.0005912766123467028,-0.009983716696022826,0.002845351472736457,-0.007228193190023213,-0.01782720375965452
2025-02-20,0.02025884532533051,0.002203240785235927,-0.00457866224607284,-0.013989383416601053,0.022070267097828555,0.0140911353956783,0.01384624870456408,0.001245764596120802,0.011023485999315463,0.014111992980158083,-0.004570979788955487,-0.018735431181167717,0.0067835584540867355,0.004180252045315358,0.016639221044696173,0.01526858248949936,-0.006001772176044584,0.022290850751989666,-0.002178524810474758,0.010877400248897606,0.004195128698801565,0.008677391224093611,-0.001642528770935292,0.004074659673668712,0.02636985549149573
2025-02-21,-0.004314397248844526,0.0005234154018700643,-0.01020563501421079,-0.04157548857044846,0.010522926123607279,-0.03860450506537394,-0.0015177439659329606,-0.02187717034751313,0.0011207025248329838,6.40785292846946e-05,-0.002678668405955875,-0.025059652055980264,-0.018395782333695432,-0.0046256018881414285,0.003685579368820413,0.010085012949033745,0.0005790300735319942,0.0004275263404853735,0.0006823098869188637,0.01414086139260573,-0.015585533204218627,-0.004184987241792615,-0.011518221311676013,-0.011575415597541827,-0.008675305404437506
2025-02-24,0.0023491968154771836,0.01684626082761831,-0.00029044687121526636,0.015539848499934505,0.004013395873079251,-0.03428888468984026,0.004559515258920399,-0.01160181239980318,0.012655119745979437,0.019813968496532386,0.01323743945597422,-0.0055079620916616,-0.0034865246634772085,0.012546490205807004,0.01356832775823702,0.003853533679023524,-0.0019839171072147943,-0.0027612645662195012,0.013637003571540962,-0.0007509979749675821,0.004624309768347157,0.008405149928802702,0.025423798570219702,0.013864671393884143,0.009087776478575949
2025-02-25,0.06119783060537376,0.038588261722573236,0.015398037352928995,0.0058742299091965045,0.008319021877705612,-0.009581163158698058,0.019162956182193103,-0.0025853851405205353,0.009280785638152933,0.014084695016058468,-0.0001892913963320586,-0.014153847559193244,0.010277816962446673,0.002753519198094967,0.011482859141639379,-0.018670246725322137,0.015571831450131635,0.01730654425483724,0.01506773120506999,0.029740482989473627,-0.004603023959686481,0.013892197287783015,0.005755680975245481,0.011802422972177373,0.007338329753037609
2025-02-26,-0.014822040820326898,-0.01832946245705458,0.0012874473182307167,0.01427538407429041,-0.018215073211693467,0.007713881034678183,-0.009401372901536753,0.009213457317611251,0.0010291488178135744,-0.04569704423174381,-0.005397252881109371,-0.0006241910121127514,0.007359302434932102,-0.007780183190144951,-0.003035401872344079,-0.0024895262559714304,-0.003670048205942522,-0.0139339111145248,-0.0026506377080821597,-0.016790459328874463,0.0023937497436072874,-0.0015985830686066071,0.0019073478683260259,-0.007183488047512343,-0.0122516365953671
2025-02-27,0.016141048504257016,0.018772677131632554,0.0007146283856207525,-0.00639745481476206,0.019862551837217524,-0.01323886938533081,0.007991806328504492,0.00010980013673411726,0.007826126720539284,-0.002988824000551671,-0.009805783229424048,-0.0006246470962453232,-0.014611163731440668,-0.0032286743852103506,0.01631955962897691,0.008377897551073321,0.004993403860278578,0.004600834920951868,0.004119681891606053,0.012575804760474485,-0.009009856596571164,0.014181203250167806,0.005565319001070934,0.0057750132256764175,0.0077102915778508585
2025-02-28,0.008089458801255,0.013077040398354889,0.012707014590637167,0.015452880819664783,0.006955587179011236,-0.00604059765749454,0.013875348435606227,-0.006327049068138191,0.025205044217931016,-0.005799999914878007,0.01355646083525519,0.008124891403706203,0.015808970730760485,0.022674597696163756,0.007309726195117827,0.008131474030388164,0.009367042269738057,-0.00680414833696763,0.015087247562668438,-0.0013748458603214386,0.019224318110280914,0.018944497265380722,0.007573647850355192,0.013133650508104111,0.001330666346822218
2025-03-03,0.019404756534172396,-0.0074319940100736614,-0.040885436002985776,-0.009299755541174237,0.018703517598471775,-0.006461270264705332,-0.0029324003419236577,0.006588379499414598,0.0073175984926991955,0.009373629433784947,0.0005691598784545171,0.0006200658243946666,-0.03176994076888495,-0.0022624747901284215,0.016654794070818824,0.013882667292224093,-0.0030665262764276724,0.024438599133028482,0.013559233284687222,0.01656715130851394,0.009081645401833205,0.01903482050102756,0.017057010814121476,0.021822681527105203,0.042857129413561346
2025-03-04,-0.011879182013183942,-0.009950859981207594,-0.014258536620953666,-0.007324696451870283,-0.017212611368913056,0.002318035782104877,-0.0073530243706054765,-0.0005930024601672468,-0.019945827443408892,-0.0037016966074107094,-0.02332204926783299,-0.017967743974084405,-0.021837866241735115,-0.02448964806887577,-0.016206474521476832,0.0036489622268311983,-0.014246351134394097,-0.01604311467835584,-0.017880101889895972,-0.00975108727046714,-0.02236665467655108,-0.014118061781171587,-0.007817135876892256,-0.01887039209155339,-0.01911435139078599
2025-03-05,0.007580069970714032,0.01691713455169319,0.00924553157005037,0.019414046743774893,0.004458024924606452,0.010342366621289845,0.008394991624903536,0.012065471726039556,0.002048142262105257,0.02392108329549103,0.0050475288011775366,0.014510908316995863,0.0007932571325173221,0.009297936261027928,0.011180642890359138,0.0060594928508586055,0.018558049819100697,0.017154185734260086,0.009692144240825762,0.004695674363342839,-0.001089446057886967,-0.0046265197733263985,0.009454196942076054,0.0061728426395166736,0.004546911550002974
2025-03-06,-0.008433483815321496,-0.02338774071748584,-0.014923113556570056,-0.06071678991114193,0.0058122879019013585,-0.05633266182675134,-0.014201699773070398,-0.053332224172382814,-0.02199725342109593,-0.012985993864390477,-0.025207570192202988,-0.01741286151210253,-0.06250706973812281,-0.011054946956994494,-0.01917323828442985,-0.013422698362266172,-0.030151487967539303,-0.00921953710240797,-0.03424578254737376,-0.007441625607189306,-0.048205870972067855,-0.0212484440455869,-0.039449252143914926,-0.03797217387829965,-0.022955061081425088
2025-03-07,0.025902428747658357,0.02695388738262472,0.034948180165778275,-0.02394132021971007,0.0267912853274348,0.0050532195988357564,0.01887726266453149,-0.01419884912391145,0.000995147997330248,0.014318041260616976,0.003764903651438445,0.03354430528400676,0.01920532561123589,0.009896416466771862,-0.0024584472372182198,0.020059226988914602,-0.003241895211954282,0.01799448484383359,-0.00658133935307692,0.02281233616574463,-0.019708827553336805,0.005879725704832195,0.0026591071134047795,-0.010203464124682204,0.021326234921129616
2025-03-10,0.0036742937879894466,-0.0031222253319163062,-0.012028969586119542,-0.03480000238601322,0.008083430997088525,-0.023731264327279122,0.007800977723359859,-0.03361187572361435,-0.008682861246209872,-0.009601505942699262,-0.015595700781533606,-0.026331927650569242,-0.011614199976437312,-0.007466101500005595,0.005890730039382008,0.00017108780285468583,-0.017012800479144885,-0.0012102487903450365,-0.00027041466501420697,0.005274284893595382,-0.021952822298875407,-0.004721263646645046,-0.005304227025643371,-0.008477532409295052,-0.0189233143358567
2025-03-11,-0.015440994183163803,-0.028384119977347022,-0.038139909110294634,-0.0007147104447212671,-0.00903371187259372,0.00947609400364069,-0.016932643507452938,0.00675391139488335,-0.011968539641239673,-0.02510263628363618,-0.01453914696680525,-0.035220108003618855,0.013309388542962264,-0.03055942375657994,-0.013983497657029664,-0.030432714428738072,-0.005853865115055812,-0.017187662527940573,-0.0031106098021715933,-0.01996356919102993,-0.010950312437427834,-0.01106847804933564,-0.011998239942921596,0.0074558024068624995,-0.016295227613814967
2025-03-12,-0.014729699613864833,-0.007555150044272985,0.007930398359046631,0.011205563158204201,-0.023967912263578306,0.03169842126003797,-0.005905310773084871,0.022421830691877087,-0.009000291971058116,-0.017319582352449125,-0.011803038010013811,-0.014993552241702734,0.022955790244408636,0.012124077572435166,-0.019575563290540887,-0.00599525877888385,-0.012374081195032027,-0.015443886678691676,-0.013766299819459982,-0.017874935263025415,0.014374791870290782,-0.01850154703214768,-0.005247507496439319,0.0006109994540253183,-0.010480099419356348
2025-03-13,0.005225178531997665,-0.018980846601019286,-0.03207743453510059,-0.04283241936295279,-0.0020989277177725363,-0.03777928667002317,-0.008415873672768748,-0.024608506398521413,-0.014545234019444853,-0.03163130709946871,-0.02491775162016585,-0.0390468809151987,-0.015616078555120372,-0.035457738266727046,-0.0001854069794039459,-0.00904731155312466,-0.046401199201669074,-0.025162239479705306,-0.022361063973899586,-0.0037611012136908872,-0.03829219330840339,-0.009774250731224399,0.00015091116956877926,-0.010110106746180958,-0.010932665879232695
2025-03-14,0.015209058574473966,0.025969856063446706,0.02407386164682146,0.03111914678575345,0.1036621440352754,0.026603087277251136,0.021966856593325534,0.0044726344338559265,0.02213988077622009,0.014767709364392756,0.015417266326883672,0.02685943684306369,0.01786148156815215,0.022354888593334676,0.00970684744243111,0.014858395352265408,0.013863680112402799,0.01789078265597266,0.009660515899712951,0.017104885611952003,0.010847874911619426,0.01762629623685541,0.007986435599610875,0.013366326931560035,0.01796189336933751
2025-03-17,0.008344076334158457,0.003630640124629325,0.04777874277848704,0.02484468125255246,-0.0030032611869423853,0.022077173651889215,0.0019540809930336245,0.023362133354531744,0.017897727708106936,0.011311110259913937,0.018198848601058915,0.026157020059425662,0.038620617596418105,0.007774467501545201,0.007225469297669429,0.0051155808435270345,0.022790225586336366,0.007647537843014307,0.005065356287314637,0.01223476025981296,0.03504734148719302,0.013395052834423105,0.027807026519976352,0.023133085573203704,0.016627062190549546
2025-03-18,0.01024966905714808,-0.01135456062772533,-0.003350665612463777,-0.018570314268224863,0.01972596362046186,-0.021007518457276997,-0.0019502700074806034,-0.018652513347262145,-0.0046290436245742805,0.00879767559209843,-0.006434528528727834,-0.015032681006790338,-0.01716210363793713,0.010125553510865748,-0.01319228058888644,-0.0003509655328318706,-0.009256773211930525,-0.006357924246527369,-0.0001400045717611098,0.010185627839977007,-0.012345670535051978,-0.010483322202404666,-0.008145381500314519,-0.008528321485028023,-0.0033377120825311968
2025-03-19,-0.005165964265611778,-0.007114575552801594,0.006577921763334826,0.0191591973376668,-0.005622335552076363,0.016345993926692337,-0.00195397848655543,0.016724869108220908,0.0011710701273179858,-0.007639236554390361,0.002569867406730486,0.003317838081312141,0.011298791121180596,0.0009544254757898329,-0.0032651613490215503,-0.009129324591831134,0.00525014519465139,-0.009648352002925464,0.00924114644653562,-0.015057223710014611,0.0,0.0034546994231545725,-0.00894565371556355,-0.008068378376379193,0.0016745121434091903
2025-03-20,0.0023859742384093607,-0.007267878960855012,-0.005663475722191724,0.010875547282986009,0.0022999895902138245,0.0021179209679198507,-0.003915916108376161,-0.004220757797435359,0.009456885227998146,-0.00626749417914696,-0.0021531719996449317,-0.010582084787951529,-0.0020313491212501367,-0.0028611314074343808,0.004821094289968908,0.0003546167404615552,-0.007966804418484963,0.002909335993934725,-0.000554968161093905,0.005368912504038814,-0.0021237719134714617,0.0016065616461053978,0.001923553240278375,-0.005848279970478654,0.006686717010171872
2025-03-21,0.009147262164795222,-0.007321087740414178,-0.0018987774762913023,-0.002689664876527331,0.01720999058546102,-0.006802761573517224,-0.015724624500891515,-0.020112070596257525,-0.006687008531438776,-0.01419074733789294,-0.022811328076650428,-0.018048149945738445,-0.010064491905402262,-0.007651869335980832,-0.007996437649695043,-0.01168984929550676,-0.032568865371479516,-0.018011351060323144,-0.007495785054183468,0.003031972080512979,-0.014290102223305179,-0.0064160322378552515,-0.012701146439568656,-0.009263565310010602,-0.030886750161983723
2025-03-24,-0.015862776917680677,0.013295895643510303,0.016681321517422187,0.031514843399298,-0.019550674521517375,0.03398060650888035,0.020968405967447534,0.021387730640033853,0.01719657964752308,0.015229525729232307,0.03322818795854787,0.022464312845210443,0.029129631419210877,0.027951627350270902,0.015129821868852256,0.008602186897126218,0.016971049485399403,0.013017618760174043,0.013146871751824163,-0.013309818968096243,0.024799436075364056,0.021909630049970374,0.020344159874985612,0.022659034390774213,0.013022612993184302
2025-03-25,-0.015507507950215382,-0.016094189124328917,-0.013960852655516165,-0.0007469249897188446,-0.037005096630019274,-0.026175255820157672,-0.014180967478798934,-0.013162293327790175,-0.007240666402859253,-0.009589663860258502,-0.005393831599793231,-0.014647099363808258,-0.024641963131795785,-0.006563395193114108,-0.004092550059359046,-0.011194058381585714,-0.009341529314744634,-0.01959766617162606,-0.003589255283498738,-0.02002839439303228,-0.0021670991701588926,-0.005190702474272224,-0.008503340976581009,-0.0111452228153045,-0.012178629229947169
2025-03-26,0.002482150654014692,0.0015627204188153332,0.005984578684654851,-0.008596913497372016,0.0063713793385338224,-0.013340486958050568,0.0074404571396216035,-0.012089588757432823,0.010626771705908533,0.006846887686968728,-0.0022511035507633004,0.0006757162398711714,-0.009559762495295998,0.0009438087775277548,0.008954686675948231,0.016352177314905347,0.017394315658866066,0.008265550188765403,0.009005294447829382,0.0018197675121653933,0.01622830798720698,0.0061251472914938265,0.008132572699559582,0.011338324458269655,0.0075342219269280974
2025-03-27,0.01914099731849217,-0.004369068193527892,-0.008705878880079787,-0.008294306177244026,0.014838204486911755,-0.029785787773259687,-0.0044313446866480755,-0.006906808993390134,-0.004669913871868214,-0.002678832532045705,-0.007486446367305666,-0.018906133281939463,-0.01746514530717691,-0.009429574115793038,0.0045594400882318364,-0.007072165793162388,-0.0034193280222972744,0.0013034006356886785,-0.006041454076084807,0.007824844194961322,-0.015434826081033415,-0.0031567046319714853,-0.003080112746078889,0.00046699899812607804,0.00577846262653714
2025-03-28,0.0071014584459270225,-0.0011493676731303415,-0.009367641848809782,-0.015662997959809966,0.009845059956663293,-0.019661824600221922,-0.001483551270570982,-0.027032313545649722,0.003937241883709808,0.0018595150449700615,0.0015498865798100336,-0.0178940641164681,-0.004794832351952327,-0.0038076765609604823,0.003933277317456296,0.008012946853211744,-0.0027088335631141325,0.008392779392077054,0.006630877461818674,0.0021259508483317813,-0.009466416963301305,0.007464452053306481,0.011622762670756348,0.02334603302837812,-0.007773000016771614
2025-03-31,0.009463679032960082,-0.018773770906857945,0.007346316051224155,0.010196137779809877,0.006081072805220522,0.008374303731295996,0.0014857554649787552,0.015379776756195618,0.010348378670283598,0.02083046612581141,0.009181830235584165,0.009950324906142116,0.011045800265786054,0.014811301497926976,0.010126675808422414,0.024730642456252783,0.012132220228627144,0.016713472883113978,0.01221329167112395,0.01461907417995767,0.010956956996651446,0.014144435830231616,0.007029918988772588,-0.0013690074354935078,-0.002724737089833562
2025-04-01,0.008455912174263558,-0.014701150993205347,-0.0034231651986748046,0.0017586460443939078,0.003645836281580328,0.019261630686924436,-0.00989120658607101,0.0019624271079443645,-0.003457547095904845,-0.004377442006939014,0.0027915580845654375,0.01618560252090595,0.009879157102051117,-0.004708127757348413,-0.0005967585360302508,-0.010235522513662887,-0.0030414221091712434,-0.0014366694070619968,-0.0025758402902911204,0.0018635505500477212,0.0023482724473045113,0.0,0.007417068144048411,0.00613537723534785,-0.00478145498137994
2025-04-02,-0.0070177805055487985,0.012945748792501988,0.012843624409967669,0.01740324307225216,-0.007647473580127406,0.01800735192323666,0.0019980039874134548,0.017871322127246847,0.005531605483138247,-0.0025025807146982215,0.021548693231706162,0.014543049096265692,0.013925542612105435,0.014664072688153729,0.0031048026625386527,-0.0005249346858449133,0.007985632211996219,-0.006457824118799471,0.015903186676340608,-0.004899765435540826,0.023667915875771328,0.00420650119719812,0.0017323904654893418,-0.006941243293800525,0.01166769746726426
2025-04-03,0.047223460989330945,-0.06585073630754701,-0.0769685366724463,-0.0708980225391409,0.03130717598626487,-0.05104903915828063,-0.029910194313125915,-0.036209518163188736,-0.04182932055264432,-0.0224452976266718,-0.06459424176323625,-0.09215015140805749,-0.056753548343312255,-0.06433554445560918,-0.025952269023670427,-0.0010504207739887583,-0.0956917187356886,-0.007375592891059379,-0.035456292215524154,0.05256689517693358,-0.1011092148531555,-0.03659620541548014,0.003026411929742512,-0.004246072571689852,-0.06953847705675442
2025-04-04,-0.03514621684959329,-0.05762333946985354,-0.03482426206663636,-0.04651158492543972,-0.05679057790711606,-0.025444830467330926,-0.052929106857443675,-0.04395828856632078,-0.07922556107548506,-0.04127352270392037,-0.03873542541593533,-0.012030077079177026,-0.07111896643227955,-0.03736939253274496,-0.06453190326007019,-0.033473411596228186,-0.033073973513707444,-0.034640581325724784,-0.04605352520021644,-0.047472580514121065,-0.04654631599024839,-0.07459947524864408,-0.05876429152368867,-0.05996212853461369,-0.042654132233281516
2025-04-07,-0.030794286948141236,-0.042691876708091825,-0.031943044004973165,-0.0078760187225132,-0.02743115717920841,-0.006036337364379918,-0.012479635998851935,-0.024105641834039848,-0.03187816734698312,-0.04218216704238842,-0.02828612801929309,-0.016742772831551123,0.004404604801000689,-0.010351716590067839,-0.01548215058489999,-0.04025402052542959,-0.0377687072142604,-0.031068836675462563,-0.017885599195910706,-0.024919380208813124,-0.018555327751728634,-0.031157234195559935,-0.02060760790556615,-0.03126508124710092,-0.029703020294825855
2025-04-08,-0.040910974209893536,-0.011180955744495402,-0.02786805733039177,-0.027400760073942987,-0.03441598242945332,-0.004097360873008604,-0.011538731586918871,-0.010257770830230606,-0.029498161467789386,-0.04358673989905659,-0.03476947634857008,-0.017027947447871172,-0.007739017343233789,-0.02196651466545041,-0.004910003282637243,-0.012469073398718722,-0.05035955305348783,-0.0340236231604234,-0.03050038620032902,-0.027328253117997803,-0.02072004946721684,-0.027820350236622104,-0.012780587914786534,-0.016713638401422037,-0.025902586315932563
2025-04-09,0.01377882339017944,0.050428893165209265,0.0831867626558862,0.06433205234859996,0.007487057709732126,0.07097180477631682,0.0361313729840087,0.0775062738004797,0.06793639567840093,0.07171627249336177,0.0816179925146836,0.11968515124320667,0.0982711148762998,0.07807467495041931,0.05254374923031713,0.032714605633484384,0.09425126104116965,0.06000512718536033,0.06383633313561776,0.017116617349530294,0.09125868731811604,0.07823557568000128,0.03552253005010875,0.036632848477494706,0.07010478273610521
2025-04-10,0.004048605621724821,-0.07733242988032141,-0.03133623621377368,-0.03809676956440855,-0.003977364485068913,-0.02387322445238338,-0.025214477107676436,-0.03347003296764994,-0.03346200072794159,-0.02837348813440943,-0.01571146006458579,-0.05414905699757955,-0.033850173648785065,-0.019345331690197143,-0.018878658453908792,0.003149468840912606,-0.03390346996156901,-0.014949034101080172,-0.017800990220518953,0.0002826847437911173,-0.035840095912960224,-0.03026569421933023,0.000152495733635849,0.002261716934895519,-0.027861450283250933
2025-04-11,0.03194275831487792,0.031513952801525136,0.01642639237308896,-0.006000896429319114,0.015867840304429892,0.019678087250678322,-0.0005502716136065455,0.007901508016746606,0.002396730612376663,0.015397501375318035,0.014613271661599203,0.019330779545696952,0.022173372725909912,0.018209505989216446,-0.003680314297114795,0.019759857586337803,0.014121653861811412,0.008163325154806556,0.014323466710050914,0.03289349244793449,0.0034531461333142666,0.0012686031999251668,0.0077744138073116975,0.0060643860793787585,-0.0007746544578115522
2025-04-14,0.021433151292096664,0.036141605054595516,0.03627975777808601,0.026390731078278495,0.03279205244039596,0.008408746927279998,0.030285877039884612,0.009062466084040821,0.03484141470195823,0.02838580116601075,0.02237982953179274,0.005105801317005332,0.011385326170384902,0.007948569644544934,0.02676578645368788,0.019014858201546803,0.021510854090453613,0.029927952392142743,0.01455350152679924,0.025321694990014354,0.011268540221072154,0.033705152147172734,0.01951292151613271,0.02046678757445264,0.012403145689691142
2025-04-15,0.0010102007244050526,-0.0072773446213806325,0.01193501056296098,-0.0027728915648361774,0.0067107215711526,-0.0005469406224750673,0.0032072378289429437,0.004618004433219802,0.002677397710828977,0.004140179039143099,0.00021677006150633282,-0.013788214583783653,-0.012916093722986854,0.0,-0.01290505590266866,0.013150739074902829,0.0018312467086822881,0.0006234617080316252,-0.0007103914077835061,0.0006229968822029086,-0.0033361867539395407,0.006864422860295427,0.005637932692498904,0.006868476661527456,-0.010336837791160791
2025-04-16,-4.5791947182016735e-05,-0.025278117422135593,-0.00817728633425785,-0.012386258989915189,0.007362524501809853,0.013335162511448617,-0.01012274036491767,-0.011187291196202098,-0.005450249068569724,-0.00014458032815301003,-0.0024918792098611586,-0.01324495975271689,-0.008043464545464674,-0.006407328190107142,-0.006908012445971501,0.004385198114148059,0.018379440193503127,0.0004151599154655905,-0.002131891403932107,0.003557655279808669,-0.008837115776681559,-0.0048698993819524805,-0.002213004504650229,-0.006548663813372602,-0.01005812065034628
2025-04-17,0.021376220200624907,0.009336130406780496,0.012842758947344546,0.003498026322940939,0.023110907113421675,0.0173439604190877,0.014720679987270113,0.014730016242602062,0.012467852260726442,0.021415115804798157,0.017921083313580777,0.018642768531853093,0.019121531862516417,0.021329491684159096,0.02119356856296073,0.018512132877595233,0.018047495102412547,0.024150036244770634,0.020652388207238026,0.015021846756968493,0.015872956207082956,0.010276776739000848,0.004435942102251955,0.011261429921692434,0.008597080324866946
2025-04-21,-0.020973819795352955,-0.027106781921131473,-0.020507218070206168,-0.017514071925560648,-0.014093898256473003,-0.02925383959004102,-0.016000374842711884,-0.02145163042207432,-0.015983035429709358,-0.021107922048947625,-0.015258168461267707,-0.010980854048568633,-0.03087522091023609,-0.024283586858696138,-0.01438757749036812,-0.006172842557698566,-0.03398626147619077,-0.02854645826240576,-0.012280298475793039,-0.015323344781638881,-0.02127659342914867,-0.013320524324113459,-0.016487812578714123,-0.024580896651003048,-0.043393957284312945
2025-04-22,0.013670406661002055,0.006998622522368825,0.02173567404157617,0.022758782782761555,0.02193292410867964,0.017425271537315323,0.019512320365121294,0.023176469283336498,0.02022947894977123,0.026266448728750058,0.013869249987936705,0.02294585254231829,0.017399858189387496,0.01791935253018684,0.022606922689638598,0.009661698435429633,0.013383403860065757,0.03168040878465428,0.021757685223131595,0.026025198910930802,0.023845289169888373,0.019636692959369206,0.02215251835037635,0.02506079919949533,0.023086260153617033
2025-04-23,-0.03787841002191561,0.009310200592081097,0.02127328485614921,0.03265928192416445,-0.020025006574563964,0.01813412390594893,0.0005315152722720207,0.02318234839027289,0.0026050737005394176,-0.0037369026564689767,0.01175600740007865,-0.0036178323596972595,0.014452657394292912,0.0029339836673776265,0.007579561585276284,-0.00803123619018753,0.015307679902889282,-0.004853987544166216,-0.00497791597313324,-0.03249503719508928,0.017052575035163997,0.006259064829947869,0.005125229701807621,0.00271650382710642,0.0019793714260851747
2025-04-24,-0.007949291028875094,0.0037675157301972906,0.01133397604188402,0.006800443923857813,-0.014958893505577664,0.014248865953621959,-0.0005312329138652538,0.00954956271582974,-0.0017681833095283261,0.003963207649138045,0.008872881463342752,0.011619463923085993,0.012940627654234094,-0.0039006005955699585,-0.0003762941944526199,-0.015504024467924982,0.018525802884567177,-0.0048773374267980785,-0.007087309176256662,-0.004734260348748687,0.01904994086237144,-0.005502588044925205,-0.0033506898793381756,0.000677550650694192,0.007506911534423288
2025-04-25,-0.0004267585728677803,-0.017861762677935156,-0.002725948647209653,-0.017496695512211002,-0.0055583762270154935,0.03987014674861,-0.05209992353990278,0.025587605052732387,-0.003976892323362513,-0.005709950709809064,-0.011831208840426655,-0.003589488425290055,0.028129494565937607,-0.003915774755210322,-0.0005015769705499773,-0.0045493618771733635,-0.01083601763600317,-0.009803140549965006,-0.0004198961405248447,-0.0033657694496147528,0.002945093419872258,-0.006494892289605203,-0.0036543738088418154,-0.0053469427075363285,-0.027058871824352182
2025-04-28,0.002276916437500054,0.014496733382178162,0.005922540066065185,0.005218232716811988,0.007286170957073068,0.0029397296587783117,-0.004487004155201313,0.007851066149441976,0.007513630238078495,0.0060973348496835555,0.003920333592692282,0.007204612578934899,0.00854999496051434,0.0068794691952958065,0.006650800074352592,0.006152371499509313,0.010563513649830325,0.00412493349417975,0.005740878918389036,0.005358350400213041,0.011808887926732847,0.007263973278422542,0.004988084495962664,0.01422147754823877,0.0306327998197633
2025-04-29,0.04746797167713246,-0.05728766817617548,-0.016908179246655552,0.003213574387665119,0.0275466133783695,-0.002993519037199688,0.0005634916874688312,0.008251645666954799,-0.008682570483875107,-0.00338257884862625,-0.007915608768992555,0.003576501323680148,-0.002260765800713771,-0.02000971959982556,-0.018386823876425873,0.002445627087955371,-0.0021293150819878814,0.003012656652980228,0.00027833815707989373,0.06816547782169358,-0.010787763885618973,-0.008653770665542182,0.009342929543962875,0.01630323749193252,0.008604040934550472
2025-04-30,0.018434112587566,0.0012402852837880562,-0.021345261950752592,0.0035318300219777665,0.019864921929033885,0.004190793484982747,0.0045044547525310286,0.010685158019410723,0.01450071456169666,0.03598961040858617,0.00021280363390485668,0.006414864303899259,0.01586049851887683,-0.004980009583992584,0.01371494800883788,0.008365360652593523,-0.008729485219979849,0.02539342156086577,0.004592808484306321,0.020545038566587293,0.003698778139076042,0.01551873372194934,0.013595738282209169,0.00732773731910541,0.004652787586375551
2025-05-01,-0.006122177680057739,0.010459600791619561,0.008630096912731755,0.01096739511003153,0.005105926207891631,0.008346903472613132,-0.0033630747470295708,0.001417376655373559,0.019057894205531944,0.01201189653208079,0.013188705614636476,0.029036796625738992,0.024311209011493196,0.04854876253882079,0.015158235458180291,-0.00731022697885686,0.008610678878841593,-0.0014313245276703634,0.003324973678865639,-0.010928468624410215,0.00946752097719794,0.01719202116059404,-0.06478309285296291,-0.014810987633311679,-0.0034734877188368207
2025-05-02,-0.0019194220615252888,0.014301237231198582,0.011978933919908119,0.02469238289061293,0.005362146367040133,0.01649380255600863,0.0016870355414750904,0.01610261074303332,0.029352907491748903,0.008632383703984559,0.013226763133054265,0.017894016894280718,0.04256955921219596,0.008114227265330287,0.035169953475176374,-0.003673245897087729,0.02260383587445003,0.0004999800949705424,0.008422977846356705,0.005067693635224968,0.01825406130610041,0.028403837973247636,0.015563002286654637,0.002594331092437674,0.013168036364171076
2025-05-05,0.0012076160173959405,-0.012488184758282839,-0.004765516124529912,-0.004819472322211804,0.0010294402361994415,0.012701119471991484,-0.01291406965374653,0.008403361949560928,-0.015402168398717997,-0.0012034906301739978,-0.019581316339692623,-0.0027044600724757117,0.014724230375836589,-0.018939418881415482,-0.014484149934668178,-0.00035100275087696087,-0.0007590401363405386,0.0006330058987848997,-0.007530890498508747,-4.127496269901165e-05,-0.005625353500706698,-0.017804259042905723,0.0009015217236527651,0.001393117446258918,-0.012614638030763459
2025-05-06,-0.0002682019127312474,-0.02678817006291112,-0.011739341291892025,-0.016513193443735807,-0.0052346828411375945,-5.995562145610922e-05,-0.007963686080526777,-0.00886546153412826,-0.007214444171582346,-0.014459721485653332,0.0009512410257370707,-0.018305194303538608,-0.002572775222021817,-0.005308746783388996,-0.00417320367348939,-0.0026342729355580685,-0.007879947643670726,-0.007857648165754183,-0.006898485369362217,0.003637049047521268,-0.004289511282047576,-0.0046477967161920875,-0.011858299069475775,-0.0028487138241863885,-0.011227246577205086
2025-05-07,-0.01930194412552677,0.004471212652896073,0.0010941805931232729,0.009121770325041911,-0.015692512305723327,0.0033006979366629885,-0.010894078300166976,-0.0033127383639768304,-0.0045067485995493595,6.777099763177752e-05,0.005172951901706968,0.008287439606550873,0.004023957361736885,0.001940738318061186,0.0010326215654252735,-0.0008806749030463301,0.005167414599626108,0.006443279253444567,0.0004168043573158364,-0.010377495883712395,0.008116366020587407,-0.002568257688906561,0.003645715768921587,0.005581237938133254,0.010963194680231991
2025-05-08,-0.007335234845261884,0.025038159571846963,-0.007962542901604808,0.004159640302219492,-0.014033495828067344,-0.0028711272098568275,0.008115729747300238,-0.013169308613646735,-0.011546410521808603,0.0013585080776348235,0.00021009917289949165,0.01712332592562249,-0.005857648008724903,0.0014528829178404035,-0.01917258816520495,-0.008635837261571022,0.004284129733913344,0.002667628136127753,-0.0015275345452115952,-0.015355221041469469,0.009537494323342388,-0.016151881074253138,-0.007416273781302496,-0.020417509429723646,0.0046475376687888925
2025-05-09,0.009592501768623807,0.005156757462942085,0.010544502177462833,0.008444177239716355,0.016653858735035554,-0.0007798063258102061,0.004600234238688161,0.003948827542596067,0.0036926334588882614,0.006714993683716308,-0.018166547601651706,-0.005387276354992365,0.003411260463453525,0.006769690489442315,0.008412865685367032,0.007822153683127997,0.013461049657040203,0.01120713512109961,0.006675843367305534,0.012974408468643173,0.0011043225320654937,0.006186190686249926,0.006556752414948797,0.006273093452999534,0.010408643553491137
2025-05-12,-0.05478028118715916,0.0021602617552212156,0.03722154758541896,0.048187110198136374,-0.04304771358669979,-0.003422038184050513,0.00457940788838318,0.007033840889159926,0.012770186819474283,0.0031666632765066094,0.050374294483578996,0.06296544630007372,0.008962756215652012,0.036023138830033385,0.0037417719788994663,-0.013229813687054004,0.0319894883202152,0.0036504565868706873,0.02003321547589887,-0.04180403928061793,0.05055443581247632,0.0066208504463305395,-0.013331312994003142,-0.023796564420956012,0.028996401532602745
2025-05-13,-0.019045792132071027,-0.02465326881804486,-0.008408361892904725,-0.010023376340218215,-0.02149676354058816,-0.0012047830200161425,-0.017093828065054995,-0.0019299470023411702,-0.019210653471370964,-0.012559657832545534,-0.013236825779167183,0.0038216568143789598,-0.005718005621076494,-0.0050996414530897205,-0.0165007142972019,-0.01573107649938643,-0.005710291671003009,-0.009993984673225098,-0.010564823366898346,-0.016763221695258235,-0.06159589271606325,-0.02161147662720353,-0.014586205508462347,-0.0024035155290298427,-0.010381758345367142
2025-05-14,0.0026476463412352658,-0.019475167982516917,0.0010600495612038685,-0.017509158351637244,-0.0009152596488211096,-0.0007841346224898293,-0.016232124847256224,-0.011026927137373521,-0.007692267339475811,-0.008230005748606328,-0.017438872828959617,-0.016497398877960312,-0.002464515186140881,-0.01677538755940733,-0.016093760972722415,-0.009444342358918223,-0.019143041340798694,-0.01304087530834519,-0.011636038598041298,-0.013683439535150499,0.0018648039992206211,-0.01152457497606496,-0.006855748729351574,-0.008367346785141394,-0.02510309661342658
2025-05-15,0.035109899057907734,0.008029156824167938,0.0131599109469136,0.009375536469523382,0.02585751522990498,0.012796462823472021,0.02003532046127976,0.00934582457245603,0.024368161552788203,0.018997392269460844,0.01564786750191205,-0.006451748666899126,0.024294832234650565,0.0137440364160748,0.016167661434707048,0.01576822943385281,0.015148807689482346,0.022770686544371088,0.005401724895352844,0.028554634386696254,0.011477830751426499,0.017731380949586262,0.017100764389131662,0.024337570925837326,0.01729440376969671
2025-05-16,0.008031077858919433,0.01802683932342819,0.012839425375920976,0.010286299945826416,0.015381635444700947,0.013469256044564393,0.024263406470587334,0.010008737140058344,0.01149158737584699,0.02140248185818283,0.012821777870483997,0.010389816864806223,0.011155791776026547,0.014025238736927292,0.01429464031010097,0.015162565469433842,0.012084564653269014,0.013672947426219162,0.0169446023066242,0.01741680440887272,0.012819734085494972,0.012410382832717115,0.012339876969759134,0.012458374064187261,0.009444755063645394
2025-05-19,0.008201245858168393,0.016472334626365992,0.0008845057404089918,-0.008509954501887629,0.006450357719966826,0.004351651359191466,0.005219089842424474,0.001883814700651465,-0.00768948444949924,0.005469164554290362,-0.001633282592994334,-0.008997564283649284,0.004472702314942234,-0.000922052045260191,-0.01139713651001173,0.00017778463290563096,0.0009045060947168171,0.0010028689300052296,0.003115633354952241,0.010425632066401569,-0.0038154405297325944,-0.004478915065891265,-0.0021332186677989196,0.012977260644472022,-0.008233656025856684
2025-05-20,0.0012550875632211245,-0.025253161626289655,-0.004418203668276499,-0.016629612059131937,-0.0005827449571370602,-0.0038642510130376673,-0.012979571114711153,-0.0019143326613061395,0.0035254041472345676,-0.003473392295690214,-0.013805147484194924,-0.018158171953650437,-0.005145431488275287,-0.017074319126629267,-0.0061359135164213985,-0.0008887651557416554,-0.017352044779841314,-0.005299495353838002,-0.012424150237357323,-0.007345724783345053,-0.009423086816445103,-0.005446368282023384,-0.007940021064145708,0.00378366542949804,-0.01094331305457219
2025-05-21,-0.007753116414949135,-0.05001381734384969,-0.038609426543326664,-0.05805801240965658,-0.013602876331533897,-0.016693245001950352,-0.0377358389845166,-0.013843094413964363,-0.03363454262582266,-0.04373271663358724,-0.026752361109069978,-0.02509907876343076,-0.04396253119046445,-0.032394350645391534,-0.0268789358977638,-0.016903966638194046,-0.03734013235449307,-0.03885387792529982,-0.02447704365581993,-0.008041817749710467,-0.029581396657079928,-0.032142842418150686,-0.020778891203446337,-0.01930960435766549,-0.03929797459532003
2025-05-22,-0.016188499076358553,0.0005832939211758426,-0.005539451338116619,-0.0036402947911631234,-0.015760328240788213,0.003945192358485006,-0.0005941423445230409,0.008566707437567045,-0.014649391544087953,-0.004332600445151047,-0.002130952921272411,0.004742512683200584,-0.003329287906766343,0.0,-0.01044592058141236,-0.0012669402713529898,0.0040124881924195055,-0.0002705248377176117,-0.0036441496879141555,-0.01091894493060086,-0.0010751225583817137,-0.013530048176822684,0.00047165336037369165,-0.009440322607538687,0.002780083808662903
2025-05-23,0.007561614448971854,-0.011368531854810904,-0.0003093538251575101,0.005812479834496065,0.0024019606534659843,0.001012330953437779,0.0011889294429554553,-0.003508354890784826,-0.015670559264453265,0.0065618041777879554,-0.011744538847472952,-0.008766051626596272,0.0042797305662827245,-0.006307647608440381,-0.010685946351009834,0.006342811518663449,-0.009991320350203559,0.003110520684685758,-0.0009849703453973513,0.005476029067700727,-0.007470744798810491,-0.015710660808417876,0.007384142004855931,0.015452621362183505,-0.0007922212089139791
2025-05-27,0.008685007202384964,0.037299098003373166,0.03838419532385817,0.022950602424891553,0.0038938029674693286,0.015227248856132025,0.03028499374392557,0.015461022417084136,0.019037209058021975,0.015027718468849871,0.027657760187410396,0.05238107023242966,0.011433397599641015,0.025878860903519207,0.009622953467057549,0.011345115661828942,0.02479813780664908,0.011594224539862363,0.015913298588590363,0.006491663163650241,0.02194310268645805,0.014441211865215298,0.014504040445963096,0.02212247665647249,0.02378125895648564
2025-05-28,-0.005802438877999805,-0.009806822673330884,0.01013555568382718,-0.0018562129782578873,-0.009050326965397426,-0.006444846193124576,0.0034580116522686666,0.00434539424763547,0.013000875082447072,0.0038533979939323615,-0.002943663263209495,-0.0032321637494477917,-0.0002055716452317169,-0.001427890877948923,0.00382553708520339,-0.005519904988054214,0.012192819969417679,0.006730109844831356,-0.007208251786888553,-0.008570995992459252,0.006241837567556141,0.016233661413382894,-0.010299787315592113,-0.005050219141689238,0.0023229081070217372
2025-05-29,0.0058833670006535055,0.022678261379828202,0.01593617489452237,0.008004510521723462,0.0071256300507787085,0.015803610032379733,0.0063183771355761476,0.007733111018440431,0.01405600783821015,0.01562406055747756,0.011914875406330738,0.003891119171677282,0.005242092404331045,0.017635966184222474,0.00600691259521402,0.009131579494015885,0.012138711330031304,0.012774698084321301,0.01075119276048575,0.005283173455440382,0.012529903814346932,0.015483058785921378,-0.0035724648127188896,0.009031188838617643,0.0057937729726005305
2025-05-30,0.004398525712839607,-0.014877008814385695,-0.022076832767852328,0.002807399368425445,0.0,-0.004295730616971305,-0.00627870590375279,0.0015663608839782128,0.0064520875031801594,0.0022543940022135,-0.005105826665542268,0.000646028686212885,0.009304695654407835,-0.00421555017681019,0.00577844741218958,0.004613359051279575,-0.005767651329505186,0.007810105076835772,-0.003315438730909337,0.0071664285006358686,-0.0009798960860912809,0.0026620148491580675,0.0020264533501810345,0.007904688568864504,0.0030971294995181253
2025-06-02,-0.002515862644570599,-0.008405790872528351,0.0038614097555771387,-0.0036794040699421604,-0.004583916954379652,0.006996242519694329,0.0,0.00187892340638518,0.002676972554179091,0.012173410755308645,-0.0004190100684712261,-0.003227990522751023,0.0076993183717442015,-0.004233300075148327,-0.006255823061384391,0.004063775065810793,0.0013811574191429088,0.004409593802084721,-0.0027720376660996804,-0.003579318270691134,-0.0009812587212680857,-0.0004827000252625169,-0.002955976285458628,0.00609275007900445,-0.009262854554830335
2025-06-03,-0.003362596090693004,0.010057441317578686,0.041278356289011775,0.0030507778601531754,-0.0003002644608974814,0.005905691261693047,-0.014933793432362785,0.004885012558895063,-0.01345453461419266,-0.02000149002611129,-0.0031433865733500044,0.014896342228441606,0.004926098136852852,-0.0056682995169072825,-0.02087750377225872,-0.010074151611204396,0.0024826982895675975,-0.0208542364365224,-0.0056982562486540544,-0.006838052207359335,-0.00693644429413709,-0.007727513681079601,-0.013106371450455123,-0.019456239641942985,0.007401647160357294
2025-06-04,0.004545696117729481,0.003840651366592729,0.012077470046982786,0.01976949873889655,0.003705183339357765,0.013007795268827227,-0.0029152820664695156,0.019400061485139508,0.006872493298834437,-0.0017340736096157494,0.0,-0.012763111413700678,0.0025009660093560093,-0.004275726399367907,-0.0036741597479366117,-0.0016070846339631961,-0.005411809000931633,-6.59435736822811e-05,0.0018170365589909032,0.005534257765545725,-0.0009889820819717343,0.0009733881444029535,-0.001106775195794052,-0.0009854321775077945,0.0166280295697101
2025-06-05,0.008676934091336186,-0.014453655017257483,0.008142500974412492,0.0018051622394503752,0.0004987431430880651,-0.0005113527404257967,-0.0011696436463446425,-0.00269684893190425,-0.016338934042339437,-0.0016034389639875135,-0.0070421468229801,-0.006464259921405979,0.01067766547906035,-0.006679354399002024,-0.013433394524049347,-0.001609379667241173,-0.0056257675451301115,-0.009330942976959133,-0.005999813355551664,-0.0047670597574719364,-0.0053830592584153125,-0.00364694965969925,0.001899315261809642,0.006445278039874491,0.015595250044044606
2025-06-06,-0.017019827100169138,0.01409061119716326,0.032168239835796975,0.007286179403145132,-0.013262855798954143,0.0052867116326527075,0.010538633934010111,0.00515532577729072,0.0034153681781863288,0.002676906262579992,0.02064146260149413,0.025374145449277297,0.009182340840629077,0.020418180621573745,0.0004672537152112799,0.003045050791283588,0.00899656051388531,0.008154123970209648,0.01080876746661863,-0.017287265550581687,0.008398252230023662,0.002196198804290672,0.0053712435582011775,0.009279223247296242,0.0011235421644801846
2025-06-09,0.0013646236316469107,0.01729768174953472,-0.020776947744091,0.002099937763797799,0.0007074361496197668,-0.0009047633946729361,0.0005793404630456411,-0.007600352090818774,0.016589705240318775,0.004071068165662828,0.0034225478074279003,0.010152352618286065,-0.009685864200162264,0.002858544728788548,0.007405356108637795,0.014464451307900195,0.0012867948028254528,-0.0010894527744108595,0.002083153519115033,-0.003057269465973289,0.0026249435676513055,0.009982970158163296,-0.015556261102687596,-0.026804891671710518,0.010475121920958896
2025-06-10,0.008363384112639816,0.02202093936984295,0.004271048920513998,0.03112395125430245,0.008786135075144585,0.005716597252973354,0.019108427175116294,-0.0001542673799275196,0.01462710289434832,0.007843841743957247,0.011266146799505883,0.00942201328922776,-0.0015807312287969832,0.0071258478718445595,0.005695380538302652,0.009505212709755906,0.00514092935300936,0.004759073811427816,0.007067553690424777,0.00520014868751395,0.0029298711197109917,0.0113307470209838,0.012769387502228557,0.003925280813604326,0.021103401153738988
2025-06-11,-0.0011647960959310089,-0.001909374029478328,0.00123472633431021,0.0073767081860385275,-0.0046050260111877295,-0.010411455608254627,-0.0051136320768951915,-0.015032952089408136,-0.005835974444654668,-0.008903810206798979,-0.014104688582985192,-0.006222646665914211,-0.0007914596001964425,-0.009905658399227413,-0.009877514734835668,0.007148916916464021,-0.009041992663394116,-0.01269643678192478,-0.013270469381744032,-0.006234445525352683,-0.007396466489713038,-0.009058574989889157,-0.0006303695979049673,-0.004373811383081461,-0.007976897434346597
2025-06-12,0.015581164422707294,-0.0017761969339769035,0.006851193018197366,0.012627978915667137,0.006034290964918254,0.003924088380812707,-0.0005712465687881529,0.003043508927315086,0.012439236604527393,0.0015969290487130028,0.0018659714710318465,-0.017533072245786263,0.015151528274220727,0.0014292242326428006,0.007249171659757803,0.003462767898837704,-0.0005528842912263521,-0.0017162679440166917,0.0007041542303551918,0.014771972758441887,-0.005698197074906597,0.008900845677697333,0.004888772331149038,0.01111552770342028,-0.002192878462566661
2025-06-13,-0.005555465879342081,-0.01300300523224951,-0.018780601051410883,-0.01881643278752465,-0.0058301160609695035,-0.00479146064191871,-0.006857276388483324,-0.0042168195453542445,-0.018257030744466274,-0.006045869187015995,-0.01396934576897313,-0.029955294632657448,-0.00897482344581002,-0.009039123329808718,-0.010564439917426283,-0.005521154759235647,-0.010697233697316455,-0.005730550040660809,-0.011398914045334774,-0.0010523802224506884,-0.011902360011212254,-0.01692900971404776,0.002197099568703953,0.0032255581074460693,-0.01831519427220285
2025-06-16,0.0008379346449343128,0.007350076017729412,0.00998604178851692,0.008498194122273706,0.0061997176589916325,0.009113277176872714,-0.007987020308582782,-0.005029938621890273,0.0024257297565040137,0.006690001958696845,0.0036730572550043306,0.027595275068742486,0.012548920535503605,0.004320801911656291,-0.0021356201772256833,-0.0043371524643616155,-0.004287848028626917,-0.0013223309706810182,0.00213531652777732,0.01005135534017465,0.006118473919567213,-0.0016977429551530143,-0.01628568008338449,-0.011942124382961494,-0.003731216196217968
2025-06-17,0.0007442727270046134,-0.019548571869482556,-0.01483118214245116,-0.013721189507324372,-0.00191913883006678,0.0,-0.007584472109260831,-0.0015650909990742035,-0.005646152436345586,-0.007249936939591861,-0.004705219643856284,-0.004475670800836773,0.00685794441297749,-0.006692127277814652,-0.003611072631632517,0.0024393938973847895,-0.006804761874276699,-0.0030553908830743826,-0.003693193515872162,-0.006952844571028405,-0.004624300173411311,-0.0043731888244469275,-0.0009551312368770715,0.008566778309062384,-0.031086109668822304
2025-06-18,0.0015803296290775037,-0.004773951929486708,-0.00041809798548897437,0.00914869774778837,0.005768567944773428,0.003067185969895858,0.00235138350450792,0.00010149923925073523,0.0016575993935650235,-0.0097369245416693,0.0045174892711850045,0.010276106707357346,-0.0011675500762987623,0.010587091566090168,-0.00047007340210258874,0.0008691882961413544,-9.496240553041879e-05,-0.009705129362399756,0.008269210932419835,-0.0008752336474002753,-0.0001909352929854169,0.003416298332415968,-0.0009559187464668328,0.008625804502654821,0.0038654260119326267
2025-06-20,0.009281600980372229,0.006913048483671469,-0.0033467466263080725,0.003146760808451665,0.008050000345990904,-0.006681891251517635,0.0029328333558245046,-0.004476475500641008,0.0011617932386880359,-0.0025947172668702168,-0.0014642194735799974,-0.0038143683379979754,-0.012859216123815687,-0.005238089648307076,-0.0024171704968165564,-0.006946971706755178,0.005805100197850965,-0.0025102819039583,0.005938880870658636,0.004335988220075082,0.0010820704464677977,-0.0019455519663922338,-0.003987235514194998,-0.012664697311074224,0.008086253369272267
2025-06-23,0.01908229785669935,0.021717810172681373,-0.006716083022826669,0.035178181606828396,0.023457709536626403,0.010945209337565931,0.022806876608621796,0.00804174315227768,0.00513460892191242,0.019853585329276724,0.00942603970457756,0.006381689136831348,0.01697428483360075,0.015797015126328695,0.01077016972493805,0.02081146496824382,0.013624751272515834,0.016133386774179526,0.015884067950404424,0.020975968386711452,0.011508892160880135,0.00852821054569275,0.017293779094296857,0.019042468761960363,0.015278849683488138
2025-06-24,0.01028737048363304,0.033598590419750884,-0.009156277275568225,0.003823944848177163,0.0064372947716975215,0.0018045252294476288,0.0,0.01856227061179716,0.0008048229770405424,-0.002953789182811084,-0.001141350588727219,-0.006341221432898836,0.021348860408293868,0.000942583980814371,-0.006593292459500355,-0.006681418112768345,0.009334377659018012,0.0028499505868386787,-0.00844033571889724,0.0105929543533263,0.006537648989397793,-0.009905692044097969,-0.002833370485236908,0.000843388216803076,0.0026336340197972152
2025-06-25,-0.016479797061094703,-0.022422795296480835,-0.05260171627519017,-0.028103238157741184,-0.013276567781571491,-0.030451564671897358,-0.010291569305112658,-0.09066738182413725,-0.01443889008743382,-0.02080379511317465,-0.026591818039841897,-0.010848658044643633,-0.024418152112936187,-0.019303395843236815,-0.02185412121639141,-0.015522623029079252,-0.03098117369516884,-0.020839061210555565,-0.022746362684359367,-0.016568223773282487,-0.016987292449035074,-0.0212297907503759,0.002525707808391564,-0.005316087246058698,-0.021763739276055682
2025-06-26,-0.012260465701374956,0.007193121898805277,0.016806751234835104,0.021224634604929182,-0.014437284166791575,-0.015442551181311881,0.009820556810807624,-0.0955707598182276,0.020645661550736882,0.0014438949103636745,0.012058464574473904,0.013548287754316934,-0.01723793633737647,0.009121574365460017,0.01062309655734972,0.0021022545895996725,-0.003722157954055727,-0.0030057763351886146,0.00728263323832512,-0.008509480383830259,0.02033036627073903,0.017701085723350385,-0.0028340765329785134,0.00032597927071864596,0.009589698128739554
2025-06-27,0.0011953203419901026,-0.011318952461821352,0.012396685093749582,0.009341795779075568,0.002989550319581591,0.010436945736287617,-0.006864540867529301,0.0530896766296709,-0.00802857771212695,0.001441813083790322,-0.0018979297265026007,0.003182720200976874,0.013774657341843799,-0.004281649524175757,0.002644746380362051,-0.0029720472631622474,0.011782768485802508,0.00453966001453443,0.0,0.000433549771922781,-0.0006226995201189522,-0.0026946221797179426,-0.007105764152900873,-0.008795836282842417,-0.01785715232235896
2025-06-30,0.014877382883517809,0.008049667212867595,-0.0022181151689802947,0.005309156324087905,0.020665778123534206,0.017331892643043023,0.008640609390846876,0.013195649601837722,0.001979744115408355,0.010832298419540809,0.0034862677377056617,-0.012853473165408857,0.0026392685964593543,0.004300060877787004,0.0010820361148253799,0.010170223670660894,-0.004733913761468478,0.012211975250841167,0.009781644855621163,0.01750427706379054,0.0016199268823409163,0.0029477191603821673,0.012019257446554299,0.010517304672457373,-0.006189620801110296
2025-07-01,0.015609381762674346,0.025609318477143983,0.009633829893562762,0.010705110278839802,0.009636869703730344,-0.017667631636629988,0.021130463668211474,-0.00011314752118618543,0.004834154926541379,0.020754181754139678,0.0034081147227655872,0.03320313549964471,-0.02573849096916847,0.007611842737671903,0.006013104348292719,0.008004605626254824,0.013888875360006603,0.015915725912284406,-0.0016848172997321331,0.016607079908668387,0.021833794751053626,0.000734689940428801,-0.004433966682799606,-0.013855507615111895,0.021409075354567486
2025-07-02,-0.007306128860875227,0.023895852367114223,0.002201951034842109,0.006284419010973652,-0.005302749194171952,0.00531374256506445,0.024049210937537868,-0.0002893276880919782,-0.0048108982988290805,0.008505052385023415,0.007536326854497899,0.018903693112585662,-0.0032022402497307034,0.012275779117065788,0.0020820209112879517,-0.0008650230339081189,0.01623192994195022,-0.003321172335022604,-0.004359371324890171,-0.004816993316377305,0.009557375973777482,-0.007097281602772232,0.0009543673507792505,-0.005870646755961717,0.01753054262736886
2025-07-03,-0.004846786787397583,0.008522264181699546,0.008202695648357405,0.004701411794056032,-0.002423183066117107,0.0025558781458556723,-0.004915222466395641,-0.010249534330789123,0.0028229377521509225,0.007247338998408681,0.009271055912371429,0.0024735382914911064,0.010741822117168232,0.008395547091692768,0.008444409915979056,-0.0012120947890893463,-0.002677491242048191,-0.002625416850852047,-0.0001411139544538198,-0.015404581752380353,0.005427024023358706,0.005669216493912055,0.0,0.01366858457570208,-0.010112327344591887
2025-07-07,-0.007801475918975953,-0.02444083815559306,-0.021792722120244523,-0.004469893996276841,-0.010396422157672891,-0.005562063073340506,-0.013172267383092295,-0.012553958887161376,-0.0021463610069338834,-0.02544468686897383,-0.016492698470516154,-0.012338002746009158,-0.0035756743187659312,-0.01896392570916472,-0.002525425120023961,-0.0026005382579822323,-0.015645195890890196,-0.014747514380408666,-0.01228997782358332,-0.0014535140707705452,-0.010195594572969036,0.0029410191282217557,0.0012712143650268626,0.009556743149726543,-0.029890339225553286
2025-07-08,0.0030906284455516353,0.02638582478677609,0.014406640135698368,-0.01859123068123636,0.007167328101107984,-0.004893820271377303,0.012792060135416117,-0.012520586166499648,0.00842766567883424,0.005637963430411341,-0.001061237061790954,0.010618388448866423,-0.0072767291413144974,-0.006129255178176973,0.0011325794564349678,-0.0006952238075013106,0.0048903837860125865,-0.003870474534853341,-0.005148810037646667,0.0027827366245114504,-0.009633975497212122,0.0009775305745247653,-0.00396757119979696,-0.016014965666874992,0.020670882584004957
2025-07-09,0.005120048738159078,0.0006492559986557289,0.0106881065090898,-0.0010007819734024759,0.008091358340737598,0.002224741136239272,0.0027456109867933787,-0.0034923147905595586,-0.004196094105960335,-0.007475211064344123,0.005524768898514498,-0.001854182746276467,-0.003413991280284745,0.0033206184979048814,-0.00019952708749437775,-0.009914944127251246,-0.004305089383624949,-0.00629253810293795,-0.007762957881846111,0.00012803214459489176,-0.0031815774527492735,-0.005859259017473972,0.0,0.0032287462223095087,-0.0007642990986586051
2025-07-10,-0.003696539544314259,0.028804985672178818,0.01810815737544269,0.010447275233396613,0.005415227219933927,-0.004089264607372689,0.015334112891675078,-0.007610724846677797,0.006952718439028782,0.0007396846847040894,-0.00031707597081387373,0.02662530709869082,-0.0029218810561187913,0.010401976128028068,0.005791201646400124,0.00017572212303718082,0.018986729345471298,-0.0005192300437655284,0.0034770689843444114,-0.006317547274533153,0.0031917321959391565,0.004964073144893444,0.00828549340761886,0.003087095690773145,0.0011472493338706702
2025-07-11,-0.008008660057464145,0.0032791079013514413,0.006971944514275297,-0.0050280198294011536,-0.011637905375462165,-0.011790220979964738,-0.004854467762429149,-0.00288594110789131,-0.0004533938861875919,0.00954161857476854,0.0028538316734847413,-0.003618713171427479,-0.009801973835998123,0.005147302641898666,-0.0025148952274796077,0.004040042767943897,0.007010433586260856,0.0010041168239580678,0.0011550451784001492,-0.01713988196853855,-0.01040071784168306,-0.0022228233812914278,0.023546195337996956,0.015976874148549314,0.0049655899869687214
2025-07-14,0.011585531585141196,-0.011816551332157532,0.006500043579108272,0.0037010980246330316,0.004671161600107165,0.01460192210400968,0.0048781485774387345,0.004625499029046409,-0.007291582246443773,0.0013977641301199384,0.0009486540572074542,-0.0012106602581292147,0.00010208893443719447,0.0107076156527659,0.0035826679253743166,0.02694197057194514,0.0016487595306735603,-0.0017293059591965143,0.008508930993028851,0.015471949161926402,0.0042038520661182854,-0.000990111411450667,0.012814562151810316,0.01875502598552914,-0.01596351249088157
2025-07-15,-0.012895677866307076,-0.01641010116923025,-0.018391105517096662,-0.0282230241508038,-0.012495359502704417,0.0011702145540302133,-0.01672068492774259,-0.0003158355384615952,-0.014444471582988672,-0.016616863205644594,-0.020848765362254773,-0.010302991898067382,-0.007550992363351883,-0.02487322102953826,-0.015459688265927807,-0.03475295457811123,-0.006675733411203311,-0.01635318735352631,-0.018732946934408856,-0.009942209490141352,-0.01539120604249633,-0.009415232598272039,-0.006249992544906546,-0.008603882559807041,-0.020857331654567046
2025-07-16,0.02028134881390553,0.010734597000116475,0.0025742718928511987,0.009559346771475408,0.018048204050553407,0.010810433441144962,0.0016456726954443557,0.007474082244203872,0.020147625453174722,0.006759038064073408,0.014517658740348827,-0.011022716556405632,0.010075994397799937,0.011336672063445796,0.01987390431116043,0.002294368183308526,0.014269895701975788,0.005776447949108032,0.011804006047484217,0.01678034461489486,0.009629242689019657,0.017258471444923318,0.004755355604093792,0.005360258643668958,0.021696137715617958
2025-07-17,-0.0014326983019204986,0.009469075145047468,-0.015263867461073777,0.0030357654529560296,0.0043355817637451555,0.021852228564281928,0.005476186495778412,0.012969646913814747,0.0032857955483298618,-0.011278850464072288,0.008373969938418213,-0.005572689647362128,0.004580705256752804,0.011676843764079514,0.001995232489230503,-0.007571845759682727,-0.03394748123196012,-0.007038897818885559,0.006769403440316513,-0.004403715866394431,0.007803340217829247,-0.0007375313313655596,-0.0019846488077741586,0.0005077695954003314,-0.00849424147263167
2025-07-18,0.0077564960058960075,-0.009126829534053083,-0.0011589617854315115,0.005044295789368158,0.008633961414244995,0.0069019714005611466,0.003395887098549988,0.0028495101972190184,0.0012194171365202955,0.00570381127368047,-0.004835478595324072,0.004981282352916949,0.009929995121218393,0.000461764844713608,0.0007300931075582273,0.001951861105941255,0.003288497474513763,0.001833908223206393,-0.00042901987704990763,0.004466079635868203,0.0007989136283723663,0.0022145211881057225,0.006577998027923249,0.009008434820091171,-0.014408089080717335
2025-07-21,0.0076967253310469275,0.0012793054660462655,0.0008702010073018407,0.014124910041305005,0.011984045508814045,-0.004888234893548504,0.004366974547851843,0.014669951690727823,-0.008247129870264658,-0.0020929421131308246,-0.0031688303258634587,-0.0037174281383026697,-0.009431045487991896,-0.002307292367930036,-0.004974304778811889,-0.001416763473923277,0.010114198271922614,0.0018305511603804447,-0.0015743921608433187,0.002009537368701464,0.005526128481048831,-0.003191717382846515,0.009726259354310818,0.007984918397618834,-0.010272552254727452
2025-07-22,0.025827860212296327,0.030918809312033835,0.03057548120555409,0.011524355590192714,0.03618421176240538,0.012591084701847555,0.03206512215252788,0.014394433890488445,0.024771869688688053,0.02388349852346172,0.017696310737523646,0.024253635898267012,0.005773296412491913,0.02081402833116841,0.02119707390268677,0.025713785105031084,0.012330908878470659,0.022700023532541636,0.027236296695177353,0.021248392014393325,0.011052880764461426,0.01896538745882137,0.010084349325393926,0.004802840166337363,0.04471057680962631
2025-07-23,-0.009339372599659668,0.027884359010934112,0.0052022993788996,0.010903735784807411,-0.004716540821407267,-0.0005575378344876425,0.003159674888215669,-0.005421219018219903,0.0017805562002515263,-0.0023128622982128144,-0.004269180751747426,0.007893213162754487,0.0008055398642523581,0.002265474624487007,-0.0030678824548026062,0.000691497723407597,0.007418130593579653,-0.0048789943653927415,-0.0026515368551431884,-0.010194205153647995,0.0010267153840937127,-0.008701972048899775,0.005215294575121154,0.003352125846539211,-0.008024607445671461
2025-07-24,0.004605061767342988,-0.010730563461199383,-0.010490984588802488,-0.0002766268655960413,0.0380935384071861,0.004351641502448489,-0.009448953021076512,-0.008377345018526383,-0.01767033190157896,-0.0031130013898554854,-0.009620393082559353,-0.010240987528061019,-0.006137942635742966,-0.006329264818197511,-0.0068750538290887064,0.002418815161547405,-0.0025453453412167537,-0.007975852844050002,0.0008395242925327562,-0.007555656602702743,-0.004706134878006862,-0.012191963082497925,-0.005188236394001122,-0.0014230834918946833,-0.010785748756258262
2025-07-25,-0.00592458231848858,0.0017062341470959197,0.014984502015290113,0.020610077196240972,-0.02133260737819298,-0.011720840963362456,-0.06730243190912077,0.015059567393133078,-0.0012178726734546341,0.0023253570981800475,-0.0049623958540638835,0.007303689129118274,0.005770958394129,-0.009099005415645678,-0.00019768154114885306,-0.0020680574055835788,0.005194923598047296,0.0015661347612665466,-0.004893135653806113,-0.0051038573365324025,0.013033401635852204,-0.0024685080068890253,-0.009685763606504083,0.0009914112699440647,0.030763229811620718
2025-07-28,-0.024622569462614097,-0.03735237693810667,-0.030640701914058766,-0.006844275364207064,-0.024040231672112777,-0.01230962251973422,-0.019318196253555908,-0.009745193554241638,-0.01358594415540737,-0.016902930704409624,-0.01114189094568907,-0.009063461819947993,-0.01348900780357798,-0.010560312277463568,-0.015166415739236383,-0.017962270968806204,-0.02874225752750792,-0.006151027728279357,-0.016015615062903388,-0.03065142960561562,-0.010950898314744384,-0.012620672933618238,-0.018507176425085925,-0.020240221230862332,-0.02228933138706879
2025-07-29,-0.04237092254928854,0.004549893068561461,0.01192522477588831,0.07839796455080061,0.004871269541964374,0.014682399676865243,0.006373174318302421,0.02206351490757852,0.026522128409406376,0.024273427408639137,0.01770574405311498,-0.007316986901800493,0.01448975515727935,0.017633538894026524,0.01988627425212175,0.008793735491018584,0.024271808252031013,0.023007984067428877,0.02455742012267481,0.009570045331574573,0.016941009537974727,0.017543829865594107,0.024528608232567084,0.04845551651772029,0.002318359551729987
2025-07-30,-0.02780500424974086,-0.018243523300232267,-0.05679400090837727,-0.004302486057830901,-0.021585995652696366,-0.005608515130716696,-0.008635602037732837,-0.017370860652670017,-0.076409923506775,-0.016917818069276724,-0.013285500150230556,-0.009213839982947891,-0.01478582424732977,-0.0013680545983514314,-0.023174994984289654,-0.009937274151653464,-0.011210453451180213,-0.0133985605996082,0.007664409683409978,-0.008474547161759327,-0.015587718644792803,-0.01995071965071349,-0.005237145056354753,0.0025307955471043364,-0.015420134945964725
2025-07-31,-0.0016767662380593462,-0.02050488320422761,-0.015053370654252718,-0.010357689995539765,-0.017575060825277156,-0.004850490078450398,-0.01626028655792089,-0.014892519335691357,-0.030842376383734216,-0.10030812083503804,-0.015174126327548887,-0.025418388368274147,-0.006023371483581119,-0.030593568125537485,-0.04274493277991642,-0.011621776407587991,-0.01576175435886029,-0.05789005937382696,-0.012584744082672739,-0.009956937038892555,-0.010093339713967087,-0.012565978748609319,0.010529316584888981,-0.007873640386769742,-0.019185590373938743
2025-08-01,0.017803194302028702,-0.005495193281183974,-0.012379533551988842,-0.011557743600033588,0.01703306423723072,-0.023974173569069612,-0.010035427703643296,-0.01709188278957119,-0.013298552260403884,0.036767016596675806,-0.016818581271470623,-0.012086545445997854,-0.03317594341774599,-0.023080478971452267,-0.017060856380163747,0.012692164970217856,-0.017512614625183054,0.025557055759106273,-0.012885177740972753,0.01713255695992766,-0.018987600854090347,-0.015780142635135608,0.004763291382513524,0.0070880110645066274,0.0011976274676055443
2025-08-04,0.004148933920646858,0.014603342211950254,0.017332032423751143,0.01357669419737828,0.0029004198415143456,0.004064806441261393,0.007751736029889322,0.00860384815876114,-0.008452743686679365,-0.008901811808574522,0.01026380596497023,0.010302562248440728,0.0067991895250087975,0.01494696342493973,0.0007143312172446237,0.015556023739648372,0.002859540671592331,0.006059577602880228,0.02412026474090667,0.008006174695925017,0.02028889331298256,-0.018101858191600928,0.011555763188233259,0.015278848027565406,0.007575768411968387
2025-08-05,-0.013757110701664188,0.013226155749720636,0.005476150458003648,0.002819986187583279,-0.02099074784089805,-0.004279695380405846,0.017160099270713713,0.0007065131601371455,0.011039044663702313,0.0039838374715535085,0.02020967384445438,-0.01848304611209639,0.008230496525339914,0.011401490979710882,0.012134049641669087,-0.0043515740952956294,0.017393782708093664,0.004419493211658798,0.022582497546636437,-0.048784684775693976,0.03275572949084893,0.01527525182327838,0.0065903975336318865,0.005391850893153194,0.020973383291517544
2025-08-06,-0.005474939536413759,-0.05490144895109528,-0.0012103950382423845,-0.0037706674332955714,0.003335190831452284,-0.015565986293820222,-0.019779075074501717,-0.007625647485133835,-0.011035101333890518,-0.004040152435192179,-0.0022485579594323513,-0.006493474287560308,-0.057666225809919425,0.0018786847062157719,-0.008392039549767416,-0.005070009470630965,-0.012238318243221635,-0.0014192391033305274,-0.008264555291520037,0.0027834069650400917,-0.01051317560691345,-0.005706790670560569,-0.0033464878670176335,-0.004301913906732402,-0.00968997787156356
2025-08-07,0.005313595848537078,0.009614014582411734,-0.004998273855795765,-0.009751117685707356,0.00873780184574402,0.010266094258404745,0.0065281884299930315,0.00820175867075057,0.009822382561471166,0.00173855082898422,-0.008800260983860997,-0.001960761032982705,0.019880126401325526,-0.006563398090754569,0.01095220443933087,0.0031629508025119435,0.005296430950806119,0.008776912131151393,-0.009016189257734841,0.015334119331460894,-0.007043422981866443,0.01200093308018757,0.0030658626435506875,0.004261315391185239,0.006262220264847684
2025-08-08,-0.016665961076635316,-0.004694306137326021,-0.03714433632851821,0.006737453239314517,-0.016100184547629404,-0.0077090036112145155,0.0,-0.0040290891496435055,-0.00945452875242414,-0.01395621152745774,-0.01147675807826487,0.005238990984409497,-0.018185795151508533,-0.017933113483032947,-0.011748127169639688,0.006130535090942191,-0.005739015411863058,-0.007573458177929759,-0.008547085278382438,-0.010262616996582374,-0.008536497128391773,-0.01804585792708069,-0.0020376992003855454,-0.009724352042111195,-0.00894584763384998
2025-08-11,-0.002082119032498775,-0.03166689989674254,-0.018023633911185666,-0.012290788148888843,-0.006889922394252568,-0.006944891033501932,-0.011202822166400228,0.0007085873939804976,-0.009858884214155594,-0.008286946653659255,0.0016428542596298445,-0.002605877122343503,-0.00676571171360052,-0.00048062596725972906,-0.01423689991197219,-0.0008704242218705582,-0.015140012357429344,-0.007063351190168654,-0.005283682093012998,-0.007878654395157891,0.0016371492307611923,-0.015489588491804707,-0.0008750339064227397,0.0,-0.007849260041555728
2025-08-12,-0.007084639151282879,0.025466292558805392,0.025116683629032854,0.01713459853997179,-0.013971837037176305,0.00320052461881537,0.013715169704952235,0.013607938246597673,0.0075768548181256445,0.002292521111907586,0.014980862337210077,0.028739405221352765,0.02903412436203534,0.015865466486252977,-0.0007220565777957821,0.00470456870479441,0.007013677116877615,0.0026096406389977123,0.004752575444956664,-0.0051115300002102515,0.0243342208042161,0.008799817668806442,0.0,-0.014944121629895224,0.013449411683828627
2025-08-13,-0.0022970718491358566,0.017505739172460677,0.028742058381422186,0.02267492093030521,-0.0049839059822734955,-0.004076419510237961,0.008234873738913961,-0.0042168099289574545,0.01866222602826162,0.019699004981865498,0.01896153085580421,0.022222242610509202,0.019750338732563932,0.01893044569225366,0.010044831965312584,0.0039889830024366635,0.013166875260303579,0.009626424602960482,0.0019476798048871924,0.00642236622240655,0.019914862675559863,0.017710904183831477,-0.00729810708131573,-0.010619576122715912,0.030835193631374658
2025-08-14,-0.003379714354516894,-0.006268274731488388,-0.004427668906507587,-0.007014971503738976,-0.007562349546995639,-0.013999271190445084,-0.005834044523676751,-0.011007557390446232,-0.009778462459309578,-0.011431986962735063,-0.00898718999942516,-0.007453519918258267,-0.027349182217843104,-0.017185270497486527,0.0018601801379829475,-0.001209093353819246,-0.0032019510776767346,-0.008086749522673076,-0.012635419468291942,-0.011304100054299382,-0.002317479205686035,-0.011168738750225615,-0.007057911484558033,-0.0071147455232981605,-0.004165067465293881
2025-08-15,0.013073816800184046,0.021205035127177307,0.003527250538604587,0.002459943270872733,0.006333584950572124,0.004090960350911832,0.015845055058085977,0.007660757150042663,0.01241209290480616,0.003073996711174143,0.0012802779449789803,-0.01627023242718595,0.00098452858982645,0.002362998420211593,0.006212790854684291,0.011414772039019416,0.006991049373253677,0.007298134396926503,-0.0012654942351940646,0.01396888273298802,0.006330191740998359,0.011557591873734063,0.0035539239684367896,0.006300977786415807,-0.01749047245599933
2025-08-18,-0.014506144457255732,0.014719578274130951,-0.004278773826941862,-0.006858342591849365,-0.011210623045326273,-0.011264082336943648,-0.008600541427138952,-0.014923579472315374,-0.011257719686266654,-0.0013862837725329147,-0.0011720309764250425,0.008269731253760293,-0.00819754263430994,-0.004714665113974115,-0.005961624629206352,-0.01043113919445715,-0.010788940039587525,-0.008411742086940177,-0.009574969278666745,-0.021778645254046047,-0.004155261538036914,-0.010386835864030441,-0.008263161237061056,-0.0030080066184319243,-0.0061920163697162245
2025-08-19,0.017328741691927663,0.013728613808056345,0.026242942226977428,0.01355802989926147,0.018597640235618496,0.009392749649686394,0.009378544788194443,0.0049503308519336375,0.02300554198716509,0.01899757760757237,0.03157659216299802,0.017665513537829858,0.009036843801139671,0.027948769586421562,0.01670718743991073,0.019699412096063185,0.050455232711017706,0.024201661251512352,0.020472156099583305,0.023750852836680547,0.013444596419149635,0.019942102796810524,0.011159137362322546,0.0071424390286687345,0.025311593843535762
2025-08-20,0.013791451678919486,-0.010348772624108604,-0.006579950947560587,0.005375675917733025,0.004296060857674089,-0.007444371735458977,0.0,0.009781827918780017,-0.0012196085918843025,0.0012906439478521659,-0.002792068976615325,-0.0006198701696104036,-0.0029488553722710753,-0.0032260227160567645,-0.0002809392327205451,0.01508230691396717,-0.005236530668294104,-0.0014267684728300756,-0.0006964899341438402,0.01566328674411821,-0.004288616044146654,-0.001286380957994493,0.017951711274887705,0.014794977713868063,-0.011773739170795605
2025-08-21,0.0010978777741970092,-0.0006453590211860094,-0.00015055530013141638,-0.010693865082474718,-0.0005832886971974816,-0.009375233832467078,0.0034845210746208277,-0.005281608137569838,0.0027476821030445464,-0.004368420793811056,-0.001244430665129026,0.0018609560296634076,-0.008106005748534484,-0.0036985887015789087,-0.009483100568020486,-0.005342176462253656,-0.016246238118502343,-0.0006272838454416396,-0.0071101452487815076,-0.007681973320297186,-0.004019929766509667,-0.006697509506066401,-0.0008673181883681602,0.005723245859097892,-0.009607972597451497
2025-08-22,0.01025128889203919,0.0454721926921311,0.044414562149557524,0.03324540414311805,0.009630386113874012,0.02002691061895856,0.027199040886236148,0.018492794574738625,0.015184881374568082,0.02675695615502227,0.03260295440358396,0.04705888593628749,0.036554301895012076,0.030162580502885117,0.014325415032952371,-0.011077645402744585,0.035889022728435416,0.02423613534160607,0.01586633755832767,0.0089637573212058,0.01804750975386238,0.016597512946043613,-0.0192419027013222,-0.015035551425980342,0.04113313546704833
2025-08-25,-0.0035869451800634167,-0.006301899281027423,0.004468606026517996,0.003466894062000847,-0.007900568069535097,-0.0071830914442302385,-0.005634011212881651,-0.005200402899244838,-0.004835979401226043,-0.017933592702520373,-0.003016442766544114,-0.0005913997331162824,-0.02205403489872948,0.0,-0.006991538658126517,-0.01205029435179017,-0.0058781645125626225,-0.013176225893617555,-0.005943282448672371,-0.00583287548600564,-0.0008496167391243148,-0.006377555169211568,-0.0010325037251510683,0.002858451741027501,-0.012299675296891799
2025-08-26,-0.017383435324921814,0.005098352252408844,-0.0028700907380988516,-0.00945567704565864,-0.015344380344935238,0.012420108543434338,-0.0067987962953549586,-0.0007540266080635627,-0.002599313599980335,0.0026392708326570258,-0.003933448716208265,0.0017751880067991,-0.003922069496747449,-0.004054157124323554,0.00415383270177716,-0.0013742147108944947,-0.0024189962619168837,-0.0033120771010053396,0.0020855128742820472,-0.012321229699121417,0.00238085818228706,-0.005134750632534657,-0.0017720338941923375,0.005700420775747395,-0.012452765992778336
2025-08-27,-0.020149446259217774,0.011010775050174226,0.02259635252773662,-0.0023253266862703903,-0.012229880553844774,0.010778963649933582,0.021106550655372702,0.011217821437946807,0.01076408221901759,0.007185746438484353,0.015492078905165574,0.02598932372864371,0.004812477165929696,0.012211706499759556,0.012621085146601096,0.007225094140151933,0.011944284480734702,0.007996392942207775,0.005550271017462638,-0.04893984851168487,0.007577863804569818,0.00593553277637926,0.003994154038267306,0.011517159174183167,-0.0019105954351482657
2025-08-28,-0.0034929729268674548,0.0013460544558761,0.00872622605612805,-0.006440062783405809,-0.024063966815414006,-0.006834323792923924,-0.002234310020938546,-0.005325376548486971,0.001083698419975132,0.005297701279991962,-0.004686373982913938,-0.0046055478353401735,0.001088467364098733,0.0008938182715776399,-0.0020080163501049464,-0.007173266613576312,-0.00035489246206177327,0.0016484153404137114,-0.003587702830195383,-0.01004185956463799,0.006679113646853363,0.0005129367283651654,-0.004862322957672194,-0.0020864563645410783,-0.006508444252232404
2025-08-29,0.006368554653086722,0.0074544766821460495,0.011720343627732444,0.0008024545935887417,0.014323753865975286,-0.005517059353999598,0.004479083358878588,-0.00020343062036742854,0.008584867364888948,0.008853290209170028,0.007313164134014283,-0.004627036137075269,0.003914393571377239,0.004017598088107199,0.011725574731922705,0.010837606447792192,0.010120648235589114,0.010011302626629304,0.0040160262709598715,-0.005775559009343456,0.00724803472744151,0.014615493148122383,0.007995173005533873,0.005256876116051412,0.0050504592799809345
2025-09-02,-0.016482627119764115,-0.0185588260215116,-0.0015170229027265947,-0.01579075768379634,-0.010490268559715243,-0.027976667193597704,0.0005575024888706537,-0.01860880808616494,-0.035564776653470354,-0.018944167736922535,-0.0140228468337531,-0.00813484901089545,-0.031084101411922527,-0.010671293226657275,-0.02413930983442969,-0.012839613231050984,-0.021796354921917338,-0.021759189029333603,-0.0023446581798599597,-0.013912499585587379,-0.009908216909072065,-0.029062458840820593,-0.0023501034656986386,-0.003208847235777079,-0.0378818155517372
2025-09-03,-0.021098405896815886,0.008033430627915727,0.019060777403128393,-0.002694865143898939,-0.010499508355190312,-0.008898357175972094,-0.01225628962253178,-0.012105303047074911,0.0034919246312719032,0.016611951430964833,0.009380547613563328,0.0070299754870246645,0.003912220640707398,0.010337059387259373,0.0078002781938604215,0.0036371946578115377,-0.0031447488914082555,0.01242287403206177,-0.0013826070839727533,-0.013316918553793022,0.005534782383282089,-0.0007808272226093038,-0.006920029340942824,-0.00184824610001888,-0.0028122516256741115
2025-09-04,-0.0059614577724489415,0.016307103941623602,0.020466175313414547,0.016087459812993865,-0.01658594330184171,0.008297200645003056,0.015228438655489507,0.007491223624868315,0.011433541580141648,0.004469366322878088,0.009193625875750122,0.02326940624793039,0.014140918305837635,0.013790127389450957,0.004114196222696487,0.0056944418604198965,0.014961696645268141,0.0015766724378853958,0.018413298089905883,-0.020771720468300225,0.009229463861289533,0.011200740979919743,0.004003153148711247,0.0014931348257467558,0.029411682715110743
2025-09-05,0.016556523530549594,0.021836055911286678,0.02045433207625691,0.016636788921943868,0.007228182952464968,0.002456510224500663,0.021666381764542164,0.007487721792351243,0.013686282235464198,0.023915413583920353,0.016635293670709927,-0.009096125086858975,0.01207742649903265,0.009760358883166065,0.009722064672580188,0.017330151120590997,0.009235457728290486,0.019095203227520008,0.0016313432097794234,0.013168061539631015,0.004021640403846227,0.006955342888633087,0.0028056047851385824,0.0008350233715128663,0.023483488897236615
2025-09-08,-0.02359829626729104,0.010153530944139844,-0.013536390602175485,-0.00523178357954579,-0.023608998694626404,-0.012435758774016148,-0.0048937475987805845,-0.010559852175606621,-0.00898860978007232,-0.0017652424839217362,-0.008960729920148736,-0.0022949060239714214,0.002711974247413762,-0.010544839538371709,-0.005158019091145216,-0.003204609524344537,-0.0007919526466790838,-0.010342609823456805,-0.008143323528879143,-0.03231522630787831,0.0016460044412334174,-0.008697934557804987,0.002503242693095098,0.009176486435617637,-0.007648247879100678
2025-09-09,0.004957605735219861,-0.02150532751719625,-0.04472886047532554,-0.00874515592714642,0.006604194487586534,0.017182555928688226,-0.013114728160291134,0.018327518828563205,0.011854931779890387,-0.014555873950400477,-0.013955799919018408,0.0028752012379711367,0.045872601901962184,-0.007104723390276124,0.0053922720159855775,0.006598911794232665,-0.014001350861517547,-0.015675776350224546,-0.009441670913087563,0.0006271616181341422,-0.0055987060343467565,0.00593553277637926,0.0026441106386461133,-0.003011297806455371,-0.026204201990641107
2025-09-10,-0.004316566565995883,0.003344398181386765,0.020303933796363305,0.0032697809320203497,-0.004973514108081556,0.06043415959689247,-0.006090763279469447,0.001359841444598775,-0.019415072675063705,0.0008284609629105599,0.0011959781812325154,0.00860099283562299,0.007861846048906829,-0.002683458518200066,-0.02729834953937116,-0.0006723225070610628,-0.008841693795310301,-0.004860400173897217,-0.004144383765372739,0.010967836370342487,-0.0008918688457066892,-0.020266929493074737,0.014503168634785624,-0.004501154173837896,-0.006727374056235358
2025-09-11,0.014399267657230208,0.008809525048425249,0.03194802597234192,0.020169713920685117,0.01648410476208695,0.004485617071635195,0.010584941256870373,0.021624333950436725,0.019610019231456777,0.02282747561609555,0.013439652863511453,0.005116423664806025,0.014369335527851135,0.007174904609722033,0.018591759101203253,0.011942937434241685,0.03460085485274855,0.021580183356141758,0.0119773586817975,0.030324874492490883,0.02605582287303254,0.0191149064531968,0.0028881385303103357,0.00226084519907066,0.029083742246996058
2025-09-12,-0.007478946564646649,0.0021241189223863977,0.012462341375884867,-0.011332065661174617,-0.0019878084428649467,-0.0066982893634041085,-0.0033076850790647594,-0.011122506971061208,-0.00639855841187309,-0.007821447291856964,-0.0014734046703894776,-0.0045247944209342306,-0.021653439122817475,-0.0031166590354728685,-0.013116829296862531,0.004155518101667477,0.004615901219933383,-0.008815934681771886,-0.012458508560536763,0.002657492941402273,-0.00777588139779728,-0.014131398572640008,0.004031749690807995,0.003917592874183029,-0.03600470682777024
2025-09-15,-0.013225409163507784,0.007654181662904991,0.008162629338690941,0.009389057712586357,-0.008025331663691015,0.016020341222192647,0.009402688177257534,0.003892998586785934,-0.009210347155537368,-0.01236869722249656,-0.005607496980168936,0.00340905025724747,0.04082169010434611,-0.0022331449768072664,-0.011181327938786678,-0.0031451960591450945,-0.009362826459742513,-0.009539660313851894,-0.005186249488507322,-0.00960148181014664,0.007069639687069751,-0.015897958314771143,0.001720842051162963,-0.0012416592185118258,-0.003212846814261705
2025-09-16,0.011584440411263719,0.0021037050938419455,0.014394088367233993,-0.016429096767414997,0.0,-0.006741240012689165,-0.00109584167858634,-0.015625001230398783,0.003476401285799069,-0.0021568235312215966,-0.011575032339234403,0.0,0.005309552750005553,-0.010295458143951386,-0.008676533892316263,-0.003985435237679469,0.006798571259891473,-0.006106918162356645,-0.008313534323067806,0.005705552379263734,-0.012189837952768179,-0.011917339123255655,-0.025483186899482146,-0.02196297541532677,0.004834883353252106
2025-09-17,0.01278690992844167,-0.007113700653498034,-0.03167358635975881,0.00915011991324488,0.013145286544395951,-0.015587290873218973,-0.0010971557169205948,-0.0006801213146996332,0.002560729184007071,-0.0016733121956763464,-0.006205634489538703,-0.007927503535985259,-0.008669587175215043,-0.00723647117116355,0.0011479088130867954,-0.004501404387462493,-0.001227763096835699,-0.0023875292683850358,-0.008809178163133757,0.001004283386883964,0.0002203288696434047,0.0,-0.010724331805604836,0.0042368806931210035,-0.018043395653015493
2025-09-18,-0.021245245811532865,0.02713177225971153,0.01727070209636805,0.00851940534829243,-0.019409337955378803,0.0012269830244424629,0.0197694864421476,0.00837201811144861,0.009014874441509724,-0.0034222787534015087,0.009366457040102416,0.004566234256512924,-0.005629368052227135,0.010022801856013785,0.00709419113565124,-0.01004868943583559,0.011151124136765667,-0.0011966216032935906,0.008170830787934014,-0.0028087484583552147,-0.008096467486050862,-0.000536002688663828,0.00935556165731466,0.0037370785497625736,0.0020417678509792037
2025-09-19,0.0014505035670220323,-0.014408244579923957,-0.016848956240662405,-0.0095938959686247,0.0068846941743108125,0.004201617603673435,0.00010804716390477864,0.007576769136654837,-0.004020443743202873,-0.023617499534012265,-0.005986692796597581,-0.010227268062307115,0.00980590778315693,-0.010374313031111027,0.002276917835007275,0.0008460440142981085,-0.01432792842726871,-0.016878744684655334,-0.0008531756303966631,0.0014082905204253482,0.0034982886666174995,0.007240611449832013,-0.012358385109613734,-0.008046774047484773,-0.017930044021151725
2025-09-22,-0.0005171519748802256,-0.003480702872087016,-0.010465717441058842,-0.009321303673608838,0.0072649176605774635,0.01516738642759563,0.0016244848826070246,0.008619284370438463,-0.00433569016456381,-0.005168005524873176,-0.00010051498348417898,-0.014351366375549457,0.045750297101216475,-0.007748421678529627,0.0027687356292624976,-0.0016903856511024662,0.003700231711535995,0.0024015057358655056,0.006546300127279858,-0.00552487360264986,0.002324091652273097,-0.00452628084879414,0.0,0.013499805976668444,0.006639076919189968
2025-09-23,0.005537898562963051,0.012574354276925881,0.007271345749982894,0.0029518216944677267,0.0007425046906619492,-0.003262970721340963,0.021080983554158328,0.006528228620797272,0.005443153226335706,-0.0003607726414459611,0.004517635800164177,0.01514271118611732,-0.003542059626430838,0.005971350004277731,-0.0009204013511139308,0.008296560468458392,0.004476397940717192,0.009403938081854912,0.010603715419845061,0.004141444532881566,0.016506621792756526,0.0032094550672028266,0.02100404939468903,0.03064142126490821,0.004946325108037053
2025-09-24,-0.006948733320221612,-0.012418203388041671,-0.009581383604802207,-0.03660556352171629,-0.006783266189015924,-0.012175498575090482,-0.01270499485037091,-0.01679359904734168,-0.01213411087629268,-0.006423751465384098,-0.009294458342587575,-0.0034424182532255543,-0.027476125285958997,-0.012328796373741735,-0.004889507283407646,0.00722082632070431,-0.013806423955757263,-0.005632319959990695,-0.0013991188752655592,-0.018056546488816827,-0.0054310103014477695,-0.011730247644108682,-0.0008753027512042877,-0.009156807399170575,0.009433989802670073
2025-09-25,0.004042929625243108,-0.020141904524961896,-0.0013252836966766157,-0.005218890598985171,0.0028813427173508543,-0.003720854522237582,-0.005898084612136034,-0.008749198228279909,-0.003514947446998984,0.0003633509146070413,-0.00040340501453950406,-0.0028785119634551215,-0.0042477534061261535,-0.0069347370280532505,-0.01203440326040639,-0.0031677443686836115,0.003101193238607358,-0.0016030924611732944,-0.00434293772706118,0.0010243620220424798,-0.0028395295291019362,-0.009711372839864452,-0.004380919211461998,0.004269740520006948,-0.017878885878737427
2025-09-26,0.002890823431427103,-0.0036836289664939903,-0.007165436789836943,0.010876499776389936,0.01415177961802816,0.0005834922987477675,0.021574949905060148,0.009528924087766955,0.015702174607863828,0.015394542127949107,0.004339398283921048,0.013279427560452639,0.0012896213891455677,0.005121054741529685,0.005982552893827098,0.008864483514395394,0.008656523186386655,0.02151570651626722,0.006331859270770623,-0.006191448716045489,0.015223682507929936,0.012803186740727224,0.012026973179232403,0.018637114976910008,0.015308334121244993
2025-09-29,0.001441326908328433,0.006797836075435715,0.007350929978118259,0.006075991859918917,0.009233150170872673,-0.007873552564191533,0.0036958671470719295,-0.010906761826333655,-0.005899869306542627,0.01158537742412924,0.004019361141206046,-0.006837526008299788,-0.005746511528377574,0.0037054277500365718,-0.006878340385090387,0.003812893315084942,0.0004377600931118053,0.007824293317106212,0.009787365337134757,0.009679802157899431,0.0024812769602686746,-0.006455057494089922,0.002898489256458525,0.007432846238056179,0.013039834284684026
2025-09-30,-0.0027481673928505534,0.0028880853965105313,-0.004419503716737272,-0.008807304329028431,0.0031187763092033194,0.01628363067661498,0.007364302674589318,0.0019444361151215173,0.015209482178122125,-0.0036053804469130535,0.013911074403444745,-0.01218809820544442,0.01584460885756589,0.008306433548208814,0.008080232695572898,0.003963648209395432,0.002451080889291246,0.0011090317069462063,0.009415806018432393,-0.014023447022759594,0.009792815217461337,0.00866258939261555,0.018480933275935918,0.011010287170286182,-0.0028157245121028796
2025-10-01,0.005199606178067251,0.0014398841897542702,0.02663441599647398,-0.006346788623350363,-0.008083738559653386,-0.008271552104258784,0.0015666948731749564,-0.011860949159287593,-0.00399758777996384,0.0013480850972273917,-0.005390299158578471,0.00176264868133158,0.003139023297951793,-0.015103009361410957,-0.012380997372674063,-0.00099135115603588,0.017114932759915602,0.006335562189934585,-0.011111282514929877,-0.0080684413735993,-0.010177574354278796,-0.009125022323314358,0.004714979029179389,0.006960853089112096,0.006454205887700626
2025-10-02,-0.011121481163051228,0.00287553234245963,-0.009302951086264999,-0.005940167924652573,-0.002612028433899072,0.013414913903693648,0.0,-0.001744379177899269,-0.010165409385576862,0.0024090738836000103,-0.006322645450467901,0.0035191542779353657,0.01017013172915493,-0.007434868635919911,-0.012608942902047837,-0.006285096891765929,-0.0030906708028425323,-0.005229153001451992,-0.002912884972461116,-0.00046923094182749203,-0.0040374094021660145,-0.014084469041256709,-0.010381117999024747,-0.0216301109554059,-0.0008016812645867955
2025-10-03,-0.0050216630507482485,0.0011949489821609927,0.0,0.003276967749374249,-0.00010478457988460921,0.01496400375856366,0.009906280680912927,0.00794726022821135,0.0022358495543486345,0.00954269164703847,0.004039917266717152,-0.011689119128963532,0.014520888771993423,0.005149730739148151,0.003229350764547112,0.005326171241701871,0.008095025739297546,0.015147315184782517,-0.0027824473436172115,0.0020345335209071003,0.001189251499897237,-0.0005492932692965358,0.002442839160418986,-0.002621067670640298,0.0076213688235962085
2025-10-06,-0.024394089447857814,-0.04546548814730045,-0.013225770679239468,-0.016779781781920522,-0.01529600976611789,0.003459084137839241,-0.006711412909087167,0.014253856221561279,-0.011835046239311198,-0.008682153089036637,-0.00673980606707647,-0.01714959395322735,0.01498088887757243,0.0023288363460054473,-0.005120794726950595,-0.008278180716595362,0.0005979584048769748,-0.009300278441439547,-0.007533525703414146,-0.017856203114554825,-0.03271612142383451,-0.009620981961603436,-0.007310881498511779,-0.005141714031464906,-0.006369417729010118
2025-10-07,0.007544268481684213,-0.02375297527266529,-0.011258596936748244,-0.005406473475480289,0.012235411621369652,-0.010284836679876785,-0.005197605227158841,-0.003494343161041913,0.0028315056609971023,0.009111260543498645,-0.011545396927025275,-0.011432115601643367,-0.004512585582061024,-0.006970183542254316,0.0016177032797244362,-0.004507455525208481,-0.009903474697600223,0.009353078384495506,0.0047794304192423365,-0.0006891056771922699,-0.0013953619341985357,0.0027755555589961123,-0.005776045194874624,-0.00654645057312897,-0.021634663743183347
2025-10-08,-0.007380817604329293,-0.03675245766991975,-0.010031113178830209,-0.006483761067093918,0.013453798471698253,-0.0053671977700228135,-0.015151426860808725,0.021014311843126965,0.0001145809025113742,-0.0032196664856651847,-0.0005123355282390385,-0.01095548551154657,-0.0047218564570417065,-0.0037435741482414464,-0.002716027306704838,-0.010397572619089579,0.00017240294088050057,-0.0013285953873508616,-0.0030779074981858168,-0.004879855390542032,-0.00385641607353715,0.003321381638296872,-0.012345587050236917,-0.02231216735785735,0.01146607663933108
2025-10-09,-0.0014547536568609853,-0.010502459499736272,-0.021634931916035383,0.00500995241209079,0.0020743340484785655,0.005798053140632309,-0.02122024504303688,0.005860987268224704,-0.01167452224308474,0.004704750875666797,-0.003997910555374684,-0.00369227921529669,-0.004174976883853598,-0.0028183247333362083,-0.0069195069788039465,-0.005930972667979373,-0.013276978529605965,0.0029678564491533166,0.0009824180063910948,-0.0006395806326175979,0.0034224640702187337,-0.0008374617445738863,-0.004558935685353371,-0.011056000714760983,-0.010526380660054513
2025-10-10,0.00733861863071561,-0.006852259626037971,-0.027431824040824893,-0.013642934143105356,0.009935766886674857,-0.03835407998502416,-0.0216801965475365,-0.009562930980695716,-0.012314205502812814,-0.007687930532995768,-0.016261840098670044,-0.02285369901772616,-0.029633159456892266,-0.02119628177882038,-0.0026683549780524007,-0.006819203175467137,-0.02813451481292406,0.0013945825486088026,-0.013458551933371421,0.008587032708427866,-0.019794209851030753,-0.0022352864816816975,0.0005909734657736365,-0.00795100913557023,-0.02086736130439637
2025-10-13,-0.01864156630257441,-0.0006762540098014247,0.008778247506768366,0.01695696043470596,-0.015167060181469294,0.01822067374534475,-0.004986290873895682,0.007107105641720235,0.00672237239508533,0.021411365866714327,0.014438170547446338,0.027812961684644755,0.003240383083034981,0.012993195322807516,-7.459975686185949e-05,0.008067488816828394,0.013395675603363744,0.017695743225916827,0.01577377034304095,-0.005182416921494126,0.006845490480094085,0.012321452611201211,-0.00413425622797281,0.005483957141661389,0.0
2025-10-14,0.018067668368927592,0.016244746559411105,0.006134168492084147,0.009350735650671238,0.012383032000134353,0.0018652895314985596,0.010022444223090954,0.013803931792882862,0.006949327050843612,0.019445555906721923,0.003919142868623604,0.007380016839565684,0.011647262222058252,0.016151960868080906,-0.0057975344604122014,0.0018729162493964502,0.024219238658694353,0.008410449417511234,0.004616641208138095,0.01568156309379609,-0.003796129243519575,0.005809153667400535,0.007561377872584041,0.014923393894265669,-0.001253695990948489
2025-10-15,0.01887300852761986,0.01518587251105541,0.01701406710096154,0.015936814616092976,0.007914371952318255,0.019315804128321012,0.020396769865853814,0.005896649654797637,-0.00855921721658226,0.009131631791770012,0.009040478872720081,0.011599495399494453,0.023219843306297117,0.014960203319820398,-0.0018525890451692728,0.010537036831572921,0.06331748435755258,-0.0038061719580140263,0.008633863432120137,0.017689859049176526,0.01438893145987108,-0.003850293252289916,0.013684400211392944,0.017715888735411855,-0.007112919352394664
2025-10-16,0.007577764824333588,-0.012859180794135283,-0.018681277314890554,-0.008927490689239481,0.0,-0.007077647876162829,-0.0032414007075493023,-0.011517256475097049,0.0017500752699191047,0.018835020956207815,-0.0019344734385737805,-0.022932918229284893,0.0002836078229884187,-0.0046059991947463574,-0.004318101134464514,-0.0028591483958437802,-0.01295210256317636,0.019036684207798027,-0.009802616521094487,0.01527384087171213,-0.009082621727325546,-0.00855888976189989,0.009580644204334687,-0.0015085433361439193,-0.003371255093579273
2025-10-17,-0.0009401890749028974,-0.0031903208611483436,0.00951845556547326,0.010938083697531908,-0.005914671455882203,-0.007070656743151771,0.011009251552247967,0.0014271980207147816,0.007841541411564013,-0.0030264821080948634,0.009282915344141385,0.005559038528146987,-0.01143777542306279,0.01064324435295494,0.009662924806673079,0.010963089879192811,0.024015887316183093,0.0028687706642867017,0.007250371142641265,-0.005875867716961802,0.007638136227551717,0.005012396130600338,0.015384648043174742,0.017491744958121558,-0.002537077763205553
2025-10-20,0.009357603550769644,0.023203136803573887,-0.005488321387176365,0.017566254145861215,0.014259343095351484,0.0011000589784677661,0.009164289266137216,0.013772704911082956,0.004545073502152386,-0.0004619111909033302,0.006165314434218194,0.012899068374851774,0.01195262200595204,0.007325931912196104,0.0014318337462875252,0.0116783014691757,0.02498383778833624,0.013621223726771658,-0.00041520015771945307,0.007642953659495522,0.0021339308542931423,0.004710622733001157,0.01246088985449667,0.014963813030068218,-0.012293285738779525
2025-10-21,-0.00367732431126655,0.0007819104345998529,0.018395401535048483,0.006254690827242504,-0.002225193091864308,-0.007459992802346549,-0.007478412305704785,-0.0038054200944132033,0.004524629780696898,-0.006073623380504434,0.0071320568660664385,0.009702941467099713,-0.013417689489870877,0.009545385385749006,0.003837735400784359,-0.010059276843512266,-0.00935678574140475,-0.011321283918930058,-0.0006923240032772338,-0.0004550656858158808,0.0014007452809385867,0.009100836605051565,-0.017622393035117256,-0.014574519657191476,0.01759658356525473
2025-10-22,-0.006133882639669075,0.01276205569555433,0.017090399756725994,0.01796369531287345,-0.009629995196304253,0.004544515708525321,0.0021528661991758735,0.008576624759489393,0.008550300864135219,0.010229078441923,0.007380890717080257,0.00900890908381169,-0.004405804704846306,0.009004883812623765,0.007196466301923499,0.0039980392767795525,-0.0003175073516522575,0.008466680653814729,0.006097478573981796,-0.0014671486706167025,0.007050120542330118,0.0002733152722871335,0.0031321317756605183,0.004682608099804142,-0.004217623538183002
2025-10-23,-0.004655077821137943,-0.011058227169591928,0.00724051964345529,0.0026255887193229466,0.005834164058619473,0.017284418110003585,-0.0042962660349129544,0.0034738303203418752,-0.0017410118493953464,-0.008416008609990921,-0.002178296260916146,-0.010119021409885187,-0.00019241424166505094,-0.008478289114697168,0.0005210126274408644,-0.000829596968316193,-0.0014292368756502194,-0.014796749102777396,-0.0016528900553516301,-0.006484901991936853,-0.007056295658122713,-0.007923439277173205,-0.007096204773894721,0.0006820315316817815,0.01016516934915579
2025-10-24,0.006410947523167954,0.006501292364431199,0.006103293825474587,-0.00755170680524353,0.002238779428688442,0.022179193756971527,0.011865927387994857,0.009087302639969819,0.0034121958028692223,-0.0036470937035506523,0.005159833631349864,-0.008418538417599652,0.012508504448816904,0.005400552682459869,-0.0032730296083167687,-0.0038193544508179356,0.005247787604576892,-0.013190549549398689,0.0022075744999430214,0.01315652242261689,-0.003469465443239783,-0.001927743347507116,0.0061463851986487406,0.010678259104565546,0.0016770635266658562
2025-10-27,-0.009346364746184443,0.005942295313334123,0.004718292470060392,-0.011229760405372935,-0.009036434040751384,-0.006358774197997019,0.01599141311177421,0.003907161436151663,-0.008841575646168387,-0.004991342117837583,-0.003060256739581102,0.00909638387602496,0.011688642268962823,0.0013429752990228305,-0.007314082515936793,0.006834459847406604,0.005141168005150298,-0.0062864632615190486,0.007433746506905647,-0.0069458359009644255,0.009489685448031304,-0.006346853093367022,0.016479632699178515,0.02624474408128874,0.005441641311756618
2025-10-28,-0.03694718003672037,-0.19172986836944872,-0.00590366986228974,-0.010488440328884518,-0.030942581894240928,-0.022903369265231732,-0.05403967024274714,-0.03161002099617005,-0.02352096604134546,-0.017323187822344432,-0.02960693881648313,-0.019831611451794795,-0.0226376455895968,-0.025927639487961507,-0.017291889349491107,-0.0197020979556094,-0.010701919199539445,-0.007658010756449785,-0.022410391318645195,-0.019766995496631634,-0.016742677981259058,-0.026936847152056353,-0.020964300251656298,-0.015935618888892833,-0.011656853929218225
2025-10-29,-0.01992116753553763,-0.06641244798087165,-0.050344191665083304,-0.042210208382380765,-0.02389521430223207,-0.0397564562618169,-0.024958475801878377,-0.022545453934363135,-0.03501852454980592,-0.03512115530628179,-0.025816294666664907,0.0,-0.026045192390637073,-0.017898067727707967,-0.03389192125286111,-0.0143556981729831,-0.01789684110856038,-0.029727449301128472,-0.03061222582893708,-0.015408389810561585,-0.01770660673332458,-0.04223741662706759,-0.003854456041596621,-0.015247522585611462,-0.02274655199390918
2025-10-30,0.0020660932275442523,-0.04067392075768628,0.0009948693423258437,0.0011786567210261278,-0.01083194114747521,0.021598665961183316,-0.0005687458007964663,0.04441340740647548,0.010680566416810366,-0.04909707200161151,-0.006284698576853431,-0.014101784378905524,-0.0003945852708036046,-0.019158921443603538,0.020034919017099417,-0.0077108012708201334,0.006155258602047908,-0.02877109788408716,0.0005767457388174968,0.003781183443360314,-0.0016701283242233078,0.002085825397443619,0.06563486426635867,0.022151828127579876,0.013362093353156634
2025-10-31,-0.0026191375807985695,0.032818871990985654,0.01079099149170526,-0.0030087429897546203,-0.012045474087004071,-0.0019911803764746105,0.021627853137841768,0.015423244695294658,0.007805584811550803,-0.009347267161319617,0.013913780787390584,-0.003731314635325833,0.016288127271305797,-0.015721808196453524,-0.004502816583569991,0.005898739617294924,-0.001126893825134645,-0.008189158197009716,-0.006340999577266748,0.0017787599831644574,0.013902459713416748,0.0017839951586975378,-0.007665462552782776,0.0008845965327308747,-0.021692824499371488
2025-11-03,-0.013074077721561661,-0.04345589429237884,-0.00814730109214401,-0.011939855362328888,-0.007758831339066741,0.009095739172658268,-0.014484825749662922,-0.015567151024046266,0.010128279936879592,-0.01752282522448534,-0.005301967050641565,0.00686628975783532,0.006993741054020175,-0.014036721917850659,-0.004991035459014248,0.003794542072154572,0.0010476358485234094,-0.0033744655016492153,-0.0005799775992919587,0.01065385485423187,0.005177590782474928,0.002968419869200156,0.004607594179566243,0.0070702611315838215,-0.02130435967234534
2025-11-04,0.021003250274324703,-0.03052601865467397,-0.012462838467927395,0.005510934384775679,0.0089366110358442,-0.021458496397671945,-0.008479392264431285,-0.0035180548545287182,0.00880777071917338,0.0016768849712887057,0.003971490623545737,-0.004959622652203177,-0.0033761172108306425,0.0034365319762095226,0.011756388954116792,-0.035395253262098025,-0.0017711102820804348,-0.00576330082057519,0.003047419713220867,0.013848712935079943,0.03350873288037981,0.014205313103105688,0.010657123785196676,0.011134281345526853,0.0035539708607410514
2025-11-05,-0.005101247076035875,0.008890530582892353,-0.0051628591175109095,-0.0090464546691853,-0.005425238490661566,-0.010399922551107221,0.018814172934301876,-0.009386606684368526,0.014811329994016686,0.01209860666377871,0.001457422921976148,0.009968813368307572,-0.027584173449550442,-0.0004894333816248819,-0.004570353029658358,-0.0003562515182584658,-0.0014515868767127627,0.010506720259612967,0.004340100200268537,-0.002089639971781909,-0.006517355524957358,0.0029180658711522867,0.0008008104147463335,0.0108488189377145,-0.004869535478956855
2025-11-06,-0.007468149521637657,-0.023866433455704494,0.010523278775097289,-0.0005330967358577743,-0.0224869119764064,0.010989653954762701,-0.017347591700023535,-0.003393614547931856,-0.015747327674636935,-0.014660568590180167,-0.003326322596755471,0.06847632494741696,0.0038818053779192674,-0.009300070780546288,-0.011361886786698583,0.003742151611090705,0.001453697044264901,-0.01778316034844951,-0.010083440726904924,-0.005311846494262085,-0.003638227289001872,-0.017457109564265938,-0.0004001366330320666,0.007566568805698948,0.015569506388897869
2025-11-07,-0.0007861490279917893,0.04589054469607978,0.032239637130776044,0.01773443766852556,0.01970170715230335,0.009147590127440042,0.014806415933649841,0.00661517481125018,0.016233517169664147,0.016175726185619244,0.015227371292867442,0.030023020677137024,0.03232198264438235,0.01482226824611832,0.020544644697400027,0.00958613305727618,0.012903295264644843,0.01492926009128226,0.015279342721392863,0.013607213726792189,0.015823750067907705,0.020728429003827875,0.014943273660667167,0.013261442349154162,0.010950531373056238
2025-11-10,0.009946712213021236,-0.024276234409479236,-0.010364821102799349,-0.0053717137125189884,0.025575182413682063,-0.004002519697177576,-0.006733936623317338,0.004098233643007543,-0.00103689622396963,-0.020123013103569676,-0.00575311286997926,0.019058360337710134,-0.01719167882010275,-0.010223976140553148,-0.0007712127224077658,-0.008616090420582201,-0.005573258602207587,-0.01895332182350129,0.004586529303358455,0.010232957008754262,-0.0035947187253035917,0.0029010205771657915,-0.0013145749578424848,0.008178998128477666,-0.017330997294654815
2025-11-11,0.028210413066188433,0.010873652825184932,0.01131129875195791,0.020219930372165518,0.026135252647004004,-0.0037822970441332426,0.011299392544000586,-0.00856154329101122,0.005996610642890587,0.026283504436598548,0.023558594148697543,-0.012651214622114715,-0.011531320305701254,0.017707762690835294,0.015592472228636245,0.013834665763884813,0.010888647062022416,0.01862305457258695,0.016692770333398776,0.017149728374159734,0.011260473839510343,0.014174201002067344,0.002632610679758285,0.006542473729441722,0.0026454115619738428
2025-11-12,-0.0077924745376488636,-0.019507750827972514,-0.010632380645048789,0.0032278890878081334,-0.005943020944739086,-0.027703713704956612,-0.014525401116210146,-0.009500162869046425,-0.02575368239987108,-0.00970645606098075,-0.014233762494170854,0.006128019957445829,-0.03025221903064257,-0.004833263983142655,-0.0005321810071192701,-0.004023680391982087,-0.011246604096150858,-0.00975321362547088,-0.017681648007861095,-0.005965190007691468,-0.006432453499233937,-0.005989757544919261,0.009583931191974981,-0.0034838765248075276,-0.012752710260630962
2025-11-13,-0.012108029595844338,-0.028635116839410224,-0.011863213163296193,-0.014350037420365114,-0.032667784511126285,-0.035326421141866904,-0.007369463313706803,-0.03283165345237993,-0.005334003874098547,-0.005202609360540955,-0.00020481316581910658,-0.027131754916826956,-0.06850849294925421,-0.0077707806070572705,-0.007224259370114283,-0.0059722342818250285,-0.006728637730549769,-0.0031617880846264157,-0.0025714807961311203,-0.03276480093553402,-0.001088093158215786,-0.009469162041014223,0.00442115176495439,-0.002974303744361695,-0.0004455656967247146
2025-11-14,0.013581347230789298,0.0009570568952403935,-0.0022598389977622757,0.0031990957695486877,0.01180885293083267,0.0004426929971390603,-0.0033316767854294493,-0.0012331290852651833,0.0038642031104216823,0.007351934692722439,-0.006145653685360575,0.0011383145697063668,0.0,-0.0004893795922743527,0.002987327280767893,0.0037109304968550028,-0.009435503576175952,-7.29443290257148e-05,-0.003294245865832379,0.016808406345536264,-0.004792755372611146,0.00463504680726623,0.009839494658121728,0.014392654719645792,-0.013814641331513888
2025-11-17,-0.016994321763106335,-0.02772994105899984,-0.021659207339780995,-0.027658466085589417,-0.012325401997594021,-0.003034505214813632,-0.0034581391938581785,-0.011062027314067024,-0.009034148447859214,-0.017756440291605502,-0.010615236081338408,-0.02046624908250083,-0.029440659500371447,-0.015181131213150678,-0.005116732300533444,0.0035210491630235374,0.0056175254744035286,-0.014548293700797688,-0.006610041563071656,-0.007251219031794598,-0.009522194367643344,-0.005767134598754553,0.012820576681376261,0.017799952652927997,-0.028016228718521496
2025-11-18,0.005984450248490258,-0.0007868861296940199,0.0002893733051583247,0.0044842925675880885,0.005411283102050968,0.012175163559956736,0.023134533360405607,0.0029476640967724954,0.00511318479541778,-0.001608654432609935,0.007812378938503173,-0.001740987900489377,0.006765864161912605,0.0059669948053378,0.001228067430169455,0.00596483024523109,0.002266805790963611,0.0045511234643988985,0.005207458214117944,0.009806953035587984,0.005193551650984896,-0.00028992659798487974,0.01088600555213537,0.005170493046264157,0.0027893044007871737
2025-11-19,-0.005783574986241491,-0.025393650955970237,0.0036164054266296652,0.011393866166147015,0.00010987187983402258,-0.0020049155540780017,-0.004522081698942748,-0.012137170444530554,0.004140667559714206,-0.0070583666333742245,-0.0059947528828108165,-0.011627955260914313,-0.02889794341401919,-0.010874766424566196,-0.004600088854201156,-0.010987107897395765,-0.011308521141291217,-0.019668491413001643,-0.005756178105066123,-0.008143601957140811,-0.009893771399646534,0.0023207707727717075,0.0017531992139503405,-0.0070098648195836555,-0.010199245747419705
2025-11-20,-0.007645555377424729,-0.013128668125058862,-0.01037746724161337,-0.0013834341153324825,-0.010214270051043584,-0.010734425404927528,-0.011925241390930874,-0.016037556060212954,0.0043200252381006,-0.00471335951188423,0.0009358839683935027,-0.011176514542919014,-0.04267576459120259,-0.006996616991821192,0.008010465430753344,-0.007229646054744077,0.005882375077343793,-0.0026676972953678657,0.00463178493547578,-0.004283838038891319,-0.00033317650962905176,0.0037627769633583608,-0.0027501085454137986,0.0034534988637817676,0.0009367668054363065
2025-11-21,0.002456446272648849,0.04154727232997524,0.020098882250640715,0.034371232300715926,-0.0012204900895064208,-0.0026017121978666458,0.025287470221720287,0.0024840401367811626,0.021389788445105973,0.020573045170799498,0.01776435158951517,0.036287898868410995,0.024337239759373075,0.024660248367557758,0.020936833177650938,0.006571887158458578,0.02168613000898434,0.01529481586540582,0.02103449393240986,-0.001177946989595835,0.016715714051515063,0.02623990612370064,-0.006768536260690516,0.011893935644665676,0.01918588570059465
2025-11-24,5.581877969462745e-05,0.00648468903521815,0.008852136217996298,0.008036289429042442,-0.010998887742067254,0.011642685754994275,0.0005605635664249764,0.007870803153149364,-0.0036371297543347225,-0.008443710140874083,-0.008472023771027515,-0.005166348018781686,-0.003410843237983463,0.004420540786720162,-0.0022454791488940584,-0.0031762070353492655,0.005246828722135888,-0.0012615342020737552,0.004232929407751662,-0.009896401312966097,-0.002294132820933159,0.0011239792227573098,-0.0055526762883767455,0.011854187286362006,-0.012396811234561933
2025-11-25,0.0010579605428746586,0.02791870098663929,0.02504938422102776,0.02632080722419894,0.004268805978779877,-0.010313815353852784,0.01456581336817342,-0.016394410887417776,0.0034966787258035037,0.015496680308360933,0.012765085463163572,0.026543458171504053,0.010976011165432675,0.011246969043863908,0.013127435553224265,0.0040715438911105295,0.007433786109020568,0.011739794762788414,-0.001405102746204534,0.001087639132377527,0.013522340408701483,0.012629685728660744,0.008121744217074678,0.011319706067008939,0.02928870715878884
2025-11-26,0.008233285931419587,0.01747385032453752,0.0038657470438436814,0.0,0.012863604276912355,0.00978603365884445,0.006073714432353494,0.003020651332602542,0.0036758947718862345,0.006950299597925147,0.001931327467612931,-0.0028105366562711787,0.006537585498406884,-0.00290126377902189,0.003331706636187315,0.007404639308215222,0.006044478774246409,0.0069033232104922515,0.002673407430390684,0.007708091624391233,0.002322716003835046,0.0002770695232801046,0.008056410721417606,0.008113789967652663,0.0054200464572859985
2025-11-28,0.00016547069521788416,0.001866666012244167,-0.004813575738622733,-0.0023426722587023274,0.008061604113996923,0.007614244320732988,0.0021957100135445717,0.0038646493297909146,0.005722475152300177,-0.0009003008625849684,0.0016232123842607749,-0.00620079172651089,0.0015076084262342082,0.0019396745138167137,0.002804285304311316,0.01301222575184724,0.0028869711181667146,0.0012035446230431734,-0.00140321781074626,-0.002669362553473942,0.004095880286446585,0.009143925403303221,0.006868063490215182,0.00955162311637725,0.007256152779022251
2025-12-01,-0.027583101901904827,-0.01062041690697868,-0.00538961095641699,-0.015386550485017914,-0.030455588127265343,-0.023295055876960236,-0.003833579920232144,-0.02658917714212572,-0.01282139777520186,-0.009236399379824234,-0.004152701093294797,-0.004537646854563371,-0.04076413691905656,-0.008228479895997731,-0.0038267363374244745,-0.0031244944511091832,0.0031120851140336026,-0.012348000393709646,-0.004496938255980076,-0.02934064456943497,-0.006333240045813149,-0.009061071640151686,-0.002976589737540447,-0.02074733608524526,-0.0040520394080626465
2025-12-02,-0.0026097057668597046,0.013747702282941088,-0.0030568328469168238,-6.272440734056417e-05,-0.0024858410169664724,0.0007034395672944616,-0.008246332979159554,-0.008046166225521123,0.0018829086025791142,0.00439607808235265,-0.007323028609813376,-0.0011394955313752675,-0.0007246169379161449,-0.009272837713051096,-0.0008124589174195451,0.001218950998846946,0.0,0.0074127450162591035,-0.011434172854746572,-0.00848499013217785,-0.016041938219772955,0.005541819254521796,-0.0038561032526670536,-0.003433044883737413,-0.010398030804750547
2025-12-03,0.002104611326460004,-0.10050166389954462,-0.008362439271465516,0.018515012328752745,0.0005663554921075953,0.020383315747254827,-0.04157416867388464,0.007341308261597845,-0.003643565678774552,-0.0021128880629958102,0.002868772508428874,0.007415868953798643,0.018243429070722073,0.005418830457991408,-0.005470915963978307,0.010260767982633645,0.0020166158879588725,0.018633888006423405,-0.0012851334184997842,0.00197896714827972,0.0007135795092076958,-0.014880165153862923,-0.0009989787031713382,-0.006299151996653096,-0.0009135370136804655
2025-12-04,0.015041339071876436,-0.0377942431903554,-0.008292365672808555,-0.00499135792880645,0.0031699029486900177,0.008328726492052851,-0.006361999573045063,-0.009048381223262236,-0.008507175984623139,-0.008696369289111217,-0.007662486480401132,-0.02831271695383153,0.008898815044997344,-0.002449882949819293,-0.012340126007923558,0.002065761779452391,-0.007817936802412384,-0.00582204224719951,-0.012439241924522615,0.01419872398722588,0.005595178864522099,-0.014825191768677137,0.0056249350427333145,0.009657226952395348,-0.021490614924343565
2025-12-05,0.0001678763692003482,-0.023824801160713838,-0.018140541614720007,-0.0037777952916331348,0.007561239642805306,0.023040638132444835,-0.009313226426993282,0.02133346441872286,-0.00854148962773793,-0.011671478151693337,0.0007207244001432578,0.005827560573987034,-0.008467574203665729,0.0014925226636512967,-0.008956915816587752,0.004638365171044878,-0.0015602913940714336,-0.016520271772423878,-0.0053570371314973775,-0.0022104913977746277,-0.004145753698579835,-0.000567893577637868,0.0019888652138384533,0.002158281164217568,0.01355141781848479
2025-12-08,0.024264735332123255,-0.011213758220304348,-0.010825612189999001,-0.03400473206482835,0.017249040393926718,-0.0057670336442313674,-0.016451214255869595,-0.0022250207206516714,-0.012334931823960393,-0.007872751602386874,-0.017283956215661922,-0.009270015880477378,0.0014234226725353682,-0.01738687953320317,-0.005088424563196803,-0.019835767899119783,-0.010235946687358277,-0.009225976529550484,-0.01208133437273562,0.007384710404527484,-0.013639327551303482,-0.00880668097050441,0.004838085737908671,-0.01678820688706606,0.027201444657500184
2025-12-09,-0.019923511018990703,0.007115910605963283,0.006566522314620515,0.004054346388358887,-0.0068267298832875856,-0.0062279475242690285,-0.01493448705846856,0.001000092036606004,-7.937345065234247e-05,-0.014392314989871147,0.014761352598408717,0.020468027995734772,0.007935405293007403,0.006066673967740854,-0.0037405115836257607,-0.004710453375946,0.006157663172065009,-0.017955756454046234,-0.001178760754323438,-0.0088490707685277,0.00544227808027431,0.00028663241221260627,-0.0122221774533956,-0.025288751391029485,-0.007181246177278
2025-12-10,0.003954166560943495,0.02605424385218491,0.019715840820132113,0.004037877238634469,0.004878156543187018,-0.019968090439410613,0.008490198134613491,-0.008465266380559,0.011935001068261952,0.024311242950988632,0.005880493413170207,0.021776353379967972,0.004700512230591647,0.008040154872542615,0.010650519821720161,-0.0066608410271532525,0.017732562395326834,0.010993063261095504,-0.008703518541655741,-0.0003697970974791964,0.01565556401141799,0.009168931993270846,-0.028496432337265065,-0.024157253099450826,0.041139130407839675
2025-12-11,0.00804407863311063,-0.019367324631903826,0.018197389437199174,0.024321819124362598,0.013239145955656229,-0.004325626087490209,0.0030063891647018615,0.026865437151035065,0.011441548827432424,0.02504427660929287,0.013128290094807094,0.01682550291787943,0.029590513653404038,0.0034895299839838856,0.008036483542313677,0.009705255598032148,0.006552988680090577,0.02275619720321398,0.00833347766637349,0.019078325072874325,0.0011011105483906825,0.011357200812311286,-0.0059180636248572505,-0.03192548685584473,0.007381708491303041
2025-12-12,-0.005558454681644842,0.023480363166353824,-0.002932210261931134,-0.005484263031234504,-0.009581834283833857,-0.03267849527115929,-0.0035969856741996376,-0.005052152992849113,-0.0019757950496155363,0.010975736452194518,0.008098807362169724,0.01268633105007444,-0.053163667576580864,0.0014902983595741492,-0.006392917488157068,0.008738361638493286,-0.002910500350253864,0.004603454050163824,0.0,-0.006067516801239847,0.0009348538114655192,-0.002526712923231922,0.007635632846012985,0.009514995625768519,0.008189656118342548
2025-12-15,-0.002434967764584295,0.016509440207294057,0.0029408334038165673,-0.004449221116182622,-0.004527486172872464,0.0031493383213501147,0.0024067275459804804,0.014753677848440283,0.006366096024916779,0.003311901494184255,0.013356059247989771,0.015250463058928743,-0.000557581798066531,0.016865142664327815,0.004465935467642179,0.006237010952970801,0.0036871561113580587,0.0015075085986451242,0.018580679185475013,0.007669791751500732,0.011811792539314858,0.007317870766337942,0.010916949505740181,0.02002894670612898,-0.0017101547628526337
2025-12-16,-0.0062686485736992426,-0.00928070990074037,-0.012845768540257763,0.011518863771002419,-0.01776737693791719,-0.017070999420096267,-0.018007058195908976,-0.004255315685728789,-0.014734357829157219,-0.019504922540772185,-0.007828721437010966,-0.018776834547291177,-0.017467335461761824,-0.020487795582833312,0.0036927116161322715,-0.011019246485090228,-0.015734631964328782,-0.0179895360899347,-0.015970633832393832,-0.016310241480823273,-0.008904841665108743,-0.009220570488145952,-0.005844182640752704,-0.00036754319118348366,-0.0029977928743673
2025-12-17,-0.003572821126362591,0.012561132032807842,-0.016407315596374983,-0.004293730270750973,0.003981861623218341,-0.012576567887749746,0.0024448533905980785,-0.013546211201466263,0.027442941422286093,0.009028371838623706,0.01578098783175763,0.01530883145256845,-0.019876540542318355,0.018426342429536335,0.029281260674180576,0.005570873444794122,0.003604796269398358,-0.0011590619415311476,0.013251902400525095,0.005105848613566888,0.009258844030017865,0.026790819842212654,0.008306735407999755,-0.006512580366349829,0.019329831869156155
2025-12-18,-0.023530737162942073,0.029226297284769,-0.005033003468946307,0.003437304359974247,-0.015297442798746563,-0.003100004939997736,0.0006096615400450478,-0.005080951118786148,-0.00525820063692839,-0.0075068555258490655,-0.0004915261465054943,-0.005923533289531879,-0.006675954351568425,-0.00831303688785301,-0.005689744167265864,-0.017139818245938243,-0.003201403785951684,-0.021709066045950687,-0.004996320269145982,-0.003089788376553826,0.00461404878285987,-0.007964894599451933,0.012800987229248051,-0.00882847524491559,-0.005478224416908151
2025-12-19,-0.010786627649932878,-0.0206333838788626,-0.0069374996291449165,0.006664221104190515,-0.009206015866840667,0.01392560541894694,-0.019499664963761765,0.019393024943466175,-0.014095787262472959,-0.0062647720952516694,-0.002754550459440175,0.0027086397682660746,0.015597268776620599,-0.014299727113281535,-0.015259203115948639,-0.007750625262346045,-0.003368365123521899,-0.00849375047245704,0.01240576603503496,-0.0018387558591336228,-0.0007564996589487505,-0.013012098203560418,-0.010136287252956122,-0.00789389647586769,-0.005084811580436166
2025-12-22,0.000695963466565086,0.014184363569642144,0.010769832702018478,0.015034291915929199,0.0038327467625147715,0.02346822042963903,0.00312716034676197,-0.0007778122618864458,0.01340371388657946,0.005304679741334528,0.002959300743781146,0.006482932320523771,0.011611921069491826,0.002001013583699418,0.01825216147115416,0.00603585350796032,0.002829517951139726,0.00872091470101255,0.008169203743419562,0.0032630634744921228,0.009354880003984434,0.012903123202561595,0.0010112571368336987,0.002257969537145188,0.009795510493188164
2025-12-23,0.011476321283455437,-0.011312117275400269,-0.009359103694189796,-0.0012799674399796013,0.011454338707944878,0.0024102845253990424,-0.01620969616710466,0.002915898346052437,-0.004408810198380464,-0.010400695165641793,-0.00531122570278364,-0.014492615514506424,-0.002715242751705982,0.003994035049011968,-0.0032191500814845453,-0.013058148288872973,0.0014107671844965086,-0.007574342788645105,0.00014481915384645383,0.006714541689058606,0.005036027937525889,-0.0016615812836972,-0.0008840296915425538,0.0023065738720384754,-0.0067482131155853775
2025-12-24,0.001661897148182323,0.014354018608899732,0.006104679351421671,0.006652403401205875,0.004918770074161083,0.00851304690316379,0.015843125450485163,-0.0018549938545940892,0.0055065690109208365,0.0066460858592634064,0.011865918391029462,0.008714566197281615,0.00816828947823689,0.015415193869632526,0.008808064911981939,0.013230919598994806,0.010800604133443192,0.010214700730460935,0.006221034034548767,0.0035955060188781474,0.003677933483612783,0.010541008251835349,0.006446711152824136,0.004495313691396774,0.008917168534568365
2025-12-26,0.00921051330789946,-0.003281403983045772,0.0017335946671119817,-0.0013944205416194233,0.004894783156053517,-0.0011598584731502548,0.004990547405290702,0.006036442599606007,0.003982889414639645,0.004068761610027671,0.00019536924132812494,-0.004319694408395525,0.006506214643289487,-0.0029384598737043355,0.00261923311117207,0.0003529323878581625,-0.00340682068317677,-0.005418165430258415,0.0,0.0,-0.003080293950540214,0.0021960171453399013,0.0,0.000852426164766662,-0.0008416382473650508
2025-12-29,0.006410620612050444,0.011728431240350501,-0.004759106458035789,-0.0032785412112815715,0.0043045648251918145,0.004128718894932382,-0.0031036807464565053,0.002227220671335628,0.003165926863480939,-0.00038224384293927827,-0.0027357117430045763,-0.0027115772829957585,0.007805764338116639,0.001473559933588442,0.010014603746517414,0.002116777235528833,-0.0017869942138606376,-0.005140785348323074,0.003450652074958871,0.005659365672057826,-0.0004795114511820797,0.004108388469336477,0.0003768179563272689,0.009475184730019404,0.002948545140513792
2025-12-30,0.005061709157716976,0.00610127855024456,0.003767418159619007,-0.005238476091511846,0.0049627122277413616,0.004754391858425633,0.007472024570291502,0.006156829245493878,0.003536191620453044,0.006271959975557628,-0.0025471952513222984,-0.005437677923775475,0.008834721375347243,-0.0014713917496596007,0.005244958499930119,0.0038725492763720393,0.00412514410299214,0.006979788465807157,-0.0027224140520779594,0.005524272822073684,-0.004210662584618885,0.009001752321643686,-0.01004401090009277,-0.008648025977097462,0.007559906383848736
2025-12-31,-0.006507535089283145,0.0038974697611493525,-0.015896095405522725,-0.015430802217462514,-0.002581370488368484,-0.01074241231591977,-0.006180444676280095,-0.004612169219353479,-0.008487332085124422,-0.010185399111325322,-0.009920326754855102,-0.011705657446208217,-0.004918520742623778,-0.004420292200335907,-0.007147478193770596,-0.006871053443722075,-0.010464232828384823,-0.006242104578337737,-0.008189760932902912,-0.006828969488336334,-0.009206307667631863,-0.008380724334031697,-0.012632406759082615,-0.0127127459715064,-0.012505168993645732
2026-01-02,-0.004385619386546802,0.0006130176979379787,0.005038569307603158,-0.003731518563215852,-0.0019129647638643776,0.0020683123866431785,0.007462606581781772,-0.0026756286720439615,-0.008567729990519912,0.00575941358959442,-0.0064213574241732685,0.02425261463799888,0.0034961313637189573,-0.010360230279681693,0.001583849310099028,0.016675609940624225,0.010888249819108742,-0.004084766013979335,-0.015500428201694838,-0.004911317511507973,-0.006158385180750958,0.000272537299718989,-0.0006461689834695861,0.007165673172346176,0.004643183591241051
2026-01-05,0.008295061227210798,0.01163979977296492,-0.010763910856112724,0.026281237224014875,-0.0031567058788701807,0.004773305877929568,0.011728342031710248,0.010351861936248152,-0.014909167710829063,0.0009926587098296746,0.005351921449825214,-0.002202506733280152,0.005165733283863938,0.003988062367197731,-0.012793865704616714,0.009422314447799174,0.00495937887048159,0.00951864405147207,0.008975902001426617,-0.01257267506494364,-0.00467467148147771,-0.015535544408310398,-0.011509025099132875,-0.011822095335465077,0.01932786052483859
2026-01-06,-0.002439639081363798,0.05732737207359717,0.015054468654676967,0.015328493710575763,-0.014589509517783483,0.006483889706363488,0.006711571345881628,0.02077669817192951,0.014028192021934283,0.03325703360361976,0.013660111212020931,0.007726176288357811,0.014461635944625906,0.009930454297663927,0.00597004931494749,-0.00743299211499282,-0.017194874145233463,0.03610582066109891,0.015312831620093892,-0.010207316751639661,0.017421222244377477,0.02740855494333716,-0.003924690083458748,0.005034397275803126,-0.011129474449331878
2026-01-07,-0.03628711480850977,-0.003818264547985173,-0.028928010437105467,-0.003534605465867924,-0.023413288673722943,-0.012182696652688119,0.026666641710846983,-0.014605487804830064,-0.021628063711929046,-0.01166393438090918,0.007431645679048859,-0.025739342230816087,0.025565467522978835,-0.0014749118045225273,-0.0230873859003069,-0.0012190306320130073,-0.004393543332832928,-0.01716494307818639,0.005314476536683266,-0.03561550911650124,-0.012614059112639908,-0.007814442894961804,-0.005910129514658302,-5.39139491835261e-05,-0.03376403790927285
2026-01-08,0.005252598821608556,0.020889208625299194,0.013912016623132129,-0.0022244640961605056,-0.006698821401254773,-0.012526671002530132,0.005903104819777072,0.006863700309690524,0.023460532691132796,0.01844939876693985,0.011114456279604612,0.023608712431044676,0.0031016757144439744,0.015263591082010919,0.026374201173789302,0.016390517991183184,0.011741548341411612,0.020475818781543698,0.009001338428680672,-0.0003307680509629929,0.005599361072492703,0.013579542744784456,-0.008059196143601843,0.0035551894267800144,0.034943884551983384
2026-01-09,-0.010685147800752581,0.013140687558022224,0.013870209943190437,-0.003012774040567767,-0.01005663671450474,0.0367489831079062,-0.019366137278459372,0.023622500918339284,-0.023078439748144275,0.020901959909205514,-0.011284133652594952,0.012630492742000676,0.021415516014588354,-0.010184376792472416,-0.019055811927966904,-0.0020585472321322795,0.007866599596723534,0.025929487411220586,-0.012744244404241378,-0.0008821969716471534,-0.0015677912849288989,-0.013397609336126659,-0.0023974280676427595,-0.0012345356058347523,0.07253022504243356
2026-01-12,0.017921796234712906,0.007226207079256364,-0.01573985709412773,0.0076151000586799356,0.015776238709992674,-0.004288971176564793,0.005984535394406354,-0.02060343833760281,-0.0037048784453370676,0.008405274482362834,0.0015742247063921244,-0.005422928741891431,0.00347563413673746,0.00930919897448601,-0.01228842175372269,0.012377508265905224,-0.0026275550430007177,0.0037749179710973024,0.006741371008301078,0.020971215122085773,0.0007580561721587387,-0.0052211819138181514,0.01041385571891773,0.003224385912462102,0.0007772748073993085
2026-01-13,0.014166605139509958,0.0051507918470421465,-0.008817855772482175,-0.012056108997834714,0.021414222516546344,0.017989568714686266,0.00773341835676411,0.022261628963153424,-0.0006797107673589542,0.0009260732128071325,0.0028487068474849497,0.009269245318066277,0.029385490986292062,-0.0019418559894850418,0.0015645517082574223,0.00577335962659431,0.008988170692231012,0.002256366068230653,-0.0032769300006447732,0.016432449547471473,-0.0024346598213120796,-0.0019338082898351372,0.016516891932574662,0.00841014438812171,-0.011650447044079248
2026-01-14,0.020234452194805463,0.027452404688131482,0.0007538500028223538,0.0011534647251105756,0.021426095154090996,-0.009022517609594827,0.018890194181791387,-0.0028577628298896984,0.013044132244824036,0.030035604894506962,-0.0006856446038877584,-0.015667236826084174,-0.00640397475798693,0.0038910763465642706,0.013611846912033876,0.01823416321170135,0.015281877856339499,0.028374413814383104,-0.0005717938665326106,0.021378529887684516,0.007267573774701441,0.016606753957529197,-0.0001300098205101463,0.00244362642485485,0.04597249569307449
2026-01-15,0.022932188062246173,0.01995012521143913,0.011149682589962184,0.03596123804766704,0.019623429133273973,0.008225563404530956,0.016801837478036763,0.003504287762004399,0.0013429530364676978,0.01665291619298337,-0.0021564487222842654,0.013721132572104056,0.012344329608050097,0.006783038265481434,0.005195313016391534,0.006798172112238543,0.004084288712911777,0.018278547140244683,-0.0010012117531715825,-0.00036446364410325227,-0.018360971034742324,0.009528991621966965,0.0,-0.002808722453826018,0.006761737096799836
2026-01-16,0.011126519500267662,0.01100243241542187,0.01251668975428144,0.004448835091552361,0.005087935045371861,0.01887028694297488,0.021893572341428635,-4.9846692440125295e-05,0.018736110988362364,0.011826135279610295,0.018369350415788688,0.006497162192051542,0.03517865517493801,0.01347429751308149,0.01218237301150027,0.011528243569173924,0.0034653375792237373,0.002934879234603782,0.023192675479227987,0.011042216759848955,0.014316164691822841,0.015102370292728429,0.019890775542645622,0.0170051200343575,0.009701509822765964
2026-01-20,-0.03170457206548838,-0.006391437719492021,-0.034142695691239844,-0.03630745300134586,-0.0446793068920438,-0.024327678862614777,0.0,-0.02192629586607342,-0.00782119983622842,-0.022435651864304407,-0.010321233326011314,-0.018827424516900115,-0.03731891025097667,-0.004273368958949364,-0.019476187735391504,0.0032563277515837985,-0.018016796276612457,-0.029636953591397508,-0.013152388432217776,-0.04239874572201152,-0.0032444914180169704,-0.012752269345065015,-0.0034415633703772652,-0.017661260108033372,-0.003695431222290657
2026-01-21,0.002362857335671986,0.01616832961022352,0.004571010895403793,0.029813695316790012,0.004146997774722383,-0.0038842021389562387,0.004486766006698284,0.014384063625390908,0.0038633400753298464,-0.0007558908828086963,-0.0013644728676754925,0.02412296006984449,0.015809365855147473,-0.0023843977744492095,0.007141875764698602,0.0027587889858378123,0.002522660894989759,0.012343064529907855,0.006947315775232887,0.0013449923335855374,0.004611459725133216,0.01372435453531895,-0.005116454361932421,-0.01063824201643726,0.004080080949363962
2026-01-22,-0.00684744180831498,-0.006159131965452258,-0.00803882610343376,-0.0007046516056047336,-0.011242347487431581,-0.0018238132763802595,-0.006700087286169887,-0.003419316744252665,-0.016676994786340993,-0.011415182882097086,-0.007807901558093855,0.0069591241063622356,0.0004264624313923271,-0.007648139739177329,-0.005318365598307784,-0.015212820421220408,-0.034085651758052116,-0.007343348420737139,-0.0022528197202207334,-0.0045129870971394315,-0.0003779178116914972,-0.0031855282519622774,-0.015428102692098378,-0.02172044087827385,-0.010343543942212041
2026-01-23,0.010172415111981081,0.02754349671212042,0.0013761259857649755,-0.005523902283133486,0.0047569386075292375,0.0028352864884668705,0.01630140258068602,-0.0018794751851823888,0.004467293792107752,-0.015581484476746565,0.0010819659857086439,-0.005847884143025173,-0.002770494085335473,0.009633784474186058,0.008391326348219375,-0.0018076303611036515,0.0037894509986693414,-0.01378312604195342,0.00395150077683426,0.010092392373375114,-0.0019989415664050103,0.004527339741261516,0.005353856685952119,0.009452522643410788,-0.004479268581052076
2026-01-26,0.003972059885798629,-0.04238565970218522,-0.010994057930405088,0.0063818581712518085,0.007505726258924206,0.01514203105615164,-0.0176992284833698,0.019057952514679677,-0.004526118032418203,-0.010104578406240572,-0.0019652098663354156,0.0016043660506339652,0.0026712834423454623,-0.005247914891798544,-0.006112135636734406,-0.005597646364650433,-0.005662656981164416,-0.013728164292329148,0.0019679739378728467,0.0027248860397131036,0.0032479133211318345,-0.019088038846629796,-0.009221998574517554,-0.00027205578957389953,-0.0026246142945514084
2026-01-27,0.003399066949316909,0.017144813575246776,0.006947797491060781,-0.005401903482670112,-0.005730623095539622,0.009840929602780157,-0.002815365053871366,0.003968483596009653,-0.004744414164847388,-0.0021415434706480996,-0.0008860014981494357,-0.008008660321748517,-0.022591651650486932,0.004316503875987365,-0.0017042881236785101,0.008609140334681964,0.017954591241273077,-0.0037669040194596715,0.0001401921669126338,-0.0046890668626753396,-0.004154783426105757,0.002702641590791366,-0.0043261741738701565,-0.0007624674515092078,-0.013909825829763522
2026-01-28,-0.014216712633824402,-0.060715442536522946,-0.016406000412700905,0.0006493925895738606,-0.021440913103796144,0.00030643971739308107,-0.03162062144219635,0.00815275381532432,-0.024828206275349318,-0.0188139651878243,-0.016357975812175685,-0.007534894563831718,0.005669412788926076,-0.021967528785149848,-0.01684850218076206,-0.013952639987430127,-0.012198924265187427,-0.013827904299675398,-0.0117827816881243,-0.014079985789961058,-0.004334568937147454,-0.018059143671926292,-0.00039496041091335865,0.002452466183923363,-0.006862497929238542
2026-01-29,0.021576168426093778,-0.0102545677059116,0.013406058088227812,0.012448381182015078,0.02391325901651653,0.02591754037928129,-0.0005830545497890194,0.012130122008839006,0.017924116482163965,0.012467229596175411,0.007713838628214287,0.011930551777572296,0.008564691872421148,0.011230325568563071,0.009210250046593371,0.011819499544771794,0.02580035817243087,0.013109013374077216,0.021717449517670184,0.019602438205939654,0.03286892528594354,0.013175932392180512,0.01251320827347846,0.00951394247664017,-0.004606360909482299
2026-01-30,-0.011359816463857753,0.010915802466589186,-0.005230005304060148,-0.007458765659019928,-0.001265559544819328,-0.008898719500993413,0.005834409285128794,-0.006198175999212685,0.007963751338225133,-0.0064808476844051555,0.005666682166527881,-0.006966690897982075,-0.009674357321647231,0.017865908707477507,0.0046379601157169326,0.010742043730651352,0.0011502567762324833,-0.0045414198777956605,0.012364624341629993,-0.019491861014239165,0.007955734866562203,0.0065022397177456615,0.010407094611905698,0.014378828081822448,-0.005784785877207987
2026-02-02,-0.031124528836335763,-0.008967730926399908,-0.024895608902948396,-0.0056948347929053345,-0.021310955785492247,-0.005061783562063882,-0.01856160568281784,-0.012851230405636405,-0.013538669031137873,-0.020076819926903133,-0.008204899059000015,0.00755522511587392,-0.02941494404234324,-0.011859683636324503,-0.014817491532080784,-0.01030076508821487,-0.006740233961750941,-0.01585865842531642,-0.012213607670922944,-0.016131682581650764,-0.00047040577980805853,-0.010767126045469921,-0.0033474534136785916,-0.004937376164376284,0.002327301773919155
2026-02-03,-0.003281497214005613,-0.006094258296648336,-0.004757425638578061,-0.03548650499041506,-0.006473502533999476,-0.0039973627540430545,-0.027777592413537278,-0.010550691338676144,-0.0035015723383675645,0.021597599366534048,0.0002990356391527893,0.010712459728572377,-0.009058319001719495,0.0033605363674042987,-0.0008314812671674776,0.015364252828092395,0.016964902650596914,0.028439053276248405,0.007085347746754289,-0.00822571121323079,-0.009413285625078371,-0.0032653803714416396,0.0036171038106997955,0.0003734222437048462,0.032507708968169124
2026-02-04,0.019753985071595537,0.027684955217465834,0.015455719479192664,0.015549392049138966,0.02013975890764441,0.014229219572803764,0.0200608780425775,0.00037411602434533897,0.020113948035678675,0.025991967780746306,0.03228371278051423,0.02331726166830994,0.01647663811140232,0.02918672630887076,0.021558261756706942,0.0162707214709239,0.02244455325645789,0.032052582053439194,0.024279132786966917,0.029056448305774696,0.032573118765361064,0.02675401741561756,0.0005148525875344756,-0.010773298447536495,0.0007496716791817182
2026-02-05,-0.028660426638307035,-0.0030736491158113166,-0.008787060004706637,0.0017481058966770657,-0.08988506362589799,-0.012830507783089695,-0.005959697875131953,0.0067695006990131645,-0.004276077211251783,-0.02236970193660437,0.012065639277253126,-0.016053772056483617,-0.012434797382231189,0.008368117943906128,-0.03206221452873259,0.014409264164786828,0.009641070399186047,-0.019687941542937182,0.01656572829327474,-0.023584093647787907,0.008538281191727393,-0.012762544028930067,0.027145169259990443,0.030084075958566547,0.00037448170477927256
2026-02-06,-0.001282936311978622,0.013783146145092795,0.024537024894082826,0.021001357846808233,0.0320275006062849,0.04233223476087633,0.010191813344968326,0.0502253400127346,0.026124312395169547,0.010610594917064509,0.008679121534274747,0.018421044037548295,0.07678475520246608,0.006454675558024814,0.010786544090146899,-0.0020518204888816394,0.005949750605746651,0.014779710885699071,-0.0034446474902878332,0.0012742214145065045,0.011862516751336427,0.011311603799795122,0.03394299316821914,0.02543715917132161,-0.0026206839012837824
2026-02-09,0.014246522828828878,0.005366709838937611,0.004480832744639951,0.007720855618147393,0.02720081580997058,0.0029717309787771207,-0.000593317763101564,0.011342778598272929,-0.0010075828280294852,0.0024999509638718997,0.00330940663439927,0.00981921152329357,0.013572772824312018,-0.003206685145940691,0.010973925382841587,-0.002214085966297352,0.0024096734473897374,0.006585345889755567,0.011167272964492936,0.02152260802030659,-0.01518034182239647,0.005326318623451565,0.0024228008236175658,0.006788432246316756,0.0007507972718729938
2026-02-10,0.02763218716533422,0.011743778332499177,0.016766576630685925,-0.0038015786216309966,0.017573445465955517,0.002323854689586291,0.009501072534781496,-0.001165863140035417,0.01827006216485394,0.007694481450980284,0.01451322656439391,0.019959024004688963,0.02297073420707174,0.019761046869915644,0.021485265286600663,0.012838801445169024,0.02330997016930536,0.011907536564423893,0.013278966155235494,0.024102274581624616,-0.0013735348974466266,0.0431787152434,0.013897247355696418,0.018200248554127718,0.010502614911440666
2026-02-11,0.01103588123456567,-0.05451989085872422,-0.06535547872020309,-0.12235070811870952,0.018097939637667704,0.01182395714479978,-0.0023530294584280798,0.012582628036071464,-0.004190446294562666,0.007352870604767636,-0.0065025350654533964,0.0015051500193781209,0.009163258816287323,-0.009013039540761159,-0.00307809987077734,0.009389657497320458,-0.004270992170252064,0.005165367324352577,-0.00778505051141043,0.00994285318281185,-0.007794176972304223,0.009903557286631726,0.021334955683620427,0.03505278633001607,0.005939055662092185
2026-02-12,0.042719368079588316,-0.06249992697514706,-0.043865358460625115,-0.08836715652185367,0.02021612216039359,0.032880793282203946,-0.040094270757050965,0.10414734812321269,-0.03844526150832328,0.013054476297611917,-0.020570443399007488,-0.02104193545734545,0.057673052151517634,0.015006852616177735,-0.01903985985005463,0.004341103301180427,-0.025021465388224473,-0.0050026493583724685,-0.010984830341635332,0.043621663179508774,-0.01714853610729128,-0.04023139770688333,-0.005718331802766596,0.001250668941320754,-0.002214014887660376
2026-02-13,0.02077688787828591,0.041468220832746594,0.040968383544005116,0.04424712968380895,0.02926771398042649,0.0036603881622203627,0.03226606755769312,-0.0017538502741947237,-0.000795684953575293,0.013994844374528581,0.0004774370146827245,0.01791186319700655,0.03613208534146284,0.017473033690385664,0.015812366274367662,0.013584383114741305,0.018991132374569286,0.027294267088608715,0.007272326446288169,0.007426436091559463,0.02820879746762972,-0.0020957987380759713,0.00046937998149676474,0.012395552092277828,-0.010724865140762874
2026-02-17,0.005153615516568344,0.036578372830451844,-0.013498178961877993,-0.007518741365933446,0.016375392268651145,-0.005967873552693459,0.031137694483142297,-0.004413423240503644,0.008719545879107171,0.010111901604456408,0.013454090672565755,0.006033211494388402,-0.00946915304971474,0.019374766257306497,-0.008410117638596781,0.012640793372848957,0.020148269411654818,0.005493511670539686,0.013258150933122659,0.011704883401127297,0.026317098942808093,-0.0023628530768987632,0.01935723480966134,0.022589235884289405,0.004859894799397191
2026-02-18,-0.033507720600914115,-0.0045947415711301565,0.014671977537518366,0.076253105315782,-0.048225612702561094,-0.021513089593971357,-0.005807155921353502,-0.02912898033532485,0.011170254254099232,-0.017992385263371657,-0.0071556580024434435,0.012493804462587521,-0.02720834979182396,-0.021166296903233683,0.005282232691882216,-0.021356542662473665,-0.015094949138176217,-0.009933801103290896,-0.019043992196224768,-0.027865211444243143,-0.011781502786105014,0.006578900883429828,-0.013235182095416631,-0.03197517513052428,-0.022693473466364966
2026-02-19,-0.00980605156985026,-0.014032472645050476,0.010885484268692514,-0.018551359564077052,-0.010980179596845163,0.004999407823824686,-0.003504691567940421,-0.006719085415393677,-0.006831158845048146,0.0062680615181434085,0.003983081057264082,-0.009378170378492756,0.021921893025224737,-0.003971891337689826,-0.00037003361408471935,0.006608313170969993,-0.004225534022639144,-0.0016722799565227486,0.0011885670388063208,0.00420336122307452,0.00045080059768598524,-0.013594810099629595,-0.0030323851965122772,-0.002780599627887903,-0.02740774720843986
2026-02-20,0.013637118328066133,0.004681645737313778,-0.021536532946790476,-0.014612292371444235,0.01780958684097489,-0.0068965306220576394,-0.004103168004312541,0.010980045503706126,0.0003537806739617455,0.045588355923847024,0.01492382938876946,0.016442555472968134,0.019787367625699215,0.026584051946435316,-0.011845574546977766,0.009770990295511206,0.01776467612407462,0.021775533912575806,0.013718509540126655,0.006303843168807832,0.00991385501927744,-0.014842295964325403,0.005381362991907723,0.0008653636903894757,-0.010567480120445394
2026-02-23,0.01462814723286554,0.0018639027556739407,-0.020696459459230487,-0.019250404304471225,-0.0035223405077150494,0.0023337634772837568,0.01824587364127428,0.018887912698635878,0.0031825332179464816,-0.015319028354886632,0.015635263663499543,-0.03137266406605521,0.008160354329456387,0.01035820526461717,-0.0010490195688214188,0.008164737445001347,-0.00544128088358542,0.0008525402271060134,0.01210150367684748,0.0005011670109817956,-0.00808125718210595,0.0053807713897648934,0.007912548749086534,0.006484430920623341,-0.005933602154535644
2026-02-24,0.0007366991783581689,-0.0005581597410524441,-0.002012716925993696,0.013802230505303159,0.010718433756347512,0.0122097009083042,-0.0028900944856087296,0.006619781299914029,0.012023620300158688,-0.004853574264375271,-0.013103691044372923,0.006578970692791897,0.01843684700482906,-0.004698856762654913,0.005700138785682096,-0.002399681158770872,-0.0031262673387351114,-0.0037673684389705198,-0.006556998102247857,0.009817672355900697,-0.0034487735841396416,0.004549146358225453,-0.002193584305342111,-0.001145221674992869,-0.00955030723297845
2026-02-25,-0.040538445687306135,0.006329172664948812,0.013445371197339684,0.007320293751266416,-0.029332121131544264,0.007573947985895613,0.015072621541804221,0.014555275225371256,0.005920965794846245,-0.01877332240280849,0.002692649605655628,-0.009049766925405822,-0.012892926233597946,0.0008585018139968259,-0.00029818425712968555,-0.007967628796839432,-0.001924555609089107,-0.015652148290144385,0.008541551536892511,-0.021974156361001973,0.008074987165420877,0.0034628528260078895,-0.00023135009086006075,-0.0014864643099344876,-0.02129359621762572
2026-02-26,0.013864486586499414,0.019607729224148107,0.014427836322250975,0.018744868268590675,0.004184019470745426,-0.01792967959169145,0.0,-0.013013787403979626,0.010810624433342575,0.005242748008232878,0.00416714832488152,0.02993399262513652,-0.021739199715339996,0.013722047117793235,0.013576850456495482,0.009243829642735957,0.018781680227488495,0.015366675245226835,0.006287719079759668,-0.02535884200691063,0.008010382533000016,0.011149555479458728,0.0003471501289344925,0.0009603488044716002,0.006568068732484722
2026-02-27,0.03702512985062434,-0.019593541262950542,-0.05868884170071631,-0.015599975585937509,0.036342691396824556,0.00470608702148545,0.009708695297810932,0.0276786801449993,-0.029040009086809926,0.022961288501367916,0.0030430980074063196,-0.03497525142969826,-0.009327861014644223,-0.0038071525630075653,-0.014793469631079748,0.010101017255938816,-0.0006307612760796388,0.01023183680572437,0.007395976173259156,0.046781424548149264,0.006169802051146256,-0.015489667051127864,-0.003239151950295005,-0.006380454075402553,0.0004078556170350467
2026-03-02,-0.00865221846089348,-0.026091784038564825,-0.023271954983750898,-0.018217542832802525,-0.00011171613349414411,0.008408586837078458,-0.0028280878636719464,-0.008375599420603841,0.003606262736614685,0.010726371979252969,0.014434062524349978,0.005615144798642335,0.018462219897148913,0.0004246522128534824,0.0018675832142553972,0.008358253193571752,0.0010520409823264742,0.012636040271659432,0.006835510872734485,-0.011135393458743481,-0.0033849774960234003,-0.001333303171702993,0.005803131157630537,0.014677565628172573,0.003669044388803222
2026-03-03,0.0002629051973184193,-0.007790242225012012,-0.017603139514321686,-0.016141245210643307,0.00815374485950171,-0.0031339589827074077,-0.007941126489261263,0.006117463125755895,-0.0020700986966029067,-0.018932232899532053,0.0020844812686580116,-0.005076182876292967,-0.023112584998750907,-0.0012733321408928688,-0.004026459993694664,-0.014801669245983362,-0.012051615570213614,-0.015437022396230793,0.0027658949992344084,-0.007741839786522431,-0.005955843890887436,0.0002670374296078748,-0.001846334063923205,-0.010277914528024401,0.00609250742245715
2026-03-04,0.002890951724271007,0.02604367729731849,0.02009047514302953,-0.00623991698226245,0.009860392564579046,0.02520623042660186,0.009148172070675642,-0.0030556044300937835,0.002230963488297766,0.004006423948065052,-0.003346335912803533,0.026530601615947003,0.0005567073390668753,0.001274955582814652,0.001572058878921645,-0.008413505798005927,-0.01120563661762064,0.015091100719475614,-0.002006055900076076,-0.0048130313345724485,0.005694447275462977,0.00774160253852596,0.0028902054090502727,-0.005528808961241194,0.0020185378506480944
2026-03-05,-0.016561824418208748,-0.033408049373547355,-0.015791309600399872,-0.003880365672656483,-0.01140982891429665,-0.015715609940420983,-0.013597695229525697,-0.016552375831741628,0.00847415092911108,-0.019021015247674744,-0.013883757912189765,-0.007952390313161306,-0.0050073628607051335,-0.0021222760606858238,0.004709358135345454,-0.018181702771027153,-0.011260838532083817,-0.012292451244258706,-0.0036431689385629795,-0.0037672423969457025,-0.010191967474416974,-0.0021193221673779794,-0.020634037691058982,-0.008702008909748038,-0.007655039279552467
2026-03-06,0.0050628511596384485,-0.020467306304099875,-0.04561032065611326,-0.03088037775309882,0.0035512622643780745,-0.01980532285474168,-0.0074671070446648,-0.016579209688640573,-0.012042981287240573,-0.005966255992676195,-0.010306415861863982,-0.03657311464125934,-0.019757765201202537,0.0012903900389977796,-0.012052766993671415,0.0030863494473845066,-0.024011676137343896,0.0038770090202346896,-0.008195652374281992,0.0045480286216450505,-0.030841156616531862,-0.011149348881868026,-0.0010592246769896008,-0.003706471612461293,-0.005278204500927863
2026-03-09,-0.010339927754565492,0.008870580622284852,-0.008689098125557848,0.0008039217195026094,-0.007740831436142792,0.019637857091445943,0.008102199925271725,0.008226553631671685,0.0008230809561962094,-0.0022506017603391992,-0.00939103233695926,-0.0036401024124890213,0.018634776955354315,-0.0034364099886949884,-0.0048949609000863425,-0.0009229957249932141,0.0045339493448735,-0.005354805738464696,-0.005466636954999715,-0.0033066365713577683,-0.010265407866406062,-0.0010738847320542755,0.015788735615301697,0.016594098814401992,-0.0020407830506865565
2026-03-10,-0.002786150158680445,-0.0025400443974662457,0.01829270426628482,-0.017160844615298876,-0.01348493627766012,0.006735351336107476,-0.0011484128387651005,0.011810692883633678,-0.0041122030660387665,0.002665898703528846,0.0024405076495512823,0.004697334538179776,0.005880127538290036,-0.0017242559578622974,-0.015211054234771315,-0.0009239690163796999,0.007473296472208846,-0.0015989786029252384,-0.0008947583819356453,-0.011381641130729703,0.007553944242294275,-0.011556043947769878,-0.0015079266036076566,0.0001926265259528659,-0.002475203712749452
2026-03-11,-0.01756919424544623,-0.017238061943455008,-0.02413914866604905,-0.015602874670228029,-0.010844974304962673,-0.0014928972159207188,-0.01896545053409482,0.018157633241979942,-0.016005318993361217,-0.03517855114077595,0.0018725805729948863,-0.0031169498248749816,-0.0016702050946896252,0.0004318295986587284,-0.016983076298160427,-0.0026203433777717278,-0.01292604111586848,-0.019869867549130116,0.003423443824498662,-0.026535807906993614,-0.013068196808344368,-0.019575773772532168,-0.0031366877169874963,-0.011505868058558688,-0.03928868040751077
2026-03-12,-0.016352230690851566,0.00159458407944979,0.011121669898245035,-0.00490609954202903,-0.016560058292176327,-0.0010520455542147866,-0.009959065005896162,-0.0020135216115010346,0.004635924008455028,-0.009468728465503506,-0.015420551128921933,-0.02553414165494472,-0.0019519165462463794,-0.009494971558788534,-0.0013289274340273494,0.0049452699737913,-0.018601270071969545,-0.007235590185666774,-0.014419878184721124,-0.02031185857190987,-0.010497954300903278,-0.0005546617539894383,0.004544957475121736,0.004237034411234353,-0.008609515379005672
2026-03-13,0.025297514909805807,-0.036616888619164234,-0.013654482043656935,0.014866556191672764,0.028490099335629626,0.0023998355417409467,0.004733714715678294,-0.001616071954217646,-0.00568856493471126,0.008489213614042423,-0.00816328520702081,-0.010160414127455053,-0.005028813865157189,-0.0017429536918576183,-0.011193744848981058,-0.009072709801409395,-0.0011371455567456001,-6.709067555610293e-05,0.0003918637219708643,0.02485289260041501,-0.003998563266999877,-0.017480569856579198,0.004176398425524752,0.007856511670061295,0.01867123340790955
2026-03-16,0.0016267895676571609,-0.002065655604801986,0.00538364904624955,0.009491810489493435,0.000571535519251487,0.009130878750974958,0.022379468949728754,0.01501190981657885,-0.003400706274196974,-0.0017889354211751973,0.017800738271229744,0.010804949897844862,0.014569338653169117,0.01222172269818933,0.00039581174278202624,0.007448741371477663,0.01760919106073433,-0.01669384439374333,0.010577181748013142,-0.002286726898029001,0.013435355527572801,0.006212947264729651,0.014209739495247176,0.011355977301504616,0.011509037229098906
2026-03-17,0.0019490274446547495,0.022562593239145112,0.022948964122388338,0.00895825416055307,0.0046847608620996795,-0.004744855537759496,0.02271393652180609,-0.007699725179290184,0.007868321254274058,-0.008172001350298053,0.004419408132571467,0.004810311750779173,0.004092256961159224,0.0017249154453213844,0.01345264561299131,-0.012785037282253775,0.0015789014483760244,-0.012663833987935913,-0.0002584401044906093,-0.002451966631964564,0.006338163296398358,0.005051982737766636,0.0023921161426008197,0.014178335337472259,0.015170645525353743
2026-03-18,-0.023666745297730718,-0.022064755143911707,-0.010469306668418055,-0.017390630601822,-0.03434552348719877,-0.008038070328368119,-0.014730848034911204,-0.0033985262727297405,-0.017366337298828416,-0.014382907868007444,-0.011889174645763001,0.0143617438083119,-0.020563172678595754,-0.0163581437796555,-0.017724792474783424,-0.016383145242546582,-0.015089046592950739,-0.029846674957648922,-0.012537137349988625,-0.02201440834672208,-0.0033065699153038697,-0.013124896565265942,-0.007613667899057375,-0.018530665910297284,-0.027397256962078953
2026-03-19,0.011456045893412092,0.02504655964111646,0.009068591550293936,-0.005227368599051596,0.0018842909547398534,0.0050855232853495025,0.019551399774221156,0.0012325261563637113,-0.001702539151021143,-0.002786447290450078,0.00701090386782055,0.0015731327235746217,-0.00756568514109468,0.010503232837841825,-0.010254279069631722,-0.0063452197539225486,-0.0008384126787396307,-0.0009366039723059938,0.003795789259554372,-0.004097608910376027,0.007424930465171453,-0.002829700770071941,-0.020382382700546486,-0.014913298194707214,-0.020059796412463804
2026-03-20,-0.03266582898744674,-0.04301289573486089,-0.024901619321170743,-0.009158480288374071,-0.03185611200611449,-0.03641925988494765,-0.03835294577311332,-0.016003937711075777,-0.024727908786296382,-0.04213547250501681,-0.02954183358969298,-0.02617801211719306,-0.050790931490619085,-0.03248160089960361,-0.021845672179765407,-0.02697957867488443,-0.023495312345384267,-0.04164714736026787,-0.023731911019418073,-0.04460171588112216,-0.03549210509586842,-0.032065837913999085,-0.03565169724503947,-0.04925032470803492,-0.021341437377663697
2026-03-23,-0.0016403205379413865,0.01603711126221241,0.01843312405388109,0.02848696378780491,-0.01250597905867501,0.01829196465537164,0.007038125725151723,0.008132146839988641,0.009950474682139943,0.012052850895630352,0.0059137078070465865,0.029032234112237543,0.023391224797332688,0.016114648719173008,0.004926472394698234,-0.0016406518848257612,0.017967320803300213,0.020844325923096596,-0.002938423638479515,-0.012460595500211835,-0.016420951908723502,0.004397552027850082,-0.007878781297328552,-0.004797437977991703,0.030707540127429045
2026-03-24,-0.03478752129688134,-0.015991646450548624,-0.0026394772853625126,-0.020847158976461833,-0.03369000856969595,-0.009973329944448994,-0.027373354442303488,-0.0025130445168796145,0.00379253735995988,-0.015474555894543829,-0.0061680168602811225,-0.00888202593935572,-0.012065933570752696,-0.00616743632128014,-0.004738976495462954,-0.006409250415164158,0.0003070132295219796,-0.012457566499254225,-0.0009376896025605763,-0.030352388722827528,-0.017741997699164846,-0.004378298233574496,0.004031772191660954,0.008256449861331117,0.016407672348835556
2026-03-25,-0.018138054589601715,-0.0021107267324774748,-0.0011342721112516108,0.01376769377267606,-0.02074054417276383,0.009844767359409756,0.00658673127118381,0.0014722396783959368,-0.005585233146070512,0.0015410451987236673,0.0014544983599533712,0.026884658904583025,-0.0017873287067048382,-0.006648937550268519,-0.001395586585693609,-0.006615923989339634,7.67592277621798e-05,-0.0011570232923215906,-0.002011279771628849,-0.00965455222425926,0.01851122682073414,-0.005277108065380509,0.006327493064502532,0.0006103385471629696,0.004672882937024836
2026-03-26,0.009864261760666349,0.015439966687023743,0.006056000309422549,0.0004452508986549919,0.013123723103242613,-0.009522167764313472,-0.0011896133564511802,-0.0026502318011737414,0.006483903978100614,0.0038465070900988163,0.004163928182262078,-0.0030801481742696035,-0.003183111673900507,-0.006693441826972402,0.004192739358712894,0.003496489364309685,-0.004756113031843978,0.0014199592081096668,-0.0008060504902163146,0.006176217528646388,0.0012667823761993713,0.00412625545786427,-0.0004836626345259276,-0.006099740733090719,-0.002114113707861076
2026-03-27,0.003552025359057076,-0.0410330792332908,-0.03254321386960313,-0.022550206521675165,0.007951745662929444,0.003834022293550232,-0.011911817376453748,-0.000404815616977916,-0.016823301418159464,-0.011725097112201932,-0.00800385576803786,-0.029865969543245607,-0.019059929772145767,-0.0017969806307891467,-0.01293496121526272,0.006968678010514484,-0.00647453685275956,-0.007462430987482338,-0.0009413234469173304,0.005355925474509471,-0.008855914629188777,-0.014382034072955463,-0.009073226208942797,0.0012274980630966326,0.011016945039409087
2026-03-30,0.004955142605590046,0.005430058483062661,0.00758308343724412,0.01039686630315928,0.01386948944101496,-0.0013681042911575236,-0.002411131048233983,0.0010903345049240176,0.012520361895454135,-0.005273000415041529,0.015456347293945738,0.006369244044431177,-0.0071211057625021335,0.004500538958309042,0.009538084790362555,0.007579588322448316,-0.0009309358292787229,-0.0033082121030472145,0.007940791458785235,0.0165808945918533,0.011987286384469442,0.002382269831052053,-0.0035404913823747775,-0.0024008018687662336,0.017602694590047152
2026-03-31,0.013031267132254554,0.018652587667441933,0.015258270926365114,0.017425321727913,0.020456818543971522,0.028713344261127816,-0.007250875956848257,0.01679365283732781,0.008249273582917604,0.022217033088762106,0.016752811872653428,0.021322080019188228,0.04651637945967968,0.00672034375152708,0.00328622506184173,0.004944210121790915,0.026401570275004005,0.021687498896351798,0.010281838921216258,0.013425215089043707,0.022923012176367275,0.0035650277689049936,0.00838461924967926,0.012340035484103895,0.006177854204143962
2026-04-01,-0.009039317805025537,-0.06742779500487672,-0.016955677510335887,-0.0071607941283515775,-0.0059032489132413435,0.0013317398596541796,-0.0030431753215817148,0.016057315048677134,0.0044628468319289905,0.01037148113822206,0.009326250829580163,-0.0031315306979108337,-0.01165070930293155,-0.0008900064089144566,0.00352111594829263,0.01144158898675629,0.008700332587957105,0.019787371604382598,0.005947607713995273,-0.0031956519806297656,0.008363196019449015,0.013617585385799158,0.002812516128426923,0.005816560722454733,-0.009414632839967907
2026-04-02,0.015846018281026053,-0.0013860082533778684,0.014896034370686317,0.015688902700348395,0.048867923627456955,0.00687176025492775,0.008547032032150792,0.004407755228500898,0.017525034882063473,0.010340342540582359,0.00688292158157866,0.002094210762399795,0.023278954973683375,0.006681515637958713,0.01901256303654808,0.0053328960802436765,0.0033000747554310372,0.014878377899224748,0.011430857709975095,0.18932144326356215,0.0030837023759677784,0.011682205019891034,0.01536388205739847,0.01744947293138388,0.009504110551278755
2026-04-06,0.013872132185789754,-0.004163795815499194,0.0023175742256562604,-0.003001490803731577,0.02111349556523101,0.0016511993366459254,0.00907984750518609,0.015704197164597256,0.0014959727544632262,0.0014940745184357507,-9.366182026226966e-05,0.004702204574871249,0.010261307445181167,-0.006194812197660049,-0.0004804510835110243,-0.006108265265822754,-0.010615168488655735,0.00192617959548258,-0.004546739667414812,0.04107046392057545,0.008268335980442743,0.004041456353181205,-0.0038429389142377035,-0.007018184309620201,-0.009414632839967907
2026-04-07,-0.011695268497413536,0.02508714323521799,-0.003853593456214721,0.013437123123938743,-0.019175242565882322,0.0023626965885861217,0.012597427477894385,-0.008650887891953452,0.002381827861482444,-0.008279938623313887,0.0028095409304438324,-0.007280238298296604,0.0035454689388347838,0.00845952077222667,-0.004165910906837933,0.006469219150780026,0.006573421359851173,-0.0058742339344307615,0.009134812861059105,-0.030882191358181932,0.0017873604185605352,-0.002012538423171395,0.008318260400878463,0.003334738042840568,-0.007437964682262765
2026-04-08,0.012063448936618926,0.016088864281822657,0.01624760017525384,0.032386618477992846,0.007184012660718997,0.017596819642071715,-0.011848076682969833,0.010294893785056214,0.014498544373770184,0.035953446254532784,0.002895005777068249,0.0324776326394518,0.021388284943500313,0.000883105803517692,0.01440052623580379,0.008998942852062042,0.031451702035511175,0.038533222838903036,0.006853727816237498,0.06242108136132929,0.01820849778441036,0.008931075838976232,0.00490199856427509,0.015477705768058625,0.036636022954738
2026-04-09,0.021285050905101244,-0.01895625287173841,-0.001142024986024559,-0.00021053251554770114,0.01227790360023917,0.013575317376085083,0.0005993836519957441,0.013668590414841919,-0.007423596930708154,0.010745669982164197,0.0,0.010147189359071218,0.01607927462337977,0.01764438071894303,-0.003727417478998074,0.006529732030370994,0.004439279384681916,0.011275742263407329,0.006293313888130259,-0.0011430673045718098,0.02540716444865998,-0.0045687367821145575,0.010707922820198057,0.008011760382212518,-0.003212820531612759
2026-04-10,-0.003556900551360709,-0.031370831190763004,0.009908523260407476,-0.008704235818650652,-0.003234390080264604,0.0038267015976090057,0.0029958265255694005,-0.0012892156593311555,0.0001600117715470084,-0.002442403032954177,0.015457696611908878,0.011551942510649171,0.006256343431443767,0.004334634749894262,0.006129591588798888,0.00870256214250098,-0.006013627459102944,0.005899120089230436,0.0006382329763665595,0.024214924087312184,0.008041468742893576,0.007171492274510305,0.00011770839195790472,0.006057944559238138,-0.007252243813746118
2026-04-13,0.00920293978266895,0.0267542338822504,0.010754747419851274,0.033423036254804694,0.009155215305389763,0.015778148039619744,-0.014337039489311754,0.025819212807940417,-0.004478751017072513,0.00633693894926024,-0.0005502537818737885,0.006454896018274647,0.02294956673348092,0.0012948454004104715,-0.003956048928120404,-0.006745197069937481,-0.0002916166868378589,0.004169525772041993,-0.0008928383733661782,-0.015687169856549388,0.0006979250760561495,-0.010253500808842353,-0.00647356091103346,-0.002986672431433579,0.007305223072582301
2026-04-14,-0.0152944673583576,0.03748572470445888,0.027254078350294142,0.007742941372542278,-0.009301902190026468,0.020536824905555084,0.022424351894756223,0.0005015129362346826,0.009921659103573788,0.012021341399142127,0.011193758595604786,0.03157369088372164,0.019217070464399688,0.01724138221026683,0.0035745356240661774,0.0077385369685400995,0.008822549184187567,0.02622952149212665,0.015830408704129217,-0.009807467832701366,0.011210283867027382,0.010647397941627057,0.011017547107046166,0.01942318547905031,-0.0016115488992807236
2026-04-15,0.003287841570256189,0.04890952474855692,0.01635469843732751,0.0027877091378427643,-0.0074185239966231276,-0.000510736088384478,0.01956141669589817,-0.004151844479291844,0.0011535033101688352,-0.002616082884032034,-0.0005443922843851867,-0.010521178318174229,-0.00420939502046902,-0.005084763137918502,-0.00496745520089148,0.002350642565982941,0.01019081280563272,-0.013717117444807525,-0.000628350513119047,-0.017791691464863035,-0.0066516193161150206,0.005045571131329085,-0.0055072820595457594,0.0016113841427038977,-0.02300252146820525
2026-04-16,0.009096533177736843,0.007141310754493757,0.004291082890173659,0.0021698354589727575,0.014480940466573777,0.017170051113051255,-0.0011628668986711777,0.017018427342983644,-0.014739207738305726,0.004111725832457225,-0.0009986427518081653,-0.005800011084469925,0.03681199856800399,0.011499166932362526,-0.008776916102876231,0.01063164199567157,0.017171056060689027,0.006370295036160378,0.001634816002330508,0.03529417367808674,-0.0012895820485847587,-0.017498634917299638,0.007540889775623283,0.01504753360776312,0.006195877786641546
2026-04-17,0.021052596170606952,0.014181428694976406,0.033469814940000564,0.025101430165592964,0.02118100989498517,0.022958987207048365,0.017098246173967047,0.016546840261487894,0.028104831316265733,0.026263829451726783,0.022628091690440222,0.026738090451642105,0.0028879069183251893,0.018526269543227558,0.039317642714445045,0.0069616203321478665,0.02060914027160088,0.024789588758576953,0.01607027362937541,0.0062229167552452225,0.024236265020767256,0.03007298686927551,-0.00479479752756562,-0.018600467730640946,0.03325123829930576
2026-04-20,-0.003838524660373266,0.007197199384881836,0.014814820225761416,0.007194321405842974,-0.012963571853229383,0.001424254587921503,-0.015544204503496473,0.014100387403142234,0.014001655450216699,0.0109383235430911,-0.0017772746553066376,0.00804919651505931,0.020835054694726685,-0.005374106533616585,0.011958734478815014,-0.0026116928214229285,-0.0004824825469486038,0.009540145389201893,0.0023477401846883073,-0.012234479175686208,0.006449227726470053,0.014455838815986555,-0.005287811872282,-0.005082717257454128,0.010727058133520373
2026-04-21,-0.037983071053866335,-0.023887222421062115,-0.0069597495780582275,-0.01802096913505069,-0.030150765728905515,-0.012946878768614889,-0.03684219447355708,-0.008723130162080373,-0.02080916747016115,-0.022524698433491586,-0.010682839547241807,-0.007984924290288853,-0.022400977691879098,-0.015378159233391031,-0.028809821462847274,-0.014171269056270641,-0.02144379925777329,-0.012301090987738017,-0.013683374862836772,-0.03316544678929256,-0.013490149380739003,-0.022632113634535767,-0.030005973363097738,-0.014609602839372182,-0.021619583037271295
2026-04-22,0.008869278887608134,-0.024262744369250244,-0.0035897639668908132,0.02449114460769586,0.012835647253970794,-0.0020370801708424757,-0.008500351199031364,0.007255676487251561,-0.0038315960804305993,-0.01636035410690495,-0.00899846113233227,-0.012784117282451435,-0.005092069458255133,-0.005065527948238779,-0.00914581824957994,-0.01031248753329661,-0.003523123012679541,-0.011416268179658573,-0.01262351349212909,-0.005818795110041908,-0.015041985292297944,-0.01343634542478811,-0.02447939428310375,-0.03241444428062301,-0.004821128037882039
2026-04-23,0.015313927921073667,-0.005787768457448994,-0.022130700596757036,-0.02742318002021049,0.01755602002284573,-0.00428161441671604,0.004899020684264288,0.011802800672905844,0.011380298719260162,0.009696422785387293,0.012439856257696835,0.010551454154214657,-0.009468631435701758,0.01145525892207866,0.011317100897911159,0.011682942224942483,0.0065053702615092135,0.019717195177122004,0.022025285926291716,0.03653352016465794,0.00981760002968679,0.011591010226949194,0.03533085878530495,0.042764183168823466,0.009285326151489803
2026-04-24,-0.004468932605618647,0.021992262827222886,0.012806958135928692,-0.006831453279346977,-0.01348263258143989,0.0,0.001218725050720959,-0.005855050315215382,0.0012153790778086648,-0.0039955475280833985,-0.00412554797775222,-0.008068298649054895,-0.0007750352903680424,-0.0062918658074657685,-0.0026983864379223066,-0.011704056229301818,-0.0016859624460341394,-0.008139760500380233,-0.006811887217261892,-0.0005920226374929172,-0.012275354527697346,-0.004010286783557082,0.008320358894943425,0.0024490698420340795,0.0012000952683366428
2026-04-27,-0.0163290902898674,-0.03881859223510742,0.005196644200382572,-0.01395908125395584,-0.033588006677856,-0.018299992289016243,-0.013998514825578456,-0.017055057436239585,0.005717186352245163,-0.01794635838807901,0.001170723088451231,-0.0009569714407655638,-0.028268558488687368,0.00802021335569525,-0.0021486919388706838,-0.009158451126409006,-0.014637612736485006,-0.009114736579816762,-0.0029929934909787015,-0.02036726160829183,0.0006461946637201788,-0.006615005758522252,0.012915435795925356,0.005988079940407065,-0.0003995264010474564
2026-04-28,0.017683915045150433,-0.11303775718084064,0.019472680313993074,0.004855638415748986,0.032717999589658264,-0.008964009477304802,-0.009259463280864244,-0.012341176023517253,0.04302458257311259,0.010606286040093726,0.010974183545581662,0.002873664336997539,-0.0011529485792972638,-0.003350149716658035,0.03979586648968225,0.012748992797639636,0.01078413809878831,-0.027301318553765164,0.004502871260747998,0.012046550500103281,0.007253202202134101,0.04834977837825871,0.033884378314657404,0.020142851152208374,-0.007993644129937527
2026-04-29,-0.001177093003385754,0.01583764631261797,-0.026369197567145286,-0.03008234117794162,-0.0034813958904355014,-0.00010278241956451772,-0.003738364538083294,0.011770640274048949,-0.01104967930944556,-0.0034746619951365743,-0.015837680830570466,0.005730576371650642,0.01687084082055268,-0.0067226579379067175,-0.005138757461563226,-0.004091198770309501,-0.019147789678163996,-0.010264571632452757,-0.011580185040150459,-0.007445236932262289,-0.013119613007444575,-0.0013808935530705835,-0.002283821298103672,-0.009989319473710068,-0.022965295341776604
2026-04-30,0.025366198107256377,-0.013154754423400972,0.014930561388331931,0.0015437599409391378,0.03388842383414503,0.03279190957627964,0.011257116218140295,-0.00572970397378314,-0.006454793378162682,0.019924583223801084,0.002621830029424732,0.0033238124999235286,0.10015715930036939,0.0,-0.004086151969986407,0.019375004234263526,0.023051417623876302,0.02842676766327923,-0.019274305137156333,0.02421634682137186,0.018091946596048958,0.004977920957570214,0.005608306382117512,0.024753656538196722,0.01113402273141939
2026-05-01,-0.006020472540657407,0.021723044750431963,0.01556617826555029,-0.00644572406981303,0.00540663288633203,-0.0011944272192113692,0.01546083248952268,0.002031893326169598,0.0005319684000477665,-0.00913978471480259,0.039855667154071295,0.0,0.009524603870091575,-0.0109983598321719,-0.004799472054489384,-0.006693603728653907,-0.004295178975710856,-0.002975824645400693,0.010276224543771528,-0.011844460873441931,-0.006234408525282342,0.0013759536682951268,0.001820956512260441,-0.001978397718471414,-0.02161500634834268
2026-05-04,-0.0040196090489339475,-0.006040089792260339,-0.013306296224511849,-0.012410933905479649,0.010306936496058405,-0.010911789942093075,-0.007917301810080213,-0.001686743703111282,0.005012317148332279,-0.018940942858076903,-0.007370773595042013,-0.012777974918124269,0.008098094401892686,0.0008555323619385824,0.0038892391094431655,-0.005641716341592162,-0.018739937554554498,-0.020527276036690356,0.0012714010361565276,-0.0030652198248286577,-0.00459396297487813,-0.0008243744480672666,-0.00261295425472996,0.0010603120966483637,-0.019174692639492452
2026-05-05,-0.015258728745009664,0.064657307963365,-0.0008535729242535872,0.01799360383826354,-0.011976048416700968,-0.009168262868570198,0.013505327150357571,-0.004375897255229688,0.0076321395290783745,0.003301373156905818,0.007163438943076139,0.02157233814432824,0.02714083503690068,0.005982856953229643,0.008523165406122635,0.001891282745180023,0.010882174188555416,0.011714545677332211,0.0017777403978742612,-0.002432207767814387,0.00397001516233364,0.015951478418364307,-0.011504740552418458,-0.013079091162732648,0.007224842382001606
2026-05-06,0.011453012164684973,0.04634704038420234,0.0223817147861185,0.01816648807487753,0.012794560410374078,0.015201523229269709,0.1811022221153955,0.008808775218850817,0.0021372792691183307,0.029043679889357854,0.012837209588112186,0.01736274716996289,0.0027335137322523906,0.011044998963547048,0.0010755957638366453,0.006921551616922539,0.01874946995002902,0.03400044260699442,0.0024084499094940703,0.004876275651145345,0.015817265864027208,0.002707209404135158,-0.0018437073152441918,0.010125973693380752,0.014346036908532644
2026-05-07,-0.0021647962472532978,-0.005454926923863734,-0.006350327881673223,0.010608936671822278,0.009197785401543479,-0.024539224611919375,0.008205131172265956,-0.019485915698005396,0.0004115918929874507,-0.0040319778887799584,-0.009420270885210691,-0.00046122515981872336,-0.03975469280993438,-0.011344475023013167,0.0004604574058537647,-0.03468220009340328,-0.004268729131072901,0.001132735507903826,-0.01542745268907697,0.0008239351607466361,-0.019999048607290848,-0.0029697657243611397,-0.0008081617067610125,-0.01626096838660951,-0.014143138915646336
2026-05-08,-0.018023036657469627,0.01491872783310022,-0.0005045252321613791,-0.0025221208240245874,-0.00549035913581486,0.0027210163339841387,-0.0010172572583349027,0.004987095784222184,-0.014287405311208423,0.0002094022808376561,8.647139397810477e-05,0.02768801564484069,0.01600817669769583,-0.0021249472639613964,-0.00805459195810121,0.0021039021373319144,0.012650241533578965,0.005528122498526633,-0.003467732275400315,-0.002058354232914672,0.0035750350930814356,-0.0005416508706842516,0.008203331322673701,0.007889232331663942,-0.007173018454266322
2026-05-11,0.00532493053907257,-0.005620351027572523,-0.008244997930804576,-0.0015034594269814905,0.0011041168748107122,0.004761676311397567,0.006109956838673769,0.013189238484624166,0.019806497879836016,0.008932339765176156,-0.00224759591703938,-0.022002623247407427,0.008693023670387046,-0.0004259443129744911,0.0031706477422532853,0.007105930032878183,-0.00013866606023371641,0.001639574944379607,0.0016754809737125065,-0.004171038287641871,-0.00554120087894594,0.006502291784539205,0.004927822652206926,0.0009784170395221725,-0.0046749513990200775
2026-05-12,0.007606914925843977,0.010869535081081239,0.0011876116369982093,-0.014030545775061576,0.009154079930904446,-0.004942936166232426,0.0010122076256189327,-0.0051462635716233995,-0.00048350653925122167,0.0014524278664300727,0.0011263628480115973,-0.0009183058761482732,-0.028855066510229954,0.0034085908993457537,-0.003854400805327951,0.0027261184554485673,-0.0021518623140963644,-0.000866641766122167,-0.0014153356668253902,-0.016800065567061928,0.02318409689915546,0.0059219452730574496,0.00957916822550553,0.012381287780117711,0.0012810581371107688
2026-05-13,-0.027681565812300968,0.01655918080522345,-0.010337172193700561,-0.023670718588777007,-0.020546352873057838,-0.010037399539475245,-0.011627928704145307,-0.0031000122960234133,0.012283981418683032,-0.016437614821104174,-0.012289090391141344,-0.009191226327497692,-0.000713074230625721,-0.019957558684885912,0.0009286116366122865,-0.016152222760170365,-0.012242598280656436,-0.02435093913205244,-0.012111855974348718,-0.02785458641320626,-0.024798224816586778,0.0050844292298581895,0.020558008792123994,0.015593310928269766,-0.014925342242960604
2026-05-14,-0.01938220618725861,-0.02327060664937075,0.009589007639231317,-0.0583007273663817,-0.025775579820283667,-0.00243133493144454,0.0005114406995951892,0.0022279471901458514,-0.01253953807684216,-0.001544854112937144,-0.0027161765517457193,-0.0009275845626339763,0.012924222119235829,0.004332841339643068,-0.016313556148901398,0.007152132270914935,0.004647876439351384,-0.002206176320069919,0.003260687992007405,-0.03106033105027506,0.0111687578902393,-0.005857403578247711,-0.004316511565567005,-0.010856729259505316,0.01082241604647649
2026-05-15,0.0007624521886280267,-0.025990865219294057,-0.0078018539496497175,-0.018875047622514685,-0.007444638605772602,-0.022453816067823373,-0.010224878100155488,-0.01874646948930947,-0.005474204843284647,-0.037203725970143764,-0.005798588368619573,-0.007428117857998906,-0.020978491165881463,-0.007765383700841899,-0.011946915296764837,-0.01355709707661279,-0.014930618401206686,-0.03484801682568306,-0.011180427328674192,-0.007902227383833171,-0.01370814144433996,-0.011248023403397811,-0.027901375943307993,-0.01841561336433417,-0.02869371117253927
2026-05-18,0.03897316107705251,0.03802532328743813,0.02427347575225669,0.0037707233910841964,0.03761816994169598,-5.304600163924533e-05,0.012046881706946566,0.003001693164365049,0.019396310975022812,0.017311958219647927,0.01564152304408495,0.022918727526992644,-0.008875030248386873,0.02043480477489057,0.02020526535415179,0.009653134628622606,0.012666384788001528,0.012582450032899928,0.016697355371147582,0.018635417490991957,0.001999755389708646,0.014626246030460477,0.007890307577552491,-0.005286856652791605,0.008377375752613103
2026-05-19,0.032265394386536306,-0.017994865209684408,-0.020861144654468422,-0.017556029607946,0.02691284355750878,-0.011777163030826321,-0.009748554024055944,-0.013353750265777009,0.0014325965473156455,0.007467478744643152,-0.0007831194053089519,-0.0036580167708228917,-0.003549589715986956,-0.00511292791415896,0.0017154111998189947,0.006157743366686397,0.0009134670838648606,0.004457237519506219,0.00012927052087352564,0.020507445266615854,0.0021953874613813706,-0.0016016544273608213,0.002382587166644523,0.02535161570255484,0.0008745208577298769
2026-05-20,0.005573799112081224,0.043630065860155165,0.020964724790022204,0.023175976294639522,0.003248858390046294,0.023459267975516118,0.018652861273423582,0.020886152516386813,0.008803149913956032,0.013826504912580084,0.010623476526055331,0.023405190505335405,0.018539525650281385,0.01970018564806275,0.013933116810091795,0.0024159175007429923,0.01572593201798167,0.018153033098703864,0.005172044491591921,0.0011085245703330582,0.016130713716334677,0.01149734854023543,0.0028296382654440233,0.002798192412807321,0.01529048849379766
2026-05-21,-0.0013042964349956332,0.00020899073792146616,0.003839742493214615,-0.0006101421143525076,-0.006476674980243624,0.018987671698081243,-0.0010173110194192647,0.012543932554237136,-0.00447225148847441,0.011669648958482215,0.021971465589470496,0.004932775689212576,0.012081735019135786,0.010079833989616427,-0.0019191815536744317,-0.00016070209541940716,-0.0003455701423997759,0.006999726840920317,0.007717999531612119,0.0015884750624519661,0.003919559647694859,-0.008459015254326685,-0.00677198693569947,-0.011893411758639227,0.012048285366270672
2026-05-22,0.000380962024246978,0.010867266838250345,0.002660882924613306,0.00022904486892327824,-0.006301615996150534,-0.011530316934277307,0.004582462953391486,0.0012704144917785598,0.01059172712753198,-0.0042387678065869405,0.009611316027243078,-0.0013387792991085279,-0.006832620347728913,0.002494851777264495,0.00869162790885425,-0.003374537977382852,0.008780919719248548,0.000852460334235916,0.006382456017206994,-0.0060438518378969075,-0.0023913458027871037,0.013329841684245336,0.002045404223936398,0.0007407543967004049,0.005952302340508142
2026-05-26,0.005983057374409073,0.0020674873708370622,0.005307706772842646,-0.009994756574189578,-0.008965638764735329,0.008540317398052055,0.015205330015526153,-0.0020004370951076655,0.0019876380131096383,0.004815136496859607,0.003423826923902862,0.032618540451239575,0.01534075616360342,0.01783491054747466,-0.004575315565183091,0.0069332628083218495,0.007128240058840385,-0.002555303698106859,0.0019026033537474785,-0.01867985059706989,0.012377072138426204,0.0005261595529302276,0.002154712893797095,0.009066975436593738,0.006762402962873448
2026-05-27,0.00016224849089341298,0.030121713016197038,0.001814889304790901,0.003005544128840798,0.0025375244766498994,-0.010120243874408685,-0.007988054869465633,-0.006876307838694973,-0.0015148661649834194,0.0030555903409323903,0.0074899541416209026,0.016010304238115003,-0.010825489003680189,-0.0048899129564645705,0.00030648608267025423,-0.004163334107935013,-0.0028582267843860754,0.007619895268043297,-0.0005064104207838094,-0.007584392676612817,-0.0008214795930169272,0.0,-0.003621068683331008,-0.018108562904251335,0.02896735336120404
2026-05-28,0.009190119137527653,0.0026036191986515966,-0.0014822309102060505,-0.02865920785601983,0.002420935665898405,-0.0014606559539076525,-0.018117776797014318,-0.0007287792746588639,-0.0014087320255157243,0.009554928181580769,-0.00033042197334742784,-0.008517849773052144,-0.0014172260001005244,-0.010237591606095275,0.0018379984458161136,-0.008039879670481254,-0.0060060964128634264,0.008018479640358622,-0.005446523951233906,0.02207789825751405,0.0,-0.003944222463403424,-0.0256673377964729,-0.018162275962530727,0.0020399342031318657
2026-05-29,0.001500010727329526,-0.007590928437134936,-0.010226024945463208,-0.010915972736953883,0.0045010708684796175,-0.0074700316085165586,-0.01845218678239613,-0.001309066403064274,-0.013746244476204539,-0.010287407834941087,-0.011485688381303816,-0.01288662534518814,0.011196064679382944,-0.003723657458385987,-0.013377115486835511,-0.0022631557290977433,-0.014899708628951958,-0.017978963438501583,-0.014900629936319798,-0.007135106675573821,-0.008995520111239386,-0.025871109718264007,-0.015969227818693144,-0.0235864001443874,-0.002035781343139864
2026-06-01,0.003048754865178971,-0.021135254238237478,-0.014664154013252051,-0.0031989885072788438,-0.0051365882182644595,-0.026315812876145928,-0.007832727213202384,-0.016169798560528137,0.015734989460998827,-0.027648724861224605,-0.007272374791323477,0.008703267670360226,-0.014580879378441547,-0.01827238137216458,-0.007282896750985368,-0.028231060421900156,-0.031016951585599584,-0.025980552593729556,-0.015643164632128337,0.004380754386369645,-0.010785183845987367,-0.008130222705238332,-0.03210142295943019,-0.038815599013538704,-0.03263981854296549
2026-06-02,-0.01066498764555901,0.08451579319634894,0.035176680728177034,0.02583441300121314,-0.01219379943619825,0.012216184198104552,0.02368419873396932,0.0200139512504649,0.0023110560485566367,0.014039213194635414,0.004715366663392562,0.020276085858823123,0.016458391050350185,0.0029610175197456456,0.006477817608219416,0.0060452886935042915,0.009998598146546245,0.01129154188655046,-0.0014447056438802175,-0.038421904026446185,0.004094702839246844,0.006557471034450035,-0.019336694864761084,-0.010184360904986423,0.028679892853768152
2026-06-03,-0.017732920500099336,-0.027872609407545212,-0.0050645009694322285,-0.014312543581409432,-0.014457275766432298,-0.02007901081692387,-0.019537402632339274,0.004851556337388985,0.0007926076525570647,0.0052708961824350364,0.0008380686978857188,0.008456621732611858,-0.003970178395517832,0.0025307101853802028,0.027760410834809957,-0.003171377313532231,0.010042025669449117,0.009460359293694376,0.003682679373105735,0.001885721163058296,9.820979327823665e-05,0.02090111382198301,-0.013602843997686187,0.021704584567883378,0.003280001241731334
2026-06-04,0.06403638167009884,0.03608346932586626,0.018883399428406777,0.0390383100579188,0.05833896479617917,0.028337867269323747,0.02779240625009516,0.011281396241903385,0.024550934305786365,0.019784696708768923,0.011639574372329431,0.02515728701877018,0.01797573889413462,0.01009671286573477,0.03266937829389227,0.0005023130470815929,0.013890774889033564,0.015531405021564026,0.004848758381174267,0.05733035305846679,0.013117226619440814,0.03429945806713208,0.0007591554005377255,0.006312956421224092,0.00939940236325465
2026-06-05,0.0010829424958487266,-0.03463858007562459,0.004512536414494672,-0.00015276267985586678,0.007463472051769227,-0.010121910637721498,0.009693941521021987,-0.0075289237882280036,0.0028810712730344967,-0.0038389950535597794,0.0144855413550109,0.006952925877847571,-0.04291739388337079,0.020210492648229383,0.004895204814931997,0.018242730093493975,0.005215956950344491,0.009847987363785116,0.013562816876511619,0.0008178397278066907,0.019833187348005543,0.007712019278171223,0.03691524059893525,0.030271244639644257,-0.00040847974716229363
2026-06-08,-0.0258602150622963,-0.019890819205654497,0.035295960690965744,0.005957489358587642,-0.028574413576840874,-0.024840730861367843,-0.001010530539777843,-0.016846188689658703,-0.01201689721793886,-0.0021333042905880006,-0.0037532524711744175,-0.007311144846386175,-0.009305365885640793,0.00041267101533715156,-0.002835593698152006,-0.013642423821686345,-0.012176531636524546,0.004520799976606815,-0.0020587421279818496,-0.038073215574678576,-0.014122069464485132,-0.015050904964067358,-0.029261061362337526,-0.03348955664471143,-0.01674830164336194
2026-06-09,0.009148577443251815,0.053521762499894265,0.032233086081322915,0.03333079618760837,0.008497662652958926,0.01526219823081143,0.03692456253647114,-0.0027288152689932677,0.009858180975756525,0.022275730014361006,0.01916469592373571,0.0012274985608413669,0.021376492351970144,0.03919147616205643,0.01283275273598039,0.02066331340401839,0.033197887405207904,0.037868056180577314,0.025657684580495665,0.023388234199297697,0.033156222112916245,0.019683851213467607,0.0357949314441075,0.033850070129932686,0.024096351819611783
2026-06-10,0.008751222152046711,-0.012086860969969138,-0.016964356505549727,-0.014989040804085474,0.00875007274842976,-0.022440918917060126,-0.001463533474800327,-0.020295519390176153,-0.0004915675675675191,0.009242549066312167,-0.006589573393557924,-0.02125044878101523,-0.022038950490324893,0.007542624932770137,0.006263075158346343,0.014040742328732314,-0.011862732738708526,0.0031282850642251336,0.0069137863983301795,0.012452409328728153,0.004389124067615047,-0.0012699597702905407,0.022796218660794176,0.022198582568958125,-0.019878251478517184
2026-06-11,-0.016571420523392555,0.008793699011447664,0.011453876241902083,-0.016037549870494883,-0.014349915595781915,0.011395065854066244,0.0014656785444133735,0.0046710491344330585,-0.014228615947752932,0.004411611714243202,0.008898277293266865,0.016283876264271635,0.01467247939178229,0.014578422936386115,-0.012018847195552684,-0.0032200592845291753,0.00974131171259085,0.0025936547897971174,0.007365899242074869,-0.01774948373323393,0.009585512616544278,-0.0053407111376351235,-0.005453464954514153,-0.0032645885622005766,0.007036376815681811
2026-06-12,-0.001813201732790426,0.007580028665235661,0.0007549214241462376,0.011371389268112653,0.0013038462373831106,0.007438143517071172,0.009268258748187597,0.012145428627294175,0.011262024623259759,0.002262893534985766,0.008980066433081468,0.02259648881847598,0.016537466558510072,0.006213582220388814,0.006009989787566505,0.013083506644928855,0.010530620078504693,0.003788026822576507,0.004315926301590167,0.005597830306050877,0.01945449657916365,0.007414929261417624,0.008463443875838195,0.01689841430596206,0.021372802532219515
2026-06-15,-0.007586271100057829,-0.014857967581572096,-0.004526228008779554,0.005621767329379246,-0.025873625774029962,0.010492940287331942,-0.0076744136239406124,0.008078861659513326,-0.008317108885933844,-0.01563979673795013,-0.008979625602448138,-0.003214096255634402,-0.0007595828971054264,-0.021613242114433606,-0.011516538476750937,-0.009247449333226743,-0.0016135218816920593,-0.006069212362236676,-0.012705489020628291,-0.04380089782128738,-0.015430943957591925,-0.012690317205258594,-0.013475178655967257,-0.006581623260211722,-0.008048300024934507
2026-06-16,-0.006944408507103761,-0.01183663736055196,-0.0037890260569449774,0.009764441881598751,-0.006874021016858856,0.03001624248221968,-0.01664213874088094,0.028467364997003308,-0.0029497075949171947,-0.00170473924585679,-0.010664807647449592,0.003627577346847488,0.015283559971705829,-0.009861954862397937,-0.006480686690455095,0.0004827508152600579,-0.008885659274767144,-0.0025235140222742425,-0.004542021204248736,-0.0004596978955502262,-0.001993863155095199,-0.007454958555133007,0.0051521901980484675,0.003195125009014088,0.005679567355840964
2026-06-17,-0.018322788856973027,-0.04926582747653163,-0.040620748756135416,-0.03454645229496822,-0.026778630249645552,-0.01769490769854598,-0.034345571536134156,-0.005627242653340803,-0.021956058255254707,-0.01693986223314059,-0.023504547005380738,-0.011244977555937563,-0.021605211195744656,-0.024302788048151003,-0.024406316633542202,-0.025735861520662873,-0.03545026586968414,-0.023706238989123496,-0.01939161913444376,-0.021253713263379548,-0.024950044878279787,-0.024864079233480774,-0.020741424724390778,-0.03255267798687944,-0.018555923270451635
2026-06-18,-0.027831428505464384,0.0369843801441041,0.02600690341864964,0.0058109167722204536,-0.043371735302607295,0.005719435829362185,0.008247495737647492,0.003371474493033766,-0.0025145730684198453,0.009797135075378494,-0.0007470444005382992,0.01584081383383662,0.019052928436961825,-0.004491661382776346,-0.004582743627846941,-0.005448222144147641,-0.0028381520387708026,0.01772349089163794,-0.006333274858074223,-0.024534139746807737,0.007004677991686137,-0.002390357482871308,-0.0066951801820948065,0.00048407362190294734,-0.0004110078260004535
2026-06-22,0.002158418730113354,-0.005878923930851876,0.003245887378825918,-0.012162721903443141,0.013040824558522512,0.039277170498948966,0.02147232288486145,0.021745211755670235,0.009389418940562333,0.005160668757658637,0.011047433289760988,0.004798011712688455,0.031526235794184565,0.012715439053040622,-0.002792360558169227,0.005644081594845307,0.023409767340913268,0.006601301822420913,0.006243540245603363,0.0038529785662806404,0.01533148697514708,0.004792272283165699,0.017647096441577137,0.023227700991989453,-0.0028782377602474263
2026-06-23,0.016720582267734763,0.0171495869139886,-0.008781532063623532,0.02508664749660161,0.01455725510695327,-0.0027615490675743093,0.029029033080631317,-8.792844646832165e-06,0.010930910933017124,0.011500497362562978,0.016102506345506695,-0.012335854188688766,0.00910053801522559,0.02025107977749019,0.0133201871692894,0.015681640287250387,0.009872753604030837,0.0033414756109544363,0.016933784232913585,0.010661475367743645,0.010113254535485838,0.014308349660091091,0.02805882242587665,0.029415948895618937,0.007835069123904637
2026-06-24,-0.027427795936116217,-0.006976629400005208,-0.0031084497936018085,0.005480036714562209,-0.025969434292123728,-0.010153824243790077,0.012645967781963918,-0.018755742190209146,0.008413909079826087,-0.012858648938271822,0.007600333321193364,-0.009669562569649348,-0.01856306377591388,0.009130554036018479,0.003958410862203943,0.007476150231669365,-0.03015493895223753,-0.01048895087789925,0.015253649492398491,-0.021783761434716276,0.024960730241396556,0.0028735666802399695,0.014056413889430575,0.017273881965617965,0.03518813270326415
2026-06-25,-0.03290155492529745,0.04000773855743778,0.02385405067015922,0.004778254277906457,-0.03177502592823833,-0.003004879381496517,0.019692585764672588,-0.006748859125700668,0.013918054797524393,0.00911834516309673,-0.0005617045171028012,0.01627332010069904,0.0035990599118100874,0.003933979956867173,0.027228150258298722,0.00080657311897947,-0.0024135468848975883,0.00887008268600753,0.004757696761619634,-0.024317982580768227,0.01503490053851575,0.018494376297310655,0.009934198984844045,0.010387035815027312,0.01818187213139555
2026-06-26,0.04071832069394565,0.03621699738750195,0.026343845723879822,0.020954020114888783,0.03885331340014475,0.0029099851979281777,0.01507296136093439,0.0033927905259441005,0.03421222856378958,0.013723787206709748,0.004255304680049976,0.0032025955016832253,0.010529565912707595,0.014498370667939131,0.019119367745698668,0.017408100539138216,-0.003984896914951408,0.01138001036726144,0.019439221913940763,0.015529124516673098,0.006208695360748306,0.022506421412749056,0.01852909203499209,0.0160908032777749,-0.01746900313026778
2026-06-29,-0.03940997957326142,0.00670039868827943,-0.004896105044456922,-0.009534189350697386,-0.048293456312298755,-0.012538850616297004,0.014849319533510874,-0.005617135849651622,0.0019977064528606814,-0.006366947016181346,0.002718227879909607,-0.005586551560575415,-0.01864996356969939,-0.0023174933888933102,-0.0004975497648485039,-0.0012673891801255888,-0.007715952144286664,0.000184955010587462,-0.006233889769654,-0.023182379618970184,0.00295298371124586,0.0037519415999793804,0.002807395211735342,0.0017595693596152984,-0.02726191880448836
2026-06-30,-0.03023650263882882,-0.0368142973771749,-0.0009041010321695353,-0.010287265296182402,-0.0368815210197444,-0.05771854283930211,-0.02149068753894756,-0.039422368439047784,-0.005965773579625355,-0.0199648695855148,-0.01578696659736034,-0.012083371480306027,-0.028160372607016426,-0.01858301312120081,-0.01215773682142729,-0.012888581443838643,-0.024623789934296814,-0.018924377923954516,-0.01918825497454335,-0.016935905833953213,-0.017182306422959925,-0.005233103167451958,0.00022532409029052403,-0.0033372826529096677,-0.02761979371900003
2026-07-01,0.015345077914319383,0.0030274333402384723,0.02186705822686008,0.026802290778203952,0.01056378432459204,-0.018153438431874336,0.011214916944436215,-0.027600082930798853,0.012311795270680603,0.01369573429166504,-0.015534248503064285,-0.01518341277535884,-0.03491406949532316,-0.010650908206119691,0.007197359242612,-0.002259460033452565,0.009817685237101914,0.01485976256670174,-0.00464001915098633,0.02431145775496435,-0.002906324244582259,0.017535153194203845,0.00957205455979171,0.014186878203877207,-0.015873051608524036
2026-07-02,-0.0003010781021587361,-0.00811161109401215,0.023022395357328973,0.023716548856975495,0.0009146700109861072,-0.017127972703107508,0.01155277668285759,-0.011444093320152615,0.010671434293123783,0.013918142068045203,0.010630335855555284,0.0,-0.038884313408012905,0.009569362526522296,0.016078281580160336,0.032675443237140334,0.019225069922172322,0.020430924742864676,0.020032711136060755,0.021078814797033774,0.013721933093317595,0.01157064248202011,0.03201333037745724,0.02550070543634453,0.009762378632051316
2026-07-06,-0.023610180074482567,-0.051540563042912324,0.009376825284773238,-0.00727503013120423,-0.02193211930341432,0.0023081009200265346,-0.006395681301028078,-0.003173628392926897,-0.0011061126508169483,-0.021427594929103955,-0.009285930315899193,-0.004282671513319736,-0.006657616800191946,-0.010663528151322543,-0.009986635780567132,-0.010181703647000884,0.005522515333207023,-0.017109617758185647,-0.013834026176475556,-0.02161890911984876,-0.004688989293917922,-0.0031638670446322292,-0.003350600625178224,-0.014276050356320513,-0.01639355138970966
2026-07-07,0.019369560038407174,-0.009223964193401102,-0.019722807756707206,0.022625347611057833,0.030699454190739273,0.006908445419257836,0.008275835327493652,0.024117936243447602,0.0010738500812710328,0.010879953089716787,0.012856694452108686,0.004301091676117252,-0.00541327778214451,0.009580900234967382,0.006677584166080441,0.012976857815116594,0.024322423226359025,0.014475316177179787,0.011272564718941336,0.014731019146070556,0.009733352078032942,0.006836082543773214,0.020171354829400245,0.02105808104411344,-0.004700770401524501
2026-07-08,-0.001270842443976905,-0.027727159200882312,-0.02638865221215747,-0.026368840178060626,-0.004144000126464986,0.008004626667408754,-0.007295830449799645,-0.0068039625452922525,-0.02259325753042085,-0.02531639032382249,-0.013758089401183393,-0.025267672074905323,-0.002505407477558008,-0.012653278169662996,-0.02716817920502479,-0.012185653913074579,-0.018174226023667583,-0.024095693111767957,-0.012633102180500622,-0.006767382636133967,-0.03565301313629954,-0.03419016157937027,-0.017646391390454874,-0.015530998013878028,-0.03563771445016195
2026-07-09,-0.000242324816770223,0.009783459555554375,0.0022462043818636257,0.00800339500963232,-0.00286087407461344,0.01718660650509074,-0.009187012500213365,0.018602968304220813,-0.0015775824002383088,-0.009097942686341565,0.0024910989869433298,0.01757467550561298,0.034817290008116286,-0.0016018424782501262,-0.013491967877781175,-0.0009489773893890385,0.00255319581809621,-0.004426794771301812,-0.0035122776594258553,0.0026924045184983925,0.0028299692632760554,-0.0035149162745766738,-0.007250360045322313,-0.007610066517278913,0.0017809977032405833
2026-07-10,0.021757553562973486,-0.012986956817483963,-0.0016435172545943288,-0.010846439853802958,0.038862850092248324,0.0060224269225857,0.0037088428067659773,0.01578933457827536,0.008347048353044562,0.008971223043125365,0.001739410905603922,0.0008635776293368647,0.016990280567974914,-0.002005651093040406,-0.0055147688893035784,0.002216302661171232,-0.0034663659525209223,0.0037889194675195803,0.0022658647991424807,0.041374443823078755,-0.004278390931917064,0.0010077764750229257,-0.011772337331682814,-0.002283338078740371,0.04222231917980723
2026-07-13,0.005397732260967292,0.0041771252814912785,0.0032924457005072405,-0.010750376357220759,0.0022595112667169737,-0.013801925850118635,0.0036951381203282896,-0.011110941279106501,0.013387918094996065,0.009447072429321857,0.007441656013860376,-0.004745496501438851,0.007077611679961793,0.00924439671652677,0.0047319789242454835,0.013583889556699313,0.009157440119514026,0.004055364995225741,0.0040190867091869364,-0.015418556518658422,0.003291138705088237,0.01132645811438171,0.015442243987791704,0.012781274782328822,-0.0017058082108796224
2026-07-14,-0.00395279155719952,-0.012063265577499815,0.010143202504316884,-0.03549948518306678,-0.009894705941486781,-0.027034608858450992,-0.0032212982450419148,-0.015381989665540052,0.0021850002436440974,0.001238595284265731,0.0022160561439295012,0.013437341571007178,0.0023698693226958945,0.00557545872772458,-0.016263166676870666,-0.006233382084814165,0.0023213409014750663,-0.009103314512926675,0.004878651210128426,0.0008016246654045656,0.008155219194835306,-0.0052264956664102025,0.003693286729328449,0.006181997392001426,0.016659493883839138
2026-07-15,-0.0011846054970864328,0.025263173956620033,0.018015375054809546,0.062194835691513184,0.00531306961076683,0.017098993145576724,0.003693431988420759,-0.0009183979348509341,-0.017911636703557,-0.005910657115818285,0.0010645913747293623,0.017964075764328458,0.00701119317855281,-0.006336623250280171,-0.002875441858295469,-0.007997550354248317,0.0065267221554417,-0.013325808477098855,-0.004232590060189834,-0.0008544798778358231,0.0032989708253692296,-0.012759619808385025,-0.0011904827763531411,-0.011483075905445395,0.004621846632593352
2026-07-16,0.0017197015817815853,0.029568759838805247,0.024804163387229794,0.01612332027615815,-0.009311662921892006,-0.014028517737009083,0.0271388697925532,-0.013162470715198382,0.0158133978198991,0.0393390657177608,0.025523583124233307,-0.005462149787138326,-0.015058233739528193,0.03746514050908423,0.023449922119615607,0.03936136339791174,0.04629758384062077,0.031206328819056495,0.02987872800945479,-0.010957273384168076,0.029187904446368318,0.028129777661081157,0.029797377535157432,0.03514944430886913,0.02258477017370253
2026-07-17,0.00674875326785318,0.0015955690472386763,-0.011323468287042782,-0.01899920440639069,0.005588654810757987,0.0016128961373993445,0.0080609647754879,0.01076163136034336,-0.015096565628540337,-0.014434897508908584,0.005264805595895483,0.011406863409100021,0.017754364357195573,0.0034575061425543563,-0.014088639239843936,-0.0006083649834104365,-0.001799308788843046,-0.019907523744462585,0.003641697763535179,0.0035127941281114516,0.0009190495909465746,-0.016450263198527604,0.011153172857562232,0.007288113835378418,0.0016359623253150435
2026-07-20,-0.017640832900555292,-0.0033851449524158195,-0.027916921844524434,-0.016600535508129233,-0.012504709949050619,0.013630061252786208,-0.00526593700395539,-0.0026372923381799973,0.0030723856176806397,-0.005939557647551275,-0.0034121593130469474,0.005012486600159072,0.003311287862379997,-0.00344559298364866,0.005640793938992639,-0.008065684390998307,-0.015421574618680545,-0.007892119539012254,-0.006531215693446724,-0.020033433736036277,-0.0022299666981838717,-0.0005029370095954722,0.0015608899923063024,0.006536462960651912,-0.021641568386290277
2026-07-21,-0.021968144514416865,0.011188838797750789,0.00603823304125517,-0.0025248222266253117,-0.0253262132157156,0.017361688275709275,0.013907504872498144,0.010390185977553257,0.0006126780845598923,-0.011746304602646696,0.0,0.01579389345594695,0.010705901680118757,0.002689163206108347,-0.010993950690981968,-0.002915063289375741,0.0166802738346421,-0.018318381141755657,-0.0006087539825829769,-0.028301302141731988,-0.006135300208781502,-0.004277790218878974,0.014233794769683339,0.006248980325154863,-0.014607578440005708
2026-07-22,0.016341258209922493,-0.019166196581802186,-0.01317514168716516,-0.00853408474802031,0.017060408186641007,-0.0050192064510529155,-0.018141554041905317,0.0008366594668887117,-0.0031971783619053618,-0.00343524554803476,-0.004299652057318304,0.0024549699112637047,-0.008362499544277924,0.0015325645566754975,-0.005066531617619607,0.0006154792680699295,-0.03494734832495261,0.006295438925040253,0.0015836872775263355,0.006786532767673048,-0.002513281808268153,-0.0007581245813330639,-0.004507297982243252,-0.005398442225272748,0.008894457481793072
2026-07-23,-0.00849092907888227,0.009669612170390529,0.006378766539408165,-0.011233447569267807,-0.037806455550655205,0.005212671132178048,-0.0049572108115896185,0.0046756653238726464,0.00044359668189675183,0.0025508108197382917,-0.0017593060002730754,-0.022040853694993645,0.00032126668413012816,-0.015302193966641564,0.008968553698362802,-0.004766971152156518,0.002902544421583775,0.010619176865463986,-0.012649001460553033,-0.01780701953493724,-0.004508894733462054,-0.0015174963876051217,0.007614713536177264,0.008202808442892673,-0.007556620307607953
2026-07-24,0.01226847462703784,0.01636072849759307,0.018720582856983414,0.028845470852674193,0.0044253967065202016,0.11007029048875605,0.008605072935558677,0.04904445801789792,0.0008866958977591377,0.015747548987460558,0.010013618374305144,0.022537601676174246,0.030188634401505654,0.01398599091578645,0.008512277836629112,0.013597031757836886,0.01729609874640725,0.02371353604369908,0.011948770843269951,-0.007320534604378204,0.020337514478343754,0.00278625642113961,0.026654418496295573,0.02031980849333448,0.01269037124300798
2026-07-27,0.0004200355492161023,0.008833937476855569,0.001446946509013891,0.03169366095051118,-0.01028043066454265,-0.016676749516188027,0.01122586953172533,-0.034540268529261065,-0.009473178151177097,0.00392652187328868,0.008328009256934,0.01918364544304052,-0.01028758257299034,0.010727951896728039,-0.0031371239440344256,-0.001524507370974315,-0.002506335864923104,0.004775421653682166,0.0023127791659487418,-0.0055309564135779254,0.008225211053477732,-0.008082899289140855,-0.004177839192730626,-0.014797540724818314,-0.0012531906671788828
2026-07-28,0.02854740524181576,0.05078810354835883,0.010836584451974884,0.022032235622505114,0.021853538467618616,-0.01317941307443482,0.013321429948440988,-0.011396767834179422,0.013210390926952087,0.026434780532834212,-0.007944580576232041,0.02002402938523873,-0.010158287559869139,-0.005307042254345418,0.01633442654064199,0.003511626609177254,-0.000950695333904461,0.019906216979592273,-0.016638270319634052,0.013440729570940224,0.0217119519919986,-0.006875441185031694,-0.019678365884451154,-0.01920747383696353,0.02927649131326504
2026-07-29,0.04524778138096752,-0.004259250782154278,0.04302461657548151,0.0049642687003694785,0.0440923608962458,-0.025882597523396833,-0.014899181919563076,-0.025935851915888763,0.007741405895512976,0.0042047129716744625,-0.0026958766244902233,0.002748394348646377,-0.039379451618287487,-0.008765192944716227,0.012828114870198526,-0.0028907882174507016,-0.011215293306461094,-0.003116769375411499,0.0017290278811634696,0.06494019670357276,-0.00460500707535394,0.0184616040209169,-0.004279581939651167,-0.010223001048069502,-0.006501383443650366
2026-07-30,-0.026776681580148676,-0.023805072873345323,-0.0178155821571917,0.011368303887181241,-0.03262099280720443,0.02662349856850521,-0.01868330694387954,0.03919561780128,-0.05033693751978041,-0.030356553512376427,-0.013436177912290015,-0.017619449757571015,0.03221531585630166,-0.019223417731287107,-0.02955304567107131,-0.016936104741113622,0.004949482468284083,-0.036395064793345866,-0.009246701940035296,-0.02356535195286258,-0.021943035024101,-0.03575036302492551,-0.05935328468384238,-0.022606545273605172,-0.03885481377584199
2026-07-31,-0.006305204982135271,-0.019813314579374186,-0.021626837755870043,-0.0177305569131061,-0.002744727207022457,-0.02417308406195451,-0.010426056922687499,-0.026968144236008906,0.008089226620909384,-0.0011471116661009306,0.0,0.0015942211213810786,-0.01861360483139496,-0.0011760453223430556,-0.007350817075375993,-0.0045044719554833135,-0.010807865138985573,0.021168691013691232,-0.0008710763351488238,-0.005057724618550585,-0.004643300316435672,-0.0036553628702516994,0.017297693635315303,-0.005050320550238241,0.065106356488569
2026-08-03,-0.002076607112852513,0.03070938761764852,0.004135780150714252,0.011034637586864182,0.005766642128614885,0.014322071329576191,-0.008703619395990292,0.011929867205921374,0.006123707132653866,0.011415850567757069,-0.003545771818814769,-0.00159168362572637,0.014388506708808757,-0.0027472105057814167,0.008538649796599351,-0.006106144416923143,-0.0031810159181636655,0.005336645578218002,0.0001245751166574216,-0.007956747674506603,-0.0009155235845491605,0.013888856832834806,-0.028446194004296266,-0.005715750267027531,0.007990421522382052
2026-08-04,0.013005780346820872,-0.07844616147787264,0.003692579084126013,0.01765148895277191,0.011988608599821093,0.013962964919468135,-0.0009241865028557505,0.01947778520995902,0.004652254615746143,0.0008682621152882319,-0.006712509670943834,-0.004384241119273824,0.011524824984471271,-0.0157418082177464,-0.0019479621222601162,-0.009136691919751305,-0.03537975068100885,0.0018103600765271288,-0.010834404900598393,0.04656345228488479,-0.014225895748417039,-0.003618417536423668,0.0,-0.006563708009776459,0.023781166122094133
2026-08-05,-0.04097000100303139,0.02516880640719288,-0.009339126217847715,0.0007282397095607074,-0.04918886356018226,0.0053638314993380565,0.007863117985335233,0.004441063872399065,0.0028899311115142545,0.0012010721676776193,-0.008060559080193985,0.00600478868210752,0.012907298937252287,-0.005597751608482526,0.010134305057324378,-0.0031796767730641884,0.012297672905779322,0.0026034675761588133,-0.004532300251396393,-0.050558809573668095,-0.004825166895160438,-0.0007781839110625466,0.018492023482579834,0.024528186076733682,0.0003872142971799164
2026-08-06,0.0186231301697124,-0.03233530900647763,-0.017140473375528043,-0.024543573855424272,0.01462624437456106,-0.012158186047487418,-0.03166591119586615,-0.0031622605093688527,-0.01013752722229555,-0.0033324448305358523,-0.03217596741385009,-0.06963788533396098,-0.04066702022056645,-0.017692046475000223,-0.00691136067668463,-0.005422631817299406,-0.01150891716686464,-0.001038664207534401,-0.0266852234538415,0.023542672439443857,-0.013255612915769044,-0.009865103519715035,-0.0029179363085306553,-0.005268709885254519,-0.015092905144932334
2026-08-07,0.007827081552435722,0.02599014331946803,0.013079516898871102,0.004950801916905556,0.00894284817565616,0.006439579917353999,0.014691862059593275,-0.009725869505804674,0.01045177832969335,0.0,0.006615204436190902,-0.0038493690534550096,-0.006641501842196029,0.0012279568745716674,0.0099528682365988,0.0024053467277600493,0.007330776749570944,0.004281326900563931,0.0020790496883160703,0.007831296865756343,0.004868644353553053,0.007079245298173831,0.011922809978877291,0.0038983464007256163,0.005108038694209949
2026-08-10,-0.019879406568036107,-0.02794537912023143,-0.0259646762640241,-0.028613783533193438,-0.02619388574499193,-0.01289989659769164,-0.0238206420915289,0.000728895984919431,-0.016973323654427497,-0.01925899259947672,-0.013143526463051614,-0.026620902312633477,0.003384201630631134,-0.014309014011317234,-0.01941323537076678,-0.009918435047364116,-0.009988649534060423,-0.008191237793549355,-0.01309650026270559,-0.016193003294136088,-0.010587264065764601,-0.019526205604144753,-0.015102866890438271,-0.007935212412147452,-0.011336928624463671
2026-08-11,0.0026018712070143835,-0.004756971034020507,-0.006038345403469703,0.024454663142678745,0.0004075367347933234,-0.00256145052455381,-0.018660274312057745,-0.01052344128285354,-0.0026482116543510292,-0.0007500382354073132,-0.003329628607474877,-0.016762203770963713,0.006827919115863779,-0.005806789722281547,-0.004533707581452995,0.0,0.0053329887752886496,-0.0018727867353329763,-0.0038102866009950276,0.005081469844854025,-0.004624811413606933,-0.009559197658229879,-0.05426860282092616,-0.03841896563521263,-0.010676192337692458
2026-08-12,0.0051901480871976435,-0.001246832084902505,0.0068158112169625085,-0.00040697690662161445,0.00448128508677148,0.032755097112145526,0.0073134717519642845,0.03561598787625764,-0.0042129946803298735,0.0014328996977499564,0.004026051304640177,0.022880139102100072,0.016096096335708854,0.008761058206170347,0.004478490308862382,0.011310422719922109,0.008817173674115164,-0.0046755444562065485,-0.0010551547266776096,0.006099947719799825,0.004691823392138028,-0.0018766809152741537,0.023574092379720968,0.022694974805649748,-0.010391730375860386
2026-08-13,0.022061901820167762,0.007490569816220649,0.01810159546983492,0.030461368243456688,0.02379345825585677,0.0026388119298861312,0.007260373217529148,0.004311809466341021,0.021758544721485196,0.01798854925362825,0.014333250732004643,-0.002192949067264638,0.018173063084098606,0.008684809058872478,0.014131301226572246,0.0057517045482717855,0.0034108647829240724,0.015884834853003404,0.014787467364291818,0.016987074398971735,0.00412589976325628,0.019070651956461848,0.014380392636524464,0.01810916789670647,0.002423297552034853
2026-08-14,0.007979788565167567,-0.005782709415227849,-0.010552231189842609,0.006386208602284338,0.0033012014910613896,0.013007349132566626,-0.0009609553515440572,0.026374092817287753,0.000452257763351227,-0.010040161052746188,-0.004205568193850429,0.006593389825506613,0.022192306651763083,0.0008200068699215635,-0.005290547475585661,-0.003335948092406671,-0.0012747533886536822,-0.008487492499881899,-0.0019516201494630403,-0.005317142602751068,-0.008533907218654324,0.0,0.013622723613546217,0.004606730164680828,-0.010475467228654778
2026-08-17,-0.019079656387855803,-0.024927311552843334,-0.02571211958076114,-0.03205543554179835,-0.02026850286242865,-0.011191557845030453,-0.00522049982893058,-0.004074133016970682,-0.01551193525840755,-0.0068289016126859,-0.0031252871736595633,-0.003930137733061945,0.003631316134587559,-0.0020482979922141764,-0.01775421588470849,-0.005419174579693209,-0.00290720886093887,-0.0049703775460732125,-0.004432229721658909,-0.0166846923408569,0.009518190591378595,-0.0146843899289969,-0.00382428416694669,-0.0009341084269368638,-0.019543936668503514
2026-08-18,0.000580654392361657,-0.02343413946107764,-0.007497375643962467,-0.004460689592869049,-0.005507840524751506,-0.013440470986250785,-0.006802691456143872,-0.01140659002228439,0.0022963113901315335,0.00020422615168858016,-0.004575438921303632,0.004822473166463892,-0.024865249263314126,-0.005747196100824303,-0.0072452485022832525,-0.003044897221363918,-0.004266753417439317,-0.003730971799164151,-0.0023569503561898797,-0.0038987650704666033,-0.00478192033226521,-0.004027967752902706,0.000329042227699583,0.0005949825237259176,-0.019518241120850544
2026-08-19,0.012534112685886,0.10274867078521921,0.01556124401428538,0.052749518747333246,0.008375020353984075,-0.014852721620918663,0.015655561960041364,-0.0026390374990420407,0.012865228601095291,0.006738398485586883,0.0006809175976707493,0.010034884008321532,-0.03623586014242097,0.0041288125777265705,0.00998696374006669,0.011895170156153823,0.009141542209969877,0.006282880659081336,0.0027562551219781906,0.005678097281797356,0.011649520967900395,0.011323757541586543,0.0071272099520769405,0.0012317077944516974,0.042778446675650006
2026-08-20,0.007049089855104995,0.047279909509795104,0.008330817441599248,-0.021151827453184557,0.009912898173391138,0.01013775350333379,0.0211946305012789,0.005134279275915032,0.0012180057118509335,-0.004394626050840622,-0.0026369306314355523,-0.002591769629851637,0.007044565837586614,-0.0065789369268308695,0.004487687931942652,0.0034948056618056,-0.004387900655242416,-0.0073509507352265135,0.0014397985360550258,-0.003532395493545004,-0.01469669968994547,0.004798728691823184,0.009036492594918677,0.007084368553909037,0.0
2026-08-21,0.00045528016446017006,0.01038917767331271,-0.0016229066440344164,0.00204237980825539,0.0015917594847270067,-0.018939824378644166,0.009433907943081188,-0.015905978086404815,0.004483711317767369,-0.003055799029119899,-0.004349698390025303,0.005197008709041384,-0.0074833722146566695,-0.005794612847329295,-0.005679236815578692,-0.009023225306905691,0.007961404849926357,-0.0007746173624733066,-0.005881643772999268,0.011354841741402,-0.0073214755615104155,0.0021226275927215266,0.0041000998291618185,0.007666416895580674,-0.0077173205987027815
2026-08-24,0.01473262965261779,0.010282281170351126,0.03428402183537971,-0.0011177739704932854,0.011786509925436839,-0.010859259880670491,0.010747642352160192,-0.009564632046908272,0.01595150640679055,-0.003814437489996214,0.006852861627523632,-0.0008616351229594477,-0.006802116247290657,0.008326300274851706,0.01408884424577117,0.009105385249518205,0.011001392983216896,0.007690195235287023,0.008282998988097034,0.013582403395960174,0.011177809479991918,0.0164151158160053,0.004405799192625404,0.0033023713824160694,-0.001637301736193808
