Date,CHTR,CMCSA,DIS,FOX,FOXA,GOOG,GOOGL,META,NFLX,NWS,NWSA,OMC,PSKY,T,TMUS,TTWO,VZ
2019-08-28,0.005044065885928095,0.0038990575914312764,0.015317182069823243,-0.0018975675995080987,-0.004384492989943922,0.00272298809330751,0.0025023813408133755,0.0025372198882585018,0.002542672689334724,0.015086347188274951,0.0155440966849818,0.0026528056352783658,0.01705659301705653,0.006912115462640811,-0.0007780659889022878,0.002904348008625268,0.013466180209302347
2019-08-29,0.01682893941167296,0.009138621146153936,0.0094470770061994,0.028200274186829022,0.02988345755582733,0.0186419677655294,0.017457065689560514,0.02096174415423957,0.01717104054212437,0.004246167776752463,0.005830952755846441,-0.0005292485914448752,0.0148536365811196,0.005435017425153399,0.012328068464810604,0.00899247572629247,-0.00017255532198390267
2019-08-30,0.005770568116758801,0.0020376821010414936,-0.004207838628498495,0.01078573758435164,0.013133982576328807,-0.0039821862103509575,-0.00310661994461614,0.0005387515844232915,-0.010209566062432951,-0.0021139985582692145,-0.003623367743909256,0.0066173178552457745,-0.007082226242586254,0.003129591907887086,0.0005130671137660858,-0.0032476789698150377,0.0037970690444708577
2019-09-03,0.0054200572293072735,-0.008585575219453911,-0.006921203473923998,-0.004298330133624351,-0.005161112306546145,-0.016589517201805792,-0.017622466040275286,-0.01766568198821039,-0.015182949634308551,-0.016242961600719807,-0.014545503787483982,-0.009992123853791446,-0.018307111026149347,0.0034030709620891386,-0.011787604145323427,-0.0023490001949406647,-0.002063187165423197
2019-09-04,0.018600820056631884,0.03737452967988064,0.011591420404588826,0.024051617171136463,0.024107587255336904,0.011143505576235224,0.010875842853125706,0.026042998523595706,0.007708512778424437,0.01938257295206247,0.02509231434753012,0.017662802797726807,0.00920322594489531,0.009610023607907303,0.006223304914059646,0.00820296066394155,0.002411929932919721
2019-09-05,0.006150586608714814,0.01955204979435332,0.006889350732973032,0.021078049277407196,0.020560307917490084,0.02536812361975649,0.025307390532228302,0.020091970129407555,0.005934424161563534,0.009859245517818582,0.00791935983903258,0.017095014785357243,0.031917382433119146,0.0047591610773252135,0.0028346551453897195,-0.010471593582388583,0.007047192318346829
2019-09-06,0.008695684240926038,-0.0012930312792778231,0.005113955910075907,-0.001179599907058848,-0.0005840481684086241,-0.005324556071360176,-0.004842345783975244,-0.017862807305388473,-0.010503002781314219,0.011854803471418762,0.007857356786734604,-0.005132199254311853,0.014651039456262671,0.010030800386924721,0.016960061726937647,-0.004491903839080935,0.008021899526881038
2019-09-09,-0.013952838542642954,0.0015103461292376164,-0.005159524000499682,0.003542979018897885,0.0020450279195776133,-0.00043150962405158477,-0.0008706178047215296,0.006773679739574545,0.014370879623802013,0.01654035879371052,0.018426436385484468,0.01199381680683076,0.015189886105611228,0.014896493227661844,-0.0002526359243620879,0.010783142561509251,-0.006772682118997508
2019-09-10,0.003716226507051612,0.0006461615489827821,-0.02189727082105275,0.006766735384726497,0.0,0.0013200264504065196,0.0003568323587648248,-0.013721075632516233,-0.021573698055060375,0.012969254877645886,0.01681850571817889,0.04575014429563806,0.00793455626373607,0.021473286791666046,-0.009478167886139088,-0.028523903493150926,0.017899396825683755
2019-09-11,0.008686580182087011,-0.0010760973250681927,0.0029455912087441583,-0.0073056499751157356,-0.008746431592174142,0.011749690241360744,0.011860315979116187,0.01246173197404099,0.0009722517496226768,0.0020215047500862227,0.002756849441649667,-0.0008534381197038421,-0.014619721031853827,0.030867449723143814,0.017351389777842785,-0.04501550953781319,0.0070340860820057305
2019-09-12,0.0,0.012284400890784308,0.009619106851194159,-0.007948235274044868,-0.006176463296177381,0.011539262185574772,0.012270601333139286,-0.005411443220024736,0.0020466928902018733,-0.003362514607372913,-0.008934741729880513,-0.014391976668706286,0.00022864454275284274,-0.00929285965388893,-0.0006269166618448896,0.029522060317262566,0.004989455538286114
2019-09-13,0.001223503561580852,-0.0019161040555465414,0.003781853436339855,0.0002967999383343134,0.0011839983737467197,0.004302320574923968,0.004097123051894247,-0.0014934623151400261,0.018313412789246142,0.0053981610586064654,0.009015291026824857,-0.008414719734261333,0.0,-0.012245813289271434,-0.0036393038370121644,-0.00903041356891221,-0.007777832705086474
2019-09-16,-0.0053346236893208054,-0.013011859564474815,-0.016084673321296594,-0.0065262284450939845,-0.006798736826757357,-0.006663801130283864,-0.006773988039962653,-0.005181856299533272,0.0004759455559784076,-0.028187993101765563,-0.03230248458669638,-0.014476412146342987,0.0052484082658055264,-0.01582690869818948,0.0020153303355017194,0.02821747763187732,-0.0076716503965229554
2019-09-17,0.0044890582315046945,0.008644636952303664,0.0037553987062457495,-0.02000621149676196,-0.022023977561757557,-0.0017459927670838704,-0.001420856847781482,0.00998803343760235,0.014645409064018011,0.009668651593349509,0.01207396056306309,0.0027859309147764133,-0.017026072796039182,-0.004020329716797111,0.008169766217042351,0.017725248330465737,0.006218513868988529
2019-09-18,0.0006351159240889359,0.005785263954337649,0.003594770103127587,-0.009750082396008719,-0.00669514968506657,0.002652267432068367,0.0022522073999704517,0.00031910076275631916,-0.023576706585143326,-0.001368019097471307,-0.0007017515184544187,0.0007576658542434167,0.0018475573456278038,-0.010764556430570393,-0.0011218377410865399,-0.008784730907515081,0.0010022245099075011
2019-09-19,0.00470123627679242,-0.005538950627581252,-0.025584676206039325,-0.016307594352152344,-0.018382259402628387,0.0051118365397166965,0.0049486706633430355,0.010630380908823955,-0.01701194565718056,-0.01712314063866216,-0.020365228740896524,-0.0012720342833936193,-0.022821489107863857,0.010609343354856193,0.010983402511236084,0.006396438549563621,0.0008343667393317933
2019-09-20,-0.016541123723992635,-0.006855353975682155,-0.007726960307311126,0.00344094262582062,0.007178567777034628,-0.007088054475095307,-0.007192776098831288,-0.0011046310228802758,-0.05530352731721233,-0.002090886588331231,-0.0007169162203942703,-0.008025777779603227,-0.012031264013143916,0.02045782927603379,-0.005062037423750998,-0.00022971728415743797,0.005168171840240543
2019-09-23,0.002759613762973734,-0.0030197182686446666,0.0014363425547723185,0.0031168970250932126,0.0,0.003333567527159964,0.003943620832733918,-0.016374398487514652,-0.017839397797746792,0.00488848312465473,0.005021500932146816,-0.0017976432391481056,0.002149057892840034,-0.008176951560116108,-0.007817132215384492,-0.036994441574591086,-0.0013268643024992866
2019-09-24,-0.009442269208603471,-0.01103400617815431,-0.003699253444040762,-0.020198738895379043,-0.02107217078507606,-0.012374028843941898,-0.013250256506481484,-0.02965414266332944,-0.042606778748268015,-0.00903407239284737,-0.005710111595490952,0.012478894457675915,-0.01572552950787809,-0.0058517690442911885,-0.007503706494227491,-0.005169820317538876,0.004982446724955736
2019-09-25,-0.0020836709212057603,0.0026252289301100795,0.008486848521936485,0.014906257284624802,0.013295263516549527,0.02277725517525009,0.02266219304995487,0.008384771399987834,0.03990733187851703,0.0077140185200486044,0.007896667471391394,-0.0022871373184955024,-0.0016946260006210911,0.0,0.005670480016112922,0.017268915902578508,-0.003966026430628933
2019-09-26,-0.01358422601728615,-0.020292578878493006,-0.013674907028570993,-0.016562466572736745,-0.017494598855160692,-0.004115516702782207,-0.0029295565620280906,-0.014715520180590747,-0.0054391314449561134,-0.009742660696804517,-0.00783479867157666,-0.020886263033110586,-0.022793023815309565,0.0,-0.010149252230740258,-0.00369381663465862,0.0028204271305471984
2019-09-27,-0.011654522007109147,-0.0020043305714730897,-0.009979327953455353,0.0003178982733533786,-0.0003179899373733086,-0.013130334017889322,-0.013153075180446172,-0.016711996373623417,-0.0008734499396487738,-0.00421653669695532,-0.005025178694368804,0.011706404580459129,0.0004957664539246842,0.001337963998704339,-0.018227778261369898,-0.022087209091335325,-0.0023161554554870234
2019-09-30,0.014549134158269306,0.006025513155321516,0.0027698838328726882,0.001905982980102916,0.003021699413412904,-0.004971132853124782,-0.003923527772409785,0.005533754179562811,0.017257053213126206,0.009174334363189374,0.0043291345091927,0.006685619430076839,0.0012404897194624454,0.010953838830865426,0.015600705370301338,0.01105102124463575,0.0009947939244014936
2019-10-01,-0.015820608295935457,-0.00780054519511264,-0.00590854430381671,-0.011414275881198477,-0.009354723068887516,-0.011402685989339467,-0.012398220456874554,-0.012747105252648883,0.00732385693245563,-0.0034964023157010304,-0.0028736981834599495,-0.0021709804994215487,-0.004954237971538156,-0.011363659594402997,-0.0072361833821127375,-0.019387208766389996,-0.008449139544260631
2019-10-02,0.01269722341959234,-0.010556982404174464,-0.003164706628542513,-0.027902397576265003,-0.02624838541989838,-0.023624676565254132,-0.023283649728156663,-0.006882494252549498,-0.005749710126593421,-0.013333303769572646,-0.009366030611489329,-0.012287199669104965,-0.04107522927739593,-0.008821039722974988,-0.022889910158467308,-0.02644211132671137,-0.015705748004097075
2019-10-03,0.014412692459487175,0.00022708275740890294,-0.007666130553045436,0.00263947758338956,0.0013147530269910224,0.009518563132309588,0.009771473250884677,0.027376939933846378,0.0004477497975270417,-0.006401169379442018,-0.004363619181320999,-0.015420591276180784,-0.0018173670378307527,0.0029662581139759947,0.008113916808645705,0.007019858868319684,0.0016970459439189511
2019-10-04,0.026519757690422807,0.014752521342059843,0.016543140768500386,0.0031259771269798176,0.0036114399919113804,0.017822489233965566,0.0181011716267101,0.005964810782808527,0.017303702603560955,0.01073734721058428,0.012417848737955817,0.013687749893347867,0.015344483060670377,0.008604678837223823,0.012462768728450646,0.023485492373897854,0.015082332877909055
2019-10-07,0.00542412633872047,-0.0026839901149930956,0.0048360357583716596,0.00016401603844018453,0.000981294655066689,-0.0010917370640018964,-0.00223778600637059,-0.004267073069201266,0.006121918728865028,-0.012748081987738136,-0.010822320338264468,-0.0002598033752746476,-0.007172526792536105,0.003999110826297558,0.0062828767892118,-0.002756863392825659,0.005843207796781158
2019-10-08,-0.004580971959722513,-0.010764296562732922,-0.018563697059718942,-0.01492301188477041,-0.017810388103178698,-0.015360012999352524,-0.01499703681256015,-0.010741453718713823,-0.013626708941619547,-0.053084504569702706,-0.05397527341006758,-0.02636363538312203,-0.041021087690747526,-0.004779947701010978,-0.011085630702482585,-0.028782835816034802,-0.008796594795716373
2019-10-09,0.0028266204928524274,0.006120641174442776,0.006694099747440729,0.007491234275655012,0.005822593955540745,0.011083733313713262,0.010309772056892985,0.011814646417061425,-0.011783401234013446,0.01212093742394349,0.008481075518740111,-0.002267476025564208,0.011836959517301793,0.006663604788262223,0.0023195640729043454,0.02025957187247518,0.0019455236203083093
2019-10-10,-0.005474296753163688,0.002704171370302877,7.724462190439318e-05,0.005452844457080941,0.009593112362605405,0.00528971262418132,0.0058799444667285705,0.0010007662584718968,0.04840578864940426,0.008233830156883615,0.007645228889827438,-0.02179136366958323,0.001329632364431399,0.009986272827049891,0.00655597791368745,0.004348886250531647,0.010300971568476314
2019-10-11,-0.00883046185170433,0.02359531672398263,0.0052576756832085625,0.024157836036123204,0.03079949810929561,0.005609535688164913,0.005159221890226329,0.023107131314478613,0.008734987484044776,0.021529304201841404,0.024279268086058847,0.020226822754863427,0.020446414045922623,0.004275626514226527,0.015708642325509503,0.00016337126484566866,0.0016712837113022072
2019-10-14,-0.00047266330773299003,-0.0070253892480004465,-0.002461388744899984,-0.004813891503929635,-0.002225089463864127,0.0013904106967654872,0.0016945894649853521,-0.0049405001422782036,0.009189560513641837,0.0029068923362454147,0.002222061800937869,0.0068317832561561875,-0.012750654703048592,-0.002926938665996026,-0.011316516391201459,-0.010292391158976177,-0.00550654250270699
2019-10-15,0.023548378508311263,0.009728337311075475,0.0004625728572085208,0.013866506777296284,0.009875932985319746,0.021254762598244215,0.020094108557392243,0.03060886578403399,-0.00448290062889134,-0.01159408879394419,-0.008129973878349683,0.007184905899767058,0.003426280386057412,0.011475799903329698,0.014116776158687339,0.022944855523855168,0.015939416792048577
2019-10-16,0.011965241880983024,-0.001532976272944797,0.00847741508446953,0.004611918986574759,0.00914819108565923,0.0005067686986590658,0.0006117623542267747,0.003494078434673753,0.007141636861477618,0.016862053564656643,0.017883607316221184,-0.0023781634119839357,0.0007881635800501829,-0.0029023309157263366,0.00338605437470596,-0.0225108993107076,-0.004293743572616804
2019-10-17,0.008742265507662772,0.007236941803125951,0.011539056923824287,-0.003007840730711142,-0.0003124917246112302,0.007582631623144653,0.007884164496982704,0.004431628175904034,0.024696060453650137,0.002883912120668519,0.0007321363589385399,0.006753146444207436,-0.008399048232892614,0.0005291940666363182,0.01299866996604404,0.013124195772717284,0.001990201537619196
2019-10-18,-0.0042540785055784625,-0.0078378759298946,-0.011180894522991869,0.001111403792483756,0.007191970412639526,-0.006049058969028742,-0.006696885678577402,-0.023845759428858915,-0.0615305421564698,-0.00862685726377943,-0.014630445231726852,-0.008549059748000354,-0.027263053683681426,0.017455647924614626,0.006785709547751928,-8.142827937007713e-05,0.010594197083373391
2019-10-21,-0.004294930538092823,0.011191546653358975,-0.004813310129711423,0.017922323541864404,0.016454509266508044,0.0005297521011222717,-0.00010453681094524381,0.02103837892819338,0.009989088691293446,0.015228576469310973,0.013362898388627142,0.0,-0.010884064776656266,-0.006238392066837961,0.006004723813090029,0.003014707952964546,-0.004913843233909199
2019-10-22,-0.002122495590671125,-0.006727505485954466,0.016428921991046286,0.0211904613574041,0.021685796250525913,-0.002688210254926382,-0.002475472598804873,-0.039102023685713916,-0.040855949185297,0.013571033358086071,0.01391958322525344,0.014460211282324442,-0.00027525646557846617,-0.0015698329373978748,-0.005116226740502827,-0.00901706437132832,0.000328971932062716
2019-10-23,-0.0038195306492504466,-0.001092420368390301,-0.00959240212970247,-0.004882478885109953,-0.00627777101671001,0.013139791281857383,0.013237228431329351,0.020894984884527457,0.01717350378197713,0.004228639291365299,0.0007223927430937138,0.003269174513790718,0.004127799107201957,-0.011265033670247004,-0.0037958155049346853,0.005656221440193843,0.0018102361486804774
2019-10-24,-0.001124966105982006,-0.01924749468556508,-0.006634614926051441,-0.030972080764556598,-0.028279384830006693,0.0014771096629604408,0.001176828746614289,0.0012357228081238958,0.0008478198521328917,-0.0014035395403259043,-0.0028881488976951752,-0.0029980209317667095,-0.020279392251050465,-0.024377717539845967,0.0014750356430783818,0.013531105547648137,-0.0049275643042600015
2019-10-25,0.06233478442695173,0.0180637684394096,0.0049133440468744904,0.0031646417128632365,0.003405581435249827,0.0032832163793872216,0.00412207235877271,0.008101652168174933,0.019594828563076483,-0.001405583858075543,-0.0007238882072796438,0.004314543051480602,0.008111458589246556,0.0024444355647132987,0.0017182746505643998,0.0079620839820016,-0.0034665993340441403
2019-10-28,0.010601687337677967,-0.004599858325364026,-0.0028264327887974616,0.016088220996864244,0.017895891268176367,0.019658026782575444,0.01952052825083439,0.008036542893021137,0.018206835917852215,0.006333600012738749,0.006521564044262407,0.0023428549188950765,-0.005271838515997662,0.042806867417677585,0.009433906616514998,-0.020346309857995792,-0.0031472419294796827
2019-10-29,-0.006465539911685969,-0.0019805714127147933,-0.008044246875246408,-0.0049673650550747794,-0.004546871867265989,-0.02122487155247854,-0.021970801759547576,-0.0004751120832966471,-0.0023061282962260066,0.0020979126645672697,0.0050396503634080325,0.0024676314500371443,0.009483743491778052,-0.01117148061745521,-0.007525190450126562,-0.013764476773160061,0.00016613767318940376
2019-10-30,0.010149312346720007,-0.014553451505097237,0.0009269620880942853,-0.02152891976620286,-0.0231425416386577,-0.0010533646396548857,3.176936419113652e-05,-0.005599327859493797,0.03641407337184388,-0.021632880664202436,-0.02292254384563641,0.002202452608188077,-0.01685510762442044,0.0036782891963491604,0.01834402252369438,0.01684698139584473,0.010467090847306793
2019-10-31,-0.0019625697131492315,0.0029089103499757574,0.0024689988613360025,-0.003826485941549662,-0.0012468503532417907,-0.0009354660330573861,-0.0015072251624921318,0.018061032293778645,-0.01386176804311201,0.007132751516656599,0.005132018563761331,-0.002197612470869803,0.012928357966123905,0.007591479716858585,-0.007325500450592437,-0.022577753929249766,-0.005754927692785516
2019-11-01,0.01842437033440314,-0.0015618273058274346,0.021782645147767843,0.0198463983428252,0.01092378856662446,0.010816338604718423,0.01068483443190349,0.010279233102691965,-0.0020875915092356534,0.0042493847238267435,0.0036469577949111986,-0.0018132893585400822,0.01942305652840104,0.011951251003277985,-0.002298613357293755,-0.028666364702813363,-0.0016536891460029457
2019-11-04,-0.006254220361016638,-0.0192177516349904,0.001280639857190513,0.0012555658928217195,0.004939989928695043,0.013841326513213126,0.01364534808047968,0.005681386352397899,0.021094088329774108,0.0035259183100202485,0.0036334831013562496,-0.00402398795428538,0.010887210744023657,-0.0015403012651081793,-0.01879448505699055,0.0025662567874036313,-0.008282235280120287
2019-11-05,-0.000527983104540608,0.008885682683630103,-0.011059471683352529,0.007836969133865779,0.008755643270677682,0.0005110502616649804,0.0014187895854298471,-0.002054215608370713,-0.016492515646107653,-0.0028112393419083004,-0.004344660736395389,0.02945032768987388,0.009424230605314943,0.007199675468200439,0.0067965123796875915,0.0004266472104081931,-0.0061800537201753825
2019-11-06,-0.008917065442584526,-0.0013550829737473125,-0.0013691835893566706,0.005598722329956729,0.008070430024711861,-0.00017835002384358756,-0.00033284417584711345,-0.014254800620210673,0.0019442334770118919,-0.014798944621503662,-0.01454547156567254,-0.0036707529972198616,-0.01787164670655783,0.0020424042312980895,0.004787196531826021,-0.004861404646688383,0.0105880941667571
2019-11-07,-0.001257907467381969,0.010854812407565584,0.01287407780842531,0.0593873855522844,0.05558920004526091,0.013206575707827684,0.012338902966676057,-0.005899401356975642,0.0033958724363827297,-0.013590815223631925,-0.016974103197137325,0.019819561040979483,0.026616016898698414,0.004331441059021612,0.0,0.0019712320563252117,0.006652253591304946
2019-11-08,0.002796510869623292,0.010962031364163627,0.037605377575542276,0.005255689325541102,0.005724129253422028,0.0019179121366283969,0.0015761822398099312,0.0022055285172719596,0.0069067531350679445,-0.040609216969908046,-0.031531559168647916,0.00622882209009834,0.008200647444170261,-0.001015029701383674,-0.011238781190913816,0.0004276402428979864,-0.019494340122836906
2019-11-11,0.007982969664715345,0.0013277954147061788,-0.008843063001631069,-0.006099427567597515,-0.004268618030385141,-0.009288008609326437,-0.008189297980488619,-0.00644506398806588,0.008951527360611333,0.009826022886324504,0.019380005796706623,-0.020552116923204244,0.028076861358808713,-0.0002537106837274816,-0.01630809885998652,0.022999337059360192,0.0043807486631015635
2019-11-12,0.0012038169466077608,-0.00044223098565832064,0.013456115169220073,-0.011981366600656518,-0.014432603493757967,-0.0003001961945745535,-0.0008242559775762937,0.025631450411747414,-0.007376404220467703,-0.003742102170199546,-0.00228143711272355,-0.00025250738162629904,-0.03624309385867963,-0.0050801727132799845,-0.027505970477617048,-0.005516119128227692,-0.004865104313084068
2019-11-13,0.012846196223769146,-0.0006632558144640255,0.07317079300957041,-0.00709834668179854,-0.006524693255737568,-0.00061599022385328,-0.0007938242020790742,-0.006582005154410653,-0.03047838714898643,0.0,-0.0007622698980473963,-0.013908523532262906,-0.02409973655368003,-0.0002553770807950384,0.006974040386779068,0.01075719642219286,0.0015173923717195503
2019-11-14,-0.00039570651440590243,0.005531312657384824,-0.010556675823982786,-0.0035747031000923357,-0.0011673902257013369,0.010369586975204514,0.010006328305351087,-0.00020700067024237434,0.022994562193738632,-0.00826460457153022,-0.015255625347237678,0.007308671052487448,0.021167248110627757,-0.005362552993815606,-0.014492834163841728,0.01687874337201478,-0.001178416515154157
2019-11-15,-0.009104725516330903,-0.01958213891530003,-0.016853666023377234,0.004335104255826394,0.0014611261958044075,0.017850422943479938,0.018630451874588116,0.010095882352097352,0.01867966190892001,0.009090954015845698,0.006196722681309108,0.002927553710424746,0.024980067027351893,0.014120762657497066,0.016007537086546897,0.012428426861307074,0.0028651772144387966
2019-11-18,-0.0032169864584986607,0.00112219579169337,0.020598675475816286,0.025747645730667124,0.02684566782222908,-0.010615245275250595,-0.010273636352085114,0.011788852973269037,0.025556712993716202,-0.004504603083168912,-0.00769796381869714,-0.0069806197029887995,0.01996347864441672,0.0032912549603647534,0.0015370931251288411,-0.005411065826172123,-0.0011767205591598495
2019-11-19,0.010336013290824564,0.004483195112519489,0.004944135737537048,0.028148495547588137,0.030406193849032093,-0.00396751716326138,-0.005493004924038591,0.0097263055423924,9.915918307967786e-05,0.000754202824448047,-0.0007759504957690622,0.005496051730395912,0.0010168824630096829,-0.041130571152004025,-0.013173057355542861,0.0040600892716589065,0.0010097109570676999
2019-11-20,0.0002296288938392621,-0.013166769179501436,-0.00977218890053222,-0.012277802052529707,-0.01020413330466885,-0.009434187615850353,-0.00817452666056806,-0.009080986889797749,0.008460030299487054,-0.009796633146627265,-0.011645916549138047,-0.01487202890250261,-0.00939574352393091,-0.021578840218482886,0.006220884451282993,-0.002021835801980787,-0.00033635726129133126
2019-11-21,-0.00924687484333686,0.0031662629318445212,-0.00020440662760201622,-0.006143530918170437,-0.005293845702344702,-0.0013045625052233722,-0.001321311883914822,0.002126591046573978,0.02139860604044963,-0.01826493227170556,-0.012568684840532529,0.005806155019781656,-0.0007687064600765403,0.01129626252320537,0.0007725446618662701,-0.006969210694630412,0.0021857772135049913
2019-11-22,-0.012956902929668224,0.00991845670022351,0.009462394424000875,0.0027314703617442593,-0.0011204190378890644,-0.004617976789976441,-0.004976374012147899,0.00449674969034386,-0.0038820715290297514,0.006201766594464253,0.011137584018884317,0.0,0.013852947266088877,0.003989223980725987,0.011454473484272976,-0.024971417787920114,0.002348736326093226
2019-11-25,-0.0052081162036419215,-0.03236590719304433,0.009440851586657084,-0.0007170305781507569,0.0005606623562797175,0.008762005781563387,0.009252608867529988,0.004878665124756099,0.01632955307912587,0.014638028847633766,0.011801763866827297,0.01231545030701664,0.014423025597045003,-0.01297994736977559,-0.007507294106884443,-0.0010043751524139166,-0.006192653879582677
2019-11-26,0.0026820581181563607,0.00461350303066399,0.013026860608773339,0.009756154585048638,0.007006983943117939,0.005249921786350198,0.00563733824005852,-0.004104331629256053,-0.00969734599587957,0.011389421508274822,0.013996912311472931,0.004562225513186968,0.010476385329643012,0.003757157672397149,0.005769246595917155,0.009048272666991153,0.008588695661923884
2019-11-27,0.01384520180288229,0.01997720883326992,-0.0010549157570837187,-0.004546712878342962,-0.004175052796467682,-0.0004263747242811977,-0.0006628523911021977,0.015228312512290954,0.011008347679088315,0.0045043735258594175,0.0023003691056762143,0.0085782772264964,-0.0027152693078817958,0.0069517967707728445,0.006756020731201184,0.009465288662735105,0.0035064450795114777
2019-11-29,-0.00795725658192692,-0.006078486571953756,0.0006601231282228337,-0.001427356201805785,-0.0005587821046035835,-0.00611573761560491,-0.006127292437132281,-0.0017822103584309579,-0.0040199033665581085,-0.015694841469410248,-0.014536974045885498,-0.005878758945097373,-0.0004951009263631789,-0.007434823868679663,-0.005444581747108268,-0.001891786095325143,0.0023295870986652645
2019-12-02,0.0006807872172769347,-0.011778184239136569,-0.006333461037276278,-0.0047168882501329445,-0.004474156494884696,-0.011525219185256508,-0.011678641140808632,-0.009620873608606972,-0.01484138625319642,0.0,0.0,-0.0013837701883053777,-0.012877539955190809,-0.001605102615546139,-0.011584882681700104,-0.005109148125121088,-0.0046482518079215
2019-12-03,-0.0009993009889257554,0.00045899268968230267,-0.013543783156516054,-0.013356267027384128,-0.011516875236567192,0.004155211980652274,0.00456211920216365,-0.004406560023530792,-0.012355279871211655,-0.0197418806413886,-0.016304362481740164,-0.012473404774242747,-0.013045761973999093,0.006162910246031217,0.004765386195851651,0.01971338679070178,0.00300210974831705
2019-12-04,-0.01662196782462777,-0.003207949190506598,-0.0020192354822828884,0.00844242885381763,0.008809001800625715,0.01950149474991325,0.018690990581335942,-0.0005535579725780559,-0.006009930099807437,0.012393290263903456,0.01341771057813812,0.0033177193387696757,0.03635026146264564,0.014647342723586476,0.0042303350416712515,-0.00934125188999646,0.006484805037882957
2019-12-05,0.011297481568254053,0.01218133595477644,-0.005664978608318161,-0.00014452449199098272,0.0,0.005747519942928436,0.006080706088344101,0.0032712868164042064,-0.004797578609816555,0.016067410788508596,0.012460928077110855,0.008392295294688878,0.002207121831901082,0.002362101937028571,-0.017870641270782972,0.01648083102098319,0.004791346065202262
2019-12-06,0.0012412889838444574,0.004541446262783966,0.0014922579655187729,-0.00101054441587356,-0.002253345428602893,0.009404382534115019,0.009367229937152777,0.008476995330973791,0.014825375508877192,0.015060187793960456,0.01615385999616059,0.008196592042200912,-0.02790004543308655,0.00026182565238141997,0.010397577117779777,-0.0019359349956145078,0.0060833354052087785
2019-12-09,0.0017313189014140917,-0.007911292266384429,-0.009819945682416953,0.005491422501109566,0.005646380696482378,0.002193038140847703,0.002687840005262787,0.0014425042872794336,-0.015780074856683535,0.0007418938905734418,0.00151384379059194,0.0013760019611954721,-0.027190753647534538,-0.004188427865400524,-0.02405463592188417,-0.02966140546972018,-0.002941762815151683
2019-12-10,-0.014829539864131491,-0.025518400296611676,-0.0007524599506466556,0.0037367879643399604,0.005334324937617652,0.0008186837363162169,-7.432507839399971e-05,-0.002334376185479159,-0.031008255383199845,-0.0029650733489968717,-0.0015115555316361773,0.004121967424064232,-0.026397153276607188,0.000525821260709769,-0.011203429213250238,0.01857407464834626,0.0036061372677496095
2019-12-11,0.009009992720753424,-0.016366520358012004,0.01019863906891283,0.010595767862869865,0.009773813553939803,0.00026782198978914096,0.0010126397584531155,0.0069198183548639935,0.0198212120955783,0.006691406656426757,0.0075700696007778845,0.005597547679668136,-0.008771995938242072,0.002889814250387257,-0.005331843595974384,0.0008995061699896834,-0.00244979058137762
2019-12-12,0.008006549091855275,0.022343319170567755,0.0011517657619311006,0.01898517846231984,0.019081793491243948,0.0039031073805742,0.0031541360090949766,-0.02724209681321521,-0.0016391726140643215,0.03618907175892461,0.036063040497000154,0.01719464505964874,0.013140156601308073,0.004716065616629406,0.0036183860335825546,0.023447672233735117,0.0014733917005831376
2019-12-13,0.012074069072534055,0.01325289398481222,-0.003404070205063836,-0.002780767400235362,-0.0021710201257902906,-0.0018068470365210088,-0.0012014856476267877,-0.0134180495920736,0.00020106282088327987,-0.008553215190763575,-0.014503205217242465,-0.002310684459028045,0.022763150918998276,-0.002346912244539201,0.0077448015926970815,-0.027540488869591928,-0.005885357244090228
2019-12-16,-0.010604452508779727,-0.0011472032265218424,0.014209495036917374,0.0008365916252295325,0.0010880420916918876,0.009897305908624476,0.010268373232030115,0.01962808156059115,0.01912894935379228,0.012940395805941307,0.01030165060486854,-0.003291005462400909,0.028726823203735652,0.008625170408246285,0.0,0.007305856114578901,0.006906977011754467
2019-12-17,0.0019139439751976184,-0.003216109170489978,-0.004917240341172913,0.009751960099043222,0.009507952032162148,-0.00444478946377358,-0.00426980378057118,0.002374557978505498,0.03704680405771632,0.004967990682937851,0.0043699751591308456,-0.009294135928724412,0.013333864415971952,-0.00233210936442918,0.0002647420381223231,-0.001140896346613629,0.004246334390839213
2019-12-18,-0.009785018617711083,-0.004609706870420838,-0.009950618699100855,-0.00662243980635302,-0.006189319229911838,-0.0018448242506523549,-0.00219948133806136,0.020716989341819758,0.016863239815533504,0.015536921413413562,0.0195794752014673,-0.01394915065658009,0.02159862242754018,0.006233530113515462,0.010862392685614841,-0.0008974513390344052,-0.010245705897827917
2019-12-19,0.01961335983353618,0.010419212112671827,-0.0007520271052562366,0.0013891303206536865,0.0018955699710527796,0.002528424994955314,0.0033508181748158616,0.017580155546932152,0.0355984484361882,-0.004867871995216544,-0.00995728523278061,0.0047962831847907506,0.01944099035816582,0.004904577767599783,0.011925156339641863,-0.005226191363981392,-0.0009857810379413356
2019-12-20,0.0011562381008747291,0.01031177157734997,0.004994960996855813,0.004715582544422281,0.004594333906736914,-0.004756485416863798,-0.0038482713383902745,0.0011646555175173212,0.01408700568656518,0.0,0.0021550901694540325,0.015324875280195105,0.010488683905275353,0.005651392020763257,0.002330967209031476,0.014693818092361921,0.02088812849755617
2019-12-23,0.009449414112101762,0.0002264263282363288,-0.01497823034422685,0.011319545270122022,0.007667711040563185,-0.0005557150251349618,-0.0004366222311396051,-0.0005815384160815507,-0.011279230302987053,0.0,0.003584141725329504,-0.0014847066285164079,-0.004718048319407364,-0.002043651547403269,-0.005684588434159421,-0.012054023593660257,-0.0107942833004403
2019-12-24,0.00029119681000144837,0.009750900744268653,0.004216289643358628,-0.0035490243020966927,-0.00413809408573762,-0.003914436480108807,-0.004590527773833508,-0.005141330214859963,0.0003001597454517224,-0.001397725775376668,-0.001428419863792274,0.00161040853189931,-0.004029432394451415,-0.002815212523935129,0.004677579315430114,0.014821466736696598,-0.0019543144199402063
2019-12-26,0.010127741511294808,0.009881150831054564,0.0028218414056022656,0.008219341382567524,0.007238220201343681,0.012533851959143139,0.013418264958944492,0.013016855672060457,-0.0017106604761411015,0.016794901915975435,0.013590788448556879,0.0007424116342245046,0.015230695283744433,0.005133224002701775,0.0010346686647428882,0.0004841245739208855,0.00016297127009856638
2019-12-27,-0.00419988161896645,0.0028906877156480437,0.000343163930392576,-0.0020382263014392388,-0.004258606962344813,-0.0062554171740623055,-0.005746690443788172,0.0014919423630219697,-0.010642458177441028,-0.004129408136872903,-0.0014114989983828874,-0.0007418608680850314,-0.015558594638971801,0.002043028043012818,-0.00206709479307543,0.003871307082858211,0.0039157364088457935
2019-12-30,-0.0012611711345316134,0.0017739267115981505,-0.013584824249015526,-0.007760141012795874,-0.008821025446299702,-0.011650501366243793,-0.01102149535005792,-0.017731881652932158,-0.017563557325420698,-0.0006909945588228217,-0.0056536877982079625,0.0008660669871556337,-0.00670500402069063,-0.005097003643278586,0.01087527215450379,-0.01703223849755542,-0.005200587063960316
2019-12-31,0.004140101133543572,-0.004648037159684759,0.005981720204585983,-0.0010977010401305165,-0.00026987707088166335,0.0006584919289778224,-0.00023892845989792466,0.004109537050745127,0.0008040939294979843,0.0034579257041493783,0.0049752497208706,0.0013595708590221633,0.011813098943376898,0.0010249099824266583,0.0043542821544004795,0.000653876845544854,0.003104143817679317
2020-01-02,0.011029121488438376,0.00889461055528229,0.024683522058869034,0.0016483609677446776,0.0,0.022700026428333908,0.021868213839403072,0.02207051341999433,0.01928487125911893,0.02067535551681865,0.02121617549516852,-0.014193972973965407,0.0028589796133116074,-0.005629801136968204,0.002167906934815722,-0.0028587639732799985,-0.005700474275269318
2020-01-03,0.008237686530710775,-0.007934837150868401,-0.011470753708949233,-0.009874120457634472,-0.01092509182293766,-0.004907337022519442,-0.005231489734876971,-0.005291278994557169,-0.011855275833699497,0.0006749933278340503,-0.0027699308352076013,0.0007509425001785974,-0.01520524383651145,0.005146949434233772,-0.00534417892697403,0.0010648529772949722,-0.010646906796312527
2020-01-06,0.006026677005624981,-0.007553602986015262,-0.005802144207631477,-0.002354526436882942,-0.002591030357110391,0.024657235882322714,0.026654224483577904,0.018833534186301293,0.030469469956069473,-0.0033735841613411477,-0.0027778374864688704,-0.005004042274381892,0.01471627429326916,0.0010237707867077894,0.00575669999977424,0.02029296600533792,-0.002152203245558759
2020-01-07,0.0034375141483893312,0.010571093778477536,0.0003432817323010262,0.012633757587793726,0.013672223353833557,-0.000624215311637033,-0.0019317109488635742,0.0021637507136178513,-0.01512668366126424,0.010832660686928008,0.009749335920882451,-0.005281263116413193,0.0016643753530014571,0.0038364922190885498,0.0038156973088341317,0.0065763066706936435,-0.011116660526942823
2020-01-08,0.0032253893335818518,0.010238156454426273,-0.0020589835823549008,-0.001371112910445671,0.0010792368319767487,0.007880417178787624,0.007117848337328425,0.010138026449350024,0.025729339536651796,0.00267915999237589,0.002758680063494001,0.0026544677200543987,-0.006171448836380544,0.0030574638390423736,0.006335626866929678,0.018404888210315162,0.0018454881299063697
2020-01-09,0.012999999817176144,0.0026437609657787853,-0.003920053720657735,0.0021966081961577455,0.0018861504179374933,0.011044424930223729,0.010497874474785673,0.014310883603888325,-0.010611236502356736,-0.01068793700871895,-0.007565516946780426,0.0054212107374720375,-0.025316597532726415,0.0030629706428246806,0.004910662595934534,0.0015647361767661128,-0.004145880488384934
2020-01-10,-0.004435420291386105,-0.011645758830836073,-0.001450337276493241,-0.011369872203285447,-0.012372090026712024,0.0069727881931374025,0.006458914255341952,-0.0010994947175529957,-0.019692637655148948,-0.006077073391897891,-0.005543913164073544,-0.006269579905701095,-0.01225177758882856,-0.005927836747586568,-0.010149252230740258,-0.009842228512575657,0.0023790457988139835
2020-01-13,0.010138001959414167,0.01823035267325257,-0.0051165807337631986,0.005958363963356694,0.007352777392644283,0.006644715131917778,0.0077467285559811305,0.017655679900067556,0.02999542769592045,0.012228183066983256,0.015331091711692668,0.005425753841362235,0.012155863096383834,-0.012185768424671894,0.00506322659647962,0.013332240324479105,0.0027124834729632674
2020-01-14,-0.0010389077440711159,0.005021729831603983,0.009174146349253398,0.006611723431996452,0.007299221487824914,-0.005801915078268771,-0.0065555434798422185,-0.012843068005512825,-0.0006785911416898882,0.010067233228853834,0.00686331995828815,-0.0006277034439950979,-0.011519287985406024,-0.00026270039926745703,0.0050380226599853195,-0.011833372356395477,-0.0018596343323352693
2020-01-15,0.011341841670764685,0.005431263675303111,-0.006060461544547868,0.006841395170598785,0.0059044700889574475,0.00581478213728559,0.006018752813029549,0.00954084369139907,0.001122029429338367,0.005979960427967335,0.008180065902906097,-0.0021346924551421953,-0.015869576767662652,-0.005775667922143568,0.005889489838314832,-0.0025210721977062533,0.0010160122663003257
2020-01-16,-0.012844441833877784,0.012748511689649966,0.005543015044251698,0.03914141745666244,0.043489874270963735,0.008685234266936348,0.007615296824790452,0.002803554226595173,-0.001327218027484256,0.007265513437066273,0.008113557199583621,0.0030206111862256524,0.008818686536377962,0.00422489673736659,0.014576189012428076,0.00813520870651252,0.00964449301924164
2020-01-17,-0.011891166727238334,0.01344149470492173,-0.005443487232720701,0.009023992497894984,0.005880829626449202,0.019763079449364174,0.02024582685684906,0.0016684482743900553,0.003100807505475034,-0.0013113706212345422,0.0,0.009912086439599843,-0.013736393115782453,0.00920338296782286,0.0087178646911652,0.018567808904108363,0.0077090298170767735
2020-01-21,0.0017106306223400036,-0.004210606246580317,-0.00533512682920656,-0.00427735266645346,-0.006100714833375931,0.0027088126308871807,0.0018454343329912248,-0.0031511761441358477,-0.004592640925760727,-0.02560741322770954,-0.028168968729861077,-0.0027332700910071006,-0.01924521551269165,0.0036478017289112152,-0.0014606553902325459,0.0029228897690054545,0.0031597630586328584
2020-01-22,0.013721487147002387,0.0029598559547214798,0.0031346237245652997,-0.00026035040474592375,-0.00025582790263811717,0.0010441131041589724,0.0010926463053817503,-0.0005419172205457512,-0.035816814656217444,-0.003369174583477186,-0.0027606542125850897,-0.00996617435824998,-0.007229677669590817,0.013499238184724982,0.005607499856205456,-0.0021473945901338,0.002652769137338584
2020-01-23,0.005171429281954021,-0.03773185594321515,-0.012568599461761032,-0.039062511962722035,-0.040930768620619506,0.0004711334122322608,0.000552682106885749,-0.007048674152786538,0.07239266014766854,-0.005409178526666669,-0.0069203878273284,-0.009060202599431966,-0.037971226186809814,-0.01050162302200952,-0.0037578885553364305,-0.007993184853233082,0.0004960032131258174
2020-01-24,-0.016506218534732886,-0.023220194571885178,-0.014908519349964733,-0.023306257183435486,-0.023473200637104008,-0.013412742110185172,-0.012473818127338832,-0.008281677331741566,0.010183146937646992,-0.024472993020772216,-0.02857145704671038,-0.013333318566050023,-0.032441365156812396,-0.0033655040965252514,-0.007301098880068579,-0.02936397559350501,-0.003800775326789574
2020-01-27,-0.0011691339682761148,-0.01323169139180469,-0.029840133515113387,0.009156663741236137,0.007375213142200687,-0.02236978395703193,-0.023489720292482086,-0.01408650951062751,-0.029108722322761182,-0.017421663667560594,-0.020086150292541682,-0.010681959119570594,-0.018440778391326185,-0.006493358749551481,-0.010541826491904938,-0.01764047817693526,-0.006138347468892746
2020-01-28,-0.009403250199649604,0.0009092430161670162,0.018175013103250315,0.0068737212960297,0.00704987699716253,0.01301348636029398,0.013109950645233459,0.01358966532100081,0.01644899149380752,-0.012765947911191011,-0.010980848838445856,-0.0014310876127179295,0.006546971444641336,0.00862720821438967,0.011645327469912647,0.023563837922077058,0.01318665237451655
2020-01-29,-0.017222746358367402,-0.016348702002522697,-0.01669432752273381,-0.017203585065598603,-0.015078250835261708,0.00417881825772537,0.004274247657861441,0.024978095372785836,-0.015379297595302543,-0.009339175089323914,-0.010362728385771458,-0.00716531404470111,-0.01894805975427516,-0.03965746015662042,-0.01714437881044195,-0.000476284496406687,-0.019275300867812595
2020-01-30,0.0045645775696481206,0.018928585359755834,0.012862058419779832,0.01305925778109196,0.01230191279428583,-0.0019127554164199978,-0.0016816751654551432,-0.061371588735760096,0.013346437322401927,0.015953570798479033,0.020942401576412584,-0.0028867087921080614,-0.014413295709854501,0.0102560845771007,0.008472425924759497,0.012072087990287583,-0.002855882926529052
2020-01-31,0.049657208083041304,-0.021522253654316814,0.00362822393008444,-0.003565801800859525,0.0013503058811332735,-0.014843507974207637,-0.014763780674373006,-0.03636717062063788,-0.007620618936691748,-0.0028550208288333767,-0.002197718641422819,-0.008948548143719592,-0.0017547071414364401,0.005076035054950356,-0.02162083870902498,-0.021894380513581613,0.0013477885148889257
2020-02-03,0.02819534882075092,-0.012271323379177912,0.021762671850168003,0.013762927274320491,0.013753826869244756,0.0360538660034353,0.03477158926685764,0.011292134043404456,0.03741054242235542,0.0035790670976585393,0.0014684978374928104,0.004381745502312073,-0.03076472259467955,-0.017543788206512145,0.003409368523585421,-0.002326708255355081,-0.02338474378807953
2020-02-04,-0.0005638338499228679,0.03797448855438734,0.0241295434925346,0.015476373883831496,0.011705603749310178,-0.026158293824025902,-0.02508441490772617,0.027621453106430716,0.03075423918898257,0.00927241703470938,0.012463141982576476,0.01441060427371399,0.01481231621145307,0.01812797831703894,0.025799408843913074,0.02074790400252091,0.0041345138790955804
2020-02-05,-0.017997192899329995,0.00700098718137121,-0.023215671554231765,0.014171093448901217,0.0168284872741431,0.0008015296549472861,0.0004428056549958814,0.0013343151615878845,0.0017885172663607563,0.017667981203153493,0.020275305351964645,0.013553863074212025,0.022936856086402946,0.004783178111351871,0.003435087150053029,-0.04860945524392091,0.014410736206839303
2020-02-06,0.008387921682652566,0.00022460777023214362,0.009408057503468736,-0.037701028005509896,-0.040341167290182445,0.0193338337197555,0.020690803434011862,0.003521930305575127,-0.007357896667074981,0.023610919709736278,0.02696944490503239,-0.015173122961006702,0.007571636449526187,0.016662415776533823,0.011981647023459052,0.05780055982166066,0.00524232013321968
2020-02-07,-0.002563764038659766,0.0031385958552943016,-0.011772908557666772,-0.0035615496699364924,-0.0029642237534629468,0.002032482787440726,0.0021275887393719106,0.007019358700829814,-0.000490572463447192,-0.020352746457018678,-0.019350443425011687,-0.011097870313771074,0.0031792343305416804,0.00025996804763783743,0.03225832720560606,-0.11852199501204586,0.008411799969054057
2020-02-10,0.009767530451046058,-0.0017878561617867827,0.011133078900796178,0.011273092309651789,0.008108291613826424,0.019908731601682828,0.019978286056471894,0.003437985124972842,0.011723977615421433,-0.02493073228052889,-0.030302838327317505,0.01663584213600844,-0.014405119729337779,-0.0028606420563522805,-0.010650848562963278,-0.014209578115481292,0.005005277220119453
2020-02-11,0.0011313036081679329,0.0029110091063073718,-0.011080804467552219,-0.00462210360582771,-0.004557828844962586,7.310214677325177e-05,0.0009279189345188232,-0.02755096069443086,0.00706069066717574,0.028408992197064276,0.02688934885060723,0.003636401851288884,0.022215935160600164,-0.004434364671552671,0.1178279885803517,0.01252251702385987,-0.025730382771992688
2020-02-12,0.005763358467101742,0.027461025810851414,0.005957059838568313,0.015022959710746742,0.014543397994134954,0.006282956091893777,0.00567537827779474,0.017230573508480784,0.016912413451164454,0.02209965440342465,0.021939049351962225,0.020315737220847563,0.009150472406973309,-0.003405652726950925,0.012488141925117047,0.014503045308923657,-0.007837847815438725
2020-02-13,0.0013670046231273325,0.00108653184724683,-0.00669719033982108,0.009687781392384576,0.008760474793805262,-0.0023774515249564976,-0.00345076517826981,0.011292546250477153,0.0036577969257158838,0.0006757249064128779,-0.0027699308352076013,0.008624156413348016,-0.008784292901715895,0.007097799697583174,-0.00553997940750095,-0.01587438705387667,0.007212841395167313
2020-02-14,0.000299280357437981,0.00043446277567760205,-0.00965221812476047,-0.005596824880130358,-0.005263349786975291,0.004014099381705494,0.003528568867960047,0.004879268402949277,-0.00262187927953228,0.011478534069751412,0.013888903668267893,-0.01747778712869874,0.0,-0.0015660243365903659,0.01408456762468191,0.01087248222669257,-0.0023871581706514933
2020-02-18,0.005066389095487622,0.0013014286770989258,-0.002866503235981699,-0.002412123475776684,-0.0005293627995398564,-0.000703852226078272,0.00046757741144687337,0.01690166454534925,0.019400603171413344,-0.004005292671723559,-0.0068493572417236415,0.006014974091317127,0.0034304144933723357,0.0002612593914483874,0.03524055299631157,0.0,-0.010254545017256977
2020-02-19,0.009040265266793801,-0.0039001750469735974,0.015523910049568324,0.008329016226641395,0.006617833455664801,0.004619667293136676,0.003573622710600466,-0.0014233026855747788,-0.004100273279411981,0.008713225921129775,0.00758617643223336,0.00012685495319586515,0.01623927724330443,0.004704828843306252,0.006107272040166256,0.0009697664643886217,0.005353050833009743
2020-02-20,-0.005972884891588537,0.0010874984858535441,-0.006582030064426925,-0.026378820666388192,-0.026295217760478273,-0.005593940496430472,-0.005167695538725869,-0.01337974170920575,-0.00049201189402448,-0.004651298552131755,-0.0041066898917380135,0.0020355233868860623,-0.17886160559870168,0.004422113715991882,-0.009851657798521707,0.014003842919409148,-0.0022329091093771236
2020-02-21,-0.0071954750537094325,-0.004345697929759584,-0.009973328591550312,-0.028462461348260915,-0.028085505849127945,-0.021763403897830713,-0.022102990302429903,-0.020505299061375992,-0.015362656167881461,-0.012683415453842106,-0.01443314154626818,-0.006474093477451426,-0.03516581883518133,-0.0015536531756952243,-0.009346699570704997,0.007817263505165206,0.0018938569187780807
2020-02-24,-0.012403359202262987,-0.02662568852985636,-0.04288705274341831,-0.034647623146716766,-0.036121253287357935,-0.04277116774939982,-0.042872631073200496,-0.045008993039558076,-0.02991556919805849,-0.05138609338323885,-0.05090649811030912,-0.02593579676445612,-0.04706287623634908,-0.012970279364174275,-0.022319322570401257,-0.025941585520102062,-0.0036084228003041563
2020-02-25,-0.020257275818753695,-0.032063064827608234,-0.036237815511735216,-0.042019255751479245,-0.04266339444607481,-0.02331198098366294,-0.023622172818526188,-0.01967917486331927,-0.0233523212904293,-0.05630816419889151,-0.055106470206671476,-0.029118597353003817,-0.05829928771809978,-0.018396675053912515,-0.018574151059148614,-0.018138342623009174,-0.015002589392791754
2020-02-26,0.00019312462205789416,-0.022005954750397905,-0.03767845209023024,-0.013097851825905726,-0.012646778718629847,0.003406712781762744,0.0029936397100940315,0.002185357696650403,0.05318117624974006,-0.03851945221829056,-0.041213135108019494,-0.02175068167471539,-0.036277639419043384,-0.006693707508981905,-0.009832994936433082,-0.013517166653145507,0.0003501850691918218
2020-02-27,-0.01841386355263963,-0.027711848687324903,-0.04312578730448635,-0.04351844830346385,-0.04422082675576022,-0.05389800585449389,-0.05431260565197271,-0.03777905860170139,-0.019855457132485044,-0.03534950417401772,-0.03244123701261448,-0.03991175422341353,-0.022504309009808154,-0.03692732220771322,-0.025734280737623627,-0.014889968618217453,-0.03640190495754736
2020-02-28,-0.030242797629356333,-0.015103707999793214,-0.0033040173979718146,-0.017424805112407404,-0.019144765159451516,0.01611394213004136,0.018479864992679618,0.014334638603744843,-0.007209963306207712,0.013029269459535087,0.01257355187041842,-0.0034522900774,0.030138434335461595,-0.014273322544613443,-0.01183673724249723,-0.003338213957547631,-0.016345979676628097
2020-03-02,0.00802966795883342,0.051694284063236395,0.019804543641990024,0.04400646914813433,0.044567161551149814,0.03716804775484417,0.035146393368067796,0.02062674960286426,0.0325718686362273,0.017684866120595055,0.028973474441489566,0.015589088554239572,-0.012190025191539444,0.05565022706104594,0.034716199353352684,0.04261252380547775,0.05834583573010588
2020-03-03,-0.004224259414819742,-0.025399759600412408,-0.029421600539738968,-0.02693298962262103,-0.027917133121876492,-0.034353098243507185,-0.03505676326234508,-0.053706037632238135,-0.03222675910304107,-0.04502376040227074,-0.04746577784915029,-0.016628943367946625,-0.050596675407780234,-0.02366895663374835,-0.04201954828858723,-0.007495951777541365,-0.028262221603921445
2020-03-04,0.05617847028412237,0.025579193737041095,0.023443574724840266,-0.0013024595345523249,-0.001936094638482433,0.0336442191205093,0.032802160694453075,0.03157777413983953,0.04073006917080679,0.0008273588537093257,-0.005912137677408169,0.02587094793868805,0.0008664564472236069,0.05179066657951914,0.049681005619045315,0.07372771855999405,0.043446702415508076
2020-03-05,-0.03385359057814474,-0.040705971255431406,-0.04363145111190947,-0.050537929549357874,-0.048173163007643516,-0.04866844067931808,-0.04837872934284315,-0.034365903277822074,-0.028687607626611156,-0.06363653057332519,-0.059473596823941155,-0.04029313656548317,-0.07012963527848093,-0.026191437181694366,-0.0421063679225715,-0.018003697528426232,-0.016517466644734746
2020-03-06,-0.0166686724147056,-0.009811140112616079,0.011317737385910354,-0.020604281724940887,-0.020380497691904198,-0.015640368906899016,-0.014466456704611108,-0.022033704856687097,-0.010220519342412415,-0.006178198725552031,-0.004516233339583842,-0.03376396437678619,0.004189695694460038,-0.0040346301173495025,-0.02225700396884578,0.0035815281859197245,-0.00507334917344493
2020-03-09,-0.06746257385100907,-0.06167946734428886,-0.0947341797729645,-0.04873793897905743,-0.04715677000619678,-0.06380878682148794,-0.06170219190631543,-0.06400139469219657,-0.060926393410810076,-0.06838384442752554,-0.07985511781943655,-0.07365359719870035,-0.11126552529142186,-0.06319214398674089,-0.09230582077382365,-0.03237322719816538,-0.01828741407691281
2020-03-10,0.029252430993516043,0.03220681146227311,0.06813614620904929,0.06008107654105599,0.05931595642084386,0.053333515807038046,0.04884065302135299,0.051268601659405943,0.050910560983689734,0.06448520001290325,0.07569721597185608,0.0631107793108705,0.07094442986754901,0.03343919329320566,0.0655799328126252,0.04276433846187033,0.012358836139748641
2020-03-11,-0.05476553262505446,-0.030434790300566394,-0.053382422760927306,-0.04311537892780404,-0.045688850770111866,-0.050750249746403964,-0.050401223360394876,-0.04461548880790278,-0.039024460766591496,-0.06419532445151943,-0.06574062263110836,-0.030539024079744403,-0.03555789058735348,-0.037099115309740194,0.017298053095607058,0.0025263414884868496,-0.029900619764264502
2020-03-12,-0.05128145049275412,-0.07834323158987822,-0.12984563578146757,-0.07122096491688579,-0.056155702121519324,-0.08268815424581277,-0.08204636550677102,-0.0926338500610232,-0.09907981549650968,-0.08985503316584753,-0.08622408518293634,-0.09112816193187168,-0.18484854698517938,-0.09240998433411807,-0.11208759956605652,-0.08979422232151224,-0.06620478364344617
2020-03-13,0.0623333334047127,0.12564385659574517,0.11665419607540639,-0.00704223973565421,-0.0026694490183590824,0.09401657917383766,0.09241158765624502,0.10234991337011912,0.06677244964493667,0.12632717630765566,0.13557512466006671,0.11246664542290197,0.03144657559822717,0.10022325664320642,0.11242801177652706,0.0762274094657156,0.05800774610167303
2020-03-16,-0.1432880881129468,-0.08365123358614601,-0.07325390392007314,-0.08628841024993994,-0.08183571240481369,-0.11100810494757929,-0.11634152962831878,-0.14252989312825293,-0.11138864617725486,-0.031102958002238834,-0.031519023526623835,-0.0902876013211994,-0.17012208047120958,-0.0771684592837577,-0.10375918172847431,-0.07382953530760317,-0.05870410682886695
2020-03-17,0.010048582172921261,0.060488390978748585,-0.015577452531108316,0.025873439743562487,0.0470638369319909,0.03271142676085215,0.04199445298586468,0.02335442105850194,0.06997053770648298,0.04280151553450362,0.07297872537805428,0.03983913449914134,-0.06392339132550828,0.060672745662243344,0.02378153898481794,0.07832607089297405,0.06511108039811919
2020-03-18,-0.029260598243006752,-0.06645735163045119,-0.05057204110302893,-0.10004210740323516,-0.11137626339202134,-0.020539380103946958,-0.024032716419374545,-0.016463441770308562,-0.013385441480963878,-0.1455221691461236,-0.09191184502624772,-0.05847740635586096,-0.04160117093933535,-0.026378452965024834,-0.05143575093672892,-0.08457112021022462,0.00018415179948494398
2020-03-19,0.030247454595382584,0.007287037431958465,0.0690316903077759,0.024754702797602945,0.021485968801094435,0.016858048305428364,0.018768485799179446,0.041984089584827355,0.05249304794508536,0.01746697795679708,-0.021255127252505224,-0.021238586604800824,0.033578735414796945,-0.051750214164052344,0.06902565130191274,-0.002438586846114088,-0.012886813344856751
2020-03-20,-0.054342811489938914,-0.07150796446161622,-0.09428005800089867,-0.0861441396104945,-0.08019274720598069,-0.038528107677502255,-0.0390944367967464,-0.022203185772816214,0.0024094760469566268,-0.06545047862761821,-0.0672181914261124,-0.09719204606246501,-0.05150531898831778,-0.08667745947212435,-0.06167390336542855,-0.05838660256521533,-0.03394244617353259
2020-03-23,0.027118607051998866,0.02397341582919288,-0.002558810590084115,-0.01196994801574447,-0.03763688285822708,-0.014641136586351022,-0.013180870566618319,-0.010886387014836463,0.08244447325075854,-0.06544210523143701,-0.08758307533400866,-0.024439307512254538,-0.05764420565082273,-0.05905104282646734,0.015425811134047951,0.09655514749489624,-0.028764509731799337
2020-03-24,0.09853841279656783,0.013754996779070217,0.14412316368649858,0.0928824392120744,0.1034652326589407,0.07366890525113945,0.07198349434042717,0.08696829803507611,-0.008188358179813338,0.06265344693762809,0.05467796652247503,0.06583844231495295,0.3076240968848942,0.04930909511375714,0.03896982036547625,0.021853956770608418,-0.006360605072744829
2020-03-25,0.0032665596974845723,-0.030889279094680755,0.02660019858303686,0.07806001171904531,0.08299693554666421,-0.02818084577431912,-0.025123612494731384,-0.02963115741249378,-0.041783278169397864,-0.004624177884380853,0.004608159606279472,0.013208951948156189,-0.0006779050774713413,0.011036042902103693,0.0066114129128995724,-0.02227766862239866,-0.0010005520518299171
2020-03-26,0.0793783427671626,0.09442940971886471,0.045964348181357195,0.05398455425122517,0.03438253462839702,0.05375114303418038,0.05564533049626963,0.04564378524003132,0.060165351463776995,0.06387941121984042,0.05045874858573107,0.08032987250318668,-0.050881968645218545,0.07746473272473531,0.06896545782745434,0.050401009093804294,0.07208662856429782
2020-03-27,-0.03186031836733216,-0.059063657819886095,-0.08504169074973444,-0.1040650267326021,-0.09851811740621141,-0.043933752556280625,-0.04528262198911992,-0.040100400840034855,-0.01617118899403236,-0.08078630220564276,-0.06877729522850418,-0.07755109894586776,-0.08577553256660075,-0.024836717679561415,-0.03438476972034632,-0.03080262951633672,-0.014381641462532624
2020-03-30,0.025198968079738426,0.026612906741307896,0.03526964281895273,0.0784936446940585,0.07996435496352894,0.032510728103432474,0.03246982756916306,0.05842219192119802,0.038754446714571955,0.05225666634354886,0.03399769815033826,0.05656000679315221,0.10164187276326508,0.013069800801858156,0.017131397468039822,0.06096692367094514,0.03790043715848146
2020-03-31,-0.03209991849657834,-0.02495759699161737,-0.03206418561391844,-0.0374420481156319,-0.02797188971995046,0.013942859506770766,0.01364382563558375,0.005122054246043062,0.012238477395327685,0.014672767377928997,0.018140516756560476,-0.00036401800399676887,-0.005677826348261972,-0.03572607327197841,0.009384140216091685,0.0008437977581516876,-0.018988695607667472
2020-04-01,-0.02814512353145826,-0.05700985607964826,-0.01739116338905833,-0.05747386489244399,-0.05459153920037707,-0.049182623227782885,-0.05150833660671095,-0.04316559044842738,-0.03041273806174971,-0.044493925934377065,-0.037861653468665435,-0.05883430397911604,-0.0877943812655455,-0.03773582363096617,0.014660057104262547,-0.01922265211672114,-0.0150753434595009
2020-04-02,0.027427316266049884,0.06014803639192645,0.021597107773728474,0.012751989480312087,0.014771557185629725,0.013766116521694238,0.013546942016164243,-0.008834552057415457,0.016479852189914768,-0.04889400163990898,-0.05092594543742357,0.008515923751400312,-0.0015648912165449058,0.02531167570895998,-0.00845715063472463,0.027336029013341534,0.044029009095099214
2020-04-03,-0.004269420771944921,-0.012219921306097725,-0.03186567059413714,-0.011446800955331904,-0.016321181687657393,-0.020484660760211937,-0.021781025444993607,-0.025349198439645115,-0.02248164573761069,0.0085678686914612,-0.002439322538005606,-0.04835935312666095,-0.025862263371422056,-0.04520161807466483,-0.02878828251052823,-0.008534886237373085,-0.0099550192217428
2020-04-06,0.05935915335315589,0.06715738380874892,0.06071583516281609,0.13246888960473635,0.12376697185985575,0.08110184745641802,0.08281324726065376,0.07374489111936833,0.050309590912297475,0.08980571551505823,0.09168730270105607,0.08287951122076587,0.1214802709258469,0.07210508747073119,0.050133976934199076,0.023630712315287905,0.03656308212263393
2020-04-07,-0.016973099771863565,0.01959748855796417,0.016670007932906294,0.021267706212762416,0.017158930594663113,-0.0003455272775454432,-0.0005322830967536829,0.019812759395851476,-0.020212595388770183,0.0022272358386663527,-0.01567765332103399,0.010428173167605248,0.05380211312102667,0.021739231956436234,0.004879070867276347,-0.010141012017884532,0.004938119376229011
2020-04-08,0.02696179895026285,0.02003222681640282,-0.001679097517146233,0.0340408105332588,0.03177697787409639,0.02003348846000863,0.020666800443325695,0.032280810778432034,-0.0031159645200780073,0.01555544313759194,0.018202315509717293,0.007556277062018557,0.07556161271317374,0.016960055662486706,0.003929884093045288,-0.007995994536016404,0.014391300968864318
2020-04-09,0.00584144594106939,0.008492551437991658,0.03393685432618532,-0.006971165239417876,-0.011787133400727123,0.0009668117510039931,-0.0003560656809730167,0.005221518176790285,-0.0010778431788541765,0.060175139294764035,0.06033541915980556,0.038961121019340794,0.04810101481723161,0.028102830527153122,-0.010938409326358367,0.002518917343420357,0.004458947453439777
2020-04-13,0.0065575121347001275,-0.021315893108043826,-0.009569258734665964,-0.00936043618993554,0.0,0.005043570039436673,0.0031824970831153543,-0.002283042234611954,0.07013385809432648,-0.011352028418201487,-0.01053747226434043,-0.0184859553465907,-0.030193209976184354,-0.017572341593095953,0.0031431424511989547,0.00502511278436657,-0.013404987418246472
2020-04-14,0.04230358654627708,0.03576215995605603,0.024444446302906542,0.02401572676881414,0.0200078208854626,0.04243729784146,0.04529045196150405,0.019337366156359614,0.04242283272035552,0.009394844269133396,0.0021300247967890318,-0.0028697344348941334,0.013076243741222182,0.03113653937251426,0.04003731122992771,0.023166656494140625,0.025939628365108547
2020-04-15,0.013787609328628214,-0.03530615902885692,-0.02508726068249456,-0.032295126182706135,-0.030554485418745614,-0.005325984124111005,-0.006267552330248227,-0.006735002444512972,0.0319187452408527,-0.05687690152458125,-0.05100946617058111,-0.065299736978648,-0.06576522950640451,-0.03340876209940613,-0.012051056813288885,0.005864157255754288,-0.020811883338890724
2020-04-16,6.04424138743731e-05,0.018030192815281287,-0.013059995761437126,-0.0015893833268892932,-0.006225582700241095,0.0007919626587959971,0.00010340382987439334,-0.004068645708173335,0.02910370479293145,-0.046052734261064265,-0.05487144682201117,0.0204003205459955,-0.037500058474266074,0.0023262786639988153,0.019538948708367698,0.0268825886220585,0.012822853099128784
2020-04-17,0.006185166286828858,0.006608338095067889,0.045187241153369806,0.04377243592960944,0.05227075128036884,0.015655309616133817,0.017153950729616785,0.016964727769520183,-0.036910499108019024,0.05402280258046788,0.054502456994727666,0.029234350042330215,0.07997267656856288,0.03547731224650574,0.007976487433481116,-0.01876673442000565,0.01387421567085001
2020-04-20,-0.0015017419803672327,-0.022846465025903928,-0.04098277181241339,-0.020587072539267837,-0.030325669219281592,-0.01296693307530905,-0.01395620438307843,-0.005579068013532362,0.03435310823048687,-0.01635739110053913,-0.014606626647058474,-0.011911427942692177,-0.01772140060529015,-0.008005031604226387,-0.01153987795633482,0.00731272914546377,-0.005644702330290796
2020-04-21,-0.015822115699725914,-0.040311937857807845,-0.01681994320172897,-0.0249124742689526,-0.019953680871474977,-0.039688696457764516,-0.03884561282587817,-0.04174160903800894,-0.008365931211109956,-0.04434604938177644,-0.03762847015903126,-0.047848600958660836,-0.02384041988197083,-0.0358294957781059,-0.03024224684220489,0.0030315507573854816,-0.02253562329346681
2020-04-22,0.010799111223259494,0.0005602423029058556,0.004475739505480414,-0.018363264515998012,-0.030148986837431724,0.0385334875260428,0.0381551660532784,0.06721320664867347,-0.028605701443813247,0.00348014446183198,0.0,-0.0126605427770492,-0.014521393235929048,-0.013391194130328299,0.033707783506743194,0.013600565010868149,0.020591401655137398
2020-04-23,0.006128061254652151,0.010075761067726452,9.903328398808142e-05,-0.0056932468234282,0.003633527406929682,0.010370574142142486,0.010139693604617861,0.01563522717993293,0.012529065999280276,0.019653164484278562,0.02843620780973599,0.015781840642441924,0.03951791492452594,0.001017969784557371,0.0019963316482600746,-0.022677333131543076,-0.006897821129957626
2020-04-24,0.018893237634303173,0.02964787272590752,0.0018812123403042502,0.0028628374705561566,-0.001005631301965848,0.0023505469020790315,0.004271702115335341,0.02668390223915007,-0.004007443800486454,0.019274591187957046,0.0172809772444662,0.010487495463462837,0.007087491183318972,0.007118542031203212,0.005092134504118606,0.026736203292394567,0.005903708726322288
2020-04-27,-0.0002162724495182733,0.028256003189468304,0.048127273516219926,0.06076674219590261,0.062613015931962,-0.0026812609909395713,-0.004496308581695363,-0.013521387645749394,-0.008494318839715964,0.06785309949043472,0.07134791187990941,0.04439771467773679,0.08637226506806162,0.02793681926316527,0.0012113076590665184,-0.015248647091991252,-0.0020715281375339734
2020-04-28,-0.022185506107176955,-0.0034021903672096787,0.001414413514741808,0.036908887393592105,0.028420091057518748,-0.03308306023377694,-0.03011350509963273,-0.02447986545638048,-0.04164889287054108,0.03229165067386397,0.03699789193842862,0.03974979752960062,0.027679751866309,0.0036013840736517366,-0.03266953391110716,-0.04303976936242848,0.00034614658667631026
2020-04-29,-0.005008428304838608,0.024159610649389984,0.056868331051172616,0.03633672617827388,0.045320579521112236,0.08738956885335525,0.08891038277268892,0.061669511525063836,0.019958887834787387,0.09081732577889023,0.0703362523852431,0.08601776731707966,0.08825222612876504,0.02544932460037508,0.015578526102371093,0.005559689296062764,0.005014618247497493
2020-04-30,0.001132062877054807,-0.03512808032382675,-0.036525503401011905,-0.08550993603129065,-0.08812115866129921,0.005352373793967802,0.0033677642390583795,0.054173903048990724,0.019325583292868487,-0.05457917420653591,-0.05619058600789317,-0.07056739476828011,-0.09110062050461776,-0.030544414839897338,-0.01690700875646456,-0.0010727616198266121,-0.011527785422029702
2020-05-01,0.029097597767569816,-0.017273338914502778,-0.02450308796970191,-0.021126637642916557,-0.017008287415145373,-0.02079834876851472,-0.021816649915247788,-0.011919312668709825,-0.010908662056623775,-0.05088061713777037,-0.04339059929206868,-0.019989341328598753,-0.04635014523926939,-0.0187066589566236,-0.018223635370465674,0.013217665706600323,-0.010792109257616644
2020-05-04,0.011949544080665397,-0.02055163205874333,-0.02199040337394531,-0.015587580829886094,-0.017105598012051915,0.004687326501152889,0.0042359453729678975,0.014782003798464505,0.03101592183907953,0.02164959054141624,0.01687789239043247,-0.028985732423954857,-0.021870925462279533,-0.0100340055169027,0.032018890033656655,0.018426433820741606,-0.010381773280488171
2020-05-05,-0.004440265476252425,-0.004693481014343748,-0.020546762594317314,-0.03166863237791362,-0.035807363269648396,0.018322141706073714,0.019744563220806643,0.008818268747145197,-0.008104639336689035,-0.010090802656693598,-0.009336113843530724,-0.0009213425256595631,-0.05217397244941213,0.004730160969536046,0.00011220791441024502,0.0029620935580816354,0.004800777083426189
2020-05-06,-0.01846371716510342,-0.025243011276867122,-0.0017809750318559248,0.031865702966606735,0.029460730572961724,-0.0028199111377426034,-0.0026611165933322356,0.006761020537068285,0.02255816654511822,0.01834874092179617,0.012565393788328771,0.002213455900596406,-0.024901936530108637,-0.03194348232483657,-0.02675055822585637,0.0195562308549575,-0.015395456916732053
2020-05-07,0.020418304467407555,0.012521486074676735,0.04649085201572656,0.016253721000760724,0.017734711935343483,0.018748760977992163,0.017726669931191985,0.013383090561211564,0.005227310759570614,-0.006006279425332495,-0.002068243997772501,-0.013065995594166435,0.10349473535195419,0.0034734005589356354,0.1004735246799684,0.008220428989022421,-0.0010783437593089307
2020-05-08,0.002002973839329014,0.026700424714262816,0.03400583582020689,0.028788339655044126,0.029702962986238868,0.011518369261604766,0.01099871787184492,0.0051597090802792955,-0.0022449676546388853,0.13293060358731812,0.13264226622662045,0.027596631598006738,0.10109633529370643,0.031152533122463355,0.03389645394765051,0.008308800546368511,0.0255487498185909
2020-05-11,-0.008810818980691137,-0.010128769102725643,-0.012733689029280182,-0.010882000815436998,-0.012692256852453787,0.010724974504762175,0.013905246038231622,0.003908396884590548,0.01141081000504296,-0.023999975592089218,-0.021042688746774285,-0.027399610789458073,-0.0022120058635330953,-0.013763047986777077,-0.01827037149312838,0.021101194498140297,-0.010526439242411922
2020-05-12,-0.01724947669468946,-0.022400486872372394,-0.02978557705274998,-0.022004016532727655,-0.012271226895112841,-0.01961138369573079,-0.02024087066297431,-0.014447760124956077,-0.019749363675874765,-0.016393456188099176,-0.01028056739838612,-0.03246281117787364,0.01164054642016854,-0.0166778625810593,-0.02181547935342032,-0.00731579491284684,-0.016666403815385977
2020-05-13,-0.00723209398876723,-0.010749535320179526,-0.015684741327635865,-0.033346793502164185,-0.03293209257210017,-0.019197096105841638,-0.01952488224773341,-0.023798153920815635,0.014936790088818874,0.012037104286330758,0.0018886621530691539,-0.05399147355517109,-0.07671259596014512,-0.027691354599945095,-0.01934263881315823,-0.0018233569615416778,-0.010999140203424407
2020-05-14,-0.0017258385964877831,0.02259093848347904,0.0290516952690274,0.044056375968260175,0.05097851524547359,0.005039727753331391,0.006326314199665006,0.008337170271887961,0.008396651227240648,0.006404299051643969,0.011310039001416472,0.024051977485993303,0.018397687039404254,0.017444114632733765,0.022957505147620516,0.0011416797907577436,0.0010940765855624868
2020-05-15,0.011961266037771257,0.004474160532078164,0.029647864003797597,0.015127414569371611,0.011253248370920899,0.012579756466982284,0.01193949433143926,0.019680082182198744,0.027695418755277146,0.0009091171899413553,0.013047478016416925,0.013137233911806545,0.008158551396795444,-0.009447163970642491,0.025392470946028256,0.007678814842313475,-0.003642567378642325
2020-05-18,0.028605977393022064,0.060411805620137926,0.0715266607722691,0.05313736865496077,0.05410620807327127,0.007828467826724639,0.00882723225213966,0.010954147559201877,-0.003544756657767767,0.02452331891124948,0.026678966913279645,0.044597054310577366,0.1011560231478208,0.04026848594831334,0.04706129414910443,0.02255926999112723,0.018460988182374294
2020-05-19,0.005117952309850571,0.003150451709086788,-0.021223670753668156,0.0031651654798847684,0.003640258235036997,-0.007554518581555758,-0.0077823936771137525,0.017308452652260664,-0.0034026985413911914,0.0,-0.005376232011628734,-0.016550720876684855,0.030971492677648982,-0.016638672821294165,-0.03238480609323613,0.04950938371064306,-0.02404873382811068
2020-05-20,-0.014679914327488053,0.025124396037981,0.04852668517718883,0.015961388139384747,0.00870505178834069,0.024197544100392765,0.025290822491385923,0.060355856660864404,-0.007471661046759892,0.03280128681351746,0.03153135667200657,0.00286841382119829,-0.0005094584127841584,0.021754167444207884,-0.004665307881267289,0.03233964192266314,-0.002206658663634564
2020-05-21,0.008112391339149205,-0.005616669731861701,-0.017428245513835372,-0.005115281984908515,-0.0068319392844963245,-0.0027867265095653515,-0.0017102059560204497,0.006174718199960294,-0.02550982497401022,-0.008583678714249698,-0.006113292238831725,-0.011059970990779933,0.010698080605186844,0.006083244625429529,-0.03821052886332388,-0.05890761449339754,-0.005344552039177275
2020-05-22,-0.007853600638403901,-0.005391291635132633,0.0016124463091107266,0.005141582629909269,0.006517044407481132,0.005432118069262026,0.004613476273863437,0.01521250879602043,-0.015885405007611042,0.006926431899030749,0.012302144435939466,-0.0015425421638830539,-0.012600790363324066,0.0036951141462790993,0.014938023185729898,0.016788421915061358,0.0024082976633801323
2020-05-26,-0.005946613697340397,0.020134183965526242,0.02482630183033563,0.04457430945673635,0.044244394085347194,0.004679466177402114,0.005752679053743215,-0.011536299674347328,-0.03389075848430734,0.03181414863754961,0.031249961586732322,0.04461150095596533,0.03981604517543924,0.03145912418585439,-0.002401124383218378,-0.07337554595158824,0.0036972087728135428
2020-05-27,0.029930330617567114,0.010374599784962024,0.004795311372546074,0.024833782981074748,0.021357255830934063,0.000578730375996539,-0.0007668560397933177,-0.013178331573305613,0.012344123446936806,0.025000134602455093,0.017676909793601814,0.06877441628860703,0.0805105087907323,0.03341977227816173,0.017055708732668373,0.03317978053360515,0.01546946946702521
2020-05-28,0.01820570513850228,-0.009516676789570244,-0.03933180466171893,-0.02184298413128949,-0.024283202322197384,-0.0007830720847838979,-0.0014363013423772664,-0.016059913228330003,-0.015361086652292966,-0.022764062692234188,-0.017369864269777824,-0.04566685325630737,-0.03680147507554221,-0.024803675055931396,0.020781920148013944,-0.003345204682946301,0.010518714649180305
2020-05-29,0.017450048418767405,0.001264276167761258,0.004710959680774174,0.004187011912325289,0.008295826723400568,0.008604560946789741,0.010773797712102073,-0.0016412095644168234,0.01521376199220481,0.019966538086086283,0.03114461394428991,-0.006887869372060873,-0.021697838915535672,-0.006439284149964419,0.008264482192487987,0.015663390243935815,0.029791842311108763
2020-06-01,-0.00496325773351336,0.014646267433745308,0.012531874740554505,0.0125087342593182,0.012684304023323323,0.0020294921526555765,0.0009417417128287919,0.030299010092603496,0.014747563612370174,-0.0016312860423144393,-0.00489777523904078,0.014418823725556473,0.03809053120890615,0.0022684213386949814,-0.0033987853918160393,0.0003672104900507289,-0.027884128780205297
2020-06-02,0.007241793827003518,0.014932705332028728,-0.00016828326817763806,-0.009265667037381076,-0.008124588477633199,0.005168181874904976,0.00518522693419432,0.0034926640183456925,0.003263522305885669,0.006535805938260308,0.00492188150842221,-0.005757714026458416,0.014398351678689636,0.001939836405723483,0.007121678104206053,-0.011892490843270487,0.01111491777070528
2020-06-03,0.0038150053219094815,0.012751242966015486,0.02888419088973082,0.04676139608278573,0.050170676697045336,-0.001973228014593542,-0.002121598060497276,-0.011000298899956906,-0.012496791774444405,0.052759791406622236,0.05387767443653946,0.033840291770242725,0.04029277382864627,0.016779634640313734,0.007967150378614951,-0.039375949564829815,0.007624189148695892
2020-06-04,-0.013283315655478911,-0.0002419984795458685,0.012358768955991417,-0.009100030381725244,-0.007799950704553971,-0.016847904416621873,-0.017335412528255323,-0.01681455760456807,-0.018105551683332277,-0.01002310839650733,-0.009295161633285809,0.012777757249821109,0.06162015789468023,0.00920351888897808,-0.010275580235158288,-0.013225109617226227,0.006862658270979871
2020-06-05,-0.01723989054066455,0.019375502304059822,0.009135785739982749,0.010185436204707354,0.010481600472917796,0.01856004568921965,0.018185701531652887,0.019797781667298286,0.012719340726601747,0.01557645894464299,0.01329185884914863,0.0504665989388422,0.02902152358116239,0.03050296620569548,0.009583535899148288,0.010345696074189448,0.009087876442806397
2020-06-08,0.01816403222148577,0.024471170062041914,0.01970824303359464,0.04727267765159149,0.052836317368429864,0.005714600244629997,0.005569212735625495,0.0027299064193122557,-0.00026210134548998454,0.029140857438612278,0.030864147909026807,0.05133263844296154,0.1486703767213733,0.014037341474073095,0.03292813574674569,0.04569078599273735,0.006061462574111776
2020-06-09,-0.016266892933652244,-0.022495475597598458,-0.02663401147568445,-0.04261361804227071,-0.051416279996810976,0.006601572690343893,0.002790193887040493,0.03141758114273285,0.034708751614919375,-0.037257774815253275,-0.03592822395535933,-0.05571176954152879,-0.0873378638892558,-0.01835718180701984,-0.012157869327139914,-0.002893170480854468,-0.003959310499819457
2020-06-10,0.0042139138843639845,-0.01874270942808376,-0.013802614958858372,-0.019782216763325033,-0.02174622108955071,0.00665464366874291,0.008690891388680955,-0.00812850198419035,0.0009907403175852814,-0.037151682949968956,-0.038043365159496356,-0.03679172950976939,-0.077632611910467,-0.014714926970741615,0.025196266147307966,0.021575729614401462,0.0032837360915061176
2020-06-11,-0.031172167483826452,-0.05101531671892667,-0.07808145977919301,-0.07097209141236849,-0.06901136173685063,-0.04230312976706985,-0.042875816223605256,-0.05195788724076977,-0.020530336666686244,-0.08038598334067482,-0.0790961272954549,-0.05254903139110212,-0.017083093732961574,-0.061294172595277696,-0.04631824492505454,-0.0174058657937749,-0.027562579130135045
2020-06-12,0.010441488470920302,0.005350271168661935,0.025301818061915116,0.01194776253353047,0.008196971235038486,0.0066531466335479905,0.007860990283476754,0.018491369841319827,-0.017600351386722557,0.02709807110487117,0.027169173254263823,0.010651843175399023,-0.019271966155940734,0.010937989498629452,0.014074717705937045,-0.006818842139274972,0.001417258887620676
2020-06-15,0.0066020096038361675,0.009376747266589991,0.013767267168952602,0.03255817179918319,0.03534794642766914,0.004719702471595477,0.005534628715113898,0.017149439235438324,0.017772144488219954,0.007659709667680259,0.005972715170632581,0.023442020514666595,0.08689957996926001,0.0,0.02316480463073356,0.02350741713794302,-0.006722183498740986
2020-06-16,0.012223855437120346,-0.0020087325050103244,0.01161610309629224,-0.029106257082443854,-0.03345847062329088,0.016107496132491184,0.018110206254946082,0.013548297356261285,0.024982367671018357,0.023648646056181555,0.012722551569199325,0.0007099163641366424,-0.028123887976319484,0.009180218488180625,-0.01709980086080809,-0.010791073958458242,0.013713347324838088
2020-06-17,0.0033429772202289154,-0.013333272409364105,-0.006670093973675462,-0.009279044305980144,-0.008477509486085166,0.00582247240531375,0.004196488882967753,-0.0005091735835127675,0.026689324112914248,0.02145209532084147,0.030150803149435523,-0.01721058203409709,-0.036792162478547996,-0.016893932148188462,-0.002526872340968156,0.02395518569958921,-0.004743521663240546
2020-06-18,0.0016472397936939664,0.00560957189371436,0.006119816208206119,0.032420837798030844,0.033131403988530206,-0.010447273706533977,-0.012681188045732816,0.001740764166451969,0.004689887274022864,-0.03231021077159246,-0.03008130295242506,0.0005416339101198542,0.051502205882144825,0.0029742444396780865,0.036636495058314233,0.01677225641927449,0.004236668275174216
2020-06-19,0.002915283962733106,-0.008620893520542183,-0.03396117668527032,-0.029309083386277135,-0.023448299410745888,-0.002952777549236507,-0.0066104851333901316,0.0120792314072804,0.008558075453113378,-0.008347317436875223,-0.005867664317407817,-0.03771194699723257,-0.033061261094818994,-0.0013179594373528003,0.004793812874012149,0.009628322905143705,-0.012831964716030098
2020-06-22,-0.016770082707433076,-0.01687954815453019,0.013729661547926097,-0.007907913713919745,-0.007415165047587768,0.014066988693347549,0.01826444767235036,0.0018007992206849899,0.03156129671452779,0.00925935682463308,0.008431925979718535,-0.010688381817741899,-0.008442266629567152,-0.006598493733852795,-0.002806343671299838,-0.010307841065926082,-0.008902993766920608
2020-06-23,-0.012564680761727898,0.019771053927092996,0.005779893619165977,0.007608679559852227,0.005336177801255726,0.008644193976149905,0.009181801452688765,0.012624245160300696,-0.003803123676584308,0.006672082197520135,0.003344467745794333,0.025397886129064018,0.009365822015486858,0.004649721747755464,0.005253245594820655,0.015799884775276718,-0.012935475481953618
2020-06-24,-0.025046039350715477,-0.016326872048042618,-0.03876838070161903,-0.02876677023331653,-0.0311393670174277,-0.022152368069791928,-0.021366171494613506,-0.03393313771244033,-0.01803713836013343,-0.031482755886571234,-0.02750009714385271,-0.03049880137055372,-0.00548295443740654,-0.027438108933656613,0.011851391257277744,-0.02441236046035422,-0.01838389831360676
2020-06-25,0.00399613933014753,0.0002595126801256953,-0.006335281658766956,-0.00962601986967715,-0.01643550012340278,0.006536542496346831,0.005862803789765225,0.0070933620149615795,0.017604013509785688,0.006843306722009057,0.007712181189974521,0.006672905179370581,-0.025869622601559783,0.010197195042400464,0.01623178761830002,0.003789224263951896,0.00648968881271661
2020-06-26,-0.015195482857422338,0.0020740355340220784,-0.020294635702004182,-0.037383050833719844,-0.04567391496326212,-0.05649627370028354,-0.054513830507380345,-0.0831637501494017,-0.048314040691359916,-0.01954134076036884,-0.02380959753227352,-0.00037889168118465655,-0.02829768546166811,-0.021534356477002303,-0.045285683836196466,0.005555547102601421,-0.020633631061858115
2020-06-29,0.01383720381279252,0.007503516251215148,0.02218156904699553,0.04038839834341612,0.04669251510590877,0.025788398890381536,0.02541566369396331,0.02110339097222469,0.008660326331261903,0.016464598226974214,0.01480825829789345,0.028609389882606973,0.03270616148816896,0.02854178772487126,0.0072246168763199226,-0.024011896624995144,0.02878099943130996
2020-06-30,0.0016103203374828734,0.006974769242638512,-8.961174125488025e-05,0.0018661824029295726,-0.00297400804148118,0.0133621942831601,0.014944461429278855,0.02914255265178123,0.01744035889065687,0.01875543864000595,0.01802572327501606,0.005710198699570235,0.011713582446505999,0.010698847197530226,-0.017082020369141748,0.012918311378313119,0.008045522770578017
2020-07-01,0.023272614698350624,0.018471307916725577,0.013451645546038504,0.002794408914083668,0.004101478138735404,0.017282190236811212,0.01688958574940047,0.046153203725369796,0.06724677940019963,0.01422592763739794,0.01855001541520629,-0.001098941486839644,0.012007188656974588,-0.01091602633279476,0.019011140559031192,0.03252843052151233,-0.008343981859741278
2020-07-02,-0.008085629553502227,-0.01133528382276261,-0.007344444767063973,-0.013561234847801251,-0.013739213942034811,0.018539161622435962,0.01936885743332617,-0.017385972874486844,-0.01801746179980912,-0.0016502957296963272,-0.004139348579269675,0.0012835089024947344,-0.014830582122761893,0.00601965877154087,-0.0011307724417237708,0.0020123050787912433,0.0021949532849872
2020-07-06,0.016612211063339766,0.027515806254170494,0.020057063192136626,-0.00075334647907499,-0.002259097872428062,0.021164701667148123,0.020218749138724235,0.029389130194801716,0.03547990882610197,0.009090921226366122,0.011637695394444592,0.011902411225775511,0.018924431966690802,0.013630680189099076,0.007263423462810614,0.008864257849030555,0.008213148398425574
2020-07-07,0.003287240069421049,-0.0064466156205739145,-0.006991237349368795,-0.028646862673942897,-0.030566093106181413,-0.007033496981745491,-0.006488132515882428,0.002413851200935735,-0.0013162679173387426,-0.014742026727514457,-0.013968677814403474,0.008143365539820202,-0.031236535075857552,-0.005575748863009267,-0.009177702476095728,0.010914412936705364,-0.003620507595164857
2020-07-08,0.0005491799867762825,-0.008235932484279007,0.02666554666029186,-0.014745611087227828,-0.015180856439992008,0.007285247560374408,0.009181475102824521,0.01129292114632352,0.01950681216909733,-0.01246885220534022,-0.012500159096765273,-0.03787457204083888,-0.0013074781752346887,0.0046176436725262615,0.00765583914728829,0.0037346576750296734,0.006177227611263936
2020-07-09,0.003558526038689891,-0.011323327872798994,0.0012857615499828334,-0.03698323056290698,-0.03675891399365583,0.010019877072072747,0.01001607604382615,0.0037768502449113672,0.009904950472212848,-0.012626202542014853,-0.010126542085223678,-0.03619412017473167,-0.035776399613547616,-0.007776815421397298,-0.0041271475144010195,0.0198889665603168,-0.015064538507720271
2020-07-10,0.014579642077661159,0.031051221816301267,0.02165904084316117,0.0384035166745067,0.03898234342551654,0.020350965542621502,0.013400107679617745,0.0023314563786356324,0.08068772733720064,0.02131288500794759,0.019607980090560417,0.041812008914620336,0.03755626423400038,0.019972647532893406,0.008288729637361048,0.02089419786447788,0.010196768295375636
2020-07-13,-0.007696225730235984,0.0007404793830037004,-0.026143682247865008,-0.013391261493470252,-0.014218070744106304,-0.019717871949676447,-0.017400885157881296,-0.024768458151373518,-0.042334150038499385,-0.0016695814611319415,-0.002508477666717468,0.013191988604510874,0.034016901261465504,-0.012279815006225214,-0.023633965971544435,-0.0460658577687767,-0.0007339373008994343
2020-07-14,0.017179329324545023,0.015787010477005925,0.02099462955478848,0.003193578654014706,0.0028044533291327056,0.00611387286960241,0.005706757185956812,0.003054340717039805,-0.0011798339782749245,0.035117229483036194,0.04191123393147489,0.006051763360584328,0.022775035233782326,0.0067205033022021965,0.008323768915475593,0.02881075818364498,0.01818170142452291
2020-07-15,0.016686614522331222,0.018941120746771123,0.018877398767342957,0.04456826823389681,0.041150478659851775,-0.004564124860258145,-0.00261679191196984,0.002294246136505862,-0.0030863959758751225,0.027463626152067766,0.01769887956435734,0.02497253776635433,0.02886594946059895,0.0016686907830143483,-0.004459677696274311,0.0015226462952155906,-0.0068543071940563305
2020-07-16,0.010905634725366653,0.004289926807128808,-0.012158783318506727,0.0055239838697829224,0.004221330201935158,0.0028805147111201634,-0.0012923310520362996,0.002705076454636801,0.007892791304070723,0.0055030651022625054,0.00869589830736417,0.0003556951338357095,0.022043877068607998,0.012662810397239044,-0.004098180429609188,-0.006411959469395989,0.013076787365347009
2020-07-17,0.011880980412487974,0.0009492320102757468,-0.006530994981839178,-0.04300073873519661,-0.03400848917978272,-0.0016139994410971914,0.0012740736884362391,0.004565766614856859,-0.06522684787763111,0.00078188341554708,0.004702095705617859,-0.009955838136307404,-0.012156475965770186,-0.004607000473038303,0.008230396423030584,0.0017963161256502325,0.009322194014900198
2020-07-20,0.0015053955681680886,-0.005452936907415551,-0.007248207346838842,-0.017418782008259193,-0.02056974563566094,0.033103482060786726,0.030978785079016857,0.014006652420565313,0.01910791997515826,-0.005468671254612034,-0.012480449000768834,-0.030885041812703906,-0.028582971355298303,-0.01322328439492837,0.007498810471265216,0.027360838538240895,-0.007637630183239041
2020-07-21,-0.0014677319154575708,0.014779329087092341,0.007046401984680761,0.021353759330573263,0.02584823867239283,-0.004662549527414406,-0.0050645290104252005,-0.014954055909384367,-0.024501956170275174,0.002356547098626205,0.007109015720225376,0.00982010566383762,0.0020432906533991435,0.013400482789888368,-0.005276088591114281,-0.01060115980608023,-0.0005369544658505587
2020-07-22,0.0007792067137375458,0.0,0.0034564247947663773,0.020512805751845775,0.020078718932923678,0.006461818222432081,0.0057392699679490455,-0.0077766196488980865,-0.0005713095059908246,0.007053495215982641,0.007842946548284102,0.00880766603987726,0.013866367000723079,-0.002975071567836496,-0.006156418711560807,0.00646808773654306,-0.0016116309819032004
2020-07-23,-0.008316839339681525,-0.0018791734892215084,-0.007645055346064966,0.010050123289528035,0.012736344390841925,-0.03366939649652634,-0.030737691403051937,-0.030308006500559093,-0.02498875224225039,-0.009338632059703755,-0.010116652742139909,0.024554250546061418,0.010860743013227703,-0.008620608161140075,-0.004002659058897184,-0.016682942377841292,0.0017934719229182328
2020-07-24,0.002319667093628963,0.02024021022787892,-0.004317701503617766,0.013777400697031927,0.016006063201773113,-0.0025137299860700235,-0.005630440207192833,-0.008125616232491084,0.00600943825670619,-0.001571216437780354,-0.0007861206369946805,0.004083064017747828,-0.015121180987419547,-0.01103703874246198,0.004018744723871537,0.029971010516053997,0.017905252622858248
2020-07-27,-0.0032222417805941594,0.004844227244272581,-0.011053524501874468,-0.03020006617139903,-0.035258669904548956,0.012124124727056707,0.014069602637595935,0.012093053791481623,0.03163701770616667,0.015735778459403438,0.013375281080571844,0.007956278630961044,0.0032319410218972777,-0.00946919790957923,0.006575764251930849,0.020638386953764964,0.0003516386611475131
2020-07-28,0.0026790021109568407,-0.008035051123690518,-0.0011176529288494663,0.0007783220865751339,0.0007776530776455459,-0.019513751701818682,-0.01685592599221275,-0.014475415183311968,-0.014405263936036583,-0.013942690329378227,-0.01319874416742195,-0.04122085672398368,-0.012484765521231123,0.013656432944684438,-0.010414731762557805,-0.01777192748951628,0.010726444912768196
2020-07-29,0.008923977138423966,0.015968755907902032,-0.004906242729582622,0.008168256035616439,0.004661890412054781,0.014449962942890027,0.013207793035326487,0.013775379836332924,-0.008249572446409337,0.010211994869141261,0.012588462390591859,-0.011708481514860702,0.03140294215840922,-0.004378128424805672,0.012055158605557725,0.00901479207912681,-0.0005218194179745783
2020-07-30,-0.005261079338054864,-0.005239402476460819,0.00043247976094762386,-0.0015433943221684343,-0.001546806084557928,0.006195958170324589,0.009753941236321007,0.005186727193549734,0.0027245699391189593,0.0046656076405624525,0.0023310323754146545,-0.014069201721261138,0.020561712924991093,0.0003380892146875869,-0.0028359816326457565,0.011025156213561926,-0.0026112200678034547
2020-07-31,0.02939088010584734,-0.019922046546346883,0.011067076752927285,-0.004250351443639722,-0.0019364829422858776,-0.03166306288799958,-0.0327749613465973,0.08174849447720622,0.006340029757464505,-0.012383868271290455,-0.013953510983063966,0.00882478114410934,0.010073766060590295,0.00033822868394906003,0.018012755992593776,0.027951910141070124,0.0031415151107467842
2020-08-03,0.016724158977640124,0.0018694169610482536,-0.005045474949631701,0.01862635439721294,0.022895011028001733,-0.005738539358508876,-0.0034882710960687513,-0.006741040955657307,0.01992306933622645,0.01724140249947559,0.022012491095907416,-0.0005585443870615991,-0.013809239416590624,0.0013523938836563776,-0.0046562824242918355,0.02237530833646928,-0.004175600883614239
2020-08-04,0.017483461667241906,0.007695533595196036,0.008079164845694597,0.01752380120361119,0.011760065461097646,-0.00642960111212687,-0.006379717547121744,-0.00845375212264765,0.02210102284258686,0.030816519110811846,0.030000077805874437,-0.010428160432639388,0.03267206001162748,0.01316649632854272,0.01412788937751741,0.05862008281912612,0.011705124105775067
2020-08-05,-0.002916618008895533,-0.021291373384382917,0.0879870184979159,-0.06963685854472113,-0.07292826047865708,0.00589796191527836,0.003929777985213434,-0.002841839762848908,-0.014775177701461528,-0.005231387965634715,-0.007468003658537725,-0.00827996250502161,-0.020715515126803585,-0.005331564895551644,-0.0045205787235050865,-0.008449751937239514,-0.006389213010623784
2020-08-06,0.0064854825986655484,0.01371510585222624,0.025154761892282274,0.012475020428297956,0.01071765867443486,0.01797616077288655,0.017483764309788263,0.06486823852413659,0.013881468826011378,0.014274783708273286,0.016553653818257352,0.018595608219537096,0.03423068925793582,-0.0003349303794107916,0.0018535070541323417,0.0074991025644248754,0.00504013488214472
2020-08-07,-0.00044843312963949167,-0.0013996593054407258,-0.006803210886003552,-0.010731296731913753,-0.012804838925476791,-0.0037396758454727452,-0.0043722165068061924,0.011912001173491005,-0.028188130482906026,0.0607406245284241,0.06143583497620231,-0.007637782596807252,-0.02528821016632299,0.006032086771631917,0.06466231661317856,-0.013420489867885022,0.012104647138865055
2020-08-10,0.0007809522689192772,0.0049053318710694516,-0.008774067046793843,-0.00843718896393475,-0.01094459709185891,0.001077363190437941,-0.0010344235216929176,-0.020265331142118925,-0.022941772913204872,0.04399448966480812,0.034867577366828106,0.03266365669590843,0.0038152017475159283,0.005995981351611945,0.00851510218896534,-0.0013146489340520873,0.007858998401018669
2020-08-11,-0.019689952282657353,-0.0006975030547662353,0.013200003788118364,0.010534880393113788,0.010655802911964551,-0.010547681961361466,-0.010876398759094186,-0.02612155759073287,-0.03403120557704342,-0.00066878060039266,0.003369224608726018,0.01327054672693162,0.007601736995315189,0.0,-0.021366364148127648,-0.043610114482401485,-0.008136876156774497
2020-08-12,0.013988636429414392,0.00814158854057001,0.009962245090743282,0.01082579224857616,0.01054328593225784,0.017766695798310916,0.018033986279637704,0.014679967054526122,0.018289681045138728,0.021418950211829824,0.018804695885628275,-0.028525238391905794,-0.010184847177513001,-0.0006620974900666265,0.014613961576292578,0.005984082319116846,0.0015379935100054976
2020-08-13,0.009152521224788934,0.0011537716239287121,-0.006297686803959368,0.019040192120353128,0.026083378327320883,0.007852150597547736,0.006243190927914366,0.005425291952965372,0.012324616153466028,0.011140292614771452,0.007910316936751371,0.00313919232380222,0.0171495770482899,-0.008946475531408704,0.0010412222354660994,0.01885669000913759,-0.0013652960284187277
2020-08-14,0.0012744026490119076,0.008757636741564045,-0.003283594322040062,0.005060189105243751,0.006648625893936888,-0.007060193579899288,-0.007925488846646567,-0.00022986089822241151,0.002804772980216752,0.0,0.0026159459981529576,0.009756919357012173,0.028849838344193524,0.003343400388643003,0.0010401392193830628,0.01243580627039309,0.00461403376921532
2020-08-17,-3.309068178503072e-05,-0.005482961390047003,-0.008886978549067392,-0.00426030904923258,-0.006993117303303431,0.006798594982237116,0.0077160710272892175,-0.00030604100430942083,-0.0006837023489850713,-0.015554170566582481,-0.013698609348706925,-0.018596081353736804,-0.008375960021580808,-0.005331564895551644,0.011948998522737453,0.01038004159935979,-0.0001702498276824338
2020-08-18,0.009455067218680613,0.0002295901322879601,-0.003478264148813359,0.0009727338548763953,0.002934190586308061,0.026759194645745943,0.02607789527838822,0.004518345330779994,0.019736698502338834,0.006583335437881033,0.003968305202540545,0.0053873531598152,-0.0095482749125827,-0.00200989647006633,-0.007273142719668724,0.010102100027667982,0.006805297046842851
2020-08-19,0.0015883192769610144,-0.0050527375701221455,-0.008920262212799956,0.0071885296545783905,0.00838706669158884,-0.007102463364010214,-0.007179609445800872,0.0009532332479496031,-0.01492266565493594,-0.0026160982310784453,0.0026350355785773605,-0.007206036075323885,0.01297712314150612,-0.0020141331854068856,-0.00758474753864169,-0.024578997342860065,-0.0021967233878893433
2020-08-20,0.0014387158248860832,-0.0011544167593195986,0.00273930302139358,0.0,0.0015473242981924873,0.02211255696502401,0.02048409648022309,0.02444849124471382,0.02759378830945214,-0.003934473327699917,-0.005256154371215627,-0.016192224737212157,-0.023059735725490915,-0.002018071920484421,0.0022582413718823524,0.010426853629475596,-0.0015242989913165639
2020-08-21,0.0023182877791678713,-0.004621988906685304,-0.005307575854076818,0.0034721345298707185,0.004248807953320499,-0.000840986380811759,-0.00043136047321046256,-0.007434725567692313,-0.011227192454882906,-0.03686629298760269,-0.03500662937789134,-0.005864494941295373,-0.00674427002395217,0.0006737348237391139,-0.00337959074577332,-0.0073954786464421884,0.0005089062296719238
2020-08-24,-0.0023291299508177987,0.016949054603460967,0.025502235078544544,0.03998467476558276,0.037692330553387166,0.0049228781576446945,0.006080270996420056,0.01640417662740634,-0.007109310826120541,0.01503754365924892,0.017795958041391557,0.03691731758725991,0.04262536090001001,0.011451782432559954,0.0021735825508917284,-0.0034076258517412583,0.009832120433472813
2020-08-25,-0.004538600825932049,-0.00890394605535405,-0.006886505720621439,-0.003327165065768689,-0.002965266098828856,0.012605559547067768,0.013058623482316456,0.034746772586224495,0.003621000727259238,0.0074073489940778,0.008069907363193574,-0.012662990909858673,-0.002532590985322436,-0.004328621174253144,0.0013015020078079864,0.002723855186268276,-0.0025181997875163287
2020-08-26,0.007888474880842544,0.018198551584689637,0.018414217151895285,0.007047488988419337,0.009293832887825149,0.027458874805916578,0.02383783515196014,0.08222363885217887,0.1160870775551972,0.0013369370079441278,0.0006672099893643146,-0.0026022382193851,0.011606965854802587,0.0030095824971203555,0.006758526880730642,0.01369780984085156,0.0006733194390897701
2020-08-27,-0.0004393704964896772,0.0076920435689995514,0.011726672831769314,0.018047793526779543,0.015469578017514696,-0.010923770013177458,-0.009494439684430644,-0.0351750277785291,-0.03882891375215369,0.0026702365965889374,0.00399998381638067,0.02422679788042048,0.013625022080904436,-0.003000552088074371,-0.008176407926063889,-0.015508302811840124,-0.0005043511658698874
2020-08-28,0.0021977187800281683,0.0004493157384752866,0.013534645628333841,0.010130326467472806,0.008886363202604164,0.006167716343670859,0.0066993521702047865,0.0015006418648317865,-0.004522373826567616,0.014647089001539992,0.013280226130084616,0.0027290988121597692,-0.009904605889143547,0.004682060701423296,0.00885112326691595,-0.0093241479552012,-0.0028606884792248266
2020-08-31,-4.877736365482832e-05,0.005610146098375957,-0.027076871951991932,-0.004297985390284476,0.0016178020488633038,-0.006221144134116341,-0.0060386776415021215,-0.0015664306222824553,0.010822908309645385,-0.011154846602228874,-0.009174407398226059,-0.01850843092221932,-0.00500168708322879,-0.007656422698872456,0.003612791317319175,0.0007599958182389344,0.00016880736719238065
2020-09-01,0.0026477882451527712,0.0053559249013970245,0.012739834474463807,-0.002901814288235105,-0.006876561921291158,0.016234475610678034,0.015679354895305808,0.00763990372893919,0.05096679190710218,0.0019907674958672406,0.003968305202540545,-0.019781959825121653,-0.005386159744390828,-0.01140549090249432,0.001885409000200955,0.007652301769445424,-0.0018559223871582597
2020-09-02,0.00844083671681406,0.0026639667009036305,0.013777613322743187,0.01818846266256502,0.016034994045043494,0.04068743617545234,0.03764794792493631,0.023896537811315177,-0.006666038823207487,0.0066224399602370365,0.003952686632195279,0.01716361093297958,0.022021871564901208,0.007804319117631797,0.0169373660728811,0.001913054093070743,0.02315748062036982
2020-09-03,-0.023054118948785285,-0.016161074898596306,-0.01587995893456773,-0.01714889184076618,-0.01901009162237499,-0.05001487498152879,-0.05117096621597739,-0.037619763501686165,-0.04900151245113893,-0.002631522144482701,-0.0019685953914917453,0.0066751248919447725,-0.0021194721620100276,-0.0037039780818070023,-0.03398376179885798,-0.036046957481543185,0.001321582960696066
2020-09-04,-0.006709350795083058,-0.00022521822613907894,-0.0093816702402707,0.009087505911921756,0.01133478572513491,-0.030940971418910945,-0.029640705911513132,-0.028819699379646235,-0.018449856521673857,-0.015171475274492807,-0.01709408132122603,-0.003867996165646148,0.017699107465401154,-0.005744925607311657,-0.004789254428731016,-0.029351735957380942,-0.0021445350457643952
2020-09-08,-0.012449950809719668,-0.013954264360099944,0.016743721141832646,0.0028819534155075655,0.0010844387056674343,-0.03686275595626609,-0.036434118117993686,-0.04092249339029852,-0.017498302217610173,-0.021433432107901162,-0.020735602396041886,-0.004622950977859364,-0.001391331302934673,0.003059132474124704,-0.023799069428351083,-0.03394969553664162,-0.008598201859098542
2020-09-09,0.028130811897527197,0.01803216731199342,-0.006259350913226158,0.01616363241005514,0.018418381179223342,0.016033765283673063,0.015509438178050727,0.009440938108358665,-0.013470842604801248,0.0369610166989951,0.03278668024144982,-0.015418687585072477,0.0,-0.004744257632912974,0.014609569650736454,0.015170881440714101,0.0013343287039124796
2020-09-10,-0.015033967026208295,-0.013004199678560369,-0.0010498158632888943,-0.004948768183236973,-0.0003548004611677591,-0.01601847416400981,-0.013688892499543082,-0.02056836331829559,-0.03902516293818703,-0.019141866777298344,-0.018518445427809338,-0.02264171378599511,0.02055040400764052,-0.015662044108981976,-0.01307401686499332,-0.02692470592265017,-0.00849432787861737
2020-09-11,-0.004204843951940984,0.01476588678629498,-0.011034296514424002,-0.00035533588091096746,-0.0017736845039648674,-0.00737579981580605,-0.006742807907093029,-0.0055207088592013065,0.002829337558359013,0.012785963375274711,0.014824806386477318,0.010038705794293001,-0.0006824944526683252,0.0031131631091922962,-0.0012531058307380105,-0.005119287891570012,0.004367524793038369
2020-09-14,0.013598870212425673,0.013431390381429376,-0.0037952277984788507,0.01990073949801352,0.01847896350816658,-0.0009470579417139025,-0.004572333560838859,-0.0017253591303506566,-0.011970202578685751,0.009966729496045712,0.01660029945337982,0.028860739981774852,0.0237600720158333,0.004827755090002217,0.006183714009627472,0.019214466043752765,0.00886419318087528
2020-09-15,0.02107589852167191,0.026286962622041,-7.61409694292059e-05,-0.002090797357914509,-0.0017444543234330645,0.01458614889697496,0.017424293470382102,0.023558277553403784,0.04142694317201534,0.00860926558535291,0.007232021737422656,-0.0022290581297432777,0.013454460901829668,-0.0006865036283310033,0.032600112053370545,0.02626534204095865,0.004642097388942501
2020-09-16,0.012079382665975968,0.007533193854251552,0.006476792204106019,0.028631451679737463,0.025515551015232063,-0.013325308442982742,-0.015002109227902127,-0.032670309433252664,-0.024456087026075823,-0.016414979489424386,-0.013707615344044188,0.003909765112017238,0.01825430031348141,0.004120627570078028,-0.018718239262474956,-0.021919105136945283,-0.0037954549204193277
2020-09-17,-0.01549035766211726,-0.026276262501584546,-0.014157046741576806,-0.023421675856268198,-0.024199096625879157,-0.016681032898112957,-0.016566449933655747,-0.03301446496634175,-0.028231328986684123,0.012016044154429917,0.006618107498575387,-0.006120051730097997,-0.013689488263344374,-0.005813690922336079,-0.016262335442206677,0.01515241301995185,0.003644302204228511
2020-09-18,0.00796376402258403,-0.007020521326222662,-0.012210207511830995,-0.026763899694448368,-0.02340204602405971,-0.023764198343767307,-0.024175631797654917,-0.008986795743274767,-0.0005104652267469145,0.02110810872851432,0.028270928459290356,-0.026256340871663286,-0.0033049531910034347,-0.004816258903371673,-0.010633567852657122,-0.00602064266824498,-0.003961092940284461
2020-09-21,-0.01744897744027385,-0.012814997437129882,-0.025032924213379215,-0.039642943694251476,-0.04220297952745955,-0.01974655461837338,-0.01443723784458184,-0.017344541281836934,0.03700319788138029,-0.06524543208379285,-0.06841433884718062,-0.04461680786373812,-0.03879319198672648,-0.010369649670475378,-0.0013548691947895541,0.03691078706523787,-0.012261963217731542
2020-09-22,0.030455383207354858,0.03379590563551238,0.014352755036759923,0.002231378092220515,-0.00037353692284747275,0.023966643013580313,0.020752952778698486,0.02659692325404306,0.007838308498990365,0.013821818662684837,0.01166786775142925,0.009340200601732906,0.014487757928073997,-0.004191348619847046,0.016460173073622464,0.011439728153255668,0.003523132794610584
2020-09-23,-0.026380242522795472,-0.01796925496765356,-0.030893766205906226,-0.03599256917111271,-0.03212551171386435,-0.03428983636304972,-0.03454527727222079,-0.02249268004361582,-0.04185922860899427,-0.03476495633008658,-0.03392123431254712,-0.018105166539739592,-0.020060908271851807,-0.022448363159238593,-0.030162708016798767,-0.02352306361084522,-0.015212275179593338
2020-09-24,-0.007949969291794146,0.007495334444510338,-0.0064080976642236775,0.009237826767828583,0.01119265819348092,0.009242469493984107,0.009557119645917878,0.00204812683922051,0.0052484611233794,-0.013418010322123863,-0.015449374969744523,0.0018439583934624082,0.011450240410542767,0.006100010970395475,0.014220230863793093,0.00603780261400888,0.004753203812579265
2020-09-25,0.004546517632217251,0.00984685400409191,0.012327491628414178,0.021357762451184037,0.0190839524057429,0.011671359518616864,0.011385892561803557,0.021199822859304662,0.02071530333246563,0.0014316657940849353,0.005706110373227213,0.005112466108168734,0.01303624254128155,0.0,0.013297118898295324,0.01524897786480306,0.003378662147999867
2020-09-28,0.022792765649954028,0.013217956601021319,0.016048302348485644,0.04182213986763039,0.04269656713693748,0.013536745175297238,0.013619809105591463,0.007848676886238248,0.016090963722218188,0.020729010377874557,0.017021134970861995,0.009969636650519309,0.01049754761987609,0.012125317040392103,0.01981778162103187,0.010133960350710902,-0.0005052215735131815
2020-09-29,-0.002753737520548083,-0.01197592729556518,-0.004682804146339925,-0.002867270044268122,-0.0025144646473561627,0.003284348057383868,0.005045638747092518,0.019352101757559526,0.005767878405500859,-0.03571421297662192,-0.031380732907335895,-0.015914821110851185,-0.029490769491127722,-0.0028187587309610462,-0.006302356329847991,-0.018631376154830903,-0.0020217237279458455
2020-09-30,-0.0034476825930267463,0.001298669199432556,-0.010526252378553536,0.005391924910207013,0.002160730662252197,0.000183770920584303,-0.00028622028980329617,0.0004201720200478487,0.013273056354213608,0.015250499599395617,0.009359394543275945,0.013306018470150782,-0.03280390480530582,0.007420422423561446,0.007399417939598418,0.005354782173678352,0.004220318693500591
2020-10-01,0.017250149009887084,0.0038910600242898497,-0.006205699395906095,0.008580428376840699,0.006827142913037321,0.013942746747836576,0.015215429294120897,0.0180602788239137,0.054956726380391396,0.012160275491255312,0.011412149072456135,0.0014142718185370384,-0.011781443434173311,-0.0007016737732107314,0.011979923394670466,0.005386753317230486,-0.0006724352340266027
2020-10-02,-0.02342902052559559,-0.027777669778959124,-0.006163406858493925,-0.0014178074415944764,0.0021413053281138517,-0.021253840775337318,-0.021708245217739286,-0.025090879952559098,-0.04634982692811396,0.0014134537579209017,0.002820863076669733,0.035505306476230514,0.010477046249210309,0.0066691658920778885,-0.020046802450767176,-0.03587987894749167,-0.003532522614844158
2020-10-05,0.022169195996633695,0.014617361438885368,0.006691164808972916,0.025558970366302614,0.022436030165909004,0.0189245668299709,0.018706803945138795,0.01811935642839102,0.034965985754904505,0.010585621961202163,0.008438784574191782,0.007208376514782122,0.015016089781769937,-0.00034885541545381926,0.012256450382594819,0.028785518489194084,0.007090091136971122
2020-10-06,-0.020647285755985623,-0.023474614006344652,-0.019777872148153963,-0.026652874552303807,-0.02751673236960439,-0.021924343585072226,-0.021452123786640964,-0.022633474626301053,-0.028387532222341694,-0.00698309018005705,-0.001394834717867055,-0.009284552381237265,0.002113387443120729,0.00139512353163318,-0.020470338433059343,-0.01553773758160415,-0.003352412266121929
2020-10-07,0.004574023987035103,0.010109966158301287,0.016373139758292687,0.035206447043903966,0.03760750301606319,0.004713068432011358,0.005595997099291816,-0.0020877199434562455,0.05691180936332563,-0.004219557773701199,-0.006284786685868626,0.018156997586313617,0.01405979195464302,0.003135177386738519,0.015740281080729224,-0.007644822797195694,0.0025225827851689253
2020-10-08,0.008577488318058712,0.007562173237094738,0.0014643667450910947,0.01786313556532204,0.020365849879131037,0.017557871992876173,0.01664685137432831,0.021850216018991286,-0.005367873992984107,0.012711888715234654,0.014757530890560977,0.019175695718033348,0.02634314884716127,0.01773182052678335,0.011118920739762617,-0.0033549237226476736,0.0035268905585172927
2020-10-09,0.01042792233163059,-0.009933764896895902,0.015354742314477976,-0.014512197479093936,-0.01251683175115681,0.01971168109525867,0.01821452977616489,0.002616236657659865,0.01438536597822937,-0.012552324957260552,-0.013157807750203365,-0.012793921472102454,-0.023302982010807827,-0.010136352120181491,0.015066173884539014,0.007605044474681355,0.00236528156102378
2020-10-12,0.025297268397397987,0.02541810669044331,-8.00867253608617e-05,-0.002397342064346719,-0.008564605000572212,0.03559224977033071,0.03584357801243332,0.04272994441834843,0.0006858732873322726,-0.0007061216068890985,-0.002807147196466797,0.018677269673847086,-0.020401180755362125,-0.0067087583010944085,0.024225919207145008,0.03402623125939108,0.0037077488789876156
2020-10-13,-0.0027158266980589207,-0.0021746415135454056,0.0319278204654343,-0.0569857955156412,-0.059087792890194946,0.0016123343528915424,0.0015850082381243524,0.0014145174820741069,0.0264537787452932,0.005653602407641234,0.007037340773941914,-0.011038492067771632,-0.03106217964473179,-0.013508725227104557,0.012492702298695813,0.012085702284536648,-0.0031905943236524292
2020-10-14,-0.017432136129008624,-0.013292551676445163,-0.018377928229500462,-0.012377323749393598,-0.011017221666158927,-0.0022904845172028176,-0.0023162947462456174,-0.015644405419615315,-0.02281217726208018,-0.007729974529888217,-0.009084485100507633,0.006053841178762731,-0.004007315792966093,-0.00936943247068378,-0.040306122179574744,-0.0013005510519056296,-0.015666987138943878
2020-10-15,-0.0027089356455751723,-0.0037544731341727644,0.006082592421490007,0.002580334133418072,0.0,-0.0057076778950244655,-0.005097846413349094,-0.018762413696600477,0.0009049734225263784,-0.016289004053979816,-0.014809566585152756,-0.007333641886966391,0.01792240324741079,-0.0014551254509553857,-0.01174231555502614,-0.00538654936047489,-0.004620842502314093
2020-10-16,-0.004663335379689881,0.009975929597274114,-0.0043184415526321684,-0.002941287582369556,-0.00259943171523358,0.00890225509832887,0.007862672399510329,-0.0029618646508304813,-0.020574264188725433,0.0035997425877554168,0.006442386304081227,-0.005872332258171298,0.003952520529380443,-0.004371671080491746,-0.0029489545665856154,0.0011307649990275337,-0.0018914942246686106
2020-10-19,-0.02564994037730073,-0.026997725544810947,-0.020345333037300684,-0.03207970842353358,-0.03127325262632297,-0.02441170327387443,-0.024079821287412595,-0.017034689651867052,-0.0001318783261097245,-0.018651348120944378,-0.020625912226432175,-0.03125010883444579,-0.02899082872508041,-0.016465263699191324,-0.019223990642423194,-0.015990978610664675,-0.012919967145759936
2020-10-20,-0.015218670122091105,-0.0013531190577191765,0.005795735478832276,-0.002666521742726191,0.0011531052831550426,0.01389290519635189,0.013810981267032396,0.023565567737095394,-0.009986410787531708,0.008771871948483723,0.005809707769772743,0.006097662149565863,0.01216383067476845,-0.0044643054794101245,0.002838086654623151,-0.006584887004946638,-0.0008722969855186058
2020-10-21,-0.004817006919311084,0.005646732062810411,0.013445267545690864,0.02177230964599297,0.01996145600280652,0.02402411261635673,0.022506733806439305,0.041747606886827215,-0.06922083381432698,0.004347833986111604,0.007220187532608335,0.006842608461020028,0.03678037049906102,-0.0014944784757263685,-0.005748675046289398,0.0006689407000632919,-0.008733890412549905
2020-10-22,-0.0089538661429176,0.013252594461339307,0.007344243738390155,0.024673000029138636,0.03349649158972823,0.013820456456542285,0.01303306050814057,-0.002188445067477396,-0.007811061834524291,0.0007214779074433686,-0.0021504930200099137,0.0015536321121460972,0.022128947713415448,0.05838299657981749,-0.006938281789727996,-0.007657306242824458,0.010220368722768214
2020-10-23,-0.011051564642114986,-0.0011083170275361098,0.006193210958669537,-0.01732952543995514,-0.013838341275472787,0.015891350160676554,0.016381822787344236,0.02398234777708419,0.006285685399849861,0.002883975620333823,0.004310471780490266,0.022101257650147144,0.006185470564648687,-0.01626596198354824,0.006628388890590031,0.006981440605798861,0.0109889042608724
2020-10-26,-0.01879386438690167,-0.028628396767972353,-0.03342421242041438,-0.028030424566862888,-0.024741528919741684,-0.030804470734687395,-0.029816839374841475,-0.02696729199172998,-8.187521108449225e-05,-0.023004953100554393,-0.023605303381802556,-0.0280725808666783,-0.018101197319634665,-0.015815788515943674,-0.0053389959697270895,0.003770664742405394,-0.0025880245942547786
2020-10-27,0.0026111341427177415,-0.007539587632800049,-0.0060454655646572375,-0.007066478393613851,-0.008519334472211093,0.008683075305553123,0.009209295849637922,0.02230168240255237,0.001413244352902021,-0.017660221714691726,-0.016117225069884444,-0.04722886153531525,-0.01878254725720996,-0.01680063360463746,0.0093040577708694,0.013995743810252259,-0.0074379487528594135
2020-10-28,-0.018966858324613534,-0.03360953520716037,-0.039250750164927184,-0.03750717510827384,-0.03341614591040454,-0.05462951138882943,-0.05508875009381342,-0.0551375684386437,-0.0055018304975569254,-0.03520593342475664,-0.03425146342087548,-0.05591947724294055,-0.014533796200998261,-0.015601850264894912,-0.026768318924820567,-0.017746183137378746,-0.018647682648537334
2020-10-29,0.005972934451220269,0.02572662896300759,0.02591383213267351,0.014788201435139259,0.010272539563575878,0.033376897281369944,0.03050077545035612,0.04916477470079328,0.03695707602641973,0.00621106163689733,0.009251926257926701,-0.00629230999654995,0.01187051564945607,0.0098112485357158,-0.0026410935150265047,-0.009854584361592922,0.007991384411683455
2020-10-30,0.04829862382676864,-0.01904311404861392,-0.002386048910441807,0.02953911293494449,0.037152958002233616,0.03430875015098733,0.038043747123279736,-0.06309863342238786,-0.05646456914939613,0.004629793350880096,0.0030556786800144398,0.030567840193516327,0.015641550154740447,0.009715923198461818,0.0005477891841092486,-0.04822759659313813,0.004052207156197696
2020-11-02,-0.025487752081348125,-0.019886380617345267,-0.009237080923557572,0.028691588851574856,0.03318259829991588,0.0030969878296511766,0.005080301165590662,-0.0066512319551181864,0.017614609101790135,0.013056653366611659,0.012186015535606609,0.03220357057113521,0.03605176875669125,0.011843358569467721,0.007483891321767633,-0.005744896721970427,0.012458432762547877
2020-11-03,0.006049993377130969,0.029468593991322845,0.03238143660548842,-0.007065658998125723,-0.013138698500588575,0.014870268802730013,0.01313765528501043,0.01507498740825941,0.006403399597270987,0.014404930960785656,0.015801251482163714,0.027298566145441683,0.017905437124364543,0.004389058052826522,0.006612801754419806,0.03148741246479525,0.0008664370595967696
2020-11-04,0.0717579370758139,0.02534030316131486,0.008466458610141281,-0.04756577935102679,-0.0521450328220987,0.05994394652947688,0.060881252657175144,0.08322663400820218,0.019970435743937198,-0.0007473605714568565,0.0029628766186122757,-0.04415588209654464,-0.011948112650551401,-0.015294907784831002,0.04409639673058563,0.030463218713144835,-0.009177517786694511
2020-11-05,0.020316193427015516,0.014874112637534687,0.01511146914485062,0.03696446077654203,0.038236551916797534,0.008141223025726063,0.009537088023711116,0.02540178817242067,0.03382633597308282,0.03964101062374281,0.033973426911389826,0.030936658635148717,0.05105810126504373,0.0173815169262308,0.010687891169485653,0.030295574261520963,0.016253113071636793
2020-11-06,-0.00443338356112466,0.004058510605104759,0.003938168400890341,-0.02901024104858907,-0.024802754145849648,-0.0009185892021219555,-0.0015716872210458366,-0.00430964550104751,0.0018880435048942434,0.08920862779910843,0.0828572464202415,-0.0194647983389461,-0.06359885053624914,-0.002544618169840862,0.05372684465875577,0.03859384662256793,0.006535005311504527
2020-11-09,-0.048549982934513625,0.05951025001063104,0.11870407750514511,0.0228469784165517,0.011560572825512594,0.0007095972414887797,0.0009602707876084082,-0.049896204554408796,-0.08592855229743745,0.045574587765658814,0.03364112435360411,0.14743550172859488,-0.008532280787411195,0.031341271616858624,-0.006312800539583163,-0.08676292446154832,0.02238135942703212
2020-11-10,0.02230918526329484,0.012505517397309429,-0.0033663147561689977,0.01947321669912827,0.022857298048146735,-0.012824939561874915,-0.013454943059499569,-0.02274258283844366,0.020701361088871106,0.04106131099627475,0.03828976450845434,0.027212510851551297,0.03511208692452006,0.019434789114856743,-0.00863329278352376,-0.03187702936689718,0.021056219449167468
2020-11-11,0.016015789224638866,-0.0020933054171735632,-0.030187866845672873,0.016853842532841723,0.02271869756407696,0.007078981212254254,0.005472664776522862,0.01486607323965572,0.021905755272990657,0.046116204571523545,0.0571604646388435,0.004034965314393624,0.004323021205089317,-0.004159780186012596,0.028179517174387936,0.04312743211887926,-0.001636622982688296
2020-11-12,0.0016329195038722322,0.006503012045738332,-0.016688322981352255,-0.06261497535071647,-0.066278233550075,-0.001637608936279178,-0.002523999328908344,-0.005063785300046253,-0.008130289213841735,-0.03770265067849521,-0.047093093566790256,-0.0174735693255631,-0.03145684362105794,-0.010093694939310893,0.013264081962942598,-0.008355548940507274,-0.0034426487525216487
2020-11-13,0.014467960610148767,0.02125866672711485,0.020956282442800456,0.029862341597462594,0.03880673770742438,0.015532980151408138,0.016892220351201193,0.006798051873490474,-0.008073582117401945,0.03556355411994616,0.03599787475290572,0.03788029629012257,0.032478515194577895,0.01652601480114968,0.0111976505581044,0.010048686793690642,0.0044416296130693755
2020-11-16,-0.008930961966456374,0.011020695847958617,0.045605599179395995,0.020602793885289516,0.02046176266339228,0.0024534941292968515,0.0009985915938561796,0.007257480660779914,-0.0077458484434472785,0.024447075195905388,0.024145624380093933,0.060315058118698195,0.05629165764978117,0.002075288600263514,0.003275420001294105,0.0034604063045020617,-0.0027841167850538584
2020-11-17,0.00015596361965397598,0.004844629792071897,-0.001175194742594532,0.03364491572250161,0.03605587219097606,-0.006303981707428297,-0.006972921827472556,-0.014195289771343989,0.0031934852518675783,0.011931611105400197,0.01667644570357818,-0.0006461691492402055,0.012225617011266676,0.002071053896570696,0.0027205327748480723,-0.0011700378232673003,-0.0022994226495971493
2020-11-18,0.0014496931639789157,-0.012856694185211737,-0.004152273932236605,-0.018806659820267857,-0.017755593419031546,-0.013202392480060943,-0.011931651846719404,-0.011018322786570778,0.002413522456219619,-0.010106813988020713,-0.007353166850854853,-0.034605436832311987,0.012697446323946204,-0.0141233096227259,-0.008914685260921429,-0.003945742303883448,-0.007078255640318165
2020-11-19,0.012608143258757032,0.006918812762044313,-0.015149190290773107,0.005160592058615743,0.00180752163715181,0.009812450938186279,0.010300592047758128,0.003566652966330297,0.005977670652255407,0.0,0.0,-0.0051924014548615505,0.022324001041195585,-0.011879771474602396,0.01048114031151326,0.024882423453881142,-0.0018235829569377415
2020-11-20,0.007486081227405794,-0.006265032102831136,-0.004586414790862858,0.006233973716231134,0.004330595666913073,-0.012319192787848543,-0.012618066630700642,-0.011870728127119756,0.007365883286962971,-0.003970323487276994,-0.0017090229287801684,0.0043776911275625885,0.01675153286062314,0.0014141528060636066,0.003792688631958807,0.02699602108510657,-0.0028233316768279115
2020-11-23,-0.015822150321323725,0.013015899818749066,0.034805213697983284,0.02186584648676515,0.025152794972364445,-0.00420742234994631,-0.005079630317814221,-0.004708925121321594,-0.023799822469381948,0.02164009423843849,0.02168900417101094,0.024308266903747766,0.01853460801508211,0.010593463599313235,-0.01388017548889009,0.0067039069049674715,0.0031646450052171815
2020-11-24,0.008371611989968164,0.05079359818611695,0.037744947636624504,0.04172595572686966,0.03329824447195606,0.019609780784700215,0.021035543589854155,0.03162840786779286,0.01313414181354755,0.013378175455143415,0.015083938631755833,0.05466476876232318,-0.003177316182908174,0.021313999285298424,0.0014075483797695298,-0.00794439272712233,0.00680709703725868
2020-11-25,0.0014759577655938383,-0.010317606314592886,-0.015842722180673285,-0.008558762517804186,-0.006105840184948863,0.0014416006321273933,0.000130469729450855,-0.004803046628373275,0.004390362169526929,-0.009351134447574405,-0.009355962018689823,-0.004190038393534046,0.008983198127507919,-0.00821108994798081,0.005310112020768809,0.024436164704353835,-0.0037928409569769617
2020-11-27,-0.013202389159916783,-0.0009650834024776955,-0.013146323520951464,-0.0079419241398212,-0.0047781303369450745,0.012283747284205448,0.012975067466054702,0.008055590309117955,0.013113434781733213,-0.011105036557391923,-0.016111074265892533,-0.018232817128178147,0.007179722091723795,0.0013798976530119411,0.02454545930506069,0.013967168606992209,0.002814252615884083
2020-11-30,0.014296830454150866,-0.029178815358523513,0.005980854718627304,-0.01218244398169921,-0.0109739860932907,-0.018096247203452154,-0.018253822809748965,-0.003023703481580764,-0.0013432491443793326,0.0,-0.003388072907570483,0.0,0.00598777552071228,-0.009645405493770243,0.007884696833260652,0.023241260470577174,-0.002806354824478108
2020-12-01,0.015736452889310026,0.01552542915400057,0.009661718632456351,0.04651175158530596,0.04507621565494113,0.02121824707661224,0.023346909575065355,0.03458861297311122,0.028286131993346064,0.02470523247203804,0.023796225857364517,0.005873035580028052,0.03061251935070053,0.004174187136503527,0.005942649493955843,-0.0024929198489623827,0.002814252615884083
2020-12-02,0.007429192767317794,0.0005877503351536806,0.02790415487744813,0.011784495846007603,0.015262133447214277,0.016600904958769647,0.016492519238040737,0.003385284722750459,-0.002378194368570008,0.010411015753244657,0.017708948632871424,0.004733797301180953,0.00027483324773158735,0.007620189033097136,-0.0044119215064507555,0.006886623958553217,0.012875554863884364
2020-12-03,0.004886325597870833,0.01057804712346977,-0.0024087712838317676,-0.00931784624741816,-0.009150276332490659,-0.0006454738882217814,-0.0017148930574221177,-0.019720557181039267,-0.011641351171830738,0.007049941089146028,0.009787723915412938,0.021831566259313595,0.006048808633426717,0.004813007929495239,-0.014646177671630456,-0.00297853577403262,0.006192954758498237
2020-12-04,0.0004623861730237433,0.0019384942877145317,0.005873329206834033,-0.017299250383642217,-0.015831240048979844,0.000667898300025449,0.0010540227676019143,-0.007627962189617032,0.0015879237440834526,0.005384967498584414,0.005923482284206694,-0.0010759569259946034,0.009839259875611406,0.0106053465383249,0.004649824006161429,-0.00016595917353678935,-0.003077243945197483
2020-12-07,0.014938753730411536,0.004643122101805952,-0.0029845043870611043,0.0018798221282181338,-0.005361851846216292,-0.004655314833919233,-0.003690432098895746,0.021022237039602043,0.03505845333860824,-0.010712464743535377,-0.0096356680129841,-0.010617058235573573,-0.0035182028060846138,0.0033852345191280886,0.008800972246862049,0.014718108366026161,-0.0032498406566290328
2020-12-08,-0.025545000292283015,-0.010013665836269503,0.00026041920015562603,-0.014158800627129375,-0.014319488403889746,-0.000511163651608193,-0.0031370376103715403,-0.00763365361842594,-0.006049096126482412,-0.0016241501880651654,-0.006486676626280663,0.005443298993116574,-0.004617052214895945,0.039473764675498346,0.0014290871621260859,0.0011451372188566733,0.00163013016280944
2020-12-09,-0.02907876173075341,-0.002917686081231108,0.004618652258167044,-0.00571037196054669,-0.0005126573340090701,-0.018927301577997935,-0.01847810132259664,-0.01933646982655146,-0.037178603228168794,-0.008676842204188295,-0.00598438679717217,-0.004485815191547116,-0.0057304117387554365,0.02109694912643545,-0.015245848152714347,0.00043565669720369016,0.00016265974458118393
2020-12-10,0.021674264947040944,-0.015216212642408689,0.0016837396426114815,-0.0015662268412305336,-0.0044458946738568095,-0.004932500578877286,-0.005742899333252893,-0.0028785040020576913,0.015174241087009488,-0.001641141036853977,0.004378413846625184,-0.006214957987084935,-0.01564188308644654,-0.02447562255672109,-0.004270866271257612,0.0225392792547916,-0.015457287167644052
2020-12-11,-0.009543444883918228,0.00891402519080664,0.13594927279454905,0.0012201193998695459,0.007214010686461325,0.0036276529343202135,0.004044957528250848,-0.012882570026284124,0.0042506821448053955,-0.02136968469771483,-0.02125340259248687,0.009849860860429827,-0.007527399160077497,0.010426915986603502,0.005131546309232293,0.012724945673773469,-0.002644058105669367
2020-12-14,-0.003206743009931401,0.0011783407246566124,-0.036535298629453816,-0.013231247903315646,-0.01841747954670292,-0.01218454031983729,-0.012700044403200494,0.002339613417399855,0.03815432687897835,-0.012878261665460355,-0.011692743107103776,-0.01563694018880535,-0.019513436462749167,-0.01483391165059833,-0.014249604342410405,0.026234109974463404,-0.00613097471077062
2020-12-15,-0.005217962507820029,0.010197791097543707,0.027406911355772445,-0.004587229252395741,-0.006949364135573011,0.004380431069843649,0.0050336841909086605,0.00495989140448283,-0.005053404081671986,0.0221216576834371,0.019155024048371327,0.011953364717967263,0.013556541773214414,0.0009819111752746856,0.004947406781369512,-0.002561475449882167,0.009503252666272388
2020-12-16,-0.0059572266611462865,-0.00155286470263305,-0.00471446267692921,-0.003544628539947081,-0.0045485642531516435,-0.002698022420318802,-0.0022089413228422172,0.0004358357298153148,0.009715669357973855,-0.021087681590533536,-0.017689259882717412,0.006216962009752969,0.02134310826933694,-0.009483235483014774,-0.0014616260812360116,0.0021571554983483843,-0.010569690506955665
2020-12-17,0.01797859365946164,-0.0013611766880601284,0.0024839397080089753,0.0017786188129798042,0.0031634838054066527,-0.008565132946401155,-0.00949245803503207,-0.004316925494953883,0.015376391979592618,-0.0028345480800936462,-0.0033765199146250646,-0.022088505169012507,0.00863750792357143,-0.0221194983987979,0.001540662702548934,0.011685110887418304,0.0016690409993780353
2020-12-18,-0.003027585748620054,-0.008956324740817867,-0.003803006477117288,-0.013139159882893825,-0.013314674461352816,-0.00966296093511576,-0.008210308654999388,0.0069952831273241145,0.002908590291498925,-0.017055177381484654,-0.020327529601664285,-0.016597320859378706,-0.02596672312009829,-0.007427240616647013,0.014691053375004648,0.030344506982635355,0.007498935447538546
2020-12-21,0.004125770615653668,-0.010412710913486056,-0.01272477839960906,-0.014393838392615876,-0.015625152755389893,0.004829458441812928,0.004831381294785553,-0.013060809063341394,-0.010365812660783624,0.012724181257490308,0.017290938763652397,-0.01752667484788928,-0.011627939130138265,-0.013265642536344768,-0.012886359024666505,-0.007964969379266051,-0.016043859911084923
2020-12-22,-0.020757956902946684,-0.006948338397440246,-0.0014059738722497217,-0.014968940264187824,-0.016233524875917116,-0.009123925506317243,-0.008267157090637745,-0.02089533979966751,-0.0029872215464226137,0.0005712560278565704,-0.000566484628681585,-0.012388702375020988,0.0011477505835584267,-0.02102696004583482,0.015589007299542601,0.0004460342765770786,-0.008404668652542413
2020-12-23,0.009889295112941232,0.0003996346696519826,0.01818705753893557,0.028539869360983294,0.030802981430923415,0.005152312731530051,0.00465633400311205,0.003818775359280213,-0.02436803909824037,-0.0011416307941740644,0.002267678584815469,0.024920725612289196,0.030381049056428466,0.012323599075269032,-0.00015138150335236578,-0.00019812387799411635,-0.0005086954760651352
2020-12-24,0.01397811034048324,0.006794665567503966,0.0010371258781722847,0.009008911010740528,0.007114855728424629,0.0037346623039442584,0.003431209315890138,-0.002648080727077451,-0.0009913407828477938,0.010285732755019206,0.007918235449114075,0.0003261529723290746,0.001112752378513493,-0.002086838834956861,0.005218142825405669,0.0033693026018419836,-0.0020352673935915
2020-12-28,-0.0069916767789159895,0.014489711501060265,0.029528686764813017,0.03142843049906152,0.029318271608593793,0.02141644246958685,0.022950623670706882,0.03590134202759021,0.010020028329862818,0.0231899352021403,0.020202169436167594,0.017618473382934763,0.020561141060430277,-0.004879664738749012,0.0006019909528705014,-0.006814838927469147,0.0023793518053278895
2020-12-29,0.020064358896817014,0.00860902276353226,-0.008721956435356448,-0.0032893613533151456,-0.004118007915785871,-0.00977991632503128,-0.009132148091056447,-0.0007942010211029471,0.022634517646759722,-0.01326702334856844,-0.00880095609648035,-0.005290233400960465,-0.00027217725523098757,-0.0003502108094640688,0.0010526090339038063,0.00661297664749716,-0.0028823940515335655
2020-12-30,-0.01727870097123163,-0.006595447686827405,0.021827340291753705,-0.0029528635040263485,0.002412080750440193,-0.010916900723703327,-0.01223732636489594,-0.0177397977615672,-0.01182967855498096,0.003361350958795084,0.0005551877600840083,-0.002578564552470519,0.004901940537330063,-0.0017521165634805103,0.0010515624815428115,0.019264061319153702,-0.011392391915121758
2020-12-31,0.012333773552832827,0.023237517109137018,5.516091132773404e-05,0.006271599641157755,0.0010312714965936554,0.007105278118052727,0.009440239614671775,0.0047448303351174115,0.03076692729656272,-0.007816951630763902,-0.0033280520556966398,0.007755692210425158,0.009756174896436764,0.00947708495226296,0.011779842142336738,0.0069783723771483785,0.010491781024436042
2021-01-04,-0.02194839205505017,-0.03606838791625189,-0.019317762310411157,-0.016273987685745617,-0.010645540772277196,-0.013493860012775416,-0.015125900489855959,-0.015448799823554293,-0.033047962975152,0.010692123900277961,0.010573332735369645,-0.023889777838065673,-0.017713175076019994,0.023643886534910896,-0.01794608237439488,-0.02858649297147653,0.0017022719072963266
2021-01-05,-0.016135267249885343,-0.005966934571355553,0.004277407578519021,0.021295179609351456,0.022040822555393857,0.00733685896624614,0.008064352762223947,0.007548154685659503,-0.0039398207896261805,0.005568200714767713,0.006608013857462014,0.016425997565627126,0.010655454229332229,-0.006113971746995128,-0.004379674027482405,0.014317559089725096,-0.004588231717046254
2021-01-06,-0.018976133115868654,0.01160476081245898,0.003810886068714936,0.08426674377649968,0.08711150165876935,-0.0032340483212048854,-0.009867651690822155,-0.0282686026233121,-0.038997733741757856,0.04152809087595455,0.053063268961580645,0.08225569260477639,0.08678055794605832,0.019480511354115215,-0.0024269572824116015,-0.015678453784032764,0.012120283710981061
2021-01-07,0.008422618826556594,0.001977868143016037,-0.003014800223906877,-0.03909739026735459,-0.03342692471753461,0.029943125548179905,0.029868651961494352,0.020621921998673187,0.016783555239330283,-0.02817652039806695,-0.026493272958323932,-0.04479607666211538,-0.0019904362046602175,0.0026819575564995812,0.012620695204622612,0.0321540007283756,-0.0022501486179442587
2021-01-08,0.0073201092598751405,0.017370500717076576,0.0006160107811581383,-0.02017841346450433,-0.027472551552535696,0.011168039771711102,0.013238813456997622,-0.004353556836690253,0.0029672616232114812,-0.006564454423471422,-0.0058699606653115355,-0.005940164178933505,-0.0014955074291486126,-0.006896493465798459,0.01403996931563789,0.011634047559506921,-0.01247231002789806
2021-01-11,0.010640310142257636,-0.0003877707877963932,0.0022385560789255354,0.0027008401271984006,0.007976125563107672,-0.02240457446616284,-0.023105764617177282,-0.04010177865271569,-0.022139518962497995,0.006057132607477422,0.0016103804815155165,0.0017298809434020956,0.024962707757543612,-0.005168763302372259,-0.015770632700338294,-0.018485955068401005,-0.00588235511850399
2021-01-12,-0.030633435494923256,-0.029309488046257104,-0.01730973053472562,-0.017508487309689902,-0.01846353287484681,-0.011416736560724172,-0.010738560656080476,-0.022387322634455864,-0.009717503743424838,-0.010946782752274009,-0.013933760677547036,0.003610413497673104,0.01753502969134857,-0.00415681676436952,-0.03189641658257514,-0.035779992397940164,-0.0034805028172795183
2021-01-13,-0.005599415152990006,0.002999721657375609,0.000738555937586538,0.00445496489275099,0.006382105205841482,0.004494481908259518,0.005652050714720636,0.0021903865876002904,0.02739504526967118,-0.006087634002261977,-0.006521495748690764,-0.015485550841103035,0.03207280965172421,-0.00486957233723051,-0.0014764423917481562,0.0017574999459832874,-0.003492845845028514
2021-01-14,0.008219959239447183,-0.011563116508598315,-0.01527367076726327,0.035141646554520234,0.04372495016519928,-0.008105266531194033,-0.009346158572957286,-0.02384364639927561,-0.01364738972054802,0.02060152738831289,0.02242871033238969,0.007149649172182526,0.0667904904761456,0.0237681358040569,-0.029649816347332325,-0.020200495134320207,-0.00035048073696375415
2021-01-15,0.009340458101109173,-0.017951069585131485,-0.011474264076676843,0.0016482308588994243,0.007035665769707267,-0.002292732210612658,-0.0019063205548184303,0.023286131672737298,-0.005750074030384744,-0.0005457006514048013,0.0005352853362248222,-0.004259248933925597,-0.015217266382234751,-0.0040970886901713355,0.02077148642812565,0.0041438458767859565,0.005960542793285839
2021-01-19,0.0069327035233972545,0.003286527678483253,0.0047829351761414785,-0.040144886193746676,-0.046999055873363504,0.03148834373593812,0.032906512816429645,0.038749206355427335,0.007610703244698813,0.0005459986031983721,0.002673597650905357,-0.0003169392763305856,-0.03421635095612363,-0.007542005606511748,0.020191833959509298,0.012482152860603168,-0.005751008735899399
2021-01-20,0.015080435672665704,0.0006140321889009925,0.008011147469632274,0.02639696225664978,0.03365539309181487,0.0536279406849447,0.05357336620262876,0.02443520680805622,0.16854337736766944,0.016366642556772337,0.019200031555587582,-0.0036451853914429844,-0.008914248336285624,0.0003453927297609738,0.01886785806912572,0.041865885890852494,0.003681021051844091
2021-01-21,0.011838438855130695,0.005114816643014386,-0.013591297625100696,-0.003005927192050062,0.0006446944672113819,0.0023053950947271584,0.0021699966440225094,0.020150919256712863,-0.011085679361787393,0.005904430099006541,0.0052327890175476455,0.0038174367656573782,0.04035984103672918,-0.0044888022376685655,-0.014361433617853359,-0.007196355813583799,0.00017458157634742122
2021-01-22,-0.005750027330365226,-0.009159563379651292,0.008757503317222248,-0.022780632721933647,-0.028350530987514944,0.005181703314540709,0.0044635305696167915,0.005973553765255657,-0.02530013174863055,-0.026680803268971598,-0.03331595604435156,-0.008556366448465913,0.010418803048512615,0.003468551454760993,-0.0003067507124646651,-0.0043782540726478025,0.003492142772155482
2021-01-25,0.008473890810220874,0.005957332902823964,-0.005150991049548415,0.051765617798069874,0.06399210791749788,-0.0008679430204158178,0.0009087454356195845,0.012786946469556693,-0.014845036229399367,0.006030785674698391,0.009693069396939702,0.021416106369100518,0.04673121014360748,0.006221799577637022,0.0056767833748081475,-0.0032737132656924794,0.016530418549970616
2021-01-26,-0.00403269845551113,0.022871082010187838,-0.013555252541335161,0.0886570788962282,0.08850108854769712,0.009392502476662346,0.007216523516397899,0.014531926697546993,0.009249602655694744,0.021798219481427017,0.02080010564261925,0.025973894017129684,0.08824120055313722,0.021985910956191068,0.0023647005386939757,-0.02063829893866187,-0.03166709010549351
2021-01-27,-0.05197516684499992,-0.033339943059859545,-0.03851138396190623,-0.027844348277541342,-0.015745594047491096,-0.045090950926702233,-0.04665205563859687,-0.03513571244654823,-0.06878083789603973,0.014399919213599066,0.02298862281837244,0.015250817600524158,0.07858253263752468,-0.020504014046894392,-0.061943696641162393,-0.02202419623270291,-0.02545517497507699
2021-01-28,0.06312318241559578,0.06567531071084476,0.05428444473704719,-0.05697566467193982,-0.07213511549402596,0.017653752984261306,0.018835233898492287,-0.026236513354968682,0.0292768980521263,-0.006309054785968549,-0.003575241371389204,-0.031245224995594678,-0.09625011616896306,-0.011667882697749876,0.03650520266575308,0.02518168720435998,0.004353004740397681
2021-01-29,-0.07193160482597727,-0.039341018595942634,-0.02158480945388619,-0.023840657957567957,-0.02257068433572451,-0.014690569190315639,-0.013943549032625291,-0.025169933441597903,-0.011529932978617041,-0.0010582737169996248,-0.005638189042604935,-0.03271817818734901,-0.041691482974614225,-0.0059030010265440636,-0.01322678370161412,0.0007488462016929098,-0.011197296505458532
2021-02-01,-0.014056188790671942,0.011700646523586489,0.016649948122446245,0.025426522042491406,0.022450365864964628,0.03574024622781424,0.035958989127703456,0.014245522845891756,0.012490860747746302,-0.0047670643363521,-0.0015462561715314793,0.007694844388825839,0.0789693597172394,0.0006983813522056792,0.01855961785592819,0.0024445273166584514,-0.008584242335668901
2021-02-02,0.029514861105337298,0.020538399931379736,0.03503535089844534,-0.03588912945974898,-0.04297355086629895,0.013758761402816067,0.013760711294480199,0.019350223703841873,0.016919014819600786,0.023416722094429687,0.02168297854746193,-0.0028635875524849475,-0.039556660403591515,-0.0038391659736426442,0.02702079725432549,0.030705673803027134,0.004053035524759885
2021-02-03,-0.012064216465279665,-0.013872935541340614,-0.0029952149842035203,-0.013536262288328382,-0.007538321050041152,0.07396061534940457,0.07282507743851974,-0.0016100527785628538,-0.015889560843570294,0.0015600654941716474,0.0025265437391446266,0.023771549221836663,0.0358137915972927,-0.0010511887953753574,-0.019106966585395124,-0.022741570662869193,0.005320830358479078
2021-02-04,0.01728320929149696,0.019417582651209075,0.021538386609303073,0.0061748534891727935,0.004623351640560047,-0.003719588782598815,-0.0025499235329691228,-0.0005998944296639053,0.023561032823014694,0.01869172991056911,0.02318523797985561,0.01075270527106631,0.0,0.01332860934126967,0.009507635855710905,-0.004495990270561578,0.006388161727610253
2021-02-05,-0.0034527076738031237,-0.006608331975092252,0.0051600382010308365,0.033412831804727094,0.032873148382716044,0.01727610124390444,0.017140284563032626,0.006041476247203192,-0.002481183689184485,0.061162089827496935,0.04532051931275616,0.01572591193369166,0.038033045932402754,0.0013844399720510658,-0.04073517741682986,0.02977815195009037,0.0032644529936325384
2021-02-08,-0.00343235656664731,0.01447891399634016,0.04879664394664651,0.04091074413854501,0.040419798916154326,-0.0024261323639669374,-0.0020633731357372342,-0.005669322080121719,-0.005210674780825819,0.027857719439017048,0.022620076459108907,0.013205926501691057,0.008512204183203087,-0.0055307220946628766,0.006545354208883358,0.028194084967236188,-0.004880746522851198
2021-02-09,0.0064659403754783185,0.016778871958818886,-0.00942097740839043,-0.05895405721870928,-0.05995698073245881,-0.004491367332334906,-0.00437987812898577,0.010766055686327602,0.020349716786993488,0.026635565612233902,0.022119911782637613,-0.00014967804627485926,0.009724703415072034,-0.005213554345991245,-0.013084805452692638,-0.06107621169478128,-0.0009081454633922403
2021-02-10,-0.012719737790505947,0.0005690498490233953,0.007544710487162654,0.02761874380185314,0.034168543599382595,0.005697092635254197,0.005343622500291412,0.008980998411992847,0.008084848985223214,0.029130718075309092,0.019837609827750402,-0.025022562791139236,0.02798464652178856,-0.0024459388758406586,0.0003214165488192311,-0.002446159654271196,-0.0007272156519213535
2021-02-11,0.011526556474807936,0.009099619447302976,0.006749916074206608,0.007866299539708965,0.006922564021207833,0.0002434679361107417,0.0010878500767623756,-0.005443498732035756,-0.010646077405071841,0.01592209834632241,0.018567697467977373,0.014599722810916482,0.011136753139122657,0.004903747017077187,-0.0007230032072027548,-0.013512221539709657,-0.00655038514131423
2021-02-12,-0.008453450136847618,0.0,-0.016971284431433142,0.02276426361117978,0.018437587235647923,0.00392195165545095,0.003006755261877103,0.00040669414926286507,-0.0019189448478325044,0.023073675423319173,0.029513767889970177,0.003483892162619684,0.01940551403843127,0.003834373996983942,-0.005787630028490143,0.013900190549087199,-0.007325825041853307
2021-02-16,0.008183158197410778,-0.007326769982316628,-0.00703358062202164,-0.02543730694575208,-0.026388586381790646,0.00845498254003929,0.007479538910535544,0.012828192067794175,0.0013656330956584029,-0.012766065316205721,0.0029512326429104174,-0.005283239051706912,0.014234331166354197,0.005902504151391819,-0.013583602956107943,-0.02036429156304098,-0.0009222887365709642
2021-02-17,0.009135487059523939,0.002838696127979601,0.00048298611932184876,0.0003262850500937997,0.0006303981401960534,0.0030207017374987988,0.0037522176026398846,-0.001460114676422375,-0.010658946367867905,-0.01293097225013995,-0.02564119459764591,0.018209507523174295,0.03145088472351576,0.020711353623298345,-0.0057375166064977945,0.0007150487483997825,0.05244633124393783
2021-02-18,-0.01233739067370443,-0.008114639844619242,-0.018450971621571277,0.013046268272442818,0.013385838592400834,-0.005220008454668079,-0.00604644084785555,-0.015279463111053881,-0.005658945134545013,-0.01353717160385648,-0.022864469871856974,-0.005067139617209504,0.018852403233513115,-0.011498211975349282,0.014344404492850904,0.0015311747204229675,-0.0001753148769689794
2021-02-19,-0.014811338269257956,-0.00875189996315251,0.003551754175267652,0.042176390298323874,0.049883313811139196,-0.007585470683974305,-0.008072828086653439,-0.029065785622789164,-0.01459266822709604,-0.00796814234723775,-0.006622556514265687,0.013331370348065308,0.008688620329589503,-0.007868728342072306,-0.023894549460445003,-0.00698157848960923,-0.009301484261228898
2021-02-22,-0.017767423171369923,0.007677435993535875,0.04416018808919797,0.031510686608026806,0.026938963281947004,-0.01725730765649891,-0.016540476202767107,-0.00470257955685538,-0.011921087977489475,0.031236143876526512,0.03822229360022189,0.0433113702417216,0.05503275010918096,0.011034495690374957,-0.01823481837639318,-0.025710738433456615,0.0
2021-02-23,0.010511348753143412,0.016000072913822327,0.027795153880964207,-0.01557352656523825,-0.016431020946935493,0.0028960661153176748,0.0028525263165630754,0.02124243487112576,0.023174404522579684,-0.0012982284536647848,0.00299654171727215,0.0016998523193330062,-0.026761434585704236,-0.00477502523133122,0.011110061582526365,-0.02054258114243601,0.010274626438592227
2021-02-24,0.009522687008950426,0.0011246896841436982,0.002130978820129137,-0.003954974542410672,-0.0023447216516137015,0.01173907147955977,0.011499304729893023,-0.005830220829065813,0.013293012954184835,0.006932537937899275,0.016218586888282926,0.002545976436121089,0.01910847020757056,0.006854202320619507,0.0013421338076646805,0.005592947362141443,0.0015780398674056784
2021-02-25,-0.011437810160817241,-0.021722529482922526,-0.033061567931257585,-0.030238083465143006,-0.029377239744516337,-0.03045580114559021,-0.03256525669864785,-0.036396705800792906,-0.012124852083201354,-0.02538727912223948,-0.025199646603291992,-0.025535934828534446,-0.04725631093832561,-0.025527689075914184,0.012648725855101128,-0.012353669979796145,-0.010854240131557669
2021-02-26,0.01973235035834242,0.009188176508396761,-0.01015820532741507,0.005669195823865936,0.008172014687875206,0.0027076519907398566,0.002956401050308921,0.011504065952124165,-0.014358878245911866,0.011920462359359174,0.010340503193372763,-0.004922481377593657,0.03183989212767191,-0.02584710759033937,-0.007610146100361814,-0.0011911737634745512,-0.021238880583563935
2021-03-01,0.010205095921274943,0.032814932924177365,0.031421983883408444,0.045724955350314955,0.04443110967771613,0.02192094418444479,0.02361630874926779,0.028297824921832193,0.021879946018686924,0.03534029157110097,0.03880604868916593,0.03375502083107529,0.04093661677216853,0.007170846063246694,0.03000731381622357,0.016209422777551108,0.001084809027282363
2021-03-02,-0.00582556383009003,-0.0036730433115353955,-0.005333804278069065,0.07966456867285698,0.09083073150883769,-0.0027239648970391883,-0.0025029264940898965,-0.022309801723577882,-0.005121271336696598,-0.02654863741038871,-0.02955685832915944,0.008304119222297457,0.023685484405602697,0.004628338649811603,-0.00906368972737892,0.0038410308478262767,-0.0068640104699709825
2021-03-03,-0.024429022049515914,-0.009585528996202908,-0.008662523424315394,0.028848824009074514,0.036363795821115596,-0.023667428976787863,-0.025706144859483637,-0.013860759576423742,-0.04950534347976954,-0.0021645639973850717,0.0063453866406228965,0.021217156825104055,0.03186831972630699,0.017718014146851147,-0.02948142294147793,-0.042621057291292064,0.00727509354219813
2021-03-04,0.011014600016735931,0.003722444077206566,-0.02200156526663355,-0.01024522152214502,-0.006102460447779845,0.011042495210381365,0.011196132740754372,0.008731055081589334,-0.01807178956995681,-0.012147383296466918,-0.010929043457163279,-0.015308463077425949,0.013679216168929642,0.006963671109291303,-0.0019352037264268596,-0.033971664304935256,-0.01047295173187901
2021-03-05,0.026973231277272358,0.021509496054938904,0.01042395888469616,0.06347048108704123,0.05628024843529622,0.02901280974691489,0.031043283437288682,0.025772278446882124,0.009974736556548125,0.032059725468125855,0.03569913427474769,0.03428618669319006,0.03283283214488342,0.024204854776252338,0.05117596352129716,-0.01850256417450591,0.021897753224950023
2021-03-08,-0.018669012494781922,0.007079045850567622,0.06274021078162151,0.02510214777236519,0.025187802656917446,-0.040013523393308104,-0.04271198985265845,-0.03394124391740916,-0.044656166048625434,-0.011489467319705793,-0.005334426525851366,0.03704181886613078,0.12688558789039805,0.012491119656424576,0.019088974144382265,-0.05380248564346335,0.014107231886854033
2021-03-09,0.003902829336981384,0.0016223973951039472,-0.03665002471233958,-0.03895417121683231,-0.04228011017084554,0.014094676166406472,0.01636866567083617,0.04085240736022455,0.026574520485449282,0.02453719589261727,0.02516501790400638,-0.014496485789546876,-0.04781234535262524,-0.01167030550430237,-0.005902844372742688,0.04300218052841753,-0.010389044807441294
2021-03-10,0.02326071106049099,0.029512542711058964,0.0028276414656127624,0.018828083909924853,0.028273541655517542,0.001135044309200195,-0.0020436881179429767,-0.0031610408149150837,-0.003751726515045406,0.02394962558141578,0.026961721708312236,0.01470996875395536,0.040546915424682695,0.011808109752542872,0.008708764204461428,-0.022245950270307846,0.015658275608225303
2021-03-11,-0.007693939941686434,-0.0055935684396656304,0.008663937200493965,0.011550455787975533,0.009286352869975145,0.029070167488189913,0.03160306571252569,0.03389957164013402,0.036706727768560876,0.005744833744264488,0.008228905515088147,-0.0030040330301968066,0.04089778069422079,-0.015004635902011731,-0.011145045494634354,0.035129189593732235,-0.0275054879884572
2021-03-12,-0.00012808749529691354,0.0035155072193253645,0.002083788436322065,0.014970906942274542,0.02234403465351842,-0.02499097369519543,-0.024060416802486384,-0.02000882156959194,-0.009635636825298999,0.017136057431815566,0.018655190090619556,0.01886302603894041,0.10344042353255523,0.009140128636246025,0.00896907796258306,-0.0021100791809605113,0.002161892683712807
2021-03-15,0.001361812949915997,0.007707377368394219,-0.002028768019923688,0.002499768739786079,-0.0018697557901961037,0.002216385700864576,0.002165950832127228,0.01993319852220088,0.004304918641463429,-0.008423840961564233,-0.0038152073539432507,-0.014399438181398327,0.014640653605516585,0.004024959223563274,-0.011721401637068696,-0.006343623089895334,0.00017979311869242842
2021-03-16,0.02344003906250003,0.008864776618819903,-0.012807317388427664,0.03341671775025912,0.034660303605091425,0.012596343869282656,0.01433485980576843,0.020200502577834012,0.007265705736937855,0.02437031143948931,0.018069793130818468,0.0016956542541728403,-0.0009343324188586521,0.0020048601692805867,0.017113695408144558,0.022699038715220166,0.0
2021-03-17,0.0034549532606120703,-0.00930402284942633,0.005148326943634762,-0.023889943554055715,-0.02851964962419029,-0.0006882657969146111,-0.0008015816972080092,0.016936696333388124,0.0007824049444964398,-0.011895145608305069,-0.004909388314893737,0.001953396338819857,-0.040523596939233686,0.005335298434887337,-0.003756546687342599,-0.02369799997054256,0.0019770804020067256
2021-03-18,-0.019427867428587042,-0.02834769650694302,-0.01516096820488222,-0.001236233649481111,-0.0009319710635743439,-0.026235168337591208,-0.02923792570011008,-0.018978308537913713,-0.03746854060407856,0.011235920829664847,0.030360684420335904,0.004029168489209312,0.04786638963612,-0.0046435146709623565,-0.01877438795510389,-0.010005342518297322,0.010044822742937054
2021-03-19,0.0005560551927932256,-0.007338625079221339,-0.005928929456559762,-0.0012376620500780255,0.0010492072381098616,0.003428077693915954,0.00278017659859775,0.041238874456042796,0.014639719719995004,-0.002777828863799625,0.0055247506573001814,-0.010614879144731248,0.006097710205670515,-0.008330478245662465,-0.005763999219878024,0.015069993147141192,-0.001243068470874742
2021-03-22,0.012513108592452138,0.016408216579360424,0.008998802991976529,0.01982682641783584,0.01689015472938893,-0.002256368209136439,0.0018403835646003674,0.01182312011265374,0.021340199758820066,-0.01591712648946575,-0.021611714278234162,0.009420526004876972,0.030713748095028137,0.007728294008158887,0.015460033162609799,0.012607513375711754,0.006223173169712659
2021-03-23,0.012280068300563052,-0.004080226476705917,-0.021414614541915955,-0.047144979942589815,-0.042153515620391935,0.007048868097158545,0.0052394441369330025,-0.009913281466800261,0.02290145529630072,-0.02264457259602104,-0.022463346739744594,-0.02177576742647036,-0.0905917051510503,0.00033377301585924,-0.013638858144180421,0.011461491533272028,0.005654833606780985
2021-03-24,0.009466240972976658,-0.003918814978176144,-0.02124731949605696,-0.03213435804261733,-0.04042105567706167,-0.003848052965631288,-0.004310910131167023,-0.029212444347274102,-0.026687054873853477,-0.019859363532375496,-0.02527771332632911,-0.007685319334793217,-0.23178086335826287,-0.00033366164860459957,-0.01631970910577174,-0.02065005159989519,0.0017570226159213664
2021-03-25,-0.021133924094245304,0.0067957518102412795,0.011855915991918708,0.0123846861020116,0.004486563229005425,-0.00034225238220919607,-3.433162837263026e-05,-0.012050715551130797,-0.03446558129580313,0.030814834577901795,0.029862361786346714,0.01869434834059147,-0.05349503619636009,0.0030012731209834165,0.009153384706306111,-0.002760491224403583,0.006490097340670964
2021-03-26,-0.009470167665577178,-0.019893713729314366,-0.0052967607302620845,-0.05856333974782002,-0.06203485117671392,-0.004309531616743856,-0.0038032868092218175,0.015354569123006812,0.010320984256541044,-0.016789659459758854,-0.018313528953950997,-0.010093431614923709,-0.2730973179745244,0.007646315422910055,-0.003968331329250341,0.026503328688025407,0.013942353447710998
2021-03-29,0.007803708232340778,0.00018148972936304908,-0.005755148072174809,-0.009676485461742934,-0.015079227107039683,0.010022012089131005,0.010401397727285655,0.027560278625650803,0.011613033147207519,-0.02582263273258545,-0.027205671637587026,-0.00715030366408409,-0.06676339066319259,0.008248082920610411,0.003821623554552289,0.011475128102831356,0.011172128423490246
2021-03-30,-0.006266869196888458,-0.0038050754657099617,0.0036786516287619087,0.0005582726969299845,-0.0032232233660642873,-0.000199588655572569,0.00033235666855135904,-0.00969710275700264,-0.00108959539567266,0.018811463292024877,0.02636832534342859,0.006268371841661624,0.03554783909058368,0.00556268740618715,0.009557527047314718,0.004537994680499757,-0.004079685931552279
2021-03-31,-0.024767236481830546,-0.015824095951498918,-0.005443803686477122,-0.025390561370455478,-0.026946720713472483,0.006368328968583192,0.007842712490253367,0.022673789108769382,0.01610860462805941,-0.015526514287189652,-0.010120560496974074,-0.01723000007797626,-0.03239683951996286,-0.014969163397670182,0.005215105813078713,-0.0022022666311670713,-0.007509773824936339
2021-04-01,-0.01367865251409206,0.011827969091160462,0.024116476070907167,0.0020039757013532444,0.005538432566318585,0.033413299942843366,0.03261065370528593,0.0140221560350553,0.03404518199775297,0.02301781330688435,0.024773831462556517,0.02373591726329627,-0.010198964265154875,0.006607211025373427,0.01883643640484367,0.019524601062968605,0.002579747560567114
2021-04-05,-0.005060989522087889,0.0009128980819606003,-0.002487133556090426,0.0037142595026955494,0.002478781120385687,0.041071282533673426,0.041872866951281784,0.034320153274350895,0.0023173037130321816,0.021666649048595055,0.013814320208409114,0.0028979106524373854,-0.038978703714011464,0.007876845622021067,0.029377113837911306,0.017929564783577545,0.009776752215886253
2021-04-06,0.013030577454066883,0.0053162805933533175,0.006525216837223402,0.018218072204978952,0.017857006528322117,-0.0003594141487085478,-0.004371506706443262,-0.008578620797355274,0.0071392487585848485,0.0008158386428565034,0.0052989699486842845,0.01904637187713698,0.03379938669643168,0.008791614084615595,0.0002283274140617575,0.0033809308576673303,0.0040770053771335135
2021-04-07,-0.002869315971231967,-0.004376362815506019,-0.011437255888070763,0.003914061219531195,0.007017579465632862,0.0112056646255847,0.013475195107002902,0.022301193777708006,0.004517697854366842,-0.0073350156701534885,-0.0052710388721025625,0.000773520387499671,-0.010372117876367049,-0.0016138024627260217,-0.01072814506757469,-0.0019022070843240924,-0.001860926887452763
2021-04-08,0.005771411202096122,-0.004944928335680943,-0.0012795141387192954,-0.007797373169324384,-0.00830880626999031,0.007005602880131301,0.005091571999463751,-0.00022359831437945843,0.013875918255193964,0.013957234279721842,0.01135510881006807,-0.005023285948415501,-0.03645466680818321,-0.007986053640325341,0.0006921290333410379,-0.00027219055066740605,-0.013225556245736958
2021-04-09,-0.001495518158396325,-0.013988674384389,0.0030429598482879516,0.012629964965739982,0.012432495598007298,0.009022480730050075,0.008993729448592669,-0.001788891523581082,0.0013162762204548262,-0.002834141002457602,-0.0014971855653688193,0.005307588320973222,-0.009695101919656723,0.001333037646858104,-0.008300605599524502,0.002287571650234632,-0.0019095958062019802
2021-04-12,0.008237818505862915,-0.0046667446238717325,-0.00745135074578418,0.0005540216708845858,-0.0010678110179594968,-0.013600910446993852,-0.01147238066009204,-0.002944364090660123,-0.004555984227097687,0.006090327708635046,0.0029985608258737972,0.02085986314935462,-0.050381648670665746,-0.0026629918078361348,0.013407691224662788,-0.006847134748238726,0.0008694579648460543
2021-04-13,0.003213289639269812,0.010502643256355304,-0.005362193418209538,0.0069253083925504555,0.0013361905714637246,0.005534847762482364,0.004370463203904773,-0.005713522844012053,0.001718608142713407,-0.020984726603534898,-0.023168997556775595,-0.008703232402243577,0.01810375073710535,-0.01101443454717721,0.00022950632759366485,-0.000547115603698578,0.001390328909626426
2021-04-14,-0.0067440367454660866,-0.010764686442152893,0.010620574407145034,-0.00550200695560632,-0.006405156233657339,-0.0054824379640315835,-0.005553601764820781,-0.02240441302236751,-0.02475939844444286,0.013190349770547227,0.010329204970211281,0.0003820236915512698,-0.00666798721515538,0.003374504212906526,-0.006805080398662899,-0.006679082427699545,0.001388490416394772
2021-04-15,0.03062716765807183,0.01575987642753396,-0.008161810009544634,0.01715074341610312,0.017593262887981354,0.018546771953127372,0.0193318193486256,0.016511381622615673,0.0170364431383907,0.008950450001263821,0.007572812045423483,0.010429730625313827,-0.024117457076470394,0.0006729840099235496,0.012086541776416881,0.005842138141152642,0.0
2021-04-16,0.01316036968111245,0.017916361520039503,0.007153236875659719,-0.0013598461211457025,0.001583748381409622,0.0004790691129796798,-0.001094001561800173,-0.005327718015289751,-0.004879675759766999,0.004032090468585103,0.003382179344133762,0.0026435850276231854,0.0025475354996908894,0.006722609835724702,0.012017822881030593,-0.02027395588077907,0.010052070250312628
2021-04-19,7.757622693094213e-05,-0.01760101536562908,0.0009078270627265184,-0.003540279977701344,-0.006983774208424776,0.0020193320390426983,0.00307087791087457,-0.0128683436814927,0.014454585670435005,-0.0008031475103028596,0.0014981572216277161,-0.004268788607884599,-0.02414234076631594,0.001335496912298506,-0.007966897039521026,-0.004977625136789343,0.0018874057636379948
2021-04-20,0.012476396256664302,0.00036933072669009803,-0.02475594363646505,0.001639910304378267,0.0031846211528561152,-0.003809015488412948,-0.004694873897078344,0.001356545285164712,-0.0087836286987647,-0.0068326827354625586,-0.009349400780032657,-0.005674044442837145,-0.01250006470711762,-0.0033343476648777237,-0.010909935385660097,-5.626308481232467e-05,0.0
2021-04-21,0.0006743745617945329,0.009231991314160526,0.001750710650423315,0.019372543881454707,0.021428790742790138,-0.00014828249184695164,-0.0002896261457046023,-0.003898929335491408,-0.07400333512694968,0.02832848502202867,0.03133252566415412,0.02193754933072256,0.0772682663112374,0.007360269849645551,0.012025869476441908,-0.008150629555872313,-0.004281551816936235
2021-04-22,0.0073211335319041115,-0.004756767243204285,-0.0019113804964758785,-0.006959704057413751,-0.012691075824899256,-0.01106272184802426,-0.011337094718622875,-0.016419380644966286,-0.0002358231035879399,-0.012593385335908924,-0.01573926141057791,0.0006205248636557137,-0.0029375380957509245,0.04151439725709438,-0.002951716797953585,0.010937987916975977,-0.014791928660162768
2021-04-23,-0.0002128917558642529,-0.00018378278749486832,0.0014225673431065289,0.006469026113251841,0.007607593420910552,0.020891380794241465,0.021047643751093803,0.015546960864786685,-0.0063484818062222725,-0.00797144991613341,-0.005950137168537872,0.007316854631420178,0.024060980002408305,0.0012755622746769557,0.012070185466876104,-0.012277174467199892,0.0003491137232178865
2021-04-26,-0.007558431227307594,-0.0012871582807506554,0.006829973909926235,-0.007230767536857363,-0.00546735355701955,0.004940995983016672,0.004347873843677963,0.006342872092313545,0.009395677405870106,-0.0028122660708685965,-0.0026189074693389047,-0.0060325492392431235,0.0026370238647914768,-0.015605174796538779,-0.006150629390453188,0.0013621103981471538,-0.006282685089448625
2021-04-27,0.0014558012111629548,-0.0003681069515438784,0.0020078992172951615,0.004855695499470514,0.002094144387163599,-0.00843232134311267,-0.00820357192609622,0.001748856665272136,-0.009308220370050302,-0.008863821900038649,-0.004126039141350679,0.006316455106750052,0.023672964288127707,-0.004529350417028399,0.003169682861541734,-0.012186102055988468,-0.010888821790394188
2021-04-28,-0.0012242147206122933,-0.0036831338819343085,-0.006770048238767146,-0.00993277346168664,-0.01201646021999625,0.031550115752524865,0.029707694898923442,0.01162807560328094,0.0019187048063449286,-0.011788591577122753,-0.014312527754299142,0.0012307422163022608,-0.03223549267567871,0.006174984650638704,-0.006319275065736374,0.0005738243299064916,0.0019532780476125833
2021-04-29,0.02642787224882648,0.042513864366964915,0.010578625617092108,-0.001355901594296327,-0.0013222743637723022,0.02100081970741008,0.014293925936876617,0.07297344250400317,0.00489617579840762,0.006170331690354747,0.013374053505394112,0.01880772888972615,0.0016897226893877182,0.012273611548752728,0.014612140176329058,0.011985298081022222,0.01577168177227084
2021-04-30,0.005194324605704237,-0.00443275033292756,0.0037230466976017063,-0.012218231860412043,-0.009266552639870418,-0.008136297741423215,-0.016407760808802685,-0.01344452049508782,0.008781897500811375,-0.006132492179518723,-0.012066228940151968,-0.007480574563672904,-0.011566529620437027,0.0022336590645841703,-0.014028726039803319,-0.006176666460875779,0.008199786726705405
2021-05-03,0.005731658299199527,0.007480277717702544,-0.0027416357309771877,-0.016492635496934138,-0.02164617804720248,-0.006202881618942224,-0.004427590564605288,-0.007690426774318304,-0.00849126186414162,0.0024680011984195005,0.006106762316377523,0.015438778665468167,-0.03315472902163097,0.0028654469372257907,-0.005146605097123058,-0.028965684169350414,0.0022494417143152923
2021-05-04,-0.006570126268727217,0.0010605675950248195,-0.006792084356835981,0.0005590117637217507,0.0035509602025891596,-0.01708431124577603,-0.01547117698624123,-0.013082007217784186,-0.011647748282576975,-0.03282711701464569,-0.032245939466179374,0.0002393636163340318,0.00781660383550653,0.016508277957803852,-0.02259404867683945,-0.01626543877171316,0.011740077975437968
2021-05-05,0.0013227338046748471,-0.003885024415213656,-0.01487108714998775,-0.007262518571158005,-0.010887259540436789,0.0010575077324077586,0.0034421472460151037,-0.010491230811719432,-0.014110240336992486,0.02078901255834742,0.02391235779594525,-0.0045481406777969635,-0.021766342217047208,0.0003119897462866561,0.04397551940755329,-0.00035813023954467393,0.001536120781661543
2021-05-06,0.0030277967010667872,0.0101046543433434,0.001542566012738611,0.03263931457786429,0.03384694311540004,0.010442469686041012,0.009754786757031564,0.015872130136319607,0.006994841761736703,-0.004987374434510583,-0.004594272259302756,0.01358683878475131,-0.02429648298409559,0.011863925347627369,0.03541356344499147,0.006986314924566139,0.01022314469106056
2021-05-07,0.026117617881199706,0.019831513281606927,0.016777692928275467,0.012806396319866575,0.019962727337299757,0.007281637548913311,0.006237778994798271,-0.002937336720431949,0.008587669383854024,0.059732760220504666,0.05538472318688137,0.007828811045326622,0.0325033814386233,-0.0077136595298695765,0.0017281231796495433,0.008479648599062362,-0.009613727470336397
2021-05-10,0.0018458240903500567,-0.010325522506494433,-0.0029214200832986537,0.0021523178258571196,0.013309043744615057,-0.023775541564847624,-0.02558749096167756,-0.04108698099887531,-0.03403858746869193,-0.004335908925912513,0.0,-0.0018832196098073073,-0.0030466378813454043,0.014614371347753119,-0.023792308370243265,-0.006173946060672009,0.01362389594220037
2021-05-11,-0.013861619434820338,-0.0001735096595270047,-0.014270159472637767,0.003758328817349277,-0.008370016420298998,-0.014049836630112611,-0.009464470243335632,0.0018302105889203002,0.017238914380818926,0.015043585868922627,0.00728841011098269,-0.012499964768677652,0.005347441761633043,-0.01133939988010979,0.016125304280008468,-0.00609394600201596,-0.016464911233328938
2021-05-12,-0.004539617079223457,-0.015304634674936368,-0.02102724396346778,-0.024070472777828922,-0.014803030102020553,-0.03018069185618355,-0.030752469000632665,-0.012984013055420518,-0.020400709650202575,-0.05460217096038389,-0.054269108965136814,-0.019106779046828004,-0.01063832581847124,-0.008989395360779362,-0.009855028374024966,-0.02220376727399953,-0.002220803235097768
2021-05-13,0.004868188831491427,0.013599566222417314,0.0027550215608267425,0.01589466978624654,0.02122045118801763,0.010222922504903531,0.013085040863886288,0.008957273229750928,0.003464045193047438,0.004950503208996704,0.004208347795930711,0.01570497521931058,-0.014080767347887102,0.007507345033818336,0.010831401880925684,-0.00925355573178599,0.006848101339216539
2021-05-14,0.03662634914372198,0.022477915100291845,-0.026017580552972652,-0.02158068404285951,-0.038203491254037214,0.023956966571775817,0.022134901521650097,0.034986488578449215,0.013787889476778448,0.02298843411066054,0.017142739471834645,0.002517157050436314,0.010387077589447458,0.0009310998087086464,0.02461639636834323,0.026115275018707917,-0.002040367165313084
2021-05-17,-0.03315040543185377,-0.05487377473156241,-0.020840666539640784,-0.011855643868432741,-0.013150898340725026,0.0022668442669475652,0.00462617247358077,-0.001519303100578795,-0.008979078121690964,0.007624457873733892,0.007865175447857586,-0.006336497203953129,-0.012850202616196627,-0.026985130474114327,-0.00932742689661914,0.007365684694162322,-0.012779178812389547
2021-05-18,-0.0010773680726183787,-0.009195944945956214,-0.0023517868157439947,0.013392904256886107,0.015773809226110158,-0.007745349979951355,-0.011555749373959867,-0.01743504055037337,-0.005440394517740144,-0.007965099942433662,-0.015979285301537915,-0.003369241603746187,0.04556095453568698,-0.058016911982137986,-0.03708968333758955,-0.0031506287923606102,-0.013116940334685134
2021-05-19,-0.009415343130722564,-0.012920860898072983,-0.0024161341741912867,-0.0027532757903259153,0.0,0.002292211109714337,0.003991268801625258,0.011711351739723819,0.0029201717225710855,-0.011641724639117723,-0.017749071087994173,-0.008088944764776396,-0.011703259887927864,-0.019966141106500634,-0.004814952887069679,0.06953308779504352,-0.004547156095581428
2021-05-20,0.02215845952713269,0.01474927378828994,0.012347015090506952,-0.002208769902794394,-0.002677389646850492,0.020522273294317328,0.015606548189897484,0.016008222837320618,0.0286446451920932,0.04346050203711349,0.03998449168113538,0.0055991785678441985,0.04610747312246488,0.02348052885451568,0.013472415865786624,0.03194867874290375,-0.0022836382026900637
2021-05-21,-0.0031523979389093126,0.0007264956032200232,0.006069099363765318,0.006640864340756281,0.008859105110910814,-0.004664620030577993,-0.005557240066801472,-0.0074699528829357265,-0.0075348008338239625,-0.017127212391616964,-0.020702446598952484,0.003267611701628148,0.01517349921665856,0.012482813060740394,-0.0008079524681150474,-0.0038902161961310577,0.002113221485440242
2021-05-24,0.015320835574896607,0.010530163799248093,0.011078806837616417,-0.0019239901283767402,-0.0037255132245442857,0.026254866780464514,0.02916573670531286,0.026563032392849628,0.010062452267442179,0.013465197047544342,0.013212570919828304,0.0037399472905095266,-0.014472130325346888,-0.0086634348570378,0.012348135753763811,0.0035799721193552347,0.0012295163899100903
2021-05-25,-0.010837249248746628,0.0007190083666193114,0.010670752902568026,-0.0112917304373652,-0.007745438775941249,0.0009971605246037463,0.0007751447402244427,0.009734206452498784,-0.0031020489528280626,-0.004689340098194217,-0.007451564606283934,-0.01454308205060495,-0.015406912513154292,-0.007731171795443692,-0.007042336397841242,-0.002161977872859544,-0.008774818538654583
2021-05-26,-0.0028899796371044673,0.0206462297019383,0.0017028658923876616,0.007242402611896237,0.009690271040478038,0.010153168697204507,0.0073806951680648325,-0.0003966181051328066,0.002034571198844759,0.009030319652939323,0.005255285157969691,-0.0014637176297528365,0.03814194687557704,0.0010164200779578803,0.021131690753524168,0.0056873744964152095,-0.0021247268435879985
2021-05-27,-0.0015140415183398925,0.00861912325869274,0.014563281695069596,0.01797553417238862,0.0117301551175657,-0.012746649416345845,-0.007406476960834185,0.015534281241182724,0.002985936891803931,0.00972757171603611,0.011949005793287393,0.009161111900215735,0.01625060415376889,0.005414297960630199,0.011886859365300317,0.004362565662637152,-0.0012418909040106119
2021-05-28,0.003003851618420983,0.0,-0.0021780994251976438,-0.014398348424082608,-0.015810249013656463,0.0037667915446455424,-0.0024675144070908095,-0.012081173987279592,-0.0020839787565295476,-0.01001922121922838,-0.0040589747016458455,-0.004599779874591703,-0.01691799858613585,-0.00942458577150096,0.0009904244208840396,-0.0049334952274960875,0.0035531955116758773
2021-06-01,-0.008120620290741565,-0.006801452773329553,0.0010634574541699138,-0.007993224298694757,-0.0008031074788672488,0.007567652017796744,0.010323157907120573,0.0012168883955820942,-0.00741825534627405,-0.02374469466907847,-0.01778412866359269,0.009484295286199318,0.004243379594371488,-0.0037375981911389466,0.0017675215114254517,-0.015089475579852074,-0.0019473991462880536
2021-06-02,-0.009348375363943728,-0.0045654936842919325,-0.010288527749483523,-0.011114312210116162,-0.014469743682737013,-0.003510518909808802,-0.0044474110095692465,6.070499356103376e-05,0.0003205666431986831,-0.021530939080991796,-0.022633267182631034,-0.00445648332121229,-0.000469562004856261,0.009891144914041528,-0.005080968413575415,-0.03200914325102888,0.004788598218119722
2021-06-03,-0.009978749266294717,-0.005291868355513318,-0.004293751232016141,-0.012081818312038695,-0.004349990816686078,-0.006884695379807182,-0.00970644970082768,-0.009448546849017525,-0.019649847710872193,-0.0024450323578493194,-0.0007716865000991779,-0.006291719428553333,-0.02348527334567818,-0.012833610252854233,0.00950476353746077,0.004635080258071911,0.005825326152597343
2021-06-04,0.01037536204730638,0.01081751012461818,0.00533356288751774,0.014504699220865724,0.015565454645079635,0.019607978788279468,0.01959044705864743,0.013219175055492194,0.010849319031771554,0.01225488116004092,0.012746179049980544,0.008157888639699351,0.002886069771594224,0.001368393157603398,0.015387928847292232,0.03781016925811964,0.0056161587569227844
2021-06-07,-0.003061637414080054,-0.0014036194795947754,-0.0010721918849525558,-0.0019621717174569397,-0.0010755631459848924,0.005844849046547029,0.0036471014421401993,0.018858644133883162,-0.00016168937874272427,-0.016949140245171135,-0.01411126589225864,-0.00024158499295334757,0.0009591856952833044,-0.006491254161786197,-0.0069199310494481026,-0.0010301027083213787,-0.001745328828114956
2021-06-08,-0.0038938880092410644,-0.008608693439782766,-0.0037290901128606,-0.01235940043032302,-0.015074317195605369,0.006796199280143078,-0.0016068290265690566,-0.008615900313929115,-0.004589034731050545,0.03776670146681349,0.023984383918670416,0.010872396975637688,-0.0014378139265033285,-0.0034388094831705462,0.01310005969313388,0.0030934947422762704,-0.0008740513956652096
2021-06-09,-0.0021241794610672438,-0.0030125964797792504,-0.0016447349337576078,0.024743757524506416,0.02869651255868222,0.0034437142954810707,0.003961143084829866,-0.010279417251507605,-0.013363332979023035,-0.0007910747862395207,0.0022667624702190636,-0.0017926131769702147,0.013675997022359221,0.0010352992693822838,0.012930998323536613,-0.006708897261698321,-0.0017496320596741555
2021-06-10,0.00952001229960353,0.0060434848011519104,0.003010689705143399,-0.004718230932123646,-0.0045164943951779835,0.012121654645025792,0.011291696629379455,0.006692005454802974,0.00300528817017498,-0.005938193064663699,-0.002638575192035253,0.0014486176008303708,-0.01751495940321124,0.005859744141928802,-0.005160680362444103,0.007516776024509841,0.0050831599664931115
2021-06-11,0.005608377737124082,0.0049470898211574355,0.004587375927916915,0.009481425634954466,0.012276549447843177,-0.003041690288930088,-0.0020244881847923946,-0.00360942901868333,0.0030783283911970383,0.017522742540157177,0.014361361040607923,0.010367749380560287,0.020236246916212286,0.0047978835369961725,-0.007917769293045218,0.007839092494312583,-0.00017414350144351332
2021-06-14,0.005635313469755543,0.007032142514569628,0.004510088498276277,-0.006629970163601007,-0.006591229256283415,0.005214846977542376,0.007698887125076936,0.016633371238325978,0.022750977693265062,-0.01839525182535795,-0.01974674317590097,-0.014795356283338612,0.012348742672267488,-0.007844318556663565,-0.0006189649946919396,0.0017702061704540917,-0.0026166687773052644
2021-06-15,-0.004025380925101407,0.0006984212739371554,-0.013020559386959007,0.000556099256400211,0.0007962908593899254,-0.0025246529905029735,-0.008379284379562923,-5.923642601413093e-05,-0.015983512607602002,-0.01395528106861299,-0.011782524492296664,0.007387776050772787,-0.022519450595638313,0.006531600102543278,0.0028910288286438934,-0.04364119891022422,0.0019239000319739574
2021-06-16,-0.008374176209981599,-0.0034891654902236002,-0.0068235608071363085,-0.0013897039868804306,-0.0010609486267867396,-0.002669880961110649,-0.005328682769664139,-0.01683767169867867,0.0010368469986845597,-0.004852494961271381,-0.002692438595059299,-0.006371842599279587,0.0033598106305428033,-0.007513846924288803,-0.005285417968173833,-0.038913840814781664,-0.011345923001125802
2021-06-17,0.013165775319719408,0.007003017477515527,-5.739709835594908e-05,-0.013637639996237683,-0.01380372607306235,0.00536606589824018,0.00804008550905233,0.016401120770528355,0.012042779209207044,-0.016659876639864568,-0.016582902079668727,-0.022141544905301735,-0.038746919336010266,-0.011011788156234159,0.010627447080381325,-0.006699644260855009,-0.0019419620001031035
2021-06-18,-0.007886567257510801,-0.014082111972179012,-0.012768298402746181,0.009593791668319751,0.012920324719233545,-0.006358250559610479,-0.01340945860291487,-0.020356020632030458,0.0048761895955229395,-0.01570252074883094,-0.014509779228948472,-0.039470486041596864,-0.00398110809878649,-0.003131286945790346,-0.011949460857368255,0.004574772899101909,-0.012559883521414128
2021-06-21,0.013433521441982288,0.010050858775800586,0.008989676599284735,-0.00027944842946991955,-0.0037203462114632213,0.007067792552716723,0.014166074535263196,0.007977950487586094,-0.007528384365964702,0.02015108597130233,0.023875843130100494,0.028081958219588588,0.02323267593648004,0.009772727661194303,0.006634352769361751,0.012786095615449966,0.010211451762486723
2021-06-22,0.01752996174289234,0.006110577180716392,-0.0027015785200987796,-0.0008386945650706856,0.004267935154593783,0.00430593661368972,0.004252543831418265,0.020283509982773174,0.02378267984704685,-0.006172871475717323,-0.008161685929349294,-0.008645283642102708,-0.005126812341065601,-0.005184537431471625,0.001098456398828107,0.00438112931047363,-0.00035462377223605124
2021-06-23,-0.010891260574253159,-0.03730728172105746,0.010547590103201943,-0.0011191597409861975,-0.0013281362783311712,-0.004236292147941301,-0.001663669010959934,0.004601354009233782,0.00770406609902774,-0.0070393024688182315,-0.002742922915268009,-0.0008849484112289918,0.026748471096422977,-0.00451702704254775,-0.005417581088453249,-0.013487866052648512,-0.0053219946144527075
2021-06-24,0.017517768572283154,0.010454417187033105,0.014829146655572112,0.01624640117926157,0.018616896979503972,0.006488231816300427,0.003054259683210825,0.0076044211397665595,0.010375658489874207,0.007506477334618733,0.004715064212443831,0.006957397328688719,0.02461716553017612,0.004886577487497323,0.00393034637041878,0.018501236824779888,0.005350469785837753
2021-06-25,0.013702673498445783,0.006421812294029605,0.002360537000939855,0.0030320220785964302,0.001566694359196097,-0.0022549744584070552,6.947512579880133e-05,-0.0052743990969758014,0.01739182683103402,0.0012416618606736485,0.006257379446850786,0.00804042025799756,0.022160456587713817,0.0034733871912764336,-0.0017858095486251724,-0.0070832300449448216,0.00017742172439838555
2021-06-28,9.705850122898596e-05,-0.005672024564162603,-0.009980419303971977,-0.005221082267662269,-0.001303447610940811,-0.0013819259585575727,0.0002243796365137829,0.04180225970103635,0.011307808509394057,-0.0004134841244227694,-0.00427517252535603,-0.021186335738189732,0.0497488831159969,-0.0038075191465636316,-0.0020643886986865256,0.02456557837848461,-0.0035474296011769324
2021-06-29,-0.0054064038179294505,0.007843286581842746,-0.014951576213027895,-0.032044231146856395,-0.03863219125256945,-0.00631602829960598,-0.0021503934059630136,-0.010544257288568892,0.000881696510041996,-0.0037219050939398812,-0.002342045185038444,0.004838338648654128,-0.029782758353346206,-0.0041696709384296815,-0.00034433394727750866,5.620622062352254e-05,-0.006051986689999733
2021-06-30,0.005561271864883199,0.008489555096970802,0.010578970527438392,0.004566186472228173,0.00814557420472739,-0.005574570561153291,-0.0014965889123668141,-0.011878807624189469,-0.009915639057982095,0.010792725309086704,0.00821589220428609,0.013557818907439234,0.012771851208867258,0.004187129892256891,-0.0011038641776649483,-0.006064019056950309,0.0034026295562148423
2021-07-01,0.00048510025645009947,0.012802472082793948,0.008476939878067746,0.010227190968611133,0.01131144376207538,0.008398774726201985,0.00290764206888916,0.019211432176698517,0.01009070170324966,0.016837681569850993,0.01435783619704889,0.012626495149879569,-0.005530825599848521,0.011466032966622297,0.003521575843414615,0.011015686934685798,0.004640390512840931
2021-07-02,0.014020497767160078,0.01160199315010857,-0.0008461086415925134,-0.00534306231441517,-0.006124980110874145,0.01860036112957597,0.02297366667910028,0.000874946423430556,0.0008246564116320965,-0.012116217777267568,-0.014919503199438022,-0.0013577785235336925,-0.01757537955640953,0.00412246340619804,0.00653634752928145,-0.009331162527545067,0.0026648261282502528
2021-07-06,-0.003251728246781105,-0.00876764585496903,-0.01931001255664866,-0.018094338422990797,-0.01580918597672243,0.008172903320767366,0.007444753264112425,-0.005413294676779312,0.014345156599548492,-0.015126607146371818,-0.00815526888044027,-0.0248487311992317,-0.029212157007170614,-0.007184572662544242,0.0031443794888559307,-0.018217685684958296,-0.0005316987526690076
2021-07-07,0.017586448277359334,0.008845197413406947,-0.005009111594195592,-0.006622696868232025,-0.008984525334211901,0.00236193415332564,0.0022506005985936106,-0.006491254586681983,-0.01048668447854062,-0.009547621349747404,-0.0074393800349409345,0.005831667585586953,-0.0016325318044517756,-0.003101436350374409,0.008790291387207327,-0.0021830577745924895,0.0021274573896428173
2021-07-08,0.0015221586139593235,0.0010311825450879386,-0.00011565215292852482,-0.0199997735809484,-0.019230864229133005,-0.006922683780525074,-0.011306840136179774,-0.013809281591837697,-0.009702225002793607,-0.017602753895920253,-0.021696210407253225,-0.012982014386009544,-0.031308563634058206,-0.002178158624719262,-0.007970688178248864,-0.017387323565037804,-0.003971235315911814
2021-07-09,-0.009455318489408171,-0.003434502209851198,0.0245369394263264,0.02070365844827715,0.02100850917597641,0.003076739260939876,0.0037946998868390036,0.013800201680456814,0.009834941537227637,0.030716862873969353,0.02903218879512126,0.02221950094648406,0.031596975974591324,0.009581190230023795,-0.00578768978358668,-0.0017577960682980676,0.007004155295694758
2021-07-12,-0.02263497979997886,0.003963380278201978,0.04145973246985224,0.011301351258620418,0.00960213003955146,0.007636723031398951,0.011607863196424484,0.00781912331850898,0.0024814250760512024,0.00827813159532087,0.012147263674722852,-0.005246979374202265,0.015664959324371397,0.0010546336096379783,0.0060952829812281895,0.010154434676940438,0.0014270748512006382
2021-07-13,-0.012642366963411034,-0.007552243808441217,-0.0039593729600100325,-0.02664759451113019,-0.023097941513051445,0.003297289153819216,0.002882435920392279,-0.0030298280764126106,0.0062720181432234234,-0.020525498891170724,-0.023228880684882824,-0.021851178867219212,-0.01979722841176168,-0.007373578645300971,0.005922453354343604,0.008425316076805078,-0.0010688508041217792
2021-07-14,-0.013127925889391823,-0.00086475531741248,-0.0012523397818748894,0.012069554063949717,0.011404900806191165,0.008305674795803464,0.007032295977591252,-0.012667210580954547,0.013445982185756211,-0.006705822968450459,-0.009115997197934433,0.012068583145155465,-0.016205007380177716,-0.0003537828219174477,0.007647169790214958,-0.009622576430881824,0.0041006658707403165
2021-07-15,0.0050757768130627046,0.0031158799002195536,0.003980010541630996,-0.014543367046606415,-0.014301500868583172,-0.006177885792786886,-0.009607236583884071,-0.00911895152470188,-0.009124920461871078,-0.0021097434069886623,-0.0035999116218613514,-0.003805713531103372,-0.014323216775512959,0.0060155302672622035,-0.0037609402188879537,-0.021177561590891125,0.004083826169657634
2021-07-16,0.007178014286761902,-0.006902522699433922,-0.026282933894669513,-0.01505317861865918,-0.0156250783922105,0.004410954515771781,-0.0002754415646051278,-0.009580206715394834,-0.023280228042954487,-0.027906899349031344,-0.027699947389139834,-0.01375260653780741,-0.024218504554224807,-0.0031658861148167183,0.007213170088398391,0.013552060775399388,-0.0015916119827654729
2021-07-19,0.0020845089214025503,-0.015986080356109045,-0.035469332797593456,-0.02307467509146921,-0.015872749268733832,-0.019655694717774508,-0.018839157981780708,-0.012340127708333704,0.0037148539055276153,-0.014789049181815006,-0.014037853807438716,-0.014073550453550965,-0.01042487961920091,-0.01940674645536622,-0.03212648619061309,-0.009148472434361121,-0.010981093204531
2021-07-20,0.010246446600262749,0.007946172676539076,0.02197176823696445,0.008282110851170588,0.007200024764761226,0.014293356544644809,0.01309625717181584,0.013978357182594658,-0.0023108344696751715,0.018101436342504496,0.018425409098157264,-0.04308559884476515,0.013042421169976892,0.004317861232754794,-0.0014521229460394691,0.00627365954352066,-0.004656275987552805
2021-07-21,-0.0004730742540609567,0.012789258976325435,0.0007920096334015359,0.030727319267424447,0.034887229502844175,0.01143404183474317,0.010613304050876238,0.01337594499649808,-0.03280294877789258,0.01387692581436517,0.011924415997666138,0.008621797366834771,0.02253038626072512,-0.00035822381182681884,0.0011771687934687414,0.0051758005052937595,0.0066568204022732225
2021-07-22,0.002505481244657659,-0.00034589562603626334,-0.009949715382427393,-0.0038370442963828744,-0.005249982835812794,0.005490227237535006,0.006840244559968234,0.014325607317616118,-0.0036212999188532935,-0.00812666777912463,-0.008126858356145461,-0.023066251388139003,-0.010411415935712931,0.003942608331467978,0.0012450529791356857,0.002223551178373251,0.0
2021-07-23,0.009150019610029814,0.009863011427458268,0.0057673508935041085,0.007703404198609931,0.005277690620985709,0.03365742311079978,0.035769117256255534,0.05296277040156583,0.007112613889517672,0.014661676156675574,0.013928750431308368,0.004166537686880689,0.0029361779747751893,0.004998264648058859,-0.00518123283473404,0.01173513849346719,-0.0012507492757897198
2021-07-26,0.003921211314526163,0.005825959355864274,0.014760951076042916,0.009115260792114777,0.010223757764536323,0.013267666350179175,0.007668235997675632,0.007220319092998251,0.002095378310854601,0.005949705163545316,0.0020203232743731814,0.013416237215111426,0.028543401079268005,0.0010656302699647568,0.0067362574230172,-0.0022505592057152635,-0.0017895574127663183
2021-07-27,-0.003988122209843126,-0.00238488533420389,0.0042518638995006075,-0.010489724734495498,-0.009846654205490468,-0.020394726464842416,-0.0159287363132804,-0.012484579731826817,0.004685484481488311,-0.00675965129162126,-0.0032261126952535246,0.0027298365083969767,-0.01944973790005733,0.00070982550325005,-0.001034828716917513,-0.031231891770437947,0.007529522000452538
2021-07-28,-0.0061781771370829075,-0.009904466524179312,-0.0022283669286359276,0.0017667906551617207,0.0033149335929527624,-0.0030335626361829293,0.03179691679638608,0.014871839082383875,0.0007516036637444934,0.0038281438460334716,0.0012137786840960008,-0.008847195198482982,0.007498752477246073,-0.006737650934502737,0.0020715797629684563,0.022567156891324602,-0.008540965825242663
2021-07-29,-0.011713263725346756,0.002242225458963354,-0.004187607192322584,-0.002351485582256174,-0.0005506635191606657,0.0011656830850925726,-0.002325640620781999,-0.04007732350935378,-0.009724649819901954,-0.007203353461528783,-0.006868743214290984,0.005630483247782037,0.0009603626785050778,0.009996468342414078,-0.0033765264342330292,-0.00753148817915994,0.004666116518522001
2021-07-30,0.04237881832070545,0.012390265498033903,-0.01306418038594881,-0.020624722678527774,-0.01763082874926003,-0.009663532278765374,-0.007740482149854566,-0.005637148959418803,0.006456018227465776,0.0034144035702756703,0.002034214883464447,-0.005598958406270449,-0.018229693269440683,-0.008483638550515815,-0.004217619864290478,0.020177613771058978,-0.0035725349480815183
2021-08-02,0.007822064941472862,-0.006119394270601375,-0.00267020393062245,0.0015045675365543687,-0.0005608552595766092,0.005683304217391827,0.0009501258259292378,-0.012208814798846168,-0.004675707246878158,0.0059549376326006875,0.004466024989028705,0.0027465802472173007,-0.0021990105030125218,0.002139041404143116,0.006179504716975925,-0.0012108837348363544,-0.0003587407598925063
2021-08-03,0.026871357095590298,-0.004104796480783657,-0.014582765932917408,-0.014118748527270908,-0.017115684838950318,0.0021357888713346984,0.005750743615869247,-0.002017528398691293,-0.008405292873080561,-0.02494718291419218,-0.02708154526581763,-0.0020542616957499593,-0.05803107325522394,0.002846129528047303,-0.0028292385586221602,-0.07707410418596117,-0.0005381165582613034
2021-08-04,-2.599871528297104e-05,-0.004464869327088117,-0.002369994636102879,-0.005484292373081234,-0.0034256523543835238,-0.0018452787042223529,-0.0037198753189288114,0.0218655230322089,0.012783365345265807,0.015177817224280465,0.01080187727823767,-0.01852628826871272,0.008318317174557777,-0.012061236757195393,-0.01577860552497745,-0.006943579420202295,-0.0064593730486998124
2021-08-05,-0.00011691799411528425,0.006382482353591623,0.023930971095363684,0.050551642507994377,0.06588356433306952,0.006700850334012021,0.008332884942645613,0.011283925175591847,0.014574230092567309,0.016232422519995682,0.021372804964339798,0.02880331955686466,0.0711521811757887,0.0032317572797453398,-0.0020392644159304973,-0.012409456508366112,-0.0012644173728433294
2021-08-06,0.00023386333106212298,0.005999333380030114,0.0023766556591451327,-0.01603967366725323,-0.01961826376899456,0.000700764226694961,-0.003765089100777552,0.001487498372598095,-0.008268363295763637,-0.0012610572375389983,-0.005231653562490446,0.006795341367382246,-0.0012034198343692237,0.0007158004985672317,0.0021138751736073935,0.009695141499526994,-0.0014463777109646747
2021-08-09,-0.005960376962952374,-0.006985684004586767,-0.0023146015364277073,-0.007113241845104978,0.000822484591296746,0.007049494836410375,0.008652498108808748,-0.00522679790643521,-0.0011141803263191585,-0.005892112156705043,-0.012540301023916678,-0.010124276082635997,-0.029156461718697013,-0.003934330971692601,0.005343440477455719,0.014339887736570356,-0.0018111358319654602
2021-08-10,0.001306335728282093,0.002916895561657862,0.0019804937528820066,0.014925278800828057,0.012873136896959236,0.0006848795210308012,-0.0007738392383297432,-0.0013273357610356085,-0.00794280441315498,-0.008044177430971522,-0.005325546721108632,0.02086431880951123,0.011417019393703765,0.008617488112255822,0.0014686870335227642,-0.005542844913996925,0.006531330583092965
2021-08-11,0.013242040983773684,0.01094951354073359,0.005760423035399587,0.015882345934908226,0.013250361008297018,-0.002947338739613392,-0.0038594692450057977,-0.0032398462298479647,-0.006668694900829997,-0.004694922141503799,-0.0041186979901001175,0.018568558823389703,0.001717673702521072,0.0024920457056778478,0.009706620524179588,0.0015656313343375139,0.0016219307370684
2021-08-12,-0.0026781909797956027,-0.001015614124681652,0.0067381172737635,-0.011291175564210665,-0.011742786428371788,0.005083929301779477,0.006714030389524339,0.007473087426202563,-0.0032787485708845043,-0.005574545888151317,-0.00868503682291677,-0.0015743430264996139,-0.02106810629463196,-0.004971519816386216,0.0010376596418659734,0.0027512190430611927,0.0012598669884056335
2021-08-13,-0.003692352304528801,0.004912967028900317,0.00998383296533678,-0.0023425937931407237,-0.0008101580420684096,0.0001192066646209522,0.003888778793215364,0.001461561244866072,0.010181713503619294,-0.017680015850181308,-0.018773176542044467,-0.008931951879821654,-0.020019679783619182,0.006067299343458288,0.0013818533155443014,-0.00012464310207949136,0.0041337361891378155
2021-08-16,0.014085595376099214,-0.001179979453126201,-0.01098951621741484,0.005283016363413218,0.0051353821256672205,0.003684727384260844,0.004225687644488385,0.009306620295893353,0.003876584869880517,0.005706865408720674,0.0034011726414531207,0.004241153249597618,-0.016343604223874375,0.0003546656612960497,-0.029046748550353163,0.0,0.001968678170151117
2021-08-17,0.007398576376732358,0.0037129457378382025,-0.018203346318252933,-0.004963380983319277,-0.005646816402316013,-0.01162899645919746,-0.011915273423700135,-0.022124609164938858,0.0019114732736233986,-0.02575289470251474,-0.025847381278056192,-0.014253561495545464,0.013240165639553103,-0.00035453991816158936,-0.00042615188157968387,0.019457405665287864,0.0035727219037018365
2021-08-18,-0.003678506833116324,-0.007398824317817798,-0.006198990661325898,-0.007922501653926606,-0.011357657525543519,-0.005320686134826169,-0.008872355153002887,-0.008369346452707038,0.0057042924773325066,-0.03315445869164646,-0.03523262873765287,-0.02316234788013749,0.03689452325556042,-0.012770810337753069,-0.005971636097549915,-0.011317098487189092,-0.012637824370577144
2021-08-19,8.912794483539876e-05,-0.0011856143404067598,-0.008526996617013172,-0.010352224423788248,-0.010393814749659835,0.002515149262830141,0.0017054255984201294,-0.0009284605552367653,0.0418494662735136,-0.013438063485148755,-0.013976742737634162,-0.025219090217661222,-0.020509010263954575,-0.010779571769192753,0.0075804309675107096,0.004021836251152822,-0.0018026904416652556
2021-08-20,0.010884294965605612,0.0076321537679386875,0.01079354017235179,0.016437555645606894,0.016031150766824265,0.01112754544514627,0.01289425460107263,0.011967812814849488,0.005830338824071912,0.009393972120685268,0.010516808823558987,0.007311469845890484,0.0017659889093468717,0.0014531078001209785,0.0065303648124155345,-0.008072949553844744,0.0027088717510881377
2021-08-23,0.004306794940743819,0.0065645238962281915,0.01450453162702714,0.009115260792114777,0.010337151400180211,0.019232641493206026,0.01900627942059807,0.011074907014504642,0.01179418631149498,0.01535589033190754,0.012669663992143976,0.013539962682427076,0.01561300615318495,-0.0018138265851739277,0.005147642051302581,0.014910498237930447,-0.0018011613956541161
2021-08-24,-0.006106500304138729,-0.004515080657798265,0.004559141949057821,-0.002331169733893912,-0.001884769906004724,0.009206214533225454,0.008711562358139746,0.005944788299737436,0.00014456870474299777,-0.0013748193014851973,-0.0026808397161466324,-0.00027569088122281205,0.009174506438252905,-0.00254378542543654,-0.00028079387882851137,0.002815907885336033,-0.007397898025921057
2021-08-25,0.00508423519787371,-0.0008397544166978133,-0.0008965439276542586,0.0014605055629430819,-0.0008090633617106047,0.003872827855543992,0.0057870660654602,0.00787937373676284,-0.010534688337487164,0.009178691391071414,0.011648617644929748,-0.0004132736307187468,0.006633783500020751,-0.0007282050975849774,-0.01852611407037319,-0.01928948553796217,-0.0014543829445751166
2021-08-26,0.0009163662740743206,-0.008070028738342394,-0.009814345871645536,-0.00845740346676982,-0.009719379975647757,-0.00578505245801697,-0.004493837493711683,-0.010885216935096476,0.004638621208248539,-0.0018191326974862365,-0.009743152559940405,-0.011025186571383072,-0.02465223492879931,-0.014947236990995982,-0.01630219011805445,-0.011079290045582613,-0.006007674710845623
2021-08-27,0.012264820619870331,0.006779682486169447,0.020276409792447492,0.015588146684384796,0.014176734108023004,0.017080171297010338,0.01812423362877502,0.02264113960171721,0.015996459623719872,0.00956719204133094,0.01699470399012526,0.019927349369858183,0.023273048449235834,0.0040711397390438275,0.005814957871271176,0.007238128531860122,0.003113663874195982
2021-08-30,0.008696969195159054,0.0052190006756125396,-0.0008882324532374364,-0.0060815105173133155,-0.003494750788082146,0.006357694960219096,0.004072743734308215,0.021549486712997723,0.012989368097412468,-0.008122802911938343,-0.01627094792543038,-0.014482876468352224,-0.01614035065596675,0.003685984016200905,-0.0034688501639037472,-0.01181028184756161,0.0
2021-08-31,0.0030213226487578737,0.016245169622045585,0.007334191954800229,0.016138319105631016,0.016562482809195034,-5.1461032721245026e-05,0.0007399939679730849,-0.0033625874179319393,0.005316307315375024,0.0022748372373497805,0.004470182909846798,0.015111748279745818,0.03032531399198457,0.006977599964185899,-0.006381366048046289,0.019476424958531302,0.004199303339092131
2021-09-01,0.0021796455751603716,0.007580584866699436,0.012024267979718228,-0.011261828674916097,-0.011751914415672249,0.0026122583311598557,0.0035798124002435205,0.007037965870356988,0.022628683623468593,0.01634147215069981,0.015576368953110986,0.0023217958358439095,-0.000965100173977218,-0.008388062929992168,0.005254745346010337,0.0044038670741985975,-0.0010909142805493044
2021-09-02,0.0031401291683599286,0.009977258842297054,-0.008829223790664975,0.00817760394117939,0.004594608889816554,-0.011128382921313018,-0.013280173320932231,-0.017720174220284268,0.011132661048682158,-0.006252905789130514,-0.007449579158830044,0.012944525776550142,0.0031394499550032595,0.016550074571721307,-0.011688758365216656,0.000617588513796008,0.006370616432980647
2021-09-03,-0.011790346720065736,-0.0004858934947526983,-0.004729040934194795,-0.011297950355720454,-0.007532941462790155,0.003855127110787615,0.0031579427177679253,0.0026112113014729044,0.003364231808891116,-0.0053933576910697445,-0.003973589309502312,-0.008071020962509223,-0.006259042433742423,-0.0028940320502992556,-0.0009549027714461644,-0.009072401603269942,0.002532020792610723
2021-09-07,-0.012941712717178144,-0.023007060329526596,0.018453134356545275,-0.002637025947172633,-0.0037951687486420527,0.005138977743367246,0.003763884562061337,0.015733729756416404,0.02739911591374633,-0.017171127144585574,-0.015957323134750734,-0.008950349253127987,0.008236510007231024,-0.005079999003861024,-0.01124988922570569,-0.009030873008783136,-0.011004829587990539
2021-09-08,-0.001298701397681623,-0.0026534553472062905,0.00439401625618685,-0.021738881442005975,-0.021496628101218884,-0.0043671958787592224,-0.00408586443577974,-0.012062180770237019,-0.0010878655458042008,-0.0032182662325436207,-0.005405513136416018,-0.004515777843138835,-0.017059161911463616,0.006564438336638778,-0.005949384197173835,0.0021368634063627656,0.0016418398839563864
2021-09-09,-0.017979726275490826,-0.009644256999096323,0.004104832519739254,0.011110889070961916,0.011123546130232587,0.00020710198199158647,-0.0010438275721633694,0.0011388956088187463,-0.014041711595288775,-0.006919129700050042,-0.0013588135506698018,-0.008659596614323917,-0.01393300047589574,-0.006521627514962214,-0.016682890612506385,-0.01517716033403782,-0.008559405606574533
2021-09-10,0.002177234859661814,-0.004365407964518897,-0.009628321838333176,-0.010988793802004126,-0.011551243932872324,-0.020649999755525728,-0.018566213714925395,0.0018253886616756976,0.001974763653036282,-0.0041800128747105925,-0.007256200497686827,-0.006239628873153991,-0.017104520214815455,-0.008752875020010542,-0.004793111262401228,-0.01967774541113998,-0.003857379427335328
2021-09-13,0.007559218726422179,0.01129853496158817,0.004670908486828607,0.012912663149959425,0.011129849334292174,0.010878946365334707,0.010338941092288279,-0.0057567360551192825,-0.015750280055808585,-0.0004663332981448276,-0.0004568387944394736,0.011720582563231163,0.018158589836703598,0.01250911682087441,-0.00603923009078966,-0.006561061125157752,0.007191430997019577
2021-09-14,-0.03935342615963677,-0.07303649484130892,-0.013947492523525673,-0.026385778516904046,-0.0286187023207376,-0.00041099848259107397,0.0014893974855785252,5.2984113514842335e-05,-0.019565915953278834,0.003750491020317437,0.01056040714293549,-0.000689800525452755,-0.030151829895680993,-0.006904010952118234,-0.008460205141738064,-0.005100364981710959,-0.0038448593687980814
2021-09-15,0.004384042894610696,0.025364405859449768,0.011019823067124124,0.03714988846356193,0.03569398061111162,0.012551671173433032,0.013223842468018443,-0.00693155739122342,0.00884446419931506,0.007473047659450005,-0.0027261237133919813,0.02014923537736535,0.03725579950287705,0.008781762869475962,-0.014350071639568918,0.00354918545241123,0.0029407462284209984
2021-09-16,5.224519956348317e-05,0.0049121106619653965,-0.005802357486154874,0.018496454805209117,0.02106150668933382,-0.005733254467094939,-0.005673888211635725,-0.0023000257452051587,0.0062278515774019105,0.019935169954182097,0.023690172954868416,-0.008387621271150114,0.0014864296243974895,0.0010879863187067684,0.014480249538014078,-0.005239393797670577,-0.0025656201340240603
2021-09-17,-0.0022999448383322907,-0.002967736032408519,0.0007090335074986243,0.011819014717278975,0.010179318721984743,-0.020156013863394273,-0.019566849881973547,-0.02235572410167841,0.004859332310270359,-0.012272801916810794,-0.0053404537017590625,-0.002864955896778709,-0.010883037404247564,-0.0025362262808715785,-0.007059255003939224,-0.0015142256136893018,-0.002755750287722236
2021-09-20,-0.009928166092886492,-0.010856124495170594,-0.026489285696823628,-0.01623933144931544,-0.015380520648658469,-0.017294164339694218,-0.014776449098850342,-0.02473126774905743,-0.023619276716327353,-0.018407725983602075,-0.021923862076541623,-0.012570686179522506,-0.02825696269239697,-0.011623560055194604,-0.018515618594016847,-0.01859427176661277,-0.00036846157843273275
2021-09-21,-0.010940626093590256,-0.007612226510742115,-0.04165506884195602,-0.0014478661767772794,0.0,0.004528242012087125,0.0022600816152305025,0.005004364679109141,-0.003979634264245968,0.017815255144178588,0.016010779484154636,-0.008813794036367506,-0.0051469638606790324,-0.009187678507864838,-0.005810676379337076,-0.020962074670471065,-0.004238966453683157
2021-09-22,0.00524321239724812,-0.0007134722341030075,0.01448848296071037,0.02726198056814111,0.02908690247386736,0.009251926206959471,0.008994014921702043,-0.039918411530894704,0.030550990610615836,0.03777071715730784,0.04097273237180987,0.02244191926013861,0.013968157444605334,0.0018542329706940919,0.022658113590589446,-0.0032253720612538395,0.0005552497737790762
2021-09-23,-0.012773568946663372,0.002677880115051101,0.014972704685404903,0.007340509096106285,0.005495879869954701,0.006300627702084061,0.006647444734015462,0.008012626021390412,0.004418887547320338,0.052818301632326925,0.03849470470032834,0.02374384435986787,0.02193866666027433,0.0066644012051446655,0.025131050953133283,0.009845044239457756,0.006659106115141311
2021-09-24,-0.00374692263782761,0.0012459816260994572,-0.0014184108387482741,0.01765722681603643,0.021863678111772478,0.005686540106512705,0.007074450864227311,0.02023335133518467,-0.0014665037289524063,0.01770659397402108,0.01499375239566203,0.0076862491971931846,-0.0017473208564303677,-0.002206697540213187,-0.011531976597040416,0.004635996512989848,-0.0009185921395129526
2021-09-27,-0.006439668649536601,0.0008891348959381151,0.012840879785765758,0.017075053893261805,0.02190522009672491,-0.007936594502030325,-0.00803717276347049,0.0017567210432345437,0.00042204504715903646,-0.005385097036351594,-0.007386130387636691,0.014184299913298837,0.011252926822651332,0.009952194602234732,-0.012748219229445357,0.008754026063991338,0.0018394509289025862
2021-09-28,-0.00942250672403977,-0.027358099476090914,-0.020980551469156894,-0.0018956792707007786,-0.007228005094072731,-0.03757565940691232,-0.03715838211411493,-0.03656898747794024,-0.014831965752175269,-0.010412375966147747,-0.011161595694364701,-0.024805671869120194,-0.005192916104503897,-0.005839446531506476,-0.011504122022050867,0.0030945626152365513,-0.005691520619945711
2021-09-29,0.007821416813684312,0.02155229176085749,-0.010543295759028126,0.010580830920468465,0.010544384602195311,-0.012211558276951529,-0.010870340571797144,-0.003052891634502175,0.026051210964688876,-0.007996703542879624,-0.004598648066119981,-0.004870421966425731,-0.0027343383376871033,0.005873745956961773,0.01417153852081432,0.016699117986531675,0.004062058420713166
2021-09-30,-0.007665232512247155,0.0,-0.020326531058637576,-0.003489943301436149,-0.0034778512312493293,-0.0093328382140484,-0.005042654237093047,-0.0006476927001360933,0.01882953627477546,-0.014425049602505124,-0.011759819784319059,-0.014820135380645083,-0.015204336686405528,-0.014233880691224998,-0.0026541016679229035,0.016292883385615076,-0.006803812983624757
2021-10-01,0.014459315474395273,0.02288563060604165,0.04043265777497118,0.015086159016336032,0.016703904552240356,0.023989616889914522,0.021447538906376185,0.010666235135932567,0.004603962187534005,0.015066879552781742,0.007649808646796652,0.023047335036828542,0.009870743913297009,0.005553478039687976,-0.007827169190557703,0.02901269390159511,0.0053692077577334185
2021-10-04,0.003902022566832253,-0.007516175293573624,-0.014487786598292196,0.015127292868130082,0.017165242427624516,-0.01976737426623676,-0.021117911800521028,-0.048919803599185796,-0.015983031300426997,-0.011874590615680303,-0.01096594911628146,-0.0031025500295250863,-0.019799239306019234,0.003313797500922977,-0.010255642844446355,-0.008893581828123165,0.0036832593549438464
2021-10-05,0.009217711957662855,0.004599391506401318,0.0066297261817478415,0.009934827675605051,0.010125439398103842,0.018031659905322073,0.017682957890003292,0.020629434278057523,0.05214220529021096,0.012446272748746212,0.014072623541895535,0.022327201078218728,0.01176156957515273,0.0036696899374835112,-0.0004783394540828212,0.031120723208119205,0.00018358315332678288
2021-10-06,-0.005402557062881619,0.0019367193335064758,0.004982449214484541,-0.0069894640192038615,-0.008353446982720003,0.008643148326614503,0.01133621037201582,0.0020422624806573086,0.006757941136686263,-0.01059776055879913,-0.006307863425387361,-0.004103257271536154,-0.010108901880581111,-0.0014622967766422246,-0.006379631863887236,0.0211084932647827,0.00036709891347741497
2021-10-07,-0.002420151654411784,0.008787579130668854,0.012708084366010564,0.01251316236747435,0.01444053234249476,0.013334048059182813,0.01206710188781579,-0.0132477432156215,-0.011344053760789508,0.019280296976700084,0.01819730558971222,0.002924006255751177,0.017104953241677823,0.01759745234636756,-0.011396326970077086,0.032217128580751764,0.00018540136949418695
2021-10-08,-0.048278194938857544,-0.0470382671602535,-0.005458326274452974,0.006179101443489543,0.0023724471316788343,0.00625437551750907,0.004026003281168311,0.002520953161365469,0.0012819097140235325,0.0058848863344884705,0.0008312827365204445,-0.0031804925007533624,-0.0007529411663801389,-0.01181234181270674,-0.015911723365936825,0.017099010926336256,-0.012244776166946192
2021-10-11,-0.01543628558295218,-0.04533838181131877,-0.018218766963055577,-0.004605918202695292,-0.003550103772929414,-0.008628895466406772,-0.00623441259105606,-0.013937130454167668,-0.008883132882744116,-0.002507291260482991,-0.004568257537235998,0.0006647017277023881,-0.011052531120180564,-0.027642835845429148,-0.033245331795672906,-0.017099436806704227,-0.01991015979201438
2021-10-12,-0.006630878243274685,0.0021066670417535516,-0.0022477512963818835,-0.002056593688515851,-0.002375360824831696,-0.015372975539514111,-0.017745064152954404,-0.005162081371338445,-0.003349054115786787,0.005027020547811123,-0.0037547350933416768,-0.019928345540523695,-0.005587810425625062,-0.023050330328947877,-0.007765104078153451,0.003690281620827962,-0.016289442259051046
2021-10-13,0.008123114579980495,0.006879373264103927,-0.000981828491715686,0.007470253021917284,0.008333364751538452,0.008682272975349292,0.008303538337131489,0.00237825831468097,0.007712776623390427,-0.005835660151906175,-0.007956463484298237,0.0070489967506839335,0.005619209503070044,-0.0051121233888692386,0.0015479642220972423,-0.00437700597189894,0.0003895981819155292
2021-10-14,0.010686127644772059,0.024672500526607966,0.008383543665017923,0.007670816990809959,0.0023611469567588195,0.025467863248016087,0.025940751382957483,0.012294117825617068,0.006415131438232802,0.012998014266369484,0.015618588191074645,0.029479202099714552,0.0025403083412485206,0.012648140794018436,0.02404248723776803,-0.007151237849093994,0.01110038211474973
2021-10-15,-0.006593934267441481,0.0005557579072263952,0.011753853328181574,-0.011164784184142684,-0.019787947607074474,0.0018598961725897478,0.0015374414128745961,-0.01147508385843643,-0.008693633530381883,-0.0016557519046825897,-0.006649930571822504,0.0011767041847368098,-0.013934832482036197,0.003122492142126454,-0.01425457298416588,0.0069665405701082594,0.006741138354845022
2021-10-18,0.01122981167752335,-0.014809418497385818,-0.030148503049766684,0.0030792449066692207,0.007690569311920692,0.009073795119320716,0.009973887926860048,0.03257775853653477,0.01540693535524218,-0.010364726116607104,-0.014644501486913986,-0.002089708794368983,-0.01002048829728519,-0.01439673486557791,-0.0015310418374194779,0.006977031299484127,-0.006887740816658883
2021-10-19,0.015603734984054762,0.019165841342140277,0.00023366683964076707,0.021488963609598732,0.02623403457375817,0.006025975436457109,0.003214945293388727,0.013866635330882504,0.001614506002481031,0.00418937815131093,0.006369299546297613,0.0007853851949868318,0.014014839607109142,0.010264545710490847,0.010052721501503603,0.001688461636872196,0.008476491918865126
2021-10-20,0.022426261263057468,0.008665246699508522,-0.0036802433906855114,0.006761806706493623,0.004183146974306995,-0.009783036047347093,-0.010248855296607684,0.0023236543979248125,-0.02169016516146316,0.009178031751203575,0.004219633872911022,-0.022753751176208814,-0.005119081925863633,0.012504869573474187,0.028508878792850245,0.008486437868193475,0.024068725336728436
2021-10-21,0.0022615129527474576,-0.012429040551892645,0.004632015154054203,-0.013930305312230717,-0.01388567452537437,0.002566480375385982,0.000825347513026653,0.0032278862778742923,0.044821991167749875,-0.0049606848954082405,0.0008401964589328514,-0.03131292257588558,-0.02804186181083901,-0.005789046840240064,-0.04174199296253389,0.049337161721001443,-0.0041037033750093155
2021-10-22,-0.006443093159278601,0.003516310417302382,-0.011205855702563494,-0.003027301950351169,-0.0021121421109738803,-0.029103945049687385,-0.030443626484530695,-0.05051496577640535,0.017790356121334394,0.012048198742576899,0.010495479640667105,-0.01975412003804644,-0.007146981283379206,-0.010481553458274284,0.00017126387244226216,-0.007195416764586904,-0.00861588913312139
2021-10-25,0.00010947298735253241,-0.0025820072308869735,0.01528755016760086,-0.01492906892203727,-0.01622761865411282,0.0010677037990320937,-0.0008684770164880673,0.012568965476362548,0.010349342231807501,0.003694549315426121,0.00373913534492587,-0.010992264471878066,0.0026662743453393922,0.005884759497320591,-0.008043011591356675,0.012392838136453976,-0.006612311344632249
2021-10-26,-0.0038029975783318015,-0.005917247958027838,0.0001743866138419481,-0.005394241130066146,-0.005737566720773524,0.006477864641144082,0.013543476165606805,-0.039185876232993966,-0.004675028868930897,-0.018404830644916048,-0.012831220298922252,0.012254234455759017,-0.014092029692917896,-0.010530610045933031,0.0037089709879229993,-0.002459217408177339,0.009509387034265293
2021-10-27,-0.01884016185971038,-0.02455344052742081,-0.014473394852594912,-0.03202486386166936,-0.0334215207149231,0.048367069905709936,0.04959482139212135,-0.011367587679805502,-0.00837667654787344,-0.06416666079836764,-0.03731646279981016,-0.02843483993086926,-0.03371082518444646,-0.012219183556647861,0.0022344266797800216,-0.00892949317396119,-0.00847797551190288
2021-10-28,-0.011532365007843492,-0.010297868919048492,0.0007667013260219679,0.012006464969325448,0.013930220325397702,-0.0020385572287150433,-0.00252017844152852,0.01505359422680308,0.01678934057618653,0.015583241508639212,0.008275187794892114,0.0,0.033212236375698145,0.0195531421908266,-0.004973419980003668,0.0011055051914969916,0.0032300319868676652
2021-10-29,-0.04443060588022607,-0.009055753445303405,-0.003594892301630792,-0.02557363321486461,-0.025024417479379002,0.014654700072331606,0.015063481020753278,0.020983183728216614,0.024122831839335612,-0.010960242447508595,-0.010799149642075734,-0.013619012332194536,-0.021609980340822954,-0.011350141723697527,-0.008703872569828963,-0.0006073690573731305,0.0035984818990189016
2021-11-01,-0.0052156936016954925,0.0161384557458355,0.0066243585197962584,0.03300861873854055,0.03321588316434387,-0.030326263123344188,-0.03072702543198924,0.019810295359549146,-0.013240449772994767,0.035017930557461385,0.027074176219856527,0.012925966876472295,0.02843747822055942,0.004354515774248613,0.007215648917663131,0.015469630120208855,-0.0007548844733975546
2021-11-02,0.015088557660436264,0.007271542471634529,-0.0021152030147330025,0.013095895707598393,0.013151545308304202,0.014529839626550967,0.01348827243495676,-0.005758089701332958,-0.00506472110768641,-0.008993752850489756,0.0,-0.01580611411076993,0.003221287166404796,-0.0055182076449076245,-0.0005180432453912864,0.0007616941638952657,-0.007176575999724988
2021-11-03,0.01619952755296228,0.0058889331656735155,0.0014719376441101328,-0.0012924182596905087,-0.00048078222858671804,0.006355083142502993,0.008014108338695536,0.010790151769644929,0.015596399059238042,-0.009507236524010976,-0.007653061224489832,0.001915276230175511,0.004816930027759403,-0.001981888919232344,0.05302259943183896,0.001196048808215,0.00703839480369961
2021-11-04,-0.00934237864730103,-0.004154796035320207,0.0011759859396163197,-0.005436449416533651,-0.006012473345788694,0.012896225667684336,0.011388071394766941,0.012755560052841064,-0.028897789793444706,0.02050613272871815,0.00556985142025157,-0.005441291560249195,-0.043941471582368274,-0.0150912755577014,0.005822528274793015,0.0475130312011407,-0.020589563242275455
2021-11-05,0.004737125898675476,0.022188768796860714,0.03141875583593845,0.004945381376144198,0.003629324755405783,0.003752850379216577,0.0039422283039005634,0.015721219227721628,-0.033931745451241446,0.03719539910570746,0.03834682519229449,0.017299996655928407,0.012256300815837395,0.012096910573819564,0.00016303409859474982,-0.02959932924924169,0.007521822911264131
2021-11-08,0.008501110209044427,-0.007606710704214037,0.0070604590279572665,-0.018388783908711792,-0.02217937544194304,0.0007403326367276808,0.001202705684197003,-0.007357925933413001,0.008873785221645614,-0.0127782610153091,-0.013130925725725051,0.003197575789547047,-0.013759172693643351,-0.008765210269500057,-0.014754993544457307,-0.011004260641966246,0.0017228996468372504
2021-11-09,0.0016254853343276032,0.004860341855695172,-0.009950928718645113,-0.005277143194456491,-0.0004931099743354928,-0.0006894552334190118,-0.0007550517145823443,-0.00959778560614899,0.006969105898624983,-0.010438461023740464,-0.01330564111088528,-0.0004345421790092896,-0.00948654821978101,-0.006832815199195985,-0.008274095677028193,0.009020191068655148,-0.0017199363690744152
2021-11-10,0.0070945447555355035,0.007814199159721369,-0.0037690369529551626,0.002917880690571195,0.003700149388085716,-0.01757151337712559,-0.02031315344386342,-0.02304901925775893,-0.01384163089170376,-0.00886076682123249,-0.009692274952260438,0.002899232356765369,-0.0030986605878984275,0.009713060828184128,-0.002586386265280738,-0.021733299136307282,0.0068912026094940515
2021-11-11,-0.010039184352718333,-0.009414727889736962,-0.07073655421876734,0.010843624178538347,0.011304894380451458,0.0008322198724481922,-0.0008706439164574142,0.00030509321504457176,0.016493813846835792,0.0034056187206947808,0.004255205836476428,0.005925562981656363,0.005933924472870222,-0.0012025448217765078,-0.009033808740429583,0.01619702716206395,-0.002851486262124614
2021-11-12,-0.007000830055591156,-0.0029820031854609352,-0.01529821480700444,-0.0018314826592367162,-0.001215198346398827,0.019744430615969755,0.019973993187081485,0.040123442874136606,0.038063782793267054,0.008909639082724796,0.008898432252560928,-0.009626386264545594,-0.01123579665604646,0.0008024836923705703,-0.0019413830073075067,0.011415621348040084,-0.002097477229756395
2021-11-15,0.005164281837491513,-0.002242768126999306,-0.0075174278625157465,0.0070770839584670675,0.004136365410062792,-0.001720509221322164,-0.0015201125330853715,0.01956616092807706,-0.004805129166906008,-0.01555913252140051,-0.014699774730398851,0.0014505830558015909,0.01647717430839757,-0.005613482180041873,-0.003975079593206976,-0.05446411983076338,0.0011464382998724876
2021-11-16,-0.005383066506926992,-0.004870715439940998,0.0025248223202358755,-0.02108268998568774,-0.02059623832926394,-0.002088378822473591,-0.003879947018053387,-0.013235069159923896,0.011879340269003835,0.011106296265971594,0.007246362653509308,-0.014051974800730727,-0.017607554118400204,-0.005645104140494683,0.005009750303519578,0.0117679969936062,-0.006488518051887215
2021-11-17,0.0026988382880079875,0.011483331691698684,-0.009444065276136282,-0.001861187903776651,-0.0032161162410505595,-9.4025962324773e-05,0.0011562677053491566,-0.006385385362292828,0.0062409203931368396,-0.006759776841346543,-0.00973337583936762,0.015868484633306368,-0.0019914596353485248,0.0,-0.009885016155715909,-0.014747671652670546,-0.006338975295847149
2021-11-18,-0.007466967626476584,-0.01768105325744862,-0.011123090317928908,-0.016515809793099745,-0.017870419880445354,0.011049089474425955,0.012100985198866265,-0.006103902486442547,-0.01398018270000645,-0.006380125004408432,-0.007692392858633212,-0.02068268713470145,-0.024230176479308252,-0.010948832201952197,-0.0017918206867406639,-0.017171223460337393,-0.009472100047226095
2021-11-19,-0.005161220624806839,-0.016483574080068397,-0.010155622913980755,-0.01625132983972921,-0.014657452877010813,-0.0050196270658193765,-0.006086609223259765,0.019516191442631392,-0.004721360211728531,-0.044520532787499234,-0.0469422236351178,-0.008713580936485776,-0.01665223359121537,-0.010660143502692843,-0.011626001498505123,-0.02011494252873558,-0.007416074371478065
2021-11-22,-0.020546969222750455,-0.007705645358020541,0.0010390012262198045,-0.006883108883397493,-0.00641186515266412,-0.0191659441935762,-0.017622790285816703,-0.012423802803992579,-0.028874472065096635,0.015680897778990177,0.01400814897430891,0.014600612290466719,-0.0035651703961233627,0.023621835443147,-0.01530872391975624,-0.03278590227501832,0.013369969496865641
2021-11-23,0.009606151005205232,0.010289346551214162,-0.020303656996061292,0.007762602712949596,0.010066966028588142,-0.002186102987087657,-0.003554239770992229,-0.011026146834916428,-0.0077973293877757754,-0.013233059652350443,-0.012923247547206418,0.014831445063133053,-0.017590871439098654,0.0024292313621698813,0.014141285996255304,0.001334068375584474,0.0040743644253380396
2021-11-24,-0.0030381892619950612,-0.0030743748691667294,0.002052697396933034,-0.012929811152922355,-0.016100096104180173,-0.00026911221517555983,0.0023183853953026023,0.011297323631534573,0.0064673602091243065,-0.0035763939688115975,-0.0076750177380866536,-0.0024597641296655315,0.008801291934663835,-0.01171235002308535,-0.008487745375005407,-0.004965828740819633,-0.001739013471108608
2021-11-26,0.0002675715041520199,-0.015034808296035429,-0.02134283937547965,-0.022575162644600022,-0.022857338108267844,-0.026660199515803562,-0.026943696693655927,-0.023280447732996534,0.011165300760667796,-0.030506987166741606,-0.024112814005152527,-0.01726165765449572,-0.018953015708375154,-0.010216672320793818,-0.008298470165382765,0.032560441744317936,0.0027100669798580945
2021-11-29,-0.006955270274707659,0.008414790931357885,-0.0020255868070682137,-0.01653842804784411,-0.018607090304584073,0.023164299458965143,0.0235437291061118,0.014739498623604241,-0.00270416887639513,0.012494199972526099,0.017249246115463412,-0.004132840708830798,-0.010119622569074727,-0.013625250267867428,-0.0011448504382738367,-0.0003536340757910317,-0.002702742367014066
2021-11-30,-0.03279003436818484,-0.030079578611739377,-0.0196873159677714,-0.025804828432013704,-0.03277357491887578,-0.025062622030072257,-0.024963731475955875,-0.04014446440775277,-0.033050134902731676,-0.015082409783251483,-0.009165660402208009,-0.002371423979750431,-0.04120206508508617,-0.04436996590644682,-0.040476353054599845,-0.021933968672339654,-0.026906664560438442
2021-12-01,-0.01869161438113176,-0.01800708488299041,-0.018978654918963334,-0.04107111602339375,-0.03556409714735442,-0.005854475787450353,-0.005962175003004333,-0.042716952617200765,-0.03759155510802148,-0.016241100430371747,-0.024514320199451434,-0.010993873588695524,-0.040387641424781795,-0.026280997712008092,-0.01920769289991675,-0.03333734396260479,-0.009946465453557152
2021-12-02,0.057079803705859744,0.04930712959352923,0.035525908192224565,0.021415100071381143,0.02584191655536694,0.01524168764503342,0.013572947892264375,-0.0006761723964067157,-0.0021043603155892487,0.03160375000504123,0.02892338866812838,0.03785495034150177,-0.004713791446115945,0.036887022129128866,0.034107813714178814,0.006423440848714046,0.019288851472986313
2021-12-03,0.013275601215386068,0.005436662048981633,-0.006657558986271961,0.019143354501729215,0.0200964357700697,-0.008736007127393863,-0.006746181649549765,-0.011437247435387099,-0.023261442127235687,0.0,0.0027650691354530466,-0.0007236118837260497,0.05108234791274624,0.01778742341640349,0.02183769021955473,0.027264802102834773,0.013601386724906295
2021-12-06,-0.009347822317159804,0.01100851752633325,0.02838195812553379,0.011329601349648888,0.013318217617859895,0.008953174594253932,0.008123022317104045,0.03594689960586961,0.017537736600331977,0.006858651324040732,0.005974371737566431,0.008690415141377139,0.0016093240577759182,-0.007672606874508214,0.025361359797237304,-0.00832431471211259,-0.006806689964771184
2021-12-07,-0.03321203093197633,-0.052913250411153356,0.002925993005540306,0.0008843302102845563,-0.0010950977310797416,0.029486287928646826,0.028741666641559194,0.015540871007012846,0.021038333071523807,0.009990891841909377,0.0045683563731298005,0.0034463596072418223,0.008354792081696205,-0.008591304449776072,0.013145263955570696,0.017579072365830672,-0.005482549297324946
2021-12-08,-0.01311092619398968,-0.012908239351246076,0.016776027371099955,0.00972011973935949,0.007401293364857731,0.004620479422343227,0.006226675462599696,0.02400819244853536,0.003996291527320395,0.00584560155696745,0.008185447141378477,0.0014310566356829924,0.014658929822102928,0.0038995751417967295,-0.02048656850217323,0.019487177335520967,-0.005906513782289791
2021-12-09,-0.046879680218257724,-0.023089628534929352,-0.0026085293861365377,-0.0037921323391840733,-0.0057141089437073855,-0.00413201441684119,-0.003698021488337533,-0.0022386034437444913,-0.027193991523704608,-0.018775335049727504,-0.018042548647193124,-0.0027150769597562574,-0.02418342020319153,-0.009926519178279025,-0.006622932413950844,-0.02445029665393683,-0.0065362911395075995
2021-12-10,-0.0017647206666802084,0.013386321020306902,-0.001503703692270153,0.002635481382261551,0.007662707954611214,0.003842040968041971,0.002458569801826682,-0.00021216299755977275,0.00108022739342295,-0.017312134754148834,0.004134358835213625,0.016048141059711085,0.0048279034369822504,-0.004359101766036599,0.006842578528276411,-0.004688055994746865,0.0005979771669635259
2021-12-13,-0.008741388347200063,-0.015273453389338276,-0.014930449063585205,-0.012850469379085183,-0.013851100967842478,-0.013254050084623659,-0.014695465173910294,0.014374502622864993,-0.011607740905433928,-0.00509984684328002,-0.018755791898703467,0.0047949048215849555,-0.028507347703080943,-0.017513184109437363,0.0020912938706254547,0.003985437071226672,0.0017934776392822815
2021-12-14,0.026983778688565163,0.022007802060942216,-0.00884122598110415,-0.009763194432282019,-0.009088426678021677,-0.01181945302782994,-0.013162942847448789,-0.0022423055867766273,-0.010867432205771577,-0.016309306738416574,-0.02051285052948215,0.012070140127819595,-0.016284503879601564,-0.006684677987079168,0.01999829903246475,0.008240168538681258,0.0073588544925298205
2021-12-15,-0.007348578070998979,-0.011894679737403657,0.008718802931009018,0.007767868164273661,0.007504145679662955,0.016541320149946248,0.01760839237639389,0.023731105279844344,0.011789525469877438,0.016579710319653884,0.01142322651584049,0.006240386043170121,-0.0013513402275854292,-0.005383312775698812,0.009461851185954773,0.020998561779752123,-0.001974347874030502
2021-12-16,0.023099866514022738,0.01369850402032724,-0.010970627761374363,0.017491935222765154,0.02096541113742245,-0.017167914455494593,-0.01363008002571664,-0.019785715643738322,-0.02310595311284247,0.006989967608755254,0.005176360608191155,0.015573362385891576,0.006089223847767222,0.06946304895827238,0.01824029623558343,0.00929016449536868,0.043521273055371124
2021-12-17,0.02916492354370348,-0.001842886031205082,6.728900532571025e-05,-0.002913807677511482,-0.0013511325334195634,-0.014053703507353354,-0.01883062779316924,-0.003314435462179688,-0.0073257988123748286,-0.005090222802943134,-0.0037452561519345506,-0.00895652896767074,-0.007397206071448226,0.0029524512989782536,-0.006385831427785371,0.017367140816252347,0.007961907391173195
2021-12-20,-0.004984600360576907,-0.007179304349085203,-0.015393757545039022,-0.011689171753242134,-0.015421948808085228,-0.0028114778190957423,-0.0008326685172826975,-0.024985847252891324,0.011947577414011867,-0.018139655752804962,-0.01879705374158902,-0.025853671532274136,-0.028455476239230504,0.017241242957900083,-0.006844186068472813,0.014851488157334058,-0.0015044633482557135
2021-12-21,-0.0037571783027553485,0.009503663206889224,0.031268967792158486,0.01153179627554235,0.014014884496866609,0.012773908961303926,0.013173783751531998,0.026885939010989013,0.018829791157308984,0.04026527988616002,0.039271903391314256,0.025262388978783967,0.023361238927409822,0.011575120566862607,0.01773259340586275,0.006111557614738583,-0.005839309974469908
2021-12-22,-0.007046139310729838,0.003479561808517051,0.005494945150570141,-0.0023385414690135775,-0.0021679703317172283,0.018918817599532955,0.020509161278353005,-0.011220888201407986,0.015406982702001581,0.005464524908755486,0.00414760370317957,-0.009274692082933633,-0.00579213402846257,0.01266846419849288,-0.004459057653012799,-0.010142706751316788,-0.00018939852300503546
2021-12-23,0.013301255189810623,0.020395824762681425,0.01152222668478764,0.011133989937303745,0.01249310664881298,0.001316864025063147,0.0034252477063139164,0.014495536348539728,-0.0002441942840030187,0.02128625990253097,0.024781918259600744,0.00866317815699702,0.04797810743036912,0.003631982237015663,-0.0053914618625539035,0.0019142641933715954,-0.0017054976156549717
2021-12-27,0.0062470891087877956,0.008794484725792584,-0.00540266500741815,0.003187245905805103,0.0010728815599094776,0.006262449422422156,0.006738408962541076,0.032633213643320724,-0.001579575004374778,0.014634197095133583,0.01119571655807805,0.010527686775136491,-0.015042560112629833,-0.003618838679214198,-0.011091647658069692,0.008990732661069867,0.0
2021-12-28,0.005273246830915346,0.00079278646534231,0.01570689957234994,0.004332896855757662,0.004555322179896404,-0.010914150621978203,-0.008244885793136758,0.00011551925102981642,-0.00393073343017325,0.0021853247884326965,0.003543076257602751,0.007950652122258761,0.0,0.001614236714868822,-0.003541971752871742,-0.0009467485590148872,0.0007593266367955653
2021-12-29,0.0007472686164027298,0.001583844764516229,-0.0021264278476260667,-0.011216601260269354,-0.010669475846579735,0.0003859033066622164,-0.00021842624937451482,-0.009473618503993086,-0.00027833654686282294,-0.006977755899247318,-0.003971888087422659,0.00013607860260034244,-0.004315980777720663,-0.0072523246672042685,-0.004400844136300486,0.0050727669613999105,-0.006828558289694975
2021-12-30,0.0014474784077960212,0.0,0.0068445758451254335,0.010762333542566616,0.011863247152168244,-0.0034264751401290594,-0.0030988641979458054,0.004140440495542297,0.002538716171382127,-0.0017569150806622247,-0.0031013887641675453,0.0029915588637705604,0.03767907192040387,0.00568189647090489,-0.009605355895481393,0.002939538382285667,-0.0021010828977106044
2021-12-31,-0.008003301617302117,-0.005139331973580075,-0.0066697658476579935,-0.013812971886030923,-0.016786804755960283,-0.009061424621797043,-0.009223605907103138,-0.023260468958789526,-0.015765657964702084,-0.01011864215964442,-0.008444459206607524,-0.006643301158177128,-0.030205647038510808,-0.00726403163595013,-0.00454911815510195,-0.017198476905713744,-0.0055500536150520086
2022-01-03,-0.006733367809175106,0.00814608056583599,0.012073164660111768,0.021009663723392524,0.02005430323900459,0.002729977327198707,0.0009630415779589008,0.006511145914269267,-0.008415775410804627,0.016888950315643303,0.020618616559530567,0.008461930769549042,0.06825730280458409,0.03374001343460309,-0.01336427860597389,0.005007874091465858,0.009237983321308763
2022-01-04,-0.01051607118637965,-0.005941847333505446,-0.006570500383857314,0.0040011009678273535,0.008767181684835812,-0.004535486623303275,-0.004082933124931687,-0.005937229777157937,-0.010412271093896086,-0.004370649576865393,-0.007905137993981404,0.022059917112092098,0.02512394193683587,0.008258075679818955,-0.00323363349077721,0.018419983622922187,0.01964162812964454
2022-01-05,-0.024829554590157565,0.0005978214976118945,-0.0034675096808722827,-0.010532330699146608,-0.009481105049981009,-0.04682989825694717,-0.045876299382398344,-0.03672788743567734,-0.03997297995443272,-0.032484821400516006,-0.033643262287338827,0.003310071112774038,-0.009984805340786163,0.0222309489044461,0.011397487545220963,-0.05525007218355371,0.010285973487874633
2022-01-06,0.011346584869696308,0.005774763889604184,0.011018688417594458,0.02071314586760664,0.02180254478714616,-0.0007448010236538183,-0.00019957261273417792,0.02557300222138159,-0.025074012602912532,0.032667962381449644,0.03206611690963879,0.02652773948935616,0.0,-0.0038153799810370925,0.0018204538127315484,-0.042129794797929554,-0.004812952533613801
2022-01-07,-0.03395841689710388,-0.00910726719029098,0.005927301808322127,0.014656307500660715,0.015352794680895565,-0.003972806594072842,-0.005303316988596207,-0.0020151464712944156,-0.022104133536815063,-0.00307542854547016,-0.001331690428635346,0.007842975856482637,0.08160148674331347,0.03416296008660069,-0.05044558328109239,-6.071627968462501e-05,0.021084227246107368
2022-01-10,-0.008288420186301715,0.009390676612331728,-0.00779311661047144,-0.0008332923189000585,0.0002561816838004827,0.01145586668228682,0.012060726006711153,-0.011212018275561064,-0.002236321014684406,-0.011458722555254042,-0.012000044286489264,-0.008036884093067576,-0.013563160504364014,0.006466328593754511,-0.03644990669590764,-0.1312879696782101,-0.006821403986197572
2022-01-11,0.011016935055822685,0.012272142597051117,0.008237520535262055,-0.0030582181682561327,-0.0020495527383249668,0.010416861189438853,0.0076909123042709915,0.019203187953849454,0.0018338246238440714,0.01248305431139185,0.009896686070544725,-0.003086273173640741,0.0014321969627082431,-0.004535065878943256,0.049461019562442754,0.037974630863559566,-0.005197836898504726
2022-01-12,0.0030714016627968466,-0.003715095402157642,-0.0005699456817245263,0.010039002743819525,0.0087290619627991,0.011644769193704274,0.012126329092100097,-0.0033196894245297592,-0.006693282933398104,0.006605226378915363,0.007127007217109016,-0.006708184293971575,0.00028605398347747446,0.004176036393151561,-0.0010813811829984976,0.05147553890245904,-0.00261225940700871
2022-01-13,0.008306519403450396,0.00647682571637942,-0.014955693317231233,0.01711771328892575,0.01985229515423681,-0.017769468315480874,-0.02010505781185723,-0.020344287371661718,-0.03354309126671351,0.014435569979219132,0.015479858969198235,0.024545437865379327,0.03488678833975101,0.013232537223441199,-0.0065853607865487,-0.007881556752410201,0.001309550589350339
2022-01-14,-0.018398291552002233,0.0078001045283235815,-0.022516773804303614,0.023344298425450605,0.023708543562886986,0.004711634109361373,0.006447272305305729,0.01660127279945156,0.012500040409930024,-0.010780473567802207,-0.010453133757146849,0.008999593204785716,0.017408203964753177,0.01417912193946913,-0.014529780691038496,-0.014532067256933345,-0.004484343037729932
2022-01-18,-0.041040666032367334,-0.02902469050202472,0.00217194864468917,-0.026525262706723396,-0.027303799196136014,-0.02500966105801894,-0.02496777135481132,-0.041428339009663806,-0.028324647723387164,-0.023103838909840135,-0.023327363136250723,-0.008919322926782547,-0.04372589660875137,0.004783364301347071,-0.014835843228060863,0.009568694701516112,0.00281533934597622
2022-01-19,-0.0024882234354890453,0.002989514284322592,-0.014185308295763144,-0.005994551863641728,-0.006014996890233326,-0.004684832769146219,-0.006482001877048615,0.004526248584095782,0.009905964877901408,-0.00490842202243813,-0.007210424683550931,-0.024337665643803574,-0.003976380369205668,-0.001098967995360578,-0.014311261934964348,0.060503815440361874,0.0013101365491468009
2022-01-20,-0.01572340416372542,-0.002185662907561614,-0.01658795846253336,-0.03316897965980603,-0.037065133332391476,-0.015816069536338073,-0.013388320344715376,-0.009480730577174357,-0.014752021746718191,-0.017488816825984688,-0.012710090419211117,-0.01857863341565691,-0.03820919378027188,-0.009530650521707984,-0.012526035785279777,0.006733631852385846,-0.0018693657919622853
2022-01-21,-0.004316923271563855,-0.009757134817417579,-0.06936720979236066,-0.012758554791327925,-0.013092468569336324,-0.02557575297474246,-0.02217413962646564,-0.04229844941149441,-0.21790458626053022,-0.011410458897627818,-0.014252706232951051,0.0007942730897909644,-0.0735251948683684,-0.01517389575388195,-0.02344802740634666,0.0018240774700359896,-0.0044941340856697876
2022-01-24,0.013059738470961646,0.0068369952265388,0.0005822916216793317,0.02986774884133525,0.037145385630082295,0.0021523343082656687,0.003471322386525477,0.018273427041601176,-0.02603773201036752,0.024930904561822675,0.026119337779911156,0.0001322343609213572,0.04159989813780807,-0.010146636273280829,0.04949811675339344,0.0013960366229472942,-0.0037622590625842056
2022-01-25,-0.023547600610763997,-0.00798898176075713,-0.006911189864977296,0.0005578488709991891,0.0017905797577133509,-0.027893255254202165,-0.0295786361246827,-0.02772835381815464,-0.05354518541655484,-0.018468518656513222,-0.014545302690385897,-0.001719528976783291,0.009523976902813258,0.005315229444849079,-0.009188814910723764,-0.04000246005076402,-0.0011330366191877328
2022-01-26,-0.015154165383683527,-0.024360522547517527,-0.02131698781914404,-0.028149403303650677,-0.028600453693044536,0.019761828380383095,0.01810361367210489,-0.018390520238731556,-0.01833953118428233,-0.010555240796820131,-0.014760358922717098,0.0017224908497115443,-0.03621425079497842,-0.08421463847820132,-0.01372189247969613,-0.0029673667688254746,-0.03553886469867351
2022-01-27,0.010864917652027017,-0.009285882948749213,0.013622618229905514,0.004014987977164042,0.005520226278151297,-0.0009208735265755497,-0.0017640930773650254,3.364542424844075e-05,0.0750624647376481,-0.024118776730703506,-0.013108489831958892,-0.03068389475441957,-0.008209695073533974,-0.005360444129320685,0.017367058492915755,-0.004242642962980159,0.003332055689768687
2022-01-28,0.05247480503520707,0.03561697271944242,0.02370420282445962,0.04855753090272219,0.048366159737913916,0.03228378191619341,0.033688646149510726,0.02399527642495336,-0.006051134110438561,0.03422061711949409,0.03225790288415298,0.018283693943167645,0.049665642620744466,0.04519013318415732,0.024709900049145306,0.009475392643332636,0.03340505236880453
2022-01-31,0.004860630167061952,0.00543077812579984,0.03130610201470585,0.012803012829480931,0.01271824456026982,0.01807333409527767,0.01464182101822642,0.03828192591523849,0.11130189890258468,0.0220587240920167,0.02205891578794561,0.00978162953432804,0.01455902143942911,0.01150347162253973,-0.004417739849493452,0.028978144673962758,0.006238238884916036
2022-02-01,0.005983057997591468,-0.0009999122750719014,0.01063184896202829,-0.005110315392327092,-0.007387342477329195,0.016064914846654732,0.01729801262980346,0.018323439351559223,0.07021118368766377,0.0004497854467095941,0.0008992207828517618,0.013800560665204298,0.007473667628660419,-0.042353070508490465,0.01275760185570518,-0.018917573204168314,-0.0005633087844107987
2022-02-02,0.005612383359957285,0.0010009131003672067,-0.012942156490923451,0.007569645484314824,0.008930725311074639,0.07367362802531319,0.07523763352197177,0.012539185255506347,-0.06048606116349886,0.007640323406816751,0.004941763415784672,0.00994726804464574,-0.027596603957238175,0.004914315494396693,0.0002737946042392636,0.029953217171655666,0.011277808396648492
2022-02-03,0.017009899604772283,-0.007001474614266701,-0.01816037259583947,0.004829383790214026,0.005655427159507731,-0.03638281576215485,-0.03317571307450884,-0.2639009245965088,-0.05560213245724743,0.005352495445581029,0.0035761581734172765,0.0067394849965454195,0.010070120761018542,0.0008151462291117184,0.10220851785123775,-0.01229929561806975,-0.00018568525314310858
2022-02-04,-0.0025063957183706354,-0.0062448502167187225,0.0142114493826202,-0.005340119476261451,-0.005134513186661249,0.002562134847463371,0.001418751526646167,-0.0028178457130904055,0.011267182008172894,0.008429179542803311,0.0022270676962712344,-0.0121011103332197,0.00936559569410722,-0.01954447446164176,0.0013248650570263365,0.07348788745899237,-0.008923762189817164
2022-02-07,0.0030053490461878773,-0.009527931003894374,0.003450081747456313,-0.0018792845457313856,-0.001966138002651663,-0.028514161116798498,-0.028556817795795775,-0.05137296957307147,-0.019674750473384406,0.003079662809900574,-0.002222118887080571,0.008730885966449442,0.01765954213925558,-0.006228738289362323,0.009177920893394642,0.0005714634486606585,-0.005814806688637986
2022-02-08,-0.002668857769647981,0.0071635957077484935,-0.00021037477852670072,0.0045723816770926184,0.005170979765692252,0.0019790448079424205,0.001422313288044652,-0.021030783448338308,0.0035563680590011693,0.021052802320960406,0.017817340502299217,0.01950640317907615,0.01558818496490555,0.0004176577970136375,0.02777539088297054,-0.016562016300325055,-0.0033963513157957426
2022-02-09,0.009242850223180277,0.011379863275368995,0.033337998266500524,0.06880827255336852,0.07422824627726343,0.01609053648657266,0.01573173885081447,0.05368355175319639,0.023195321515363077,0.02663235736359626,0.02669576783027705,0.14191599228413865,0.03620043160179254,0.023391932403421967,0.02104600921969091,0.0008130046000554003,0.01287392425459899
2022-02-10,-0.013387524145994312,-0.01707869998686895,0.03348517784364269,0.0032567283732065633,0.003420938279314223,-0.020151725695483846,-0.020989773066627637,-0.0169396265139915,-0.016033387584832637,-0.01255244188309168,-0.011508908932395201,-0.041833316432707046,0.0027948641484505377,-0.010204210534809355,-0.023032412149616155,0.004699997538619272,-0.008598108418058303
2022-02-11,-0.0029513272519569034,-0.026573824003824797,-0.017678852977790482,-0.014981249355890958,-0.013636363216921632,-0.03226825649150322,-0.03129058451029221,-0.037356944195944486,-0.03682276375373661,-0.026694855850305954,-0.023285898093870605,-0.017949852250783493,0.0033446313057725607,-0.004948297593586726,-0.005194554852203548,-0.009644806397993255,0.005279079446311341
2022-02-14,0.005308190558318326,-0.004620092658990105,0.009232728933256995,-0.017744002543284232,-0.01682045060538595,0.00872280203636544,0.009260230073556475,-0.008426523768161887,0.01344205283761668,-0.016107799556077884,-0.016335466798200415,-0.0007079616903518104,-0.026944410538087826,-0.0033154490780880064,0.008274303530623417,-0.025717217828295502,-0.0009377423419465458
2022-02-15,0.002483813796692047,0.01371314047798533,0.025654537383394516,0.00929028658290032,0.011249427294876435,0.008318586529056038,0.007987510046190582,0.015158465806518473,0.02746039403242362,0.03584065762990951,0.03859957669833647,0.019825574953703073,0.02740479088933978,0.012058111624851486,0.0121106129371924,0.011132969833137052,0.0016893287011967573
2022-02-16,1.6424260274927605e-05,0.0008323649407135925,0.010535128844568753,-0.005113773607713035,-0.0032446773525321992,0.007784332496734381,0.00826802081010003,-0.020180918878340837,-0.02302065877819026,0.023494000053678743,0.023336040761098742,-0.0009255298697304903,-0.17810483584687575,-0.01643382408989813,0.0033850043196894664,-0.016811676203297377,0.0007495358853113476
2022-02-17,-0.01908247376943506,-0.027448258056773644,-0.021746143635613446,-0.006425047149643426,-0.0023251036809327497,-0.03766873205630661,-0.03774546479364682,-0.040777518372143606,-0.02866255222114511,-0.03756253430906975,-0.03885129960475431,-0.021774605886686227,-0.007775656094485717,-0.007518695209952964,-0.022830621910409077,-0.02384244411097458,0.003371007251569802
2022-02-18,-0.0016727162762215642,-0.0027796522796253997,-0.010395384539400587,-0.003103830588634837,-0.012351200923958028,-0.013914713037711968,-0.016115964747917877,-0.007462361380840332,0.011948219482372346,-0.02992168648000615,-0.02680124701109965,-0.004025604470597632,-0.03304943916584491,0.004629562694415945,-0.004576427728197774,-0.02238947001473457,0.004665864353660343
2022-02-22,-0.0022284688299173405,0.006432125602340744,-0.02160422167209719,-0.009341224552835037,-0.01321394420512989,-0.008162722218686858,-0.00452056432103054,-0.019790508515122762,-0.035549147627871425,-0.01564620142465578,-0.01218983990465794,-0.0002376823462606481,-0.018674989324183433,-0.0050272757388480915,-0.003790977313485433,-0.0013880203198934904,0.0013004961535216797
2022-02-23,-0.04181364301269941,-0.038559750591666386,-0.014990812798955977,-0.01964379009697803,-0.020325171284196752,-0.01404543199389785,-0.017143992233781158,-0.017963123586585805,-0.026286517756871408,-0.018619397550468042,-0.023308824158954855,-0.015457597319292415,0.019748394266152935,-0.010105285651214824,-0.016759783432299336,-0.0029061881389039756,-0.009091080598941592
2022-02-24,0.028023224594623253,0.019499164994552398,0.024199545808078815,-0.004541624651448695,-0.002440975486386443,0.03988309971909798,0.03999594339588475,0.04610730115909334,0.06142165320926751,0.0037020805939522727,0.00935894530597925,-0.008092100396386748,0.022887531204776268,-0.011909749001817516,0.01828066495880787,0.03522999176632613,-0.015352775341034297
2022-02-25,0.02483838050770748,0.023038297826689647,0.0008702138370637602,0.026033055225204826,0.02202144306078857,0.013913935727589921,0.013327849280966975,0.01387278368192879,0.001974296394058106,0.02996767998149008,0.03291616263069863,0.025934671701998147,0.017555920664208857,0.029272590897102768,0.014556015349278972,0.011629292690052084,0.02909284073030749
2022-02-28,0.0010314328632035075,-0.006585614756358771,-0.007155840287622839,0.0007847923076897967,0.0014362817643442938,0.002761774900974956,0.004443986195242777,0.0026129998093453732,0.009518879626979615,0.004028702267465656,0.001795302106472274,-0.004391196510049933,0.03552091444653027,-0.009201105441975166,-0.017934115919449156,-0.019845104087136134,-0.008315021735511796
2022-03-01,-0.011698691747424106,-0.007912924036599156,-0.018590870253801905,-0.009994760772161881,-0.007934616723729193,-0.005359774751746316,-0.007371403062114812,-0.03572945488326529,-0.020987506895356445,-0.03967895094829821,-0.03449845778564897,-0.026939946340747478,0.05390394436375634,-0.006754123370258602,-0.0006492375675466455,-0.013580228075569023,-0.0011176671480788158
2022-03-02,-0.03993341693845176,-0.00021566536755901478,0.011256036153081572,0.044633492574808864,0.04435290911928291,0.004348857345768842,0.003804649320076292,0.02270377153110137,-0.016078142823986008,0.0510676407392443,0.04547595401976556,0.025726012175639745,0.09237472019970006,0.01232472796866202,0.020141394913575805,0.006633276209953687,0.009886108492031642
2022-03-03,-0.01605979626086307,0.0159551073678299,-0.012013128574623777,0.005340872158108967,0.0016243172794363492,-0.00329095744571406,-0.00499361961358713,-0.024698575514590648,-0.03147117852197767,-0.032685610664339726,-0.03373303211448209,-0.006210658761700016,0.0056749603893908596,0.003778456363434435,-0.013454359432207741,-0.016536141066868848,0.009604905358671756
2022-03-04,-0.021163387728155292,0.0019103137604232767,-0.033317062544156784,-0.011636716382311896,-0.01088972676163491,-0.016276533862787268,-0.014884631308999752,-0.01433689826351281,-0.017224954071694776,-0.025114001445752376,-0.02526395981186802,-0.04182157991417346,-0.038656769491684284,-0.0016730453199629292,-0.005568132289876959,-0.0012010268335745922,0.008232780573610654
2022-03-07,0.010383179765979245,-0.019275517136619014,-0.051307650635260216,-0.026618962314032157,-0.025532733770940452,-0.04281992589450867,-0.04190817665206381,-0.06293121973772564,-0.03170871502187966,-0.03887585073926303,-0.0442977981549878,-0.058071353710761886,-0.016143212084287595,-0.012568019637445804,-0.007465833471594352,-6.325237126381111e-05,-0.007802734499051778
2022-03-08,-0.007576887664075049,-0.0036718996096639644,-0.01310858266345527,0.004469987228607808,0.005769181502287113,0.006436433934608798,0.005744506901739221,0.015042348840413444,-0.02426775153084515,0.0019491715439559076,0.0024653683454682884,-0.0027963625141210757,0.006861503428634341,-0.0241832406382555,-0.024772987485478404,-0.0120252778258505,-0.02615238040947465
2022-03-09,0.011461123638834447,-0.00021677802218600384,0.014421196703221284,-0.02015701396073777,-0.023183733439311682,0.05175668307322279,0.049687556126825516,0.04314485899207621,0.04983037789904343,0.04669259345723442,0.039350746550301796,0.03639316264216541,-0.0002960584859897919,0.011304107126514973,0.02246816937022489,0.014221660050615093,-0.0031923242196908452
2022-03-10,0.007852989480614081,-0.01582853555225494,-7.489142509664592e-05,-0.021907441649740234,-0.026424883056202386,-0.008844599536954711,-0.007423747262853997,-0.016574422404200817,-0.005630130992991811,-0.008828982286044673,-0.007098864230767221,0.0006502240473451604,-0.015115636724610915,-0.003009352064166304,0.012954995658969404,-0.0001895783015248842,0.002825947346983604
2022-03-11,-0.005052259852346475,-0.008151343951749213,-0.014142350056961739,-0.01174549188402818,-0.011560922942128071,-0.016630057067324344,-0.019323738928526346,-0.03893229058860592,-0.04610804520839373,0.003750678153483511,-0.0009532254594314393,-0.008968044017951704,-0.01835696176559609,0.0,0.008337457223636546,-0.03032401286600639,-0.0035693502423245205
2022-03-14,0.012247737113499468,-0.0011107196463914226,-0.020645241284605542,-0.012714303751508504,-0.014746964752276437,-0.02862231205962451,-0.030180112219643673,-0.0052238320425060936,-0.02735659717181993,0.0032694409381368583,0.007156440102002559,0.043278710616548866,0.10469408482788745,-0.012936621726461595,-0.004013868468558446,-0.07603099714179795,-0.01018108178931465
2022-03-15,0.005334296142216921,0.012675291703420521,0.04006826420618892,0.025196148547834696,0.026580327975763263,0.023035334677051544,0.025780104331690756,0.028934447660152962,0.03848820862051694,0.0028062312848875504,0.00428382065408206,0.014833462893682148,-0.015655155253325836,0.008737636311869412,0.017812573081866123,0.007474245549645708,0.00495252070193164
2022-03-16,0.005183098506967854,0.015151573576541066,0.02935919960990896,0.02184595330893191,0.022373261685205925,0.031081048010490164,0.031598688971791855,0.06040723905732004,0.04008722478693172,0.030783823792622345,0.025118386647745794,0.04124844010274331,0.029536800522006468,0.004330694957555448,0.011720007940253963,0.04136329928157245,-0.0051178469440085195
2022-03-17,0.009683521008806872,0.005407624572014491,0.009627808072712352,-0.009887771913185572,-0.00958930977774497,0.006806629034742606,0.00419042806695713,0.020674618634952013,0.038793978170451826,0.029411625112799822,0.03652328780840475,0.008089570980647887,0.017103572698335512,0.0,0.00931417055270023,0.004839043303930479,-0.002476391870370964
2022-03-18,-0.0005713097479369544,0.009251263482980665,0.005951069858805447,0.01700397064816972,0.014647306098330537,0.01635228834536262,0.01708377476450451,0.04161865987223479,0.024771190058204384,-0.01406603784417837,-0.012488931554030636,-0.00613635327799722,0.0059667399964611345,0.0012936551852031908,-0.013726086596148046,0.012440643961541431,-0.029793891047564802
2022-03-21,-0.020006214311714232,-0.005116063733930254,-0.011974411663783657,-0.0037154104151433387,-0.000489130187846909,-0.0023608022381400584,-0.00017619043685379587,-0.023095717963291906,-0.015790901676732805,-0.006241323407261246,-0.0063233939776176085,-0.005105617988873323,-0.018603326663433783,-0.002584246743923768,-0.009514063804638706,-0.0009909090395904263,0.005905462308708032
2022-03-22,0.015713016431388116,0.011784938249734367,0.010748978240806562,0.005860506986970604,0.006119787626263085,0.02783528751054143,0.027674243096463824,0.02439831566597328,0.022237651599058772,0.008523813147162551,0.010909163690287382,0.004057712508182654,0.02829673139246469,0.002159188613566565,-0.0022227036431026193,0.007075731099010163,-0.0019568641893853433
2022-03-23,-0.025528109831423063,-0.014824482362300384,-0.01762900562083425,-0.015360261225219496,-0.013138600671501188,-0.012646143622365602,-0.01138580925281063,-0.014724211971528955,-0.022015003360225105,-0.010231254379817756,-0.014388494983134437,-0.01878049648504021,0.005076216860353533,0.0,-0.006842247560569614,-0.018976948696941,-0.0005882403627672783
2022-03-24,-0.0011964194393472294,0.006019103445574103,0.00959017698046516,0.010489322016402847,0.00862928005363428,0.02027736833056082,0.02384019613653443,0.028623539998487102,0.0032577059194374147,0.026966288536992566,0.028740952652065443,0.017443856877961572,0.007176873802163142,0.0051702314969634955,0.006889386448188484,0.007362825625533809,0.0005885865931583023
2022-03-25,-0.0018951540168655745,0.007051057775289804,0.0012954010431613927,0.006654257221493598,0.007577655625786717,0.0014825387219363773,0.000713228112873443,0.010247275136308964,-0.004950648856961504,0.0043762804353206786,0.001330275681251658,0.020121498481268985,0.015571416915013181,0.021860373403218114,-0.011138658344401753,0.02657807308970095,0.005490143191591246
2022-03-28,0.012521029828573171,0.008487441340001345,-0.0030187297198006613,-0.01454253135300898,-0.01746739260412289,0.0030279517386722077,-0.0015350385765697805,0.007979378025150474,0.012464984322343442,-0.003921387367775808,-0.003099999332407788,-0.010154166749376414,-0.02286902718693473,0.001258247392970091,0.017700538215203343,0.012944983818770295,-0.00214500475267132
2022-03-29,0.012525461459254705,0.00525991946559623,0.026384184963617052,0.007781105399618848,0.0074074694284271825,0.009158108757275407,0.007422810189866125,0.028042560617831835,0.03516412791928736,0.015310452870815894,0.019991091651573534,0.023228543385854117,0.015425489130683978,0.005027139971108596,0.015337133371336353,0.013226883860822714,0.0015634294908377644
2022-03-30,-0.0038614469041718946,-0.0018835280003194343,-0.00997324087994167,-0.019435369029740523,-0.016176605035285285,-0.004226906263756769,-0.003978939401325765,-0.00874454252941359,-0.02641518728935288,-0.006462773608854611,-0.008275380445139646,-0.005070145519403102,-0.0020952181806503933,0.0062525096934535895,0.0014015831585598715,-0.015829032286622358,0.007024550181219613
2022-03-31,-0.04314876832355441,-0.018243156365703506,-0.026958010919324704,-0.0149337644866262,-0.017189628796905,-0.020995966151784784,-0.02022671256150288,-0.024094826855313722,-0.01803548737515881,-0.023417034071782417,-0.027228861214837474,-0.016910004039235926,-0.007611637254396508,-0.02112666791249962,-0.002021412031079528,-0.014866026539303467,-0.012981990480784522
2022-04-01,0.02962306160352668,0.018795635439745828,-0.0011665659245714277,-0.0030318536408522334,-0.002281336449338367,0.007522004809070948,0.007787309335311798,0.011198120302417403,-0.002989922657136934,-0.009325227150434046,-0.009932122971137103,-0.025683377699168064,-0.010843600815940047,0.014811636567311659,0.018776586373697723,-0.012098351397771157,0.023164301203927318
2022-04-04,0.0005697324604607701,0.008595061978492025,0.011532933868969808,0.0066354472345722115,0.004826950595525181,0.020913369641517576,0.020128428020715017,0.0402046401802143,0.048277007468214395,0.0062752483362931155,0.008207762231848603,-0.007980528649772278,0.008556109797485778,0.008340539375736977,0.013995099487617901,0.01678948980108519,0.006523463802609486
2022-04-05,-0.009270501730705094,0.0006272192641350038,-0.021359703359913884,-0.023620130231894798,-0.022503062382369654,-0.01795778359532496,-0.016650288138904012,-0.008764850986345163,-0.028991113460882234,-0.0044542546338908195,-0.004975045827511959,-0.008776363399016551,-0.023329690549205417,-0.011993617092852737,-0.004751357563152925,-0.016382820043309154,0.006099840507818977
2022-04-06,0.008028218744378535,-0.002924531240942163,-0.022489085832510636,0.0019692391964873934,0.0025866049554301718,-0.027555254372615412,-0.028756901833936976,-0.03683572305256777,-0.031040387323986063,-0.013870341646187612,-0.015000032456479517,-0.01696970159098099,-0.026873165095793183,0.005860392538183712,0.013261582358785162,-0.030941389974282085,0.007957918694017296
2022-04-07,-0.01564342576365174,-0.012151678449597081,-0.005280299441929759,-0.008141429113405207,-0.0087719343926006,-0.005182686469757947,-0.004829961441531694,-0.0015675410636820652,-0.016831788985875673,-0.01633390178970373,-0.017074342090389605,-0.013135056070209705,-0.015062781241376166,-0.01248467357883798,-0.003216012972072524,-0.025815238658557504,0.002092467367210249
2022-04-08,0.009267295283429844,0.0057263805071245955,0.0,0.012170913891625279,0.014315458947248505,-0.017986653359607363,-0.01914064780434943,-0.0027807816553055975,-0.017313237573530205,0.0,0.0018780400703799494,-0.012422376986668593,0.01784205440935538,0.017277723081990937,-0.003301344378954685,-0.014574591540075787,0.01632799731695922
2022-04-11,0.004142750465809142,0.004006841687157037,-0.009251609687117135,-0.006991175943384498,-0.00641512447846293,-0.03144524905788504,-0.03349172920235122,-0.026402160653236195,-0.022142350973788583,-0.009225365432589228,-0.01124628137703576,0.003337149037114573,-0.0008345890400938138,0.07664147882513661,-0.018217445839083135,-0.0055197706657198475,0.006912289848205466
2022-04-12,-0.019270915941621336,-0.007561601947011942,0.0014542857915507135,0.0028163185845722083,0.0030993037696154246,-0.010955400497642653,-0.008608577595875966,-0.010717988843040205,-0.01120687925858066,-0.004655218020667151,-0.006635348820420051,-0.0031981114575045932,0.004177016476373918,-0.003566208627070133,0.007820974149895576,-0.015441529835585555,-0.004267377356103053
2022-04-13,0.024184202751606154,0.013968428429196322,0.011540951623170814,0.008986203124396575,0.006951601644528793,0.01488982822973206,0.017065306638129663,0.003969461127429907,0.01839579840084249,0.032740784335905104,0.03196583996668245,0.0024382810118865894,0.004991803196461753,0.00715725571185466,0.02594350680366131,0.004553374385901643,0.008757297042052414
2022-04-14,-0.012588934535022633,-0.006888147443354198,-0.01420486198601112,-0.0022265143888450245,0.0002555707666265228,-0.023279419477276075,-0.02435816415339187,-0.02237319944377203,-0.026538832994132955,-0.027174092793428417,-0.02126676052985199,0.007425427336881452,0.004690535175067456,0.006179242962130127,-0.014015835947646327,-0.007410596003951775,-0.005725785027189678
2022-04-18,-0.03932872319998659,-0.015132246844906883,-0.020694413576458848,0.0033471676441214626,-0.0033230157694135176,0.005563643029903975,0.007468618008479533,0.002807216900513554,-0.009585778860048189,-0.0004654665210072073,0.00047229937465531613,-0.0011436084736671237,-0.01208413527632668,-0.004094566734195282,-0.016546210148956964,-0.01638162986112579,-0.00817390317569211
2022-04-19,0.045493777498313515,0.026674976201401135,0.03232357857585311,0.006394096840588448,0.004872963856409562,0.020084582756485947,0.018268968126578633,0.031029053267488393,0.03181793598746818,0.030740811581244643,0.025967854976927107,0.02824438647664862,0.008618178488606354,0.0015417444291401239,0.01590699765406489,0.0344141361383119,0.006743000535480048
2022-04-20,-0.03906764325834833,-0.014757775542043494,-0.05557238907491269,0.007734958945959214,0.009698872531311853,-0.017509523298730678,-0.01514533423681319,-0.07772304095283822,-0.35116607551133094,0.002711126178885248,0.006442794357249371,0.04454323675526983,-0.0859977969096678,-0.003078370814494358,-0.001053876864874903,-0.021585800988076498,0.012278819972442623
2022-04-21,-0.03158816326163405,-0.009704612152545256,-0.023360278487160047,-0.016447372079269496,-0.01592536014261825,-0.025794281956619924,-0.0251913076944269,-0.0616206722580519,-0.03523581926439867,-0.02163134783545162,-0.023776837696638964,-0.03553640275911918,-0.025633315521672917,0.04014407026822053,-0.004521449219591411,-0.04230375501321337,0.011027314891319584
2022-04-22,-0.014758364154891956,-0.03323391083907612,-0.02786454343084377,-0.015328830378695701,-0.018494683688376257,-0.04260931514841093,-0.04149362076863017,-0.021056121666431227,-0.012372855445579867,-0.027637033373121178,-0.02295099268250489,-0.029599816177510507,-0.039306776706573565,-0.03414149091456997,-0.026267940095891062,0.03710183933781508,-0.056353221127359965
2022-04-25,-0.008604325514789068,0.007271964871929493,0.014204803082250361,-0.00424571303439869,-0.005757527542546992,0.03039770543216247,0.028741673804670187,0.01564277029365191,-0.026030104991789482,0.0009475307762345508,0.0009588267398938921,0.001139088796232146,0.005154683181816999,-0.0005122526216326806,0.0013992789574357456,-0.02529137787275415,-0.03140074607102872
2022-04-26,-0.039489494379286616,-0.024939904900964094,-0.0348478399659502,-0.03325756855011919,-0.03658875587922572,-0.03037721503911095,-0.035945991054413984,-0.03230114644534765,-0.05483298136748116,-0.03975374970297685,-0.039750913451600756,-0.007585247665901074,-0.05865382612569603,-0.010763931424136008,-0.02988893547119109,-0.05979245018199575,-0.017302834954762925
2022-04-27,-0.01014478348407144,-0.0026925239892260366,-0.004837160287978426,-0.0067627682313137205,-0.009289402254688328,-0.037533546446946064,-0.03670874753052589,-0.03315824941946355,-0.04969758333930985,0.007392753476597624,0.010473810428740071,0.0003823135090388341,-0.014981346626216308,-0.011917050542024188,0.03905245659354106,-0.02687785419513855,-0.019227161691663275
2022-04-28,-0.042571770534864495,-0.061867289044676865,0.0006944110056665842,0.004144485440797041,0.007721997405515824,0.038175731731209916,0.03699210221299776,0.17593606525731698,0.058236955946862956,0.0014674486087995486,0.007897191037306017,0.0017826958706632645,0.004147996936510356,0.018353687376174488,0.018869375082541717,0.01298809544789492,-0.0012380435661322187
2022-04-29,-0.07150750980154619,-0.04652254543503809,-0.03174614875132342,-0.020047015935304335,-0.019157173204152445,-0.03722425207921498,-0.03723346738106803,-0.025567525227354615,-0.04591020356970166,-0.027357263446065372,-0.027423987759713664,-0.032286911798171114,0.002409681643871453,-0.028836405031810397,-0.06916625592711423,-0.03018746343719725,-0.04338836682336278
2022-05-02,0.009451838789353184,0.017354011483799336,0.01675181027684025,0.018652004752127915,0.020368455335724844,0.019053356620106765,0.021676709361139412,0.05317517368808122,0.04780415428483131,0.020090609425821526,0.018126808863291544,0.008669595433618227,0.03949177146124949,0.01378599136937031,0.026473896390450946,0.020333028715084467,-0.001511695028394433
2022-05-03,-0.01599855109591719,-0.00197772916649408,0.00044051968566272137,-0.006792668044937833,-0.009023919397049829,0.008300924538125365,0.006441615006462342,0.004262633703524088,0.0020555684331398094,-0.002954170743020179,-0.0004945876882782585,0.01849183917906938,-0.012884104548584907,0.010983234952711918,-0.0011866064306679247,-0.004838477574811151,0.020332853643072468
2022-05-04,0.053380953623777705,0.03096379584264186,0.023249668906802468,0.022004069720871433,0.02207497969573291,0.037632268677281644,0.04199140396726131,0.05367162178888951,0.02071344211783166,0.02617286754664705,0.031667705009996716,0.01802822688928951,0.010040219580708776,0.03207451688094043,0.04847508798418798,0.02810056617212564,0.02543984625876483
2022-05-05,0.017531373362498215,-0.029793667068306107,-0.0308115585248947,-0.018911662829478315,-0.013498779555827234,-0.04755034807787473,-0.047075509400814286,-0.06772295217935964,-0.07690791668922181,-0.05726649337657297,-0.05371709230801425,-0.02185381127762931,-0.015241984562543776,0.0,-0.02122827340846445,-0.03630970424600011,-0.010956990828591362
2022-05-06,0.007825464075219113,-0.00941011964785854,-0.020602036088903652,-0.04922881572800353,-0.053092462546506125,-0.009306453403644,-0.006514784813842045,-0.02165358622394553,-0.03902934270208258,-0.13680464767205736,-0.13279272470428427,-0.006419927378147339,-0.0609018410491069,0.004010115425600702,-0.021302839821239483,-0.04957170878697703,0.008987983379005637
2022-05-09,0.008482555423917626,-0.006000287413483907,-0.030011831529803357,-0.046475479600056824,-0.04017343050214173,-0.02227241091555021,-0.027953324576861616,-0.03710056337730261,-0.0434879068806624,0.04021286790238432,0.022793578346969934,-0.00012935868656749339,-0.016839747691262952,-0.023964411075996672,-0.03998427827379447,-0.07105973007552546,0.007251254526020379
2022-05-10,0.009834575078261798,0.013581312558325287,0.006543366657361993,-0.021916928154393278,-0.02378813124859258,0.013269090641869097,0.016745028781074422,0.007339049659359942,0.026343229104973,0.0017055482692436286,0.004000111980014154,-0.022489455616845455,-0.0007288212992103693,-0.00971842120967159,0.01043308354357153,-0.024116864354110867,-0.010078174905448267
2022-05-11,-0.0424577759143101,-0.011414358583640039,-0.022938334818982442,0.022073584086183873,0.024367795567798334,-0.005441493027713129,-0.006927855091707902,-0.04507963594994313,-0.06354843914880681,-0.03461964841894105,-0.038133180467214034,-0.011371140388871104,-0.026622875325453266,0.003615589303852973,0.0022763084777992493,0.016121303768489526,-0.0051945466438254595
2022-05-12,0.03771607768910168,0.038905962883252654,-0.008554444308156217,0.009816756315909059,0.0072267986693170805,-0.0070198278779726175,-0.006676654631210033,0.01324559049845897,0.0477249905102608,0.0346855794030565,0.02840232047387814,0.010164846588996745,0.016110729241517685,0.014925253582461329,0.0060836419241014905,0.009025241582388377,0.0037595439707747147
2022-05-13,0.013175439010759904,0.0021742005810638787,0.02895228298404695,0.012313633806690483,0.010463242789436222,0.029643630685264544,0.02841527831745405,0.03859030286698273,0.07647296206618237,0.019886190494074807,0.026467323320745306,0.019594664012058338,0.0453539140158854,0.006085300786055292,0.01854406828281019,0.035024962364837986,0.002497010174074221
2022-05-16,-0.01707719311057232,0.009402119968306533,-0.02003185536418306,-0.0041612786872365914,-0.0032544849194473535,-0.014787725628523596,-0.013834591895334536,0.007149329388547843,-0.006022216484680376,-0.0055708098253177685,-0.011771405458693707,-0.00012975015847804805,-0.01164003022008675,0.02217734469136201,0.0017414514089515443,0.0016374083933055061,0.017849531139126684
2022-05-17,0.01897096865022574,0.023167273926165244,0.03289608496436447,0.027643872465981545,0.03116654002163677,0.01662988907682106,0.017720340323890804,0.012897343959720864,0.02171469126895298,0.04369711208991167,0.035734528459435255,0.03428575175642745,0.1534618927106628,0.014299808393561264,0.016356986835671883,0.11779131004276655,-0.0020391389496952073
2022-05-18,-0.005570509935002521,-0.016573208887472934,-0.03994835093550375,-0.033781804001529414,-0.03598154923448149,-0.036850473018906094,-0.03926646003345491,-0.051228760184844124,-0.07016162417704552,-0.04777219056101245,-0.0427162250029165,-0.03314920629835916,-0.023824292217095033,-0.016528788442909836,-0.026278935564268857,-0.00024373398481136732,-0.001021549611227246
2022-05-19,0.010798737644768464,-0.002611314988820279,-0.011121853619636468,-0.003237272831743687,-0.0047776255484294206,-0.014728467582406646,-0.013543659927496288,-0.004941801040582283,0.03549860121666004,0.0022546125848212917,0.0011440020851203325,-0.027272811985224465,0.021236151039116136,-0.0009887276460570638,0.005110289832963577,-0.026737105517530835,0.004295246903897931
2022-05-20,0.009397963179816227,-0.0002379933799878664,-0.006980843801674408,0.004871811966992157,0.00390058436396723,-0.012934998776377715,-0.013371386515313555,0.011762054214564444,0.015642067953506755,0.006186960544324327,0.006285841679981363,-0.0006677362746844162,0.013035288275179191,0.009401223871195352,0.0012711246951588873,-0.030394115937872446,0.008757747057847931
2022-05-23,-0.011189247782437906,0.02070945425990489,0.03329423213236704,0.021978048634813785,0.021816952737647277,0.021529736380309306,0.023689776018573916,0.01389908124447592,0.005849168284441486,-0.0067077892482444446,-0.010789480116096706,0.01349406636000805,0.013786911046210992,0.016666942655119366,0.030545933016090432,0.06458835534449525,0.0028266332618656076
2022-05-24,0.01129473142541193,0.004430963142077804,-0.04006424495706007,-0.05123347059589567,-0.04972210421516987,-0.051407336495845946,-0.04949405238499405,-0.076186090877286,-0.037878740083445495,-0.0506470428123208,-0.04994256301814404,-0.0842342952494275,-0.03898473719395157,0.02025055349566096,-0.0051582626442114865,-0.007523056823435459,0.020334095053440526
2022-05-25,0.01793243817565493,0.014627397000293918,0.016438710770818377,0.02566666233927095,0.02493070696446642,-0.0008165824030600399,-0.0015572605036043852,0.014066634932349942,0.04153269007647786,0.016597600913347943,0.01812707034002714,0.03757005071187325,0.017295502022661946,0.006616278752863192,0.017179907908182468,-0.00497188522465708,0.011049773288687614
2022-05-26,0.031234001443484427,0.00983953384519931,0.022758080214299925,0.03379918627962786,0.037237225442046995,0.023209572860933614,0.01878469873849764,0.042430598073720516,0.019006464655408895,0.014577082174072942,0.022551782498849704,0.013318590952324572,0.0015457344237643778,0.0009388892740509469,0.009890546080385754,0.009829594775914607,-0.004878969630975671
2022-05-27,0.014119811779540026,0.000679949458302298,0.03512921952088899,0.027664178261214367,0.02663573499116767,0.041580458374346874,0.041969495269267965,0.018264181073052832,0.0198014483891773,0.02586223663272036,0.026117326169116994,0.026834285392723478,0.0466050318130693,-0.001407126058485253,0.010320865425971215,0.02027903978548573,0.008040760526264679
2022-05-31,-0.005902674336616398,0.002717415408462376,0.010245260305651982,0.0006117667207343747,0.0014100703338892906,0.010993121157159669,0.012869834242202005,-0.00763588869263232,0.011527249953755092,-0.015126345581300105,-0.015836984525601117,-0.005199652285654888,0.0123856377236784,0.0,-0.006114277942905311,-0.009937987057809905,-0.0021400838020240176
2022-06-01,-0.02278418708666896,-0.007904413332082805,-0.011318487877664762,-0.017119863540177582,-0.018304648123737777,0.0008591839278981883,0.0011427537705153146,-0.02582115194859358,-0.02294363487101725,-0.011376564533730593,-0.010919696673319157,-0.022650942168635835,-0.05767563479851778,-0.0032878828765676715,0.009528239136257222,0.0008030071075348921,0.0021446735832200137
2022-06-02,0.005732965218413488,-0.0029592889885464713,0.015386043402394023,-0.00902039715918812,-0.012621982874773452,0.031620003406254815,0.03275470774324529,0.05417740268105731,0.06313827115574,0.036823981944763995,0.02905289672660194,0.004662463674911965,-0.0284387568722152,-0.0014138708301527636,0.009214866294751767,0.03546502363594195,-0.0021400838020240176
2022-06-03,-0.014351077594167205,-0.019862573917619586,-0.019843010959963103,-0.006591370612509695,-0.00842530718939527,-0.027024348790501085,-0.02619813976117258,-0.04063157943624296,-0.029791800568103266,-0.03052180668764637,-0.028797228767773797,-0.02224944817566965,-0.020044633892275177,-0.013685592681188519,0.005964682480782191,-0.016117797612298146,-0.009358351933168918
2022-06-06,-0.012930958944359139,-0.015140993209314724,-0.007729869482873575,-0.0018957351439006231,-0.0014649005221953892,0.02135488377699346,0.019901079943960287,0.01818846502926097,-0.009247160952209565,0.0125932676780236,0.01046501209155748,0.015356741979985822,-0.012337708318581164,0.0019138324006040541,0.004099172870227985,0.0001574910835169252,0.008462706235802253
2022-06-07,-0.004476839045777892,0.008277873290126081,-0.000371005118104617,0.014245114679645843,0.01525826351077475,0.0018716639840536953,0.002816404425073804,0.007207230622900962,0.007456597032415635,0.008479198208306116,0.010932150322801704,-0.002612519669258684,0.004602318235980896,0.009550883213272687,0.010352105911743514,0.03669577219549147,0.008001529899847037
2022-06-08,0.011190601078989726,0.0049264568556961486,-0.004174699638223367,-0.017166182879932435,-0.01560718176775766,7.246408232020052e-05,0.0003797430738308183,0.005060068049245192,0.021247715810528645,-0.018497681424986534,-0.0204894936904344,-0.014198900246177315,0.005890059607381204,-0.0042570943963913255,-0.02438828665607662,-0.0018989746417806819,-0.0019360961213860106
2022-06-09,-0.011661035554994648,-0.015406460093412622,-0.03763743906716821,-0.016195590838467333,-0.017028660598746637,-0.01978868429542524,-0.02012478920298688,-0.06427998146666214,-0.04959820893737088,-0.021701861787136623,-0.020336889408691716,-0.013557541402147266,-0.05172422404256549,-0.008076257218292415,-0.016196979233640718,-0.01651444649727163,-0.011833213871703552
2022-06-10,-0.016733726953932382,-0.013039312622943888,-0.03775410810983337,-0.03066494358302263,-0.032556701589060655,-0.030373753326222608,-0.03199350227769049,-0.045815203587991404,-0.05099340041754474,-0.018680699633463527,-0.017200675032219337,-0.026628682380517743,-0.03636365210528969,-0.009099442796213775,-0.018869612426481663,-0.00990481174351776,-0.002355638244766589
2022-06-13,-0.04158670811103793,-0.034350296089818655,-0.03712275695813705,-0.027306013090128922,-0.026860178805295898,-0.04084277901176614,-0.04290151988294455,-0.06441859117395565,-0.07242815773628775,-0.05472929181738717,-0.05431497391677298,-0.029121594851714727,-0.081167533795098,-0.044949144256217655,-0.04513058933988834,-0.037201989998963625,-0.02420317310204445
2022-06-14,-0.0055009131368077835,-0.008955303781922663,-0.015567939486350268,0.015063431425428764,0.016180274396756955,0.002970653982729443,0.003036058872858405,-0.0032268055196985612,-0.012670172333541951,-0.0056639268477119975,-0.007657932961236846,-0.016058441202509433,-0.006257381091547165,-0.015688240508287543,0.0022469111732190683,-0.014449214579271619,-0.008671211376658605
2022-06-15,-0.006571235287035848,0.0072793498172403215,0.0176184176680263,0.026644198691752052,0.024976623643752305,0.029819655456559513,0.028571106885454167,0.034324793704422873,0.0750268587342715,0.0,-0.0006430592143822356,0.0073904766380705755,0.009445132689083868,-0.00051409617853726,0.012970309433331995,0.0391236294928341,-0.00020312861193838572
2022-06-16,-0.07494430711911892,-0.055320224133725726,-0.016687597325099612,-0.021025081948314095,-0.01675308771466877,-0.03401097943522169,-0.033990951089854726,-0.05007377357398135,-0.03753265266334649,-0.009493732920026865,-0.007721931337990484,-0.051964045042029894,-0.05458097348417956,-0.024691481380276215,-0.01770458615983317,-0.009987334334620734,-0.00630720251610184
2022-06-17,0.06406641377279909,0.021102506398032794,0.0006364060128474236,-0.003691128772990715,-0.006505505659106459,0.0115298799618746,0.010468423812851402,0.017840685101904175,0.012460428152753389,0.005111795794740859,0.005187908536140373,0.017249645544816783,0.012783556707474997,0.022151717906378154,0.0266332280580599,0.007285796810228895,0.0038897944965470277
2022-06-21,-0.01015926853377036,-0.005941781731081619,-0.011129896896897695,0.015156518151358656,0.015279057099150561,0.038469123398163996,0.04107097197432941,-0.04085761883037231,-0.026209388423695024,-0.014621591285033153,-0.018064509524406747,0.00665626041702283,0.0016285286732098392,0.02992790101666687,0.031977599599315454,0.023607036629341716,0.03304145492946242
2022-06-22,0.024618805823529932,0.010914921075474426,0.002251100625243918,-0.013934973578111465,-0.015356227925120147,0.00016962005177156847,-0.0005062667775961316,-0.007640917737349762,0.046691261729396416,-0.0077420238723309165,-0.007884285277159342,-0.005824925646996326,-0.006503862314078401,0.018036271040432483,0.011391924167676981,-0.0013976757065335965,0.0027641289579984907
2022-06-23,0.015371262713161471,0.0053984752828704075,0.008556059632617519,-0.0016823578208343681,0.00031189675852139054,0.005806318914934661,0.006767459627882388,0.01860764080695132,0.01576385426657967,0.009102781938889581,0.009271453326103574,-0.009026168715120186,0.0032732197274703,0.014271656406778632,0.02080049823486574,0.011275247895983886,0.025595422277651103
2022-06-24,0.017555402079966642,0.011761661429252612,0.0369036356901562,0.02291880144490821,0.02276268589409325,0.051945838212461126,0.051077014372566065,0.07187407915993305,0.05029990541456719,0.03608241999928219,0.03543304806466718,0.03227863253230234,0.05057099561026224,0.01843776023699828,0.008386084784738568,0.027450918736302343,-0.021693239994018287
2022-06-27,0.0026774707364152217,0.0065707724099954845,-0.011965666559580534,0.0056012411675652185,0.007317134108525414,-0.01615939621723561,-0.018151962772945063,-0.003937390372996452,-0.0089598918093039,-0.0018657084956935632,-0.0025347455978182998,0.0023221385399638805,0.008540469318152777,-0.010004967249604757,-0.00393936360704239,-0.0330039557287265,0.0
2022-06-28,-0.01578513826232497,-0.017574767722198237,-0.007142118855472335,-0.009829556288854957,-0.009987976039071977,-0.03473590059460385,-0.03303026313514745,-0.051979637824125735,-0.050438854570260094,-0.014953197044428768,-0.015883173955745566,-0.01683402500587594,-0.01616645586122145,-0.008180845537117842,-0.02570660428209115,-0.023450245733686037,-0.009811752685026431
2022-06-29,0.014900548272067216,0.005110992043115381,-0.002814821158936498,-0.0026472764412668326,-0.0021400773528030825,-0.002798201953418622,-0.0027320303900303378,0.020289010386011386,-0.00690415636351438,-0.010752712400008746,-0.010974799857381035,-0.005341022929278849,-0.01877924551403709,0.01649676467568373,0.010072898164058763,-0.005151383137635301,0.009512586017719205
2022-06-30,0.01011125060028184,-0.0022880801917629645,-0.013068623539235436,-0.01459843157936247,-0.014705820513112311,-0.025691103965393203,-0.02451621337559784,-0.016408514723233236,-0.01956721922670679,0.01598465392238846,0.016971327797147273,0.00458003233346993,-0.015948879179482844,0.00047728738597618836,0.0012650381529870636,-0.02389866987312339,-0.003729834883326566
2022-07-01,0.02644444257724876,0.026758133567204245,0.018432313502289688,0.02996625437802125,0.028295921365231624,-0.0026652038758792074,-0.002069429694948388,-0.007565994710800883,0.029050228266674027,0.013215933100998,0.01091140165661475,0.011004498408554664,0.021474689447063433,0.016698470646093533,0.016872385179297122,0.019015766377763033,0.017536913745107796
2022-07-05,0.0006237789748664291,-0.004747313998133773,0.010817484768025354,0.0013076613504574564,0.003023893907180053,0.04405896189847058,0.04161849268800277,0.05099058532501877,0.03295351358616183,-0.00931683050262011,-0.007619035265578167,-0.005131414583640637,-0.0007932698844155261,-0.006569480759763047,0.005481934063593208,0.017459557060061748,-0.0042602754778707785
2022-07-06,-0.019907706554100457,0.0,-0.011319133740921528,-0.0019589304081032433,-0.0003013986467182983,0.011647465666062784,0.011557104526940032,0.009393999880474624,-0.00979122083964179,-0.0031347340042207072,-0.0031989658134441434,-0.00859649253891459,-0.005160678657656126,-0.003778960394375086,-0.004070747688541432,-0.011177567370213692,0.0017503591927925388
2022-07-07,-0.013230473577617197,0.0027616044705414122,0.014050668729440607,0.008177898844344611,0.010253260932023167,0.035521069720443776,0.036754145774551494,0.014254624069050204,0.028305981992830187,0.01446525764141704,0.016688044784754386,0.006463845884932651,0.03351924929439676,0.0028447139051179793,-0.004890502253140583,0.009552594507285406,-0.0031452982339010838
2022-07-08,-0.003975088370815727,0.0005009404958278285,-0.01611400091506343,-0.006164709128271384,-0.007760978164747523,0.007229252275779974,0.004803023452492949,-0.007607802682004339,-0.012099122470485613,-0.006199444132766407,-0.00568182458500599,0.009711919364874255,-0.013127286523313297,-0.0034496307365212697,-0.004474513366800825,-0.014903007366318222,-0.004338381571110439
2022-07-11,-0.02191775086200387,-0.019770086302101753,-0.023158744643899554,-0.01142682914795734,-0.010228764526065581,-0.030340692202879715,-0.030807715034992245,-0.04681656374484222,-0.05155635384877311,-0.023081866218918945,-0.022222338360826543,-0.004809150551457142,-0.05438179949794841,-0.006730815133378143,-0.007294320166593482,-0.017850022824671408,0.00019808534614762507
2022-07-12,0.032444453957558794,0.01480722719546379,-0.0004272263881369698,0.011228648595672075,0.009726422473258722,-0.014357743687579028,-0.014315768531835582,0.002394443703639393,-0.016296355570068033,0.016602948510974214,0.016233908201604974,0.0009351249063114242,0.03806399055184628,-0.0029039026630729436,-0.002152691808741114,-0.005786463750053317,0.005544501436179905
2022-07-13,-0.005255269008764163,0.00327061615611024,-0.007051239477659843,-0.008164544538718288,-0.011438886417301397,-0.023182592100083776,-0.023390464646639297,0.0013475167810290678,0.012095181782518782,-0.008794018262558323,-0.01022370987415988,-0.0006227886409854166,-0.002790221113334712,-0.007281535441899578,0.003570332701243073,-0.006967771858397032,-0.005316975342642194
2022-07-14,0.006678947800288437,-0.007522826320135678,-0.011835690221094541,-0.0115247214415376,-0.010048804863215133,-0.00665844969767837,-0.008854765862269964,-0.03327436014593821,-0.010081530079036782,-0.0171104149419381,-0.016139456748111347,-0.014960342707571073,-0.03597122242246675,-0.005868375270011272,0.005484980623612801,0.013207846146462865,-0.00039601380323284197
2022-07-15,0.016746679687499988,0.03335024245020568,0.03658541182857311,0.033644371663494876,0.03598904336300568,0.011907574860502423,0.01277553640050888,0.0420753351473544,0.08198870606948905,0.03288215364268243,0.03215234886414531,0.02816009973501643,0.03648422753223812,0.01180533000283801,0.012605088242360729,0.00904351172943274,0.010497042149322677
2022-07-18,-0.005434318725812348,-0.008801847707197386,0.005252076703248676,-0.009668130326522362,-0.013361156165363486,-0.02533521751361556,-0.024580162023857377,0.015361195863331512,0.0095711365119453,-0.0024969281002190646,-0.0012714641937537907,0.007693449200594671,-0.019199983331249726,-0.00194432826502966,-0.02111081476486565,-0.0016148320606074185,-0.014503895194205585
2022-07-19,0.01886036635772026,0.0189937170189749,0.040856935439588904,0.029938134737448552,0.03069523129619922,0.04285333392194146,0.04384125146562523,0.05112719045523906,0.056096852395065344,0.03566967235077145,0.038192233683145504,0.02931768223525988,0.02161507576947863,0.0131512911140228,0.02268136712732649,0.02684997698224345,0.003380919993784648
2022-07-20,0.0005176519177576555,0.012345353986769725,0.03754636041924386,0.016429683216947044,0.014306551276044743,0.0006977988193257456,0.0007908399537812638,0.041586180293853525,0.07345132098767415,0.023564880116418996,0.019006778515001654,0.039311615218004636,0.03832331683482093,-0.015384687595913937,-0.0005088018044259179,0.023942610513554285,-0.02735389381777209
2022-07-21,0.019743331511457463,0.010760774674442697,0.008030845169992196,0.00777122829557908,0.006044897482512912,0.0029642316760647436,0.003862965382279926,0.0004369233801004846,0.03437448805655485,0.011216044463692398,0.01263519347929054,-0.011846903214942306,0.0003844354510527115,-0.07617174396904047,-0.030993222018701694,0.017383354058261746,-0.02873442169497198
2022-07-22,-0.01428740951996843,0.007806579764975341,-0.014014013560369798,0.004626806231684988,0.0060084607499169,-0.05806677680001482,-0.05632323638391068,-0.07588574901399037,-0.01536536783849729,0.0005837826946615277,0.002970699127234022,-0.003900230227994239,-0.02882398109102635,-0.027484239419734546,-0.0053307843760856954,-0.01406214977146425,-0.0673521404492472
2022-07-25,-0.013835703215586248,-0.0030512574497373324,-0.0002920960777770265,0.002456331758744046,0.003412998280986068,-0.0013841803853927859,-0.003614512011969162,-0.01547835530096231,-0.008755252584814688,-0.0011667687180357822,0.0011851360950083656,0.00638051353959912,0.0027701820007184352,0.007065275029624507,0.015700901000648138,0.0027605291023864442,0.00697404650156952
2022-07-26,6.263054534394463e-05,0.005886084409448378,-0.02833776662895815,-0.03307823114987707,-0.03344657566849785,-0.025598526087450724,-0.02316064299005005,-0.04500447974876465,-0.02105162637893465,-0.011682241370102209,-0.011834280636784156,-0.02348688361038853,-0.04735611795770667,-0.012412306070367474,-0.004830696629770981,0.002523528487214266,0.0035747618449839536
2022-07-27,-0.006409067162752802,0.015215517965051939,0.03728216209395674,0.0167881487166206,0.016715504125218272,0.07739012536961609,0.07655688159449325,0.06553564428553349,0.060025171544117795,0.017730260033676837,0.020958073520009668,0.0185919594624111,0.01615570712679748,0.0049181126725541535,0.05227374485391545,-0.0039664702383792605,-0.0002225365975585536
2022-07-28,-0.08480063802602811,-0.09130709327992881,0.013526445465230186,0.008411248675414429,0.006057102336735065,0.008714737121283234,0.0102602192091239,-0.0522466995780736,-0.0032194027201694064,0.0011614632782341872,0.002932483431201005,0.008981795868691522,-0.0073378523454702416,0.010331660399639508,0.005606242364377678,-0.0017613395949912514,0.014250730121365462
2022-07-29,-0.00798930294326694,-0.04795759824411239,0.01143945864976148,-0.04541246019909806,-0.050745432587003814,0.017889904403064483,0.01838538808918111,-0.010079439684214209,-0.004955292242832643,0.0023203464873204904,0.0023391968877208846,0.002727790670905561,-0.0287471765592876,0.01076428044416633,0.009597925889415881,0.01825845425840189,0.0140505002344542
2022-08-01,-0.012821125819643453,-0.0002664379236183567,0.0011310893300251479,0.006472515491019237,0.0099666172061601,-0.009945134934834399,-0.012551561544141165,0.005216614955882992,0.005824834154380953,0.0005787151035823168,-0.0005834633840274828,0.004009280405598892,0.021141467258424695,-0.0026625062668462762,0.005102776844826407,-0.03895124188475074,0.0015154650291873129
2022-08-02,0.02599867873538053,0.004532214024981052,-0.014215873765150766,-0.005466293602738093,-0.007176853422396379,0.0036370790657038743,0.0023506972631033296,0.0016257084261956933,-0.021175018143041235,-0.005205309012283554,-0.007588989007070057,-0.013690828125257015,0.01325061998772803,-0.01975445804964271,-0.010014564975976192,-0.007055455579410563,-0.0198876480664002
2022-08-03,0.033200043372406896,0.02123123866226795,0.04116130852329292,0.011639319857003949,0.011144651324283883,0.02484890731497913,0.025623227280457073,0.05374868007267919,0.023981579467618808,0.030232462611562427,0.029999936996247145,0.016628176164027453,0.023293586398111632,0.0005447216472382888,0.009483523392747495,0.024869681078548034,-0.00022047515970702314
2022-08-04,0.016077711639185033,0.011694485502697471,-0.008255414848400311,-0.003196017800717099,-0.0011916501634031684,0.0007577165382819384,0.0009315707109263105,0.010485879489805727,0.014025443540782057,-0.009593757423574711,-0.007424293827228978,-0.0001421578754590147,0.010783014416156478,-0.005443602745976439,0.0006264070846428993,-0.01864261778337195,-0.01985439931192179
2022-08-05,0.007683096496918118,-0.016953475284518182,-0.01378090864682291,-0.0060916435106690425,-0.005964817653057453,-0.005468131452332936,-0.0060918668800469256,-0.02028504942530418,-0.013614011392988457,-0.020512776562587542,-0.021288666035264137,-0.01735427354327823,-0.0414857345889007,0.004378718199194109,0.0053548887537180345,-0.0018054457072064212,0.011703675508675682
2022-08-08,0.002311064800316398,0.008361556744091558,0.02325808276047736,0.0041934293386938215,0.00420047558678327,-0.0006767451840049565,-0.0014472299050557469,0.01879014227941833,0.029588211007364862,0.022687597823377592,0.021163925535575556,0.016647304955146325,0.03915902174160424,-0.019073569835875492,0.0001385461469127769,-0.0129757901726969,-0.009121238771481632
2022-08-09,-0.024889533664036345,-0.011142624340340412,-0.00898190982795155,0.0070673139515380345,0.008067053370775401,-0.005417301870882185,-0.005711885161107877,-0.010102639358495646,-0.01520413873969595,0.05460768988127662,0.05181352770928371,0.002420436101898238,-0.020626504685771985,0.00555569739933337,0.006916468801410058,-0.03784558934868221,0.0031433242111522652
2022-08-10,0.02251934241194742,0.020964178506932107,0.039767014211539164,0.03253582572658398,0.03378764847569515,0.02680845407347543,0.02632248710148799,0.05820897539949721,0.06162476510678383,0.006472298800244802,0.009852009783289262,0.020454848305714535,0.016200972157909943,-0.004972324339129974,-0.005083125096181584,0.02509107921245901,0.0035810501609252476
2022-08-11,0.007564459965704984,0.01129363468222322,0.046784708314275836,0.039851754623597246,0.04443811749265225,-0.006879211574918553,-0.007184667510304221,-0.0047661188161830514,-0.005776037212169016,0.012861779303660947,0.011924360936171885,0.0047327495844100564,0.02829791944624427,0.0016655256421138631,-0.008492038526906165,-0.02520399647392424,-0.0013381575943807178
2022-08-12,0.025590408660213004,0.015228594296508247,0.03296786983455191,0.002673646616305758,0.0019216016235379385,0.023618606153149146,0.023897765416967642,0.016958601135904194,0.02719405994905877,0.008994782293284098,0.008569741522419294,0.005126002454511891,0.015116229393319802,0.012749514088945757,0.01984537528297614,0.02046905824300227,0.00826271360995734
2022-08-15,0.005856308749146999,0.01424987934756028,0.022127225543416618,-0.005333395199066837,-0.003287698261720484,0.0018752107908859283,0.0032873994541002816,0.0021607890384940376,-0.0007621743621131216,-0.01678040648281154,-0.018056255445801583,-0.0041349959319237906,0.01412762461008188,0.006568207633301348,0.0015704196577268625,0.03451356197064648,0.009080722849125644
2022-08-16,0.003971498567751475,-0.005176000781108692,0.005633424822633071,0.0050642184716296335,0.0032985428753982138,-0.00301102989243629,-0.0031126576785681648,-0.007849988214380876,-0.013728837204102895,0.00800005319717667,0.005408203743906714,0.019792440306025005,0.024096256999964316,0.00978769798108492,-0.0004089467215064868,0.07221914586954425,0.005267713132710794
2022-08-17,-0.03634817281660696,-0.02725490355499749,-0.017205595305512023,-0.009187859453117286,-0.009041336119865684,-0.017876068753530316,-0.017666422696387407,-0.025742493584553494,-0.01847858962558857,-0.013756676583963845,-0.013985948327829623,-0.009093462140663977,-0.03308823529411764,-0.0080772066602125,-0.007365584754515764,-0.026283010719246547,-0.010043589021775823
2022-08-18,-0.015496027067559703,-0.016556283483167622,-0.0011400004049462176,-0.005982610890613915,-0.00414695090401207,0.004487982194525619,0.005186073198506724,-0.0010867824627731615,0.016670140205746975,-0.003218841856092225,-0.0027277057557750783,0.0028760559720211187,-0.012547433448192424,0.0005427532423478709,0.009000256794213568,-0.019022547212758423,-0.025363770268182484
2022-08-19,-0.007880926084264384,0.0018130196116332709,-0.020624444327554503,-0.009630057293951388,-0.00943920436460799,-0.022670887306060594,-0.0246317021668514,-0.038360080494416304,-0.016356037578743154,-0.019375630572901037,-0.02078782950737712,-0.009969702870581298,-0.002695674268774595,0.0,-0.0033365216404019904,-0.020924375959156416,0.005204698862290913
2022-08-22,-0.035096558529574606,-0.02740446471249247,-0.03495915986303377,-0.027954997252231828,-0.027466219499625355,-0.02582109345419692,-0.02533916926373192,-0.02923318261004082,-0.06062364987417879,-0.024149329421844667,-0.025139528616663354,-0.03766044145346925,-0.051737250897876175,-0.016277834526609247,-0.012229110890999206,-0.018944717468417083,-0.005628057702210754
2022-08-23,-0.01470892810515012,-0.010100843325714481,-0.009315217808117393,-0.0053141517356548595,-0.005475646073186846,-0.002607131813661012,-0.0033262713749865336,-0.011898182754682352,-0.008784294641338675,-0.006748956150763097,-0.008023032132138508,-0.0007167706154853626,-0.0024431323573189667,-0.003861029977061947,-0.00498019941443506,-0.00766038211626574,-0.01584804711419885
2022-08-24,-0.006665752208226405,-0.0034910569438303396,0.013494826400889837,0.008171049087684068,0.007823825826614783,-0.0006099186638667264,-0.001493047473457465,0.013344934688871435,0.022533979982989782,0.009059976199716102,0.009821006963163903,-0.001721521134388282,0.020816464372371835,-0.0027683891400668292,0.010218524554868713,-0.008523621368537682,0.001840479820785168
2022-08-25,0.02180906852340514,0.013204056274162657,0.0090197945947883,0.006546167658832092,0.005750440426421477,0.026155218413501435,0.02603570258750776,0.03381094709176247,0.019032283708737552,0.016273947390954113,0.014302068519620237,0.006610197915827065,0.03718502411836755,0.004441930576522868,0.011972754290035414,0.017680456214268503,0.0043630378081478405
2022-08-26,-0.02911939454195067,-0.021276476374289754,-0.028860890187732746,-0.017652558553359787,-0.021154852183892126,-0.05437559811351933,-0.054093475451441386,-0.04147406304694523,-0.045730471381171256,-0.02208745810750623,-0.02143268504045881,-0.022840766890595554,-0.04009239461725933,-0.011055783526440877,-0.02753792624675455,0.01585908360321686,-0.01120267910471584
2022-08-29,-0.017544687069203646,-0.013858967316811244,-0.0047339630061744575,0.0003151413391000446,0.002336310588771262,-0.008625372402489617,-0.008337962393556664,-0.0161331189494619,0.0057775717728791864,-0.005081863415478005,-0.003458064805247907,-0.0037985900250970817,-0.022489840807590866,-0.006148822235534035,0.013075145844811509,-0.035851570181690606,0.0018496107920900062
2022-08-30,-0.021013574668556356,-0.015706613194560126,-0.009689079731843298,0.005082610317780789,0.0038157680380024317,-0.003896896617070711,-0.004386729623767294,-0.012627751809912047,-0.01745559004227648,-0.009647980896777653,-0.010989168566852725,-0.0029329658882727427,-0.011503934943949301,0.0022496957359507963,0.004348060131181608,0.0011391325297824828,-0.01846311111591825
2022-08-31,0.007618849461025867,0.0131578835125723,-0.003113054792185932,-0.0006321135031096548,-0.0005848367794487608,-0.006914814040125505,-0.006609192761229066,0.03671397985108693,0.013188323551670544,-0.012034620074689473,-0.010526327999086038,-0.016031561913763204,-0.02784715392857029,-0.015712722197133933,-0.010720087343468299,-0.0039011976053473507,-0.0169290171379175
2022-09-01,0.01866074109574245,0.01961871503938495,0.004015048075545868,-0.0028462463090129786,-0.004095901355068765,0.012826381990638902,0.014045356644948326,0.014914270225810933,0.02898545284128473,0.0017401737694202613,0.0,-0.0038864024295865995,0.0029928392599365417,-0.0022803427315619684,-0.0002780241423947505,-0.015013025249212775,0.0
2022-09-02,-0.03138004031401753,-0.030894303468971263,-0.01181915113515486,-0.009197558057909783,-0.008813196955997582,-0.016915431481268728,-0.017222387271650152,-0.03047866764146867,-0.01708397035301623,0.0017371508251209367,0.0023640819901662447,-0.0057023943264316035,-0.01449261203446861,-0.01771423859546095,-0.013479669266666328,-0.01731282261556777,-0.012198049313782544
2022-09-06,-0.0249054730156979,-0.028523591660238323,-0.009981967342229114,-0.02208708027557893,-0.02282165093678512,-0.011041546431612592,-0.009643095971482385,-0.011103023627517694,-0.03414264548436419,-0.029479665829169055,-0.0300706335618941,-0.004678308692122823,-0.009515407687703203,-0.023269516459689,-0.0004930448685525057,0.007586626879509284,-0.004842715124359853
2022-09-07,0.013979818118309284,0.006908512041958748,0.02361706017831211,0.010474536571946524,0.013648828846251071,0.027912201680807103,0.024716904301658627,0.011669157047389023,0.04839961411104321,0.018463263011237796,0.022492277049678266,0.0209247058523101,0.0026197772666149977,0.00476497590955649,0.025297581520039802,0.008784431209579058,-0.0004865613950471026
2022-09-08,-0.016494806439478316,-0.017438430643092695,-0.003194623368568683,0.00226764701894111,0.0029921326786155333,-0.0095944465531983,-0.009776218566877493,0.010412178024606478,-0.006638732872723985,-0.0035087256359875862,-0.0011891275254366507,0.008317420093126637,-0.010888320639685145,-0.005927761511344887,-0.0008932981352470781,0.0,0.005842185856441473
2022-09-09,0.025258265533837143,0.03084064373946549,0.02537164662011082,0.03329022601227827,0.02983290217664991,0.021568017023321673,0.020944761325956796,0.04374908757919482,0.02695220206356619,0.039906078204052786,0.03988119124688616,0.03711871397899902,0.04183160252559781,0.015503999249144584,0.002269961603183379,0.05971136870880245,0.022265311564501067
2022-09-12,0.0013303652042322422,0.00733854350869545,0.010505301088200802,0.010322150479071368,0.008111235690783758,0.0008052360253791857,0.0018981082885778378,-0.0011231318105563437,0.012672839942200476,0.012979717188539963,0.008013619622428969,0.015906795145042674,0.025359345085765428,0.020551751591744383,-0.0037749212043576286,0.013773630643680201,0.012310589741670874
2022-09-13,-0.0481239930400853,-0.06248253893448197,-0.03978002509880574,-0.037151647810476085,-0.0376435314668605,-0.05863944675288413,-0.0589935386910837,-0.09369099080377818,-0.07779140752056446,-0.0414566509473695,-0.03883498754232573,-0.036767573637264794,-0.07131095059022985,-0.031645518458772615,-0.051050500558731615,-0.01945342576558684,-0.023620255590964923
2022-09-14,-0.004600866472329379,0.030185363853960867,0.006621323335269658,-0.0022508117236080816,0.0008956738057712688,0.005317734508925254,0.006518491873923615,-0.0108403889882428,0.027460731597141574,0.0011688593418914817,0.0017825863391920382,-0.01117601890823905,-0.0165992064956344,-0.0035650255668941977,0.030419340308629028,0.00897502006905615,-0.01125731010737896
2022-09-15,-0.023655541788266232,-0.013635169028646699,-0.015377856471427753,0.03222686036931788,0.031026184788199185,-0.018607790421821924,-0.01990466545694025,-0.012675902472733425,0.050240916371547595,0.018680949271309588,0.016607321660849106,0.01203593160522054,0.05155113165780145,-0.0005964387332609844,-0.006411390751210999,0.0021066557893030247,-0.006056220729127038
2022-09-16,0.004202091947514974,0.015294249927597425,-0.022749764384112803,-0.026225443118852,-0.025752232040617606,-0.002598697775036407,-0.0010690434897279166,-0.02179867614833475,0.020180150365972205,-0.0309457545071119,-0.03558913773030825,-0.028426270402718612,-0.013882823688031842,-0.001193376253865508,-0.0075875886014330485,-0.0330140191246352,0.005361731084114751
2022-09-19,-0.014433979244845463,-0.0017381689725125549,0.00849884674293011,0.02436687069822563,0.020493225698640094,0.0021229166117016085,0.0026265447723727853,0.011825897485459258,0.014575453893841184,0.0005914582810095936,0.000604780450021547,0.015076854042689325,0.01627806183595748,0.0011948021023224786,0.005430722368982455,0.00716643346607837,-0.0002422147566197852
2022-09-20,-0.024695677104296543,-0.017991808987749103,-0.014656031027549754,-0.007824753242335891,-0.003492563679367122,-0.019451191068598495,-0.018725251732705672,-0.013038838442735234,-0.0032016180090406188,-0.0035461867326462837,-0.004836750143651369,-0.028083045959293562,-0.021211964639973213,-0.011933194230421162,-0.007604531514279866,-0.027102649024800196,-0.01576155554538694
2022-09-21,-0.027304798576754497,-0.03368807503650406,-0.02863249119951805,-0.04100947994419646,-0.04439251187911586,-0.01787279338378933,-0.018390357840407767,-0.027175025103231443,-0.024624236216234996,-0.03143534966375294,-0.027338891325834114,-0.00642118239660483,-0.053516474679817794,-0.018719759440116168,-0.020552899616538056,-0.03098039441881184,-0.027346588306261466
2022-09-22,-0.05401809305203187,-0.007033504137277324,-0.02229882685712481,-0.016776440851129948,-0.018643006592896194,0.005599469008434443,0.008662493770445812,0.004925323005336324,0.00075989567438417,-0.018371008429895253,-0.01998759036680353,-0.013232789539277756,-0.02476625764282747,-0.000615524839149173,-0.012575773683008773,-0.026967438556263823,0.011397986433395069
2022-09-23,-0.03683072256463171,-0.019402570916623008,-0.026037612812132238,-0.014051438677423866,-0.01245725029664646,-0.013920723859261463,-0.013980648414926855,-0.01687440425971276,-0.04488501073401585,-0.022457954103265898,-0.022944568814789013,-0.013878079124564402,-0.033541132550179764,-0.014162418290638912,-0.020140656679867308,-0.03817323805965489,-0.010267899729450747
2022-09-26,-0.04806314518145127,-0.02983685060005481,-0.013869349547324772,-0.01730572780952433,-0.018606111288112737,-0.003630193386390923,-0.005772518136622606,-0.028772814152462134,-0.01033528342124801,-0.020421105710978105,-0.018917183722846898,-0.02087277384602393,-0.02528499065727552,-0.021236806567919486,-7.555404124071075e-05,-0.007158398977511804,-0.014929117348642884
2022-09-27,0.002253437014691384,-0.02039454684492581,-0.02313489972968108,-0.008632557787873751,-0.005462726218523173,-0.007286683520782433,-0.006825015842161664,-0.014446101828069713,0.0012942935910718045,-0.005211833421595813,-0.005984096740034306,0.014696425018853487,-0.013224720214444208,0.0038292374948589725,0.002720575496045763,0.0030117900152761834,-0.001027429781785938
2022-09-28,0.046237972063325916,0.02974201029907686,0.037037021834079864,0.01637051976002435,0.015832009855724305,0.02701610265966692,0.026153997702356824,0.0536460405604533,0.09288641278539034,0.026849966825639004,0.028762620604435574,0.02673873597534504,0.022164706142371537,0.006356985610930899,0.021404980089656522,0.03903549459475797,0.012856625843862046
2022-09-29,-0.026441978913139597,-0.023427604251251788,-0.019617702932288927,-0.027758700478430653,-0.029580147745868812,-0.02630543239750882,-0.026287006518172507,-0.03672061188519493,-0.022389876677311626,-0.022959062963729515,-0.021456459775822,-0.016276547492238058,-0.04437683075178578,-0.01895124096779177,-0.006493553400077179,-0.049128649535060576,-0.019040368226013737
2022-09-30,-0.02955945597307963,-0.03614842404991969,-0.0320164454734978,0.004582321504790876,0.005571879112290068,-0.019777690694546046,-0.018168547654647038,-0.005351421764795639,-0.017813192349790397,0.006527469228402083,0.003986768909453264,-0.005830399870862646,0.004749047378538318,-0.0122343360410605,-0.003490770938725518,0.0038680987462020866,-0.01733933622596462
2022-10-03,0.05577709764206307,0.044323117652624644,0.02968300841696081,0.01894736470455305,0.0189048598809467,0.03276132007446786,0.03125970298088454,0.021594936536532883,0.015290464383157287,0.031128405662480763,0.03441429305242205,0.007608194757236619,0.03046225128967328,0.03650572301778321,0.035253604564131624,0.04000000559955552,0.03134049478910206
2022-10-04,0.02582202458843863,0.020750935438107687,0.044373607519598623,0.0323690525072029,0.03103022102963071,0.0313192969790812,0.03041358236861913,0.012048037567231606,0.007111783846582176,0.04905669812347169,0.04798461415581956,0.05206843250437432,0.022935841024790182,0.011949863364879576,0.026206155831989708,0.028493257852400866,0.016598548186429918
2022-10-05,0.002252359576090379,-0.008066953177471414,-0.0063091592767750004,-0.024349520386912626,-0.021408711574254835,-0.0018552863138454612,-0.0020660651321633416,-0.009267163812249235,-0.016656936077356854,-0.01498816110897161,-0.014652046626962067,-0.008522584010400291,-0.024912927236853344,-0.009943961620617725,-0.009190426437407972,0.006089773875706417,-0.010298848772443248
2022-10-06,-0.016186791156538205,-0.02244634719234928,-0.007539778726261104,-0.008205019955246473,-0.0117312044383856,0.00019559284711845315,-9.863836532764125e-05,0.0006476975890210568,0.01389770913517907,-0.014607486718002938,-0.016108893145942882,-0.007691130936962942,-0.022483253112242974,-0.021211462369206235,-0.01281599521654353,0.034782558359012894,-0.023408338278969265
2022-10-07,-0.03525239387994228,-0.025956843507306204,-0.02878834131799024,0.0034469604237081786,0.006416495718039927,-0.02611505103741485,-0.02701636442049482,-0.040411398075852256,-0.06361971401532474,-0.0210005500533339,-0.02078093803249781,-0.01231015478925257,-0.02509140787031705,-0.02480432298766111,-0.013125801002952908,-0.005355033046567925,-0.026162784859315447
2022-10-10,0.018462192545383616,-0.004783006974728998,-0.02058458721287859,-0.006183464345319911,-0.007331918424119843,-0.008637118353366002,-0.008309770628414204,0.002547624205186727,0.023270246982761256,-0.0018927912083299692,-0.00257227879562838,-0.0027695961551048587,-0.004825771521050903,-0.0026772933622747352,0.0010173190342583904,-0.02319227179576655,-0.006241476580425509
2022-10-11,-0.030977020828463542,-0.015448009009683683,-0.021647986716479828,-0.013826249463922968,-0.0150931694883768,-0.006686343044656762,-0.006948637630058707,-0.03924044836628093,-0.06822325384664829,-0.003792636920170289,-0.003223783647280154,-0.0007714093900038632,-0.017241440588529167,-0.0060401596461937546,-0.004210790263657338,-0.024082116170065948,-0.01856909571783505
2022-10-12,-0.006905734878591585,0.00034864842840076626,0.0033300406790852666,-0.008412226169362325,-0.005868886753240932,0.0025497554203215422,0.003910121107869813,-0.008090912035693454,0.030706006461255653,0.006345105481298852,0.003880975508573581,0.014360645470647526,0.016447675123635763,-0.012154124705706537,-0.030696578637808947,0.01268578295528644,-0.007234288464592287
2022-10-13,0.06408542012755403,0.053677274765695726,0.034578586455858984,0.03852943388014718,0.03968513346615854,0.014343886928696481,0.015375253575317327,0.021882505114932282,0.052700663880298704,0.026481936815615725,0.02706180236780753,0.03318633613960342,0.03290164064569101,0.03349282602721182,0.0010531445672696815,0.019819798353569507,0.020179429506185453
2022-10-14,-0.008068984669303614,-0.005954279842775745,-0.022661435173472855,-0.007488181791591941,-0.004731817829280227,-0.025373450438278433,-0.025237209915652814,-0.027093437468839965,-0.010795211243111336,-0.019656180046257354,-0.021329822821645972,-0.0176810232432848,-0.01984335097416401,-0.008597849620765263,-0.011722237249211287,-0.008749797326155884,-0.0005493735040735803
2022-10-17,0.025919411543386506,0.02562401291181704,0.030492337300413563,-0.08093266099600593,-0.09413630114227012,0.037044586471856045,0.03531487125362309,0.05743119862076962,0.06565218386442773,0.025062680283848504,0.033974098471472036,0.012749335530609418,0.02770378380206795,0.02134768405652343,0.01763972569334271,0.0005941240452005392,0.021989984275251562
2022-10-18,-0.00850193645711983,-0.0022713049702765,0.011815394486257125,0.029104352868398298,0.021693418604126213,0.006052731971336822,0.008002461679557094,-0.009250945254206666,-0.017299052730212705,0.006723681969229345,0.0074397845191518375,0.02606629998272636,0.015551960427997003,0.0189417374504246,0.017334498982774615,0.028840457574702993,-0.002958725606355128
2022-10-19,-0.012831821945931576,-0.01170732945642694,0.005178707435790297,0.002900735987054759,0.004109537809950492,-0.010849241596788461,-0.011312918911011383,0.0032380487418135484,0.13086441789163628,0.017000748857445735,0.020922973071623385,-0.012557545234542222,-0.02603359816180939,-0.003846184707002709,-0.00308459869336819,0.00997608273838968,-0.01348802472727384
2022-10-20,0.010688437658833205,0.0023032898078909625,-0.00404073035851471,-0.010846024863131465,-0.010572919101303535,0.0023930507073022245,0.0034125946263694473,-0.012759847835224325,-0.015493093161562221,0.009552082099639314,0.006027596845259664,-0.006431905805986293,0.0015721942027175917,0.07721994642729313,0.0020626042844142933,0.01134693379304852,0.0117584690869168
2022-10-21,0.0069486736962878215,0.0006567775538433018,0.03499349353248182,0.009137459161864925,0.014477827287079581,0.009449910266073003,0.01160353091383226,-0.011556583431569178,0.07984042172206629,0.025428749062244238,0.030557459339121795,0.03251427506599658,0.005756274320671606,0.021505482294537748,0.003234782793367197,0.013399012594135895,-0.04459453746963904
2022-10-24,0.020187692345491115,0.019684906431943983,-0.0031360690118718004,0.004346120785071461,0.0064559787045708195,0.014682783986866177,0.013744703403949066,-0.002230243484526606,-0.024588178166921937,-0.019031045258701362,-0.016279265492970207,0.016528796809206492,-0.006763895587717839,0.023976550897921722,0.020958469038710792,-0.019434507224984743,0.017538933334812823
2022-10-25,0.028599353016855344,0.015444107511123129,0.025953517955392247,0.009736782537061783,0.007427332146643373,0.01903454414223038,0.01911817736521515,0.060052144654187956,0.03034159738501807,0.021164079931645263,0.014775444435922713,0.005186696682165426,0.0303823553803253,0.010280324505395066,0.009402954437542466,0.015595793675789116,0.012788344501790894
2022-10-26,-0.005307018497414773,-0.0019012162572209501,0.0025872512071400955,-0.02660705878970615,-0.029155418522294307,-0.09634992200355552,-0.0914050012388209,-0.05592313345247413,0.026115052147982487,-0.009787154153399591,-0.009900913903123865,-0.004462447388149049,-0.016776555517431957,0.025437633903601764,0.001493219630297693,-0.011277261829009344,0.0
2022-10-27,0.030127337244595376,0.014920676012002643,-0.0018158707782884864,-0.025132906671376576,-0.02761493525235781,-0.023412731127912756,-0.02854735281611176,-0.24557066126966653,-0.005625854608704128,-0.015116233700627646,-0.015293971473109735,-0.003361761562815757,-0.048604117061393115,-0.006063953228541918,-0.0014909932499083123,-0.007118628565447316,-0.00686248957692559
2022-10-28,0.03653656508457925,-0.0006256840467063762,0.014458008156108537,0.024087019908521023,0.023784294463044642,0.04298065453442157,0.04413345644941291,0.012865012804268439,-0.0041085653531864885,0.011806357337254214,0.010155236164789638,0.02023860674714184,0.033695683835276435,0.024958475317469198,0.07373948755121562,0.010428538386627384,0.04118285831451529
2022-10-31,-0.001683671338338022,-0.006572704885114411,0.005568684828139325,-0.00036736538077930536,0.0010402262985493849,-0.019879971218865755,-0.018485745871626325,-0.06088714723546307,-0.01298528241781527,-0.0005835215444834896,-0.00236557602295151,0.002204324971221583,-0.036803328410327074,-0.013528036278343869,0.003708636270834731,-0.04467016155529413,-0.00796375758157919
2022-11-01,-0.02888851329700426,-0.0056710105351810425,-0.005068622423524793,0.051838271417866455,0.057499191074066314,-0.04394679917053812,-0.04274667547453315,0.021897705895216557,-0.01757573294191339,0.005253841059876585,0.007113321915606319,0.004811176090524505,0.046397324143158336,0.006582544293036285,0.00475062828157613,-0.01831537590189347,0.0
2022-11-02,-0.027310924369747913,-0.02059581012483236,-0.03943394998037597,-0.015379221776980811,-0.015722240139791177,-0.03790058087519255,-0.03868703970123044,-0.04894954343494051,-0.047951178259244887,-0.029035737575941356,-0.030606350909951785,-0.020109568393493316,-0.12415220022811946,0.004359601422077253,-0.01484105762124277,-0.02372964117246701,0.009098046563084106
2022-11-03,-0.008639308855291628,-0.017146599327950707,-0.02524052617603023,-0.005324903712230045,-0.0033276897191557575,-0.04111625655728901,-0.04070367018568477,-0.018003132110439357,-0.014432201858693872,-0.002392246503558182,-0.0006071633783191199,-0.006840673279755793,-0.034544561187424216,-0.014107440868143195,-0.012331871424790641,-0.019815058912630912,-0.014850107702563342
2022-11-04,0.0132752572962056,0.020407983788383266,0.003324837565717109,-0.0067807515114463035,-0.003672981295359534,0.038447495711462,0.03775629462365204,0.021145040778070667,-0.030736626034550185,0.014388370372048431,0.013365949126407983,0.015181181341444638,-0.03948162888368856,0.008255303483467369,0.004454565393394727,-0.02488772862991573,0.0024227664820413164
2022-11-07,0.012785939342443431,0.019355165075807035,0.008535993576550549,-0.014013630658430976,-0.023458365738688314,0.022491597685593723,0.0220605438222774,0.0653155749753569,-0.008397555837979409,0.0017729770521426325,0.002397721720977408,0.008861931187822858,0.05138070969683883,0.0021834024885667436,0.006383073016830165,-0.0011978001923903525,-0.0013428160362437547
2022-11-08,0.003906263834864365,0.009493680890425349,-0.005277403537830905,0.006559642693094059,0.006863423692725856,0.0029329716928268024,0.00463329409079849,-0.0025847209902627455,0.018793505396926147,0.02300883804944065,0.022129442334184235,0.01701901631234315,0.01282839526437507,0.011437809903308782,0.0008013415479681818,-0.13680813304706685,0.018284559982497006
2022-11-09,-0.01347769336812743,-0.015987477504056713,-0.13163163470664918,-0.03475747338904511,-0.030674837827141532,-0.01698357713393739,-0.017772803682263083,0.051829339073249825,-0.03340169459082143,-0.050749624268540905,-0.054417909083628424,-0.00998677903413725,-0.06332937320253196,-0.010231304087626847,-0.008405689669311656,0.005557300895183914,-0.006601738993082695
2022-11-10,0.06653709401625907,0.04396309219372729,0.04276653616237569,0.039009818298150645,0.03516170230424742,0.07745972557603142,0.07581312170198884,0.10249355720001141,0.07975340332088088,0.06196832167606825,0.07054460407250795,0.0238550863795155,0.06696730606296675,0.025027126260970256,0.012176983445590484,0.047614024139667865,0.023923615217916083
2022-11-11,0.056919257224596675,0.038144423303433816,0.05029867196015281,0.03826721159225954,0.03668480045650613,0.027184966414322886,0.026293361323090014,0.010279605998658958,0.05513331497916907,0.04633880551694114,0.0439306647004063,0.03195332145865937,0.13518417105050684,0.011146461912814098,-0.02831512574923878,0.0373338776155947,-0.005711409402807344
2022-11-14,-0.01670891592260082,0.0032335554413738254,-0.0076836254209210475,0.0010431190877147056,-0.0036041871519659763,-0.007236517181672397,-0.007364546657294246,0.010617713554151198,0.03150310350921104,0.0060140764596445795,0.0066443960097151145,-0.014449815019071499,-0.01701228597517379,0.0005251023614929462,-0.00499341449347146,-0.023178510969017463,0.0002612840697433505
2022-11-15,0.01103632914633712,0.004394828991508559,0.013046448457998627,0.0069468109252388555,0.011180535449615281,0.028012041308086655,0.028631299247594777,0.025039420259894474,0.036522217740349916,0.0005435630138419523,-0.0016502162139058196,0.007985364578083187,0.05137897938167213,-0.002098938838439479,-0.003162321430561277,0.01151383217363433,-0.015922902298436847
2022-11-16,-0.008110364216078692,-0.008751333509587123,-0.01633346265536051,-0.004484251389093252,-0.008455298093943076,0.0027350558042504858,0.004164897453718286,-0.032883474330874685,-0.013475214982536898,-0.010863857666852272,-0.01322300812759003,-0.010649579356328376,-0.06687243889290184,-0.004731653885585718,-0.0008277581312654547,-0.002177583127400795,0.004774517318427929
2022-11-17,-0.011879342453740116,0.008239990553878584,-0.02661002734724982,-0.0006930728418929055,0.004591600987324362,-0.004950176136797713,-0.0049570141477485175,-0.015720270297458816,-0.03509572675238826,0.005491588671113989,0.0016749835898737242,0.0006563892369941815,0.014884000321823576,0.0010565530576016613,0.01994756401055464,-0.011407538184057264,0.0073917637369316225
2022-11-18,-0.025787825448891244,0.0070053303033073,0.0038274087416292346,0.010402186378815292,0.009794426359678976,-0.00710632425014579,-0.009454910095508362,0.005383745798750228,-0.024722282079862712,-0.007645997701342444,-0.006131483184620312,0.012724687198249152,0.013579590427719612,0.0010553144667346803,0.007173443618929021,-0.00893043333673238,0.010220332658860354
2022-11-21,-0.014370438625579185,-0.004347696383545929,0.0629629299457184,-0.010295094883054245,-0.013579040983753066,-0.020143375232811733,-0.01878280688820444,-0.01954491900449562,-0.010174358341249135,-0.02476616711192081,-0.01962985466089584,-0.008160443020217456,-0.0075023425487946716,-0.006852898528113327,0.007055066243414343,-0.01356683591610397,0.0018157279099422219
2022-11-22,0.0448509154280996,0.02183401565195875,-0.014039750437051302,0.009708702634826594,0.012782681412312424,0.01565285878752931,0.01516752923353648,0.01438194070275367,0.005753428158997265,0.023137640355845868,0.02002290130337059,0.01998150157003109,0.033477237913607016,0.008492616329744074,0.011475554298268298,0.02935441446570164,0.015018242122719627
2022-11-23,0.012138563977526218,0.012250703161476473,0.027751668981834454,0.004464301757689748,0.005825266894129877,0.015308675580848696,0.014528314285088495,0.007178694972592936,0.016777668646399846,0.019305099775526635,0.02243405640635432,0.0011526770173431178,0.027168129965018606,0.004737002964713577,-0.009762340675202097,0.0285173056560295,-0.007142980881194028
2022-11-25,-0.00030757663784564127,0.003377431133151365,-0.00010098739249198019,0.006837768906638786,0.006756655694617475,-0.012345643411848406,-0.010156447639345756,-0.007394886369870068,-0.020445926992713193,0.0054113536083642,0.0038398712873932705,0.012277475543807315,0.012716290866882973,0.0015712705488160061,0.006195235659379739,-0.005041243478125179,0.0025695168863550943
2022-11-28,-0.014457420580446523,-0.0016830964125484904,-0.03216355465680876,-0.006791331352283492,-0.009267962496790072,-0.013832050368207893,-0.014467358392080243,-0.02360646143275591,-0.01530434480565801,-0.006458822451496871,-0.00601075564662823,-0.012634084278412727,-0.03365141953304729,-0.01569031909752905,-0.0076133867007386336,-0.013348876097157625,-0.019989897301800563
2022-11-29,0.0021067900122817562,-0.003090650530824135,-0.01045036516494513,0.023589827987956502,0.02322564198160637,-0.008415571704276537,-0.008953637846883411,0.006251143085469257,-0.0007468758407440657,0.019501683811824266,0.020340749403220615,0.007805638837574236,0.02650718044765976,0.01009564058805923,-0.00853930024458871,0.0008887649219042615,0.0026150168254759354
2022-11-30,0.015599070246747448,0.03269426920631746,0.03358330320897163,0.01937207798222418,0.023013926180177613,0.06297146327546255,0.06093070568513759,0.07893295068402684,0.08745012693480891,0.03347533450341911,0.031788569533497846,0.01269675164822659,0.016708703536994163,0.014202979744560196,0.019109115222675888,0.042821944081166796,0.01669290422247749
2022-12-01,-0.005443545289421703,-0.009825276148245687,0.00735666033879756,-0.007863723419232138,-0.010785910355805228,-0.0016756135970668051,0.0,0.019813680835761627,0.03737767869555908,-0.0010284377611504691,0.0005223467498796097,0.0012536368038509327,0.0044821048933683105,-0.004667844665759868,0.0023109243252281697,0.006717750667725397,-0.016675300717480468
2022-12-02,0.009070815978205804,-0.011576575794870259,0.008520104282264462,0.010898321084184204,0.014018751093946902,-0.0044432054468847015,-0.0054460014266115575,0.02532371305568648,0.010916569639318308,0.0,-0.0020876785893131355,-0.01515155632774945,0.01041164709632536,-0.008859114260481915,0.003952390335650868,0.022180456546117222,-0.003913378900091469
2022-12-05,-0.012478020489496644,-0.019799392587987463,-0.03520064109803389,-0.015027821067851388,-0.016589992755725147,-0.009520786227544042,-0.009557863870105932,-0.008583638025081441,-0.024406216381351098,-0.024189522168360345,-0.02092056423975086,-0.01843615839413759,-0.04268905060672168,-0.014195515203246578,-0.011744680940677932,-0.016366299598516765,-0.029072943597414524
2022-12-06,-0.042858234485074975,-0.010810648609834717,-0.037944285602728334,-0.03051413738640807,-0.031552379631869854,-0.025633476102269293,-0.02513080922486277,-0.06787548376697916,-0.022489555162914177,-0.01213072203159471,-0.01282048850852624,-0.013860124908113614,-0.06970771037043044,0.022400181682113107,-0.008166371724035115,-0.05337452359966777,-0.004855659803439161
2022-12-07,0.010022364647265247,-0.00431420238337854,-0.0015169094779089454,-0.01060551137108856,-0.009677523191125803,-0.022197015229670214,-0.02103514699744946,-0.0016648540713525284,0.009359840960231125,-0.013881536627431301,-0.015151486046020679,-0.006042062497819134,-0.00771349130118304,0.006781462773139069,-0.00401641630131333,-0.017576763486727542,0.007590398900987783
2022-12-08,-0.0015471660145114363,0.010109999722848206,0.004340745582166461,0.011756611571771991,0.009772092846271452,-0.012611777230032484,-0.012955799939643131,0.012288354283984892,0.005965891346306762,-0.004331277923578014,-0.0027474099316798783,-0.0007929755581804754,0.004997374321089154,-0.009326559160895198,-0.033469781504599894,0.013066670817883486,-0.0018834036235008123
2022-12-09,0.016724131886552307,0.010008611344040741,0.008967993351864934,0.005126401697804983,0.00999993277747202,-0.009366675323346674,-0.009390499432151533,0.004942293748825932,0.03142526947463198,-0.005981481198085503,-0.005509523334522037,0.0005291847271478023,0.050828607967542405,-0.0015688055308884508,-0.015575996507570022,0.012600422973810588,0.008086243395053927
2022-12-12,0.010063816114134205,0.033974921873406894,0.01370745744638624,0.008500540277848856,0.007026495366963426,0.005264799418027044,0.005170698341719238,-0.010267677047719914,-0.015093272395447777,0.005470451037675961,0.007756436381356702,0.03489739142848247,0.03417444956494409,0.011000425832028426,0.005862709796658594,0.005389016900985588,0.01470595175792333
2022-12-13,0.021540059601370842,0.005202804406044148,0.0004224566377188932,0.012811777335896668,0.01585783031967125,0.024476308222080023,0.02486321759432175,0.04742410018421417,0.016371621087198474,0.03209997365958328,0.028037269689596744,0.03384848004682017,0.0,-0.009326559160895198,-0.01278101923582331,0.01890656300425486,-0.0023717580751208
2022-12-14,-0.16384841992959231,-0.03704720504630288,-0.005807613788074373,-0.008987847513690417,-0.007180777424489082,-0.005633821150545004,-0.005855706676340056,0.01198491263746293,-0.007835407616128665,0.0005273341252509667,-0.001069622038052942,-0.0006177875184183446,-0.003602678916704183,-0.011506042296626995,0.012661893893566534,0.0024867957842835686,-0.010829117984211045
2022-12-15,-0.045410257137134424,-0.020933434859365274,-0.03887428032802154,-0.03459864086666753,-0.03459113096684718,-0.043122417578883465,-0.04428317993887987,-0.04474048173507161,-0.08627255130781475,-0.049525965682970186,-0.04817988553706021,-0.03078269048364679,-0.08780998200509083,-0.02275147955363832,-0.015172798941418986,-0.030054326589630698,0.008544706200034335
2022-12-16,-0.027023582358516318,-0.0034674779286933965,-0.004530813059329675,-0.002087689981608909,0.0013028934978878137,-0.003727957170674312,-0.006603573501141713,0.02823936622278289,0.0010329802320370174,0.0016630124176102434,0.002812198639522867,-0.01619885979480029,-0.019818584937607908,0.0010827400905688567,0.01540655957218684,-0.00885305423429128,-0.01720957599167372
2022-12-19,0.003934982426073486,-0.014786711265209584,-0.0477352499856083,-0.03661093694061113,-0.04066364887595497,-0.018820066453281825,-0.0201639314606209,-0.04144671297089897,-0.008290021976730011,-0.020475853057077886,-0.02243405640635443,0.002333671066958365,-0.022530107272893285,-0.03407255629457673,-0.005198098964201758,-0.021536381027522533,-0.002424196313802973
2022-12-20,0.010223428420999436,0.012654561783998819,0.014455545724783914,0.01701062938542086,0.015598664276210483,0.00538416190428137,0.006558015498388858,0.022798541719441623,-0.0003815358860401741,0.0028249655482515124,0.004589778634039643,0.01566378243969302,-0.002364247565621147,0.011758214457019855,-0.009038110597699767,-0.004868604781097741,-0.001080583154753345
2022-12-21,0.03896015862154356,0.019471148717497222,-0.0011491376900795158,0.01032010531953298,0.012687641508462022,0.00691722699805708,0.0062908557380720875,0.02280298687603688,0.033901220533684384,0.01239407948314386,0.012564224235658727,0.012337615027007809,0.0,0.004427349402597924,0.008051802690353327,0.018040940088218216,0.021357014968699684
2022-12-22,0.007904427005255288,-0.007411792123850791,-0.0028762398471340322,0.005283640534375245,0.005605079281858494,-0.022049866289841624,-0.020317079990329057,-0.02204403357030671,-0.0007047895281463434,0.005564932111508103,0.004512006321681028,0.0001272315485314479,0.0035545042991877995,0.006611493756212505,-0.013713224959462478,-0.006107335073346598,0.014028861708692553
2022-12-23,0.03099916139792147,0.00919001963747279,0.015460973822270851,0.010862056953733212,0.008524603734067826,0.01756171600884504,0.016750167822887185,0.007855156424962706,-0.009370254649462617,0.02711696756454285,0.028074285840207214,0.021832886186803124,-0.016529054764025886,0.0021894417096521845,0.0035119157158631786,0.005641233070671214,0.002609982450162196
2022-12-27,-0.003384058569035231,-0.003983892270285061,-0.018634205665517323,-0.006585811072304604,-0.0045513625718647255,-0.020932969937894508,-0.020620937960065255,-0.009827179349152781,-0.03658124703068,0.0,-0.0016384995256407686,0.010931497884401953,-0.008403305881690804,0.00819211808119591,0.006927387645568439,-0.0045077087987864806,0.0218693719842038
2022-12-28,-0.0013522407388336655,-0.010857375408981906,-0.025471924333216323,-0.01779489723585359,-0.01665578412599189,-0.016717929295760436,-0.01567676195787704,-0.010780283012307934,-0.025653661408665984,-0.019396816129579886,-0.018052535297638617,-0.009215923456524111,-0.02481847886229538,-0.013001124961470434,-0.01425607899492054,0.003119392197181936,-0.01121012065067395
2022-12-29,0.019859198941572398,0.012420693828300022,0.035760999747488365,0.015275364345467946,0.014945129829401882,0.02879944201732476,0.028249178921106566,0.040131407145077125,0.05143021527386171,0.014285672576939135,0.015041918615095407,0.011906325454783762,0.04096830792649109,0.012623421847548943,0.0030220100622047052,0.016551247427786686,0.01159493637623088
2022-12-30,0.0004720707528083068,-0.0022823457872184205,-0.003441176417493863,-0.004548791935528929,-0.006217194433066675,-0.002473275378541473,-0.0024871040580757287,0.000665322624514797,0.012915683028947189,-0.001083272884979225,-0.0010978008263272665,-0.0002452462711179937,0.006559519052383944,-0.0021678914673298744,0.0043039033531073745,0.027531093510452243,0.003566220323490743
2023-01-03,0.007313419121534714,0.025072085626071106,0.024056205384779483,-0.003866375548446266,-0.0032926927108679616,0.010931961287389269,0.010087139976798776,0.03656297834636679,0.00023738365694381258,0.0027114926368876358,0.005494494777385395,0.011769013726824706,0.011255869965409726,0.017925248556698303,-0.00685719316353206,-0.00979541601815348,0.018274160947189477
2023-01-04,0.036360483388879095,0.02867573808806423,0.033831576031496,0.03634437657575984,0.03336628563008448,-0.011036724715873691,-0.011669488368796888,0.021083883337889908,0.04902522815271082,0.04056229845325565,0.0371585056330761,0.023143316615264364,0.08377275060980027,0.02134448927119914,0.006617138353709473,0.03549603346959351,0.025174517769034788
2023-01-05,0.020988679875088234,0.010658902091313038,-0.000652405121508548,-0.014300357389021578,-0.013746753837422188,-0.021869025811100617,-0.021344522325197235,-0.0033759711581967666,0.0009372460045757869,-0.01819114134040467,-0.0158061843998043,0.008052964452649025,0.008648323206218445,0.0036571491716650417,0.03229465316454294,-0.007586378046836373,0.013858429277879392
2023-01-06,0.017430812157856135,0.024607537161660087,0.021758123791350892,0.029361003803700214,0.029173345558040076,0.0160193942948621,0.013225093205750715,0.024263461805001052,0.01888928010305224,0.01641085843360779,0.017130694007588154,0.011278075047361336,0.019828745739540743,0.016658268992779668,0.02830849895877341,-0.011419395006865063,0.011750214524250069
2023-01-09,-0.0014957123272903994,-0.008973168654173747,0.009050239300995022,-0.013422799302545751,-0.015118110733151169,0.00725961564921529,0.0077857692117757615,-0.004230115138072699,-0.0012042499269216966,0.0036458892288875333,0.003684151360669796,-0.004414428621711264,0.027325079419497467,-0.011011956264368683,0.0013461225416546707,0.003341274215953094,-0.004020430457419066
2023-01-10,0.020317070977348806,0.008788277042041326,0.008336034626145405,0.0197278244741117,0.019827308513035824,0.004954732386081684,0.004544456218427806,0.027187696615561086,0.03924870423206017,0.016606158328539955,0.016780354480942172,0.0011668215535951543,0.017391422994924355,0.022584021811987265,0.005310262613505312,0.00409134454251836,0.014020084700424373
2023-01-11,0.010116319344318558,0.0018478346533963297,0.00805779836185927,0.003669260297101351,0.005644363562837373,0.03384129699239202,0.035059923023620376,-0.0007518725631562306,-0.0008548536528979467,0.0015312303378500758,-0.004126033300992482,-0.00955710651882491,0.005530421258373774,-0.0030815330478842773,-0.005081448463901572,-0.0025584823859523542,-0.018355511164094507
2023-01-12,0.018603199220927902,0.019499177136620194,0.03612578343857065,0.0053173996829383174,0.0043654482974071485,-0.003793480019346762,-0.004261511627300263,0.028745668209458675,0.008769746792284483,0.00509693280259893,0.002071768258549378,-0.007413338786302681,0.011500110008223485,0.0,0.007459636148875237,-0.00921528786829895,0.015298955179581242
2023-01-13,0.007782706800787631,0.006203172920446365,-0.0041078158165257506,0.0019834114077457166,0.0037256291171019473,0.009683340462945722,0.010863843813387453,0.0019746808933467364,0.008148335598139989,0.005070986019958701,0.005684589761460135,-0.003438285363100979,-0.00840336641956918,0.007212429633093986,-0.0015343853038153332,0.0070955782651580535,0.0011957710552745748
2023-01-17,-0.00030889159217040163,0.00025700041901721704,0.005130854482450209,-0.014186720577258338,-0.017321362985425637,-0.0068964693044955006,-0.009010127551922653,-0.011826533241532489,-0.019830533554422658,-0.010090901020896381,-0.009763548203889805,-0.004520407124213199,0.028913379336666933,-0.011252996046639985,-0.018038425979484907,-0.004665313429158324,-0.024128102010744334
2023-01-18,-0.0167117822838998,-0.016949203716526307,-0.008707848310388178,-0.012048302319879967,-0.009128188322352182,-0.00412342841403357,-0.0018621799536395756,-0.017287205461983146,0.0003371274496115628,-0.019877666791817128,-0.020757612958432703,-0.013145279663594023,-0.030038873162679947,-0.016037202309931775,-0.007347937053869935,-0.012626742713450212,-0.021542084225408153
2023-01-19,0.00612797084071115,-0.003657112918111327,0.00040385309059254304,-0.003726232553097897,-0.005400128525082981,0.02320793789398823,0.02118090531052963,0.02353029666582196,-0.03232924720134156,-0.008840299649110261,-0.008479259050927057,-0.005691694482565901,-0.022477637905347292,-0.004206061292461816,-0.005208919972967685,-0.009300514174767405,0.002251822348118493
2023-01-20,0.030999408553150642,0.03224936848905435,0.044408606770540704,0.010200648333418494,0.007984595646931547,0.05718219432170346,0.05341202030776859,0.023650624100344464,0.08461590220709558,0.03043011190133149,0.029396254191164095,0.02033874190409035,0.03730191596554722,0.015311426032492914,-0.00013788189525576477,0.042342989548266985,-0.0014978621077578191
2023-01-23,-0.0002523935008827971,0.022606165266697564,0.021356819170545993,0.03298564294542916,0.03517112306051917,0.019439859539385207,0.018057569932017792,0.027982902601575876,0.04356206072507973,0.014765783144651268,0.015057031152481803,0.009071336261379237,0.04236466632334679,-0.006760382768130069,-0.0051681323937198265,0.03827753045530713,-0.00925009933448162
2023-01-24,-0.010050278750993291,-0.012667612761840585,0.002932912229290263,-0.0019551064541202257,0.0,-0.019760716670503164,-0.020943959291114034,-0.0009074298044599027,0.017934050415009173,-0.0010035701145253428,-0.001022915011197112,0.018925920675980645,-0.015595473643358004,0.003141529929241438,0.009974331899620603,0.005421509750141551,0.019934413330008116
2023-01-25,0.029921207618939905,0.008804816098697543,0.019999995545906035,0.022853359863348244,0.02509954343724785,-0.02499758765244464,-0.025383785150792315,-0.011457162640801655,0.011351510890859728,0.04771484882940391,0.05683546933176964,0.007197760807601705,0.05280858324357762,0.0657618527663768,0.015499707232888627,-0.005122671987244476,-0.002226692991285306
2023-01-26,0.016420657624466317,0.007730880104786175,0.014613503997913169,0.01244817675844434,0.014034137557068505,0.025121673539346245,0.02415442877164531,0.04098951561029551,-0.008397703841786508,0.007190879407407813,0.0038761526886545994,-0.008414006646884742,0.021887929943470663,-0.02056798843706442,0.00418704897802491,0.010749796515013843,-0.0014875354274133112
2023-01-27,-0.038938596008524895,-0.020044346748030684,-0.0014585796100125004,-0.0031526595659974177,-0.0032393931734252535,0.0156310387636589,0.01897066378763279,0.030142474674536235,-0.011236874856767165,-0.014279079674825335,-0.009652679805575826,-0.008718191988614898,0.0294510604017284,-0.0025000859116237617,-0.013181829857990879,0.021360259207129362,0.009187839705713019
2023-01-30,-0.008797954383722661,-0.009091050923251243,-0.017801713802238495,-0.006641262603009346,-0.005612864814014795,-0.02740524076802764,-0.02445415794860506,-0.03084247645484328,-0.02123233216341669,-0.01689992948899477,-0.01705644937290751,-0.005159340771300536,-0.019939325687391984,0.01052644721597229,0.0017039179284452644,-0.014175666210113569,0.010088634263133223
2023-01-31,-0.01695913654629444,0.0028032604205197043,0.008365066008718669,0.00923269630291701,0.008318354825908925,0.019601916710135114,0.019599644090650292,0.012987991720593506,0.002124005584359656,0.003929305748221479,0.004462014551560811,0.013555075695569352,0.02432535270694225,0.010416680966965686,0.015852488774242834,0.005059468101330511,0.012667577227665205
2023-02-01,0.0373916765332043,0.015755984244015808,0.008295744694585716,0.009779086985987284,0.01090171652915739,0.01562031997310176,0.01608691440897192,0.027857977600535655,0.02297517913531233,0.02299415106255176,0.02270498760178885,0.019071875858484022,0.053540536957172424,-0.009327649086647183,0.011118023451032855,-0.008654979492002113,0.002886558528521599
2023-02-02,0.034037342162926976,0.028521303281273447,0.0349209628499354,0.02186811882423112,0.019527760065960686,0.07266087335251137,0.07278685819061992,0.23282403035853072,0.01353622602852389,0.03634626364001381,0.036196692625559024,0.04792883335196918,0.03483600828552125,0.004955458135584845,-0.026627967444690537,0.02200446521784527,0.003358306035421643
2023-02-03,-0.014433019301470562,-0.02773039624000251,-0.022082891384039183,-0.01253431560140128,-0.010863205592532843,-0.03290448033989224,-0.0274735416431654,-0.011866314598609318,-0.0026983298989030624,-0.012459656172230993,-0.013972775533179771,-0.0013068304985572876,-0.0257425143736848,-0.02218931765286547,-0.011976949041778595,-0.047419825518834724,-0.007650221262452073
2023-02-06,-0.004208691869194592,-0.011508415950197581,-0.0075872929971776415,-0.01517033251415456,-0.018208167000972275,-0.016631759609907593,-0.017942307819530212,-0.002519637085776849,-0.012079839872374931,-0.021962637664805773,-0.018894808972123034,-0.007196597757077039,-0.021951070316647114,-0.012607129664693795,-0.022177969790493912,-0.03404100715828229,-0.005540626532117843
2023-02-07,-0.004893870348377405,0.004049424426497916,0.01601876159573834,-0.00031424115348199777,0.0023551862465804874,0.044167332662387704,0.04606405693097804,0.029882650497431884,0.0040665974319704645,0.010033504567197538,0.0067404779722144426,-0.0014276251224606407,-0.02950949228490285,-0.016853864424172804,0.007184698025420433,0.07853354591947359,-0.01768401869927172
2023-02-08,0.001713823468147968,-0.02293926813912539,0.0013437680544821085,0.04433958711794839,0.04375903893521338,-0.07441680295810948,-0.07683010721112404,-0.04274080931259583,0.010690191702867446,-0.0018922562721601643,-0.0014346702965243319,0.02155730288324209,-0.03982880183522031,-0.004675305443404554,0.005734793011761274,-0.02986386975360167,-0.0007399703130958057
2023-02-09,-0.023630049758863403,-0.02218790830547457,-0.01270350603870063,0.0,0.005627522868330681,-0.0454001122439478,-0.04387640381945079,-0.030038632595599024,-0.01180379666538689,-0.011848323550359474,-0.013889003020149282,0.003983795846486116,-0.028100019481483773,-0.009916652332214393,-0.00667541113274539,0.0038931671983410965,-0.017522382629461708
2023-02-10,0.008050419067422432,0.012137098397855262,-0.02084088838413345,-0.000301054581838045,0.001958560418286792,-0.006285411207695102,-0.004631166863708902,-0.021189303744672205,-0.041765515557650845,-0.09784178651235498,-0.09373479132876938,-0.02262745912036712,-0.009178435671004959,0.0052714806132951875,0.005950157488638919,0.0019841380425029698,0.005023744288251031
2023-02-13,0.008036485165984653,0.01903043027484097,-0.003701644793564829,-0.003614470319887375,-0.0033512568388200936,0.0014760293802917879,0.00042292960970669036,0.030318616068848003,0.032271947852333005,0.011696161576086217,0.01125415641863281,0.02018882674118605,0.0333488889111051,0.009963455136242194,0.020041788019777407,0.002520241072389462,0.00774817586895149
2023-02-14,0.0,-0.0007673735325720576,0.0,0.0015114925448953542,0.0019614170800485997,-0.000526387984507215,0.0007399970953689827,0.00027880820046122246,0.003876507934245099,-0.0005255679173983285,-0.002649650874634535,0.0021508342983267426,0.006275216345462686,-0.005711514738710122,0.006208436887570112,0.0063745654693923015,0.00024800401068514333
2023-02-15,0.00869712450024629,0.009216498476586565,0.014675796031651256,0.03712617480974645,0.03803144451240659,0.022643359723373058,0.02386975204105246,-0.01292631935361288,0.0040560038617505345,0.015772948674410925,0.017003047669627236,0.0005364852929079511,0.093095728336267,0.005222112297454284,0.00040661968578969976,0.03443662000590808,0.0012398322919906501
2023-02-16,-0.00802752744472568,0.007610431254652106,-0.031215700974917993,-0.010768199927138178,-0.010506508998137543,-0.013594022180459353,-0.014751376312324371,-0.026642742800423447,-0.029633091587358273,-0.02484471923148812,-0.0229884607410894,-0.00032166321473869885,-0.042379812716781595,0.0005194983510181661,-0.005557559850874583,-0.029581719667546524,-0.013373093683382242
2023-02-17,-0.011864025920847787,-0.01510590009509094,-0.0057638591110857895,0.006766779734475259,0.008167635372509086,-0.012424449906061175,-0.012145216171525974,0.0025518964309245717,-0.007841171277746861,0.014331144154751119,0.01604274860169741,0.005579597295018113,0.008085197935714161,0.009345815656239598,0.017855756167036718,-8.882427243261937e-05,0.00953806076394148
2023-02-21,-0.0447651576605278,-0.03271983844947701,-0.029747308293753272,-0.025131531914698413,-0.023224331127748576,-0.02685272343866374,-0.02713321941839386,-0.004627718211270948,-0.030060966525144894,-0.03663008001183088,-0.03894739540889114,-0.02432785329323317,-0.03208123530780449,-0.011831325458437902,-0.015132004097868301,-0.0043552171705654175,-0.025360208930180983
2023-02-22,0.012542642926735015,0.004492725890230753,-0.004015921244718279,0.009592360280577417,0.009400057591847588,-0.0027158698162947914,-0.0015251275163009614,-0.005578811910839865,-0.0077629937065972765,-0.030418288345378852,-0.031763355554113026,0.0044835299399361705,0.016136255357579676,0.008849501210804966,0.001631884160118613,-0.006963031625346505,0.0020407184407640333
2023-02-23,0.0015157901452904632,-0.008418821479014849,0.0004917287570314066,-0.0032661642745408503,-0.004656204804518449,-0.007951919508114136,-0.008292438112608935,0.005376681168617781,-0.03353432031565573,-0.008403348373465125,-0.010181086581959264,0.0008710307806356621,0.006008324663993259,-0.0015479218491661895,-0.017647745706195206,-0.007820883979635984,-0.019093632651802195
2023-02-24,-0.021971174454901377,-0.01830738860984782,-0.014056808913784136,-0.015191891646911482,-0.012383320519047003,-0.018886775333286754,-0.019364130011083946,-0.009590873558279922,-0.020083469555676525,-0.005084760085294904,-0.0034284521635018494,-0.0035897347118578615,-0.048634763440509876,-0.005684770876123069,-0.002210586286603089,-0.009694660398632204,0.005450350494219824
2023-02-27,0.0006402983803479589,0.009459415845572972,0.0014954045006019268,-0.0063522305155185865,-0.005850902753460563,0.008394074576184796,0.008302738075064875,-0.004988855386340418,0.018540162333019028,-0.009085598614305912,-0.00974763003832424,-0.0063317387845015505,-0.009416955926308646,-0.01091483608446353,-0.0019393262377693787,0.0071363106817803335,0.003613787067422214
2023-02-28,-0.019837362174540907,-0.004818921799654152,-0.008362262341814142,-0.010736313864756264,-0.011572096813848964,0.0022195474896060663,0.002113998575127063,0.03185101408184976,-0.0027861235388881855,-0.010888256285392917,-0.006948793459507718,-0.004943800514983998,-0.030330485845275534,-0.006305746950354907,-0.013529621029202077,-0.004814669063235355,-0.0018005735514275978
2023-03-01,-0.013791727669725806,-0.01452807119366406,-0.010741863874299207,-0.006511514190396861,-0.006282411599717874,0.002325679180966489,0.0033312876782807255,-0.008688820406114739,-0.026852564022857628,-0.009270063987386279,-0.013410997314488693,0.009936916187889722,0.014005421435059562,-0.013220484286404988,-0.006259590666542469,-0.007759069647072736,-0.013140999509258622
2023-03-02,0.001517040271434178,0.008735992894902012,0.0038563510049214322,0.008114838453104234,0.008908180175268177,0.019887312941653024,0.018149716472743105,0.0064009394376067785,-0.005103989077222426,0.016959060020030226,0.020094641731926544,0.003826449279655808,0.0290059243346783,0.0,-0.0009907919838874069,0.06053359720136675,0.002872114706625073
2023-03-03,0.018976051992425802,0.0075777474341234274,0.02244218861951519,-0.0030959826979636285,-0.005411713928915374,0.018524610639100825,0.0179345903318906,0.06142199581423524,0.010580990336418239,0.0023000782800701725,0.0,-0.0013068790801910035,0.010738077710803928,0.008038428326058611,0.00531360623147803,0.01231781908381091,-0.0039052350244812573
2023-03-06,-0.0023515476753628306,-0.004028866411421528,-0.004745769358005525,-0.004037258239453445,-0.0034364081028349647,0.01659223041864677,0.015803602049149656,-0.0018894280356753779,-0.0099943060335409,-0.013769252005155552,-0.013325411062993453,0.0010902877798739663,-0.024347161721234856,-0.0021264177906712423,0.012825828311890497,-0.008483272404956499,-0.0028748018767495997
2023-03-07,-0.030505756264822215,-0.024002279441894814,-0.01589515869674285,-0.003118124223154606,-0.003160779032946426,-0.014752243214435468,-0.01335012070341468,-0.002109203038264673,-0.011409127424193533,-0.00988952323730563,-0.009982536351718752,-0.010893065095908261,-0.025408367236901985,-0.0031965772110401636,-0.005913916239284389,0.010111469866067146,-0.0062910342607607195
2023-03-08,-0.011122008993837529,-0.008013149731908698,0.0024227883179661625,-0.004066303003293248,-0.005477120066809227,0.005097390775805843,0.004155022251340235,0.0024930790443875583,0.01076282073161261,-0.006463067064929939,-0.005337892215120599,-0.008149919407489437,0.018156533147783316,-0.005344734019096076,0.002169609183911403,-0.004876794218161673,-0.010023960222236616
2023-03-09,-0.030689195188662755,-0.01197776170414322,-0.031822761022975876,-0.03800246999087786,-0.03565206919942987,-0.02102475083939115,-0.020477414078442835,-0.01773253617392112,-0.04493412034275135,-0.028385516743902328,-0.02862277198345531,-0.015443031469599244,-0.04618192144576294,-0.015583121070851358,-0.014597101046420868,-0.028802326063444905,-0.026112354923054637
2023-03-10,-0.03941581629203206,-0.004510846015815861,-0.026731910700196093,-0.003917854100670359,-0.00390753230107288,-0.017807233838614933,-0.018306165565484145,-0.011998306954617677,-0.0168581103759049,-0.015215984764550439,-0.017188365348300927,-0.005910398857814414,-0.046500604236095255,0.006004510606042679,-0.011198635243818367,-0.021069380955272332,0.003556997710354004
2023-03-13,0.017511972145635157,0.0056641564019324075,-0.010366561862943602,-0.025565332656918627,-0.02595051388110292,0.007142122120319616,0.0052963857391650215,0.007743124461336182,0.0025618515276673026,-0.025958064294441474,-0.025608942326987294,-0.020809582975847896,-0.024635308127418876,-0.007053770917037183,0.0015769882343035224,0.006782419855136723,-0.0038170053616265465
2023-03-14,0.002624842979118469,-0.006477121810672726,0.008207363674935575,0.015472650174428226,0.01920691846760092,0.02825666433695595,0.0313906769943777,0.07252631174993684,0.0048720537584958645,0.02618143506414561,0.026451465560066945,0.020201004374015508,0.012886604701104698,0.007650220883641756,0.023473784240521933,0.022276077308455378,0.009305020870920444
2023-03-15,0.017254678229947862,0.017290181608133448,-0.0027850474064071706,-0.011924532296049284,-0.01155011043188181,0.02440309909781524,0.02277329640004533,0.01922471680394322,0.030006111224281984,-0.004978373363460409,0.000628508069271394,-0.019457601432775973,0.007633488115679432,-0.007049696265647776,0.009859228424311084,-0.004393287151619352,0.004880721790284648
2023-03-16,0.013189476906545483,0.009752232016112528,0.012782102385798133,0.013073990181133865,0.012915120797733826,0.0468151511192092,0.04380399449040229,0.036308527323304585,0.020639284199595043,0.02439011862132956,0.020100363962298085,0.019143178537018857,0.008585761042986029,0.004369157638020926,-0.02014923042885497,0.01976882482947495,-0.012951869118859038
2023-03-17,0.010275645643407882,-0.005794813992615722,-0.01156007907120793,-0.003970810668847413,-0.006375163211716606,0.013752720478903413,0.012958495838835571,-0.045478909187599226,-0.02115719945664618,-0.019535849640020198,-0.02032003711554531,-0.013057004058066424,-0.0015203023066585608,-0.014138226361365303,0.0066426031592086154,0.00631757428177715,0.0057405658537976745
2023-03-20,-0.0035999249463428695,0.011101743298283173,0.01094410152162717,0.019933536080247727,0.021387091585336693,-0.005172498810099069,-0.003936186991847168,0.01124686041802958,0.005370678904868864,0.008094582795714844,0.010056560183835161,0.029012582804154752,0.01522831598135288,0.01985651003231448,0.022183102042720115,0.00025798744076199753,0.017396314830333992
2023-03-21,0.01015056213597676,0.01537201479394823,0.024623258268942294,0.010749257079215369,0.008973867258615487,0.038359433055921155,0.036553877845417304,0.021990804326507796,0.0021630119517928037,0.00679435388775218,0.008711931977047893,0.01387164960193843,0.06250000628679597,0.002704257509179353,-0.006455455461633619,0.019602775575231934,0.008281921679752946
2023-03-22,-0.029691509037851227,-0.02135707384399599,-0.0169877423187349,-0.01482442389921601,-0.01215533582433359,-0.015306099802110174,-0.014773044429759574,-0.01162453726849344,-0.03888292831621454,-0.023926376835171403,-0.023442322650664926,-0.02513901661894946,-0.026352733878749923,-0.008090519474121871,-0.008363909372752332,-0.04241503444325301,-0.01139352068256494
2023-03-23,0.0009947250645807593,-0.006353472063458265,0.009799888674564716,0.011121950250701174,0.010504016262588012,0.019574049979194097,0.021572883082519922,0.02237127020953178,0.09006462790411529,0.021998815239930414,0.02210988014708848,0.011296113679914788,0.002416462750477466,0.0038061706141154783,-0.008085880684430502,0.034519248702142846,0.001608005859902839
2023-03-24,0.005202088755427381,-0.0013901687237096727,-0.01826162464870995,-0.01714651272721912,-0.018116698266429365,-0.0018822166799665752,-0.0015149443118840367,0.00846889554124619,0.025033616894452715,0.004919960220344466,0.0024721405055059265,-0.011282809197405097,-0.024590501048276203,0.008125832398381716,0.0016867027464970707,0.005447730433782549,0.007760315192001821
2023-03-27,0.01282155251640682,0.013363004510940524,0.016369116946077567,0.019749883197176743,0.01724137515967028,-0.02828583796121442,-0.02826267475940769,-0.015387777706712069,-0.0022230232349315093,0.014687977199787206,0.016646235599540704,0.010156285842556123,0.02619902255366191,0.01397115312282704,0.00954102472877616,-0.00965119677565729,0.010355637862994094
2023-03-28,-0.008095007822998768,0.0013736832685378175,-0.008366444784352889,-0.027437024556343892,-0.025869824641742922,-0.01649534227575533,-0.013956574917524556,-0.010648751620268349,-0.0126349772568779,0.009650006369096298,0.006670774305825855,0.002372494339724529,0.03131003647843689,-0.00794927492612374,-0.007713649041347748,-0.01222431410616831,-0.0013141878112538086
2023-03-29,0.01206801761600973,0.013717356057254104,0.02161988605615739,0.012943880354945758,0.012515245477314307,0.005327638847541394,0.003563286704117319,0.02327104220237408,0.02630433647062458,0.019115898039042456,0.01987947376988619,0.019722516056566608,0.004670682010530891,0.014957285359400663,0.007143437560304555,0.00969273117791114,0.012631864834638185
2023-03-30,-0.0018872885483288693,0.005412569784616572,0.01269746370778102,0.012123115376478477,0.015073620734819881,-0.005691819721050373,-0.004931432966490346,0.012125480682487533,0.0192753488150863,0.0017585037140523951,0.002362682191177301,0.024977967276287538,0.00929802984460415,0.0042106100089007725,0.0052846214346995435,-0.0006857103995051572,0.0046775299300070294
2023-03-31,0.02452370106848689,0.020457710207880897,0.020693037396438907,0.013596718255132645,0.011286445604638873,0.026450844924712724,0.02814933758967242,0.019726672882338425,0.020831541595170977,0.01989476195570883,0.017678174908806632,0.01725260176980714,0.02763702611276586,0.008909734968973737,0.0018676904755667856,0.02324390427128309,0.005949391681802085
2023-04-03,-0.003914862430667521,0.002637935827984661,-0.0036950742873470555,0.0019163507140596003,0.0038177863944597323,0.008749897342091417,0.006073534180168982,0.005331842231272699,0.008104630559691017,0.009753396685777016,0.00868565637301777,0.009115971611493023,-0.02330782530001463,0.007272437766979056,0.013255992032155994,-0.00511316508589621,0.008485623847080515
2023-04-04,-0.022711312237042813,0.0013256869093603019,-0.0019045164054625197,-0.006694366851048739,-0.009069533399866492,0.0020018731818587376,0.003449660543276778,0.007743783502622392,-0.004393013719350747,-0.00795463749966252,-0.005740614399737276,-0.004306689979739264,-0.008260648465474696,0.012893571270288895,-0.003066075183194683,0.02485463718562575,0.010963574733130699
2023-04-05,0.01436286358190042,0.003971129104609616,0.0034146766291431874,-0.004492924856330127,-0.0038383108753355932,-0.0016173332998266066,-0.0023873824410889366,-0.01508933257373024,-0.012689218064602437,-0.0005725523638449026,0.0,-0.012026658070000362,-0.02822759289237453,0.012219908563236626,0.019205809182245126,-0.005425814173187216,0.011601566882343928
2023-04-06,-0.008070928134697675,-0.006065164821501101,0.000600465218776769,-0.009026404670567922,-0.008595023699002224,0.03763700071681564,0.03780973208460825,0.021846065741488507,-0.008821438520251856,-0.0005731044994530254,-0.002886823093951163,-0.00640658548498696,0.03142861385375073,0.0024485850505679974,0.0032859540932852482,-0.016366368837764766,0.000582909189223102
2023-04-10,0.010334958027546914,0.014327393161397195,0.008402570249816499,0.014638909096271968,0.014349814942218764,-0.01790646029052856,-0.018262223435559832,-0.006246934887665034,-0.001001986210295458,0.0057337707153282125,0.007527402440820508,0.0017191633276711915,0.029547543916778274,-0.004071045454471789,0.002539767468128451,0.01714286483636429,-0.003292928529949668
2023-04-11,0.01308308845569961,0.003923466639044193,-0.003868803505933438,0.008977206279165095,0.007662577315984409,-0.007760348289241659,-0.010240381226990447,-0.004191065749651113,-0.0023009268412844675,0.010262282105169218,0.011494315007409606,0.003862280258176476,0.026008816985439775,0.006131936630573431,-0.00026673988014791483,-0.005370138144104364,0.002541436977461453
2023-04-12,-0.04250806287343112,-0.019280600686005123,-0.024696136042788308,-0.014617092541072685,-0.013454251471302303,-0.008481111709290223,-0.0067395910508618595,0.000701366808722792,-0.021229370000266146,-0.014108532504263138,-0.01704560130897681,0.00021373544423308743,-0.0327797083665039,0.004062773940129549,-0.002934172373636912,-0.0058974922175613065,-0.006337064826705263
2023-04-13,0.01267188918371076,0.010892482810219928,0.029609923906932956,0.005159664017085008,0.00622596702049627,0.02822669955791235,0.026662928530146957,0.02967283066202575,0.04579641757491837,0.01831734809207486,0.01849721144094163,0.008761736634790074,0.00045189935453215924,0.009610576672559601,0.00575197705091357,0.01946859813764501,0.003061151312697241
2023-04-14,-0.017633704791618743,-0.002365216366582934,-0.009321726525648666,-0.01347457765039406,-0.0156158747597136,0.011738495049733233,0.013404178576987391,0.005173750573431057,-0.021837734484769,-0.013490866192557016,-0.012485823317442746,0.006355373836824274,-0.025293660964881393,-0.001503002644268392,-0.005187056116728317,0.008687792312389364,-0.002543073745575941
2023-04-17,0.013733535699579136,0.0034247041788670884,0.004004080169823343,0.015284544608147321,0.017360317467312703,-0.02777261605520487,-0.02663727830949225,-0.011874105666676682,-0.017452665782131782,-0.0034188117996586387,-0.0045976133853671275,0.0073674484125432205,0.02316962506966158,-0.007024494218045518,0.006016461293859354,0.010644328933469893,0.00611905897568632
2023-04-18,-0.008290231078158516,0.004725584559855056,0.006281153933539008,-0.0006405397908717525,0.0002940952304240074,-0.01221575986810064,-0.013872017839957729,-0.004432229869694493,0.0029454067877352497,-0.0022867286218211103,-0.002886823093951163,0.004492608978208246,-0.011775261054671193,0.0015159135878692886,-0.0011295312818420111,-0.0005627890044216377,-0.013177849736856317
2023-04-19,0.0010194748224652272,-0.000522761433321639,-0.021599124184516927,-0.004487164510055153,-0.004706012888866629,-0.0009513509806681197,-0.0030620769661366953,-0.010050912264014666,-0.03170508513908443,0.005157380166079362,0.007527402440820508,-0.04139787180167409,0.033913708511180696,-0.006054476288604227,-0.010244963327190715,-0.007722621698388776,-0.008731255281812511
2023-04-20,-0.022317959461270243,-0.013594779388443334,-0.00688614265886367,-0.005473373998586384,-0.004136995950612454,0.008379347472643461,0.010654596218689694,-0.01219277048592815,0.006901447476428846,-0.005130918070986201,-0.007471163982820439,0.0010853979110050371,-0.018173747086002834,-0.1040609195653075,-0.019088454949941158,0.014511560094610632,-0.03652860828734106
2023-04-21,-0.009791692097981808,0.0002651520158405418,0.015295287510885158,-0.0022660658306703496,-0.0023739531148982973,9.439802965571786e-05,0.0011397545676317122,-0.0008448079062576275,0.008083617320261638,-0.0005731044994530254,0.000578900035469232,0.017233647657840967,0.017155762604383007,0.032294413128502786,0.0019183353269944803,-0.0011986697028170124,0.0034955652804620208
2023-04-24,-0.005650581380470254,-0.014043451702357546,0.0011046646436345675,-0.029526281530173448,-0.029149357321579306,0.008214471277310897,0.005312628871930292,-0.00046983096641584066,0.0031709278153628784,-0.0011468662731275447,-0.001735922111665067,-0.0007457966627236745,0.0022193815091364755,-0.037870328459639446,-0.0024617871477150555,0.02240181694226151,-0.005894970669246047
2023-04-25,-0.0208263591890403,-0.00833113691642251,-0.016753618209364496,-0.006352345721878705,-0.0061272559258008785,-0.0203220487477882,-0.0200059205843659,-0.024625130425271702,-0.0196644383541823,-0.019517877608038692,-0.020289876474771318,-0.007357678164087389,-0.02701506897634076,-0.0011411365286539965,0.014671404053125725,-0.006103754391648231,0.005390814017076417
2023-04-26,-0.010217933980513738,-0.010298196733711018,-0.01428420718976986,0.00033646783100071964,0.0009247484634498093,-0.0015295825430871046,-0.0013480901129675482,0.008913501522962441,-0.004340393272745269,-0.015222480290520313,-0.014792832514362919,-0.02739292807748306,-0.014565267117345737,-0.01770389453730714,0.0018919598537570081,-0.042595099371045,-0.010187786165275492
2023-04-27,0.0689891612772553,0.10268340667349296,0.034364874983394245,0.014127097186746207,0.012010990889743667,0.03752982134291982,0.03741211790891619,0.13925493921687626,0.014634824270334468,0.031510026488266174,0.03002989219438179,-0.0030923416722195007,0.06605078796982955,0.023837197695067314,0.011194819360210273,0.01932564558889549,0.050650099894912204
2023-04-28,0.0757111953523888,0.02731580640290332,0.025718142375971365,0.012935295041125672,0.012172708445188807,-0.0013840527979720463,-0.0023235553302966006,0.007377710231447399,0.01252112804997263,0.02305496162728704,0.02682224357854479,0.0034344359584130846,0.010831767699650774,0.0034069534004448343,-0.04028270374171561,0.0027430736236897513,0.001031373210077735
2023-05-01,-0.005939794870895021,0.006526379191146958,-0.0028293487024302344,0.0026196002706313504,0.0012027392423634709,-0.004712586254013829,-0.0013043304805200329,0.011900712953906822,-0.01760983484984302,-0.012394430686442637,-0.013628580483145414,0.017776132895435337,0.004715038081872347,-0.00962091307780999,-0.0047946274121045684,-0.0012068672039100559,-0.003090564849887678
2023-05-02,-0.025319905410581378,-0.010566570304931133,-0.015751963317581885,-0.009471028138816173,-0.0072070493783682466,-0.01606143478785338,-0.01753726737571948,-0.016201859565991517,-0.020270258341825942,-0.02395898278905384,-0.02245264966806737,-0.01236690694447462,-0.01919794387011209,-0.024571140308256356,-0.01990102548143924,-0.020299634730597038,-0.02686633772798741
2023-05-03,-0.0009238224104759496,-0.007524476621038612,0.002584612766061367,-0.011869359997898177,-0.01088929274214867,0.0013209379160632473,0.0008545907230030902,-0.009237664733796946,0.005510979342912226,0.004675715526770041,0.0029448585110773973,-0.04393680294992819,-0.00434968617102216,0.0011714880055868626,-0.0032061073939072537,0.004275584865344184,0.008229374438963655
2023-05-04,-0.02275145770818543,-0.016385512671231894,-0.033809269322140345,-0.04471139111901623,-0.04709488812146834,-0.008575314028292924,-0.006830522835338804,-0.014808192834584899,0.004635102048228479,-0.019779024166551307,-0.018203523500165075,0.00781239273944867,-0.28352992886104733,-0.010532319174074378,0.00964891462901396,-0.015228431469185066,-0.016587532697423413
2023-05-05,0.005934994355936807,0.005221364205112877,0.03150329153329112,0.0265456032185738,0.025994821009514224,0.0095523683419938,0.00840590660275442,-0.003169059924216011,0.0061725128447844835,0.024332479004255614,0.02392369395120153,0.023141745734760244,0.028048800010157082,0.013009843586015313,0.01628218130492165,0.03516796973614267,0.012851351908009123
2023-05-08,-0.0009975946912549327,0.00395718987574134,0.024373390376849935,0.0057841785636041365,0.006255914436905208,0.019065000056557757,0.020839080158720824,0.0021050518334462254,0.026180362512055355,0.0011586000675944952,0.0011681732201955786,0.024847119995503375,0.007710669105376544,-0.00058359291447041,0.00431869904012272,0.009477152718098125,0.0
2023-05-09,-0.032810271041369465,-0.02389731908151327,-0.007672194713387426,-0.014884921921571093,-0.015231572260425152,-0.0027715010484116176,-0.0038972359512227106,0.0004285195250890439,0.002807956398587441,-0.01157406385748938,-0.012251964233369383,-0.003370398529975782,-0.02707476518543317,-0.005841196601814036,-0.01491192656935525,-0.008672161238864606,-0.006873043540259194
2023-05-10,0.002772868558720498,0.006057657396312477,-0.010178202288603444,-0.01648350141008903,-0.015467161447679123,0.04020744385046893,0.04098745087960931,-0.0012424645452053795,0.009875326912106352,-0.014636846153511462,-0.015948133726446212,-0.005781522852243981,-0.04113750082606893,0.001175263666047588,0.0,0.0011235906208899582,0.001597170607182008
2023-05-11,0.005206768844384424,0.012794569353113294,-0.08730463516596576,-0.01675976095339704,-0.016672090149447594,0.04114714089341431,0.04313206145329551,0.011626809624704082,0.027845743477017848,0.0,0.004801828846941136,-0.00011004482617460454,-0.03028400104053819,-0.00469520252969613,0.004717305184753329,0.006653854780093393,-0.0007972803125521066
2023-05-12,-0.010593764325628086,-0.00396329860143807,-0.003466713903357177,0.003906323138505252,0.0016303029528463853,0.008725404684544635,0.00806393480348877,-0.008397127759150025,-0.0141258644229042,0.08674977185270016,0.08482669721404967,0.01876466098903995,-0.02277147329270557,0.004127573573901699,0.009951046617668657,-0.0024687230974527186,-0.0002659721585497321
2023-05-15,0.015232612476760332,-0.0002485140079858672,0.009457648999694257,0.012380608771194401,0.009440172161651272,-0.008141080361230735,-0.008510075741175016,0.02159868093828754,-0.011768446552036016,0.032257995536131956,0.033590574150324626,-0.012063848091168672,0.05259645501734855,-0.004697492901114542,0.003469105485460311,-0.001516864427318243,-0.021814382386291298
2023-05-16,-0.02301594837795562,-0.011442908436814614,-0.020245508622274144,-0.014325742394412644,-0.015478921853651628,0.026761217414964067,0.025748893454012656,-0.00016748659269505417,-0.006371154170483062,-0.02171622173103338,-0.021310609421897442,0.0017443719018763737,-0.05439598561218362,-0.0247789041319193,-0.006361379768912601,-0.008155406137005161,-0.019581167437846214
2023-05-17,0.00954259033213245,0.01384005438940572,0.019674581520422008,0.02552284089304102,0.02784145831530238,0.011574612221951552,0.011128739359410167,0.015367197073862693,0.018606693110662542,0.018949659600045354,0.019052610233523115,0.01142801773924007,0.04147156151005027,0.007864494426046198,-0.01475289753760256,0.007819375795612649,0.0036063023749788314
2023-05-18,0.014976004840408397,0.02531671732122387,0.010671574104680559,-0.007950085274900709,-0.009241494754662738,0.016792822419914533,0.01646807879233969,0.01798034009492766,0.09215800046836531,0.002125542282923387,0.0026711378934374252,0.013881566305740334,0.008991677621924543,-0.0066027402365023136,-0.024014921549646684,0.11686137123693774,-0.001381989641147996
2023-05-19,-0.009341962084698507,-0.0031472018811218305,-0.025703922775351273,0.0076654393242081564,0.008041137632243789,-0.0021858568818359236,-0.0005698584866056233,-0.004901994713762514,-0.015971404926157007,-0.008483617304343771,-0.010122615163773996,-0.009764635016813683,-0.03437292107529433,-0.01450148002047924,0.006151486183313182,-0.015756013250000644,-0.0022144143476332534
2023-05-22,0.0032021044577987823,0.0014570722558508997,0.005145062526520361,0.0013831015077587772,-0.0009572062098475165,0.02125776422452552,0.01865430817547531,0.010910304312066632,-0.006432029090930325,-0.003208563755171978,-0.0026910536282819253,-0.005358757928947244,-0.011865624593036639,0.004291929271147188,0.018485456312376414,-0.0013097044704490912,-0.0024964074297100236
2023-05-23,-0.01478809902891387,-0.020853502480874475,-0.021781732242679874,0.0006905955900775584,0.0012775189581577528,-0.020497348260772874,-0.019912100579592695,-0.006362789329908636,-0.019338301690957294,-0.009120263302451637,-0.008634586653175846,-0.008189795679595102,-0.004669693141928,-0.017093932844341575,-0.0016246595553385257,-0.010710391407673048,0.007786529543564624
2023-05-24,-0.015455986711737313,-0.009905960005864856,-0.008350126216012943,-0.011387170195790719,-0.010207365756683129,-0.013383042723676741,-0.01354434801800286,0.010010675883290077,0.02488838482033562,-0.007579736787578617,-0.008165556772908422,-0.01249468487388139,-0.018766810437092385,-0.009316889940467976,-0.009690713597785505,0.0004418733181112966,-0.01020994865772773
2023-05-25,-0.034959506441453514,-0.022261120145754654,-0.01044115574846205,0.009424127347013256,0.0012891108796302397,0.02227877110832699,0.021340000324898023,0.013964067074760944,-0.01603396120834044,-0.0005454838937158923,0.0005488234550130588,-0.019474133410266714,-0.03825134171568245,-0.05015682026279189,-0.030285707211378354,0.006551821360732735,-0.02927227323294812
2023-05-26,0.03312893767305525,0.009977230517918212,0.0017018033741273975,0.011410725555797585,0.010621216342971307,0.008685190489831074,0.009151200202292653,0.037001832282913316,0.05537601331212394,0.017467146359563035,0.01700494723575563,0.00931345186562127,0.05894885769987135,0.0231023867700475,-0.004493182384786354,0.016455789295009904,0.0051693877816814116
2023-05-30,0.00935653698074379,-0.008105746722012253,-0.005323382876173954,0.0013675656498426392,0.0025477145183419037,-0.006298375210033291,-0.0075435776709062985,0.0018316967778773119,0.037214944817376194,0.015021425007438305,0.012945158605382368,0.004669269045170843,0.06371564542112451,0.00903228731309369,-0.00022193267139847261,-0.005036674124055174,-0.002857029666002431
2023-05-31,-0.021569576169665816,0.004851993006923516,0.0015942988382486867,-0.0027313277503976385,-0.008894403779081905,-0.010189310378471816,-0.0064686908995589265,0.008380425807672731,0.005725443335515834,-0.02325573222791777,-0.02502688375678508,-0.024123056614191896,-0.04098369441370375,0.005754535714537656,0.015763567977781445,-0.00397745918869763,0.02091690439148941
2023-06-01,0.005733543314984768,-0.007878117428297138,0.007162253979514643,-0.00034234249510312065,0.003525547063084611,0.008105749368079618,0.006917877712637965,0.029805087526983298,0.019988384973742557,0.021645001488883597,0.020753852739725964,0.012586213905337429,0.01183435513686426,0.005085715367930899,0.012094953806139452,-0.001016477121841941,0.0025259008963232077
2023-06-02,0.00396322893143175,0.003842473809625435,0.024607740850572934,0.02191783332901287,0.017885646706240488,0.006914771446191903,0.007678523348922717,0.0,-0.006598339050537527,0.006885540334224727,0.005885452641476219,0.022620558657658663,0.000649872551646169,-0.037950654174312315,-0.055575548648663986,-0.0005087002492376591,-0.03191479744798609
2023-06-05,0.01697435993430929,0.015309895380319016,0.0025339640473587277,0.008042887726654957,0.010040756881040336,0.01117948828964277,0.01074844202512204,-0.004475149582902516,0.0076659724763030734,-0.009994797890805485,-0.009042575202007797,-0.002956568051773023,-0.017532615896180936,0.011834293870461643,0.007851341171646542,-0.0058173576709088515,-0.0034702682423560782
2023-06-06,-0.017646542645743057,-0.008293734772511607,0.01274726931935577,0.012300581071208905,0.010872996422047088,0.010108250157706777,0.01031655124780717,-0.0009950660739981299,-0.010531774696345697,0.015409350287103107,0.017176793757725628,0.019330037287232482,0.043622075114596814,0.01819383952193343,-0.027832536635197913,-0.0076068500265957795,0.006964430281629408
2023-06-07,0.023434624483520183,0.02255471099279971,0.0039061019138431075,0.023973632388736954,0.02489227352737533,-0.038855402915984105,-0.03778175558514041,-0.027736764287919602,0.001202142169003384,0.02302450984655957,0.025329738799283463,0.02144160357373237,0.038632062018719715,0.027440929812372117,-0.01548150211415289,-0.025280018137806892,0.01613826503626803
2023-06-08,-0.001574051239188079,0.0029738615193817264,0.00010809955705548546,0.014111682605158826,0.014692645408219462,-0.0021963565289297993,-0.0029387663845766854,0.0037177430346186924,0.02401378432328083,-0.011253156510401152,-0.011837552744105362,0.0038256833921725963,0.010975518726585864,-0.001863632235328927,0.029790540099692064,0.006578412984404647,0.004821325449703151
2023-06-09,-0.022904342486791407,-0.0059303138937506494,-0.006484336910664856,-0.006957625473766993,-0.008865142516452984,0.001630488694566834,0.000736778223448864,0.0013984873205290516,0.02601555120217891,0.004655884678282929,0.0005208106356819897,0.0003175246709492541,-0.028950507548463067,-0.007467173770885238,0.007980290391984779,0.0068359652605778365,0.0011292504205788756
2023-06-12,0.02076222777197989,0.01143414884023608,0.013162194841570107,-0.0012738629065788265,-0.0014907986931752548,0.012045160655421272,0.011535788847275574,0.023023120839895883,0.00940432522488388,-0.010813720701133622,-0.010931636216005014,0.00857241747875781,0.02546594452699802,-0.0012537494143656236,-0.004415348690804066,0.014698211136650485,0.00394688074058358
2023-06-13,-8.946847715185502e-05,-0.0002456948582306717,0.007622879520181369,-0.005739885719409643,-0.005374769347619046,0.0006433841461053191,0.0015366609630556027,0.0009962008979778059,0.02773787108091974,0.022904760697722848,0.02157872568461383,0.000734538289075326,0.006662495270623792,-0.006905384371107437,-0.006881621495294699,0.0034558913286995008,-0.0036506619304229604
2023-06-14,-5.9620647021474404e-05,0.003933321036198478,-0.014917454115555895,0.0003207768333535199,-0.0006001980749220648,-0.00040182559543622265,-0.0012921659724527412,0.007482055366824003,0.011773269035117995,-0.008142348031961566,-0.00772794187870518,-0.007864149570225853,0.0018105973324979985,0.001264267663073415,-0.01409004471715991,0.0011724456706834196,0.007046278581862797
2023-06-15,0.0226696677211502,0.015425729820228273,0.005300293204811624,0.011542149801358814,0.01141443726446556,0.011336197894075362,0.01148224241059026,0.03102230041779852,0.010003218861838192,0.013853190177948838,0.012980416949932572,0.010357261311806365,-0.004216789587642822,0.011995018514034728,0.0367826628155854,0.004171792761908932,0.019871225606772347
2023-06-16,-0.0046959773675911975,-0.006510312656532347,-0.017430617550200478,-0.0015848214667220084,-0.0008906712820205831,-0.013753082132399674,-0.012471022858462244,-0.00294507260984167,-0.02989200415404225,0.002024428326122596,0.003075312050916379,-0.0047070490964957745,-0.015124152444351058,0.0018714157295816047,-0.013784384958009932,0.010495644850119668,0.0005488777814548484
2023-06-20,-0.027488000091577813,-0.013592255436185918,-0.017192319775769183,-0.01301596143676198,-0.011593484732592363,-0.001692738136632177,-0.0034808920046849323,0.011850583260623937,0.006343228090923914,-0.022727324354469003,-0.024527368409774875,-0.015764575079346477,-0.037469310474996464,-0.017434675897494478,0.0022911639456042465,0.002813036579381034,-0.017827765286544395
2023-06-21,-0.009280982065381527,-0.0004922192875204123,-0.01236762934058544,-0.001929718793591717,-0.0018045016496633925,-0.020912316520524832,-0.020714857576321077,-0.009460665106076127,-0.023579514540955082,0.007751854941352665,0.009428917028979189,0.00907624439751964,0.004467180517330416,-0.010773083237990644,0.011049307223937488,0.01028560704255188,0.000558534094647678
2023-06-22,-0.008729226619147434,-0.000984810733411945,-0.0016922037451659877,-0.006767717953182095,-0.00873757480892734,0.021523990604054744,0.021567752653002703,0.011503924766214313,-0.004641267466316656,-0.021538312808763616,-0.022314320785356112,0.006878403035613712,-0.0120711613496014,-0.0019218407248275948,0.012511366712460115,0.005125914335037507,0.0005579572456315685
2023-06-23,0.0011352677519254062,-0.01207483731447534,-0.004407436584409119,-0.006164719772651983,-0.0069908340328561636,-0.006862227945667709,-0.006577433615727268,0.013514614608708397,0.003645126978996105,-0.004193052391682772,-0.004246307025492446,-0.020704300439022383,-0.012218783687349744,-0.00834403666410477,-0.011463504272876346,0.004745810047412702,-0.009483758789052277
2023-06-26,0.03248745293359434,0.011723448906484135,0.006810393913884161,0.014364878208575682,0.01744725748418685,-0.0319459183557842,-0.03269576468387014,-0.035535134441214256,-0.01905567305988165,0.007894756072570619,0.009594881615635265,0.011375868297873293,0.013671951384728986,0.011650459714199313,0.01543696558789831,0.011702420386989099,0.016896513335631136
2023-06-27,0.05034431016758578,0.022682465450454048,0.004058737654610178,0.03476031595250051,0.03369449982554129,-0.0006716719788422143,-8.434835558457365e-05,0.030811220333357925,0.0027407416510740745,0.01723241762595773,0.015311565749701161,0.026634093257671188,0.019910049075792857,0.013435744001168537,0.009788306990269113,0.019719893661621413,0.012185139692185265
2023-06-28,0.01568510730270023,0.004580507835651115,-0.0025824407634758018,-0.0018662811396024104,-0.0008732481472430997,0.017393345382717307,0.01563407586108312,-0.006131267620195335,0.030593674378072144,0.013860402539844108,0.015600655342264291,-0.0027906074943916392,-0.008816022439842808,-0.0037879421422327697,0.0007345878564954944,-0.002460028832584782,0.0073870945508736074
2023-06-29,0.009154339000102985,-0.004799758612098581,0.0013507256385496547,0.0006232361402775943,0.002330156058556465,-0.008836933864841856,-0.008986493055419764,-0.013179448287709783,-0.0037223116298032988,-0.0005062642903567172,0.0,-0.024357449135881448,0.01588298967072066,0.012674363925558874,0.0041827699836878285,-0.0034935917369651737,0.004616988976978265
2023-06-30,0.012931516863680104,0.0019293615575233236,0.0037099273310010616,-0.006851576338992471,-0.011915010445250784,0.007999236572735269,0.005037724896931772,0.01935839437848763,0.02860541837715913,-0.0010132395779621772,-0.0015362317822686933,0.010836207449807178,-0.005003142800553251,-0.0018774136078438808,0.015053982863402204,0.011617532324360358,0.005406909477785549
2023-07-03,0.0022593491599089965,0.01211834636460063,0.013664897691965772,0.010348203819208424,0.009411791694322602,-0.003389314923038511,0.0016709531665330957,-0.003345133502826725,0.0021567168644884838,0.002535469852769534,0.002564091226820553,0.004308836039033759,0.025769943482996105,0.010658402723103588,0.003095847532021967,0.0038732811310500104,0.002419883958698854
2023-07-05,-0.0014938030752633669,-0.006705142063211822,-0.007845162318005583,-0.005896978572523914,-0.0032052170261109847,0.017169918076619606,0.015429617717745758,0.02919376405502394,0.0101032787090658,-0.0030350074853889852,-0.0025575334776681835,-0.01622014425944851,-0.0104165463274013,-0.0031019885328631425,0.0016508988719914353,-0.01820891165777505,0.005364786024743662
2023-07-06,0.011206297254414022,-0.006508990005725357,-0.011694064524790937,-0.005619757392938407,-0.004969096403355078,-0.013862857493841862,-0.013470358587709397,-0.008085172602904755,-0.015833175136181432,-0.0010145835722786822,-0.0005128986369999922,-0.019785090127390714,0.019814116100778767,-0.01244536037423749,-0.0028661713585249604,-0.014892364198191288,-0.009338198496107286
2023-07-07,0.00045730810113386866,0.005338638381504612,-0.0011267760000879257,0.0021977636098278186,0.0011750036474096337,-0.006532875339570587,-0.0052451277722385115,-0.005000085401256182,-0.0016862068057281743,0.011173045092029987,0.011287951756352665,0.00911549176635007,-0.010928692234699056,0.0011543889959904075,-0.0013653014613073111,0.0021696356942877415,-0.0158180977587703
2023-07-10,0.001613179812811838,0.01013738515823559,-0.006092182048880401,-0.009711734443605735,-0.011150309776885248,-0.027218126117322328,-0.025359915739624372,0.01228794854074522,0.00824012895957682,-0.007533823088146541,-0.007102981651649798,0.0015054794696536256,-0.0030694074673195404,-0.021780857592552216,-0.004533399480293632,0.0052377958461653495,-0.02117001177707223
2023-07-11,0.020642084782899195,0.0038230530293086318,0.015777634373067118,0.002847276606619875,0.0008901143344659523,0.0071875110175487755,0.005925343110753545,0.014246777355137796,-0.0033959276676560624,0.016194436958840708,0.017884537379416976,0.03360916409777359,0.03633000256643526,-0.002619663910756964,0.012144080756832043,0.04731136197782049,-0.00426860870982837
2023-07-12,0.006548642038843422,0.007855354704976891,0.007375168837508994,-0.0025236777892791995,-0.0017789994069214998,0.016226282038741546,0.015280836081149163,0.03704434178803795,0.008723083792922193,0.012450162973734802,0.01204815840056983,-0.011115562914723376,-0.01723115693591415,-0.007222410774466059,0.006212998287436822,-0.005505816458074242,-0.0037152712433992097
2023-07-13,0.0023515726735310327,0.0051961575776475755,0.0035495146159874036,0.0,0.00029712680506888134,0.04355467111468192,0.04717054873772608,0.013156966318289554,0.01425513878093243,0.008853931200858867,0.008432657662539533,0.012711281326708512,0.016928648488120146,0.0,-0.001419273090696116,-0.0042022738160825135,-0.006310982955769262
2023-07-14,-0.02124496637354556,-0.012923135983301748,-0.02044870033567414,-0.015496627077628666,-0.014548626651612273,0.0069693118298146395,0.00706599490570059,-0.014485752400908547,-0.01880626007447972,-0.005363313452400265,-0.0059028306232387084,-0.001141178472437998,-0.05112976308388051,-0.04100525044705605,-0.007178884782178763,0.004755889515691614,-0.018187310409266466
2023-07-17,-0.0017578066422446748,0.0019044627849975626,-0.03452947635951831,0.007067270654691704,0.007532359001320765,-0.005091366054863711,-0.006139242002702661,0.005666032688703693,0.01842002084526384,0.011764734076537664,0.009401458965103693,0.02014751254935443,-0.03759397976544987,-0.06689664178543897,-0.012027578467067146,0.018066711425781312,-0.07497782676814546
2023-07-18,0.032683226380814334,0.008315390705268877,0.004558185613673826,0.016586883972208533,0.016746520805432485,-0.007836341070976305,-0.00714008414295908,0.004603464114675049,0.054993854357989536,0.00823642203581132,0.009313702653311662,-0.0031559384110282362,0.010416895863360143,-0.0059128740937544055,0.003260820773242523,0.0055005978715234605,0.025746957219909827
2023-07-19,0.0039012292025770723,0.006361969583391858,0.012681790333348264,-0.005961739836654489,-0.0082354055138113,-0.010476998806267734,-0.013978720068815065,0.012690306001998275,0.005876144298718744,-0.020182746535620133,-0.021369615102912798,-0.10355400268752313,0.03350518961247828,0.08475852832897934,-0.006283801907059905,-0.010029361864634878,0.052680658510399825
2023-07-20,0.017705959680701433,0.01170671740010154,-0.009535886844076136,0.0015783181102799748,0.0017794089879155095,-0.026470166301980624,-0.023190998658225936,-0.042688496974097934,-0.08410976749907251,-0.013732000606133887,-0.01339950212943819,0.004443007338090332,-0.008728392766920612,0.004797772290039637,0.01831680818057757,-0.0024340183577261643,-0.009714492375767714
2023-07-21,-0.0024782171098153283,-0.007405557559233222,0.011251677081404177,-0.009769950459767363,-0.007992881812692199,0.006525565180748538,0.0068791340064220385,-0.027304030730212925,-0.022678445582832274,-0.011437187121969394,-0.01156960129054041,-0.049449778577630776,-0.023899194147326663,0.00682136432163416,0.005710133163893127,-0.011078822754835294,0.00713436715045912
2023-07-24,0.01257381154391779,0.009326302580090928,-0.006652820726668174,-0.008911618672218347,-0.009251108174741507,0.013049672140214685,0.012581357207932742,-0.009005507527274803,0.0020351298371252824,-0.015593434747089407,-0.01577579438664256,-0.008590985389461347,-0.0025775857178100825,0.01287260062589679,0.003335395650545747,0.0021338493671865244,0.0029516181644861916
2023-07-25,-0.0018025717495069316,0.00023111073793802284,-0.011201094594603167,-0.005137996100710418,-0.006927484802396133,0.007466272863505763,0.005595336900261039,0.00980765485027657,-0.0015640997258729028,-0.002043882825778387,-0.002585303568501174,-0.005897142223179386,-0.024547559211579917,-0.010033564775203896,0.007781427558833709,0.00499068409696668,0.007651608830607559
2023-07-26,-0.010383447166073423,-0.00900714388996049,0.002685975228451154,0.006133010021493801,0.005459539175690864,0.05594932548553255,0.05776961340858988,0.01392339477413751,-0.011760630380277193,-0.003072503779675273,-0.0046658319211533295,0.003752916210891133,0.025827659308809592,0.006081199812080218,-0.009686402821303397,-0.005164528806205548,0.0029205164595227373
2023-07-27,0.01627083354280634,0.056863304209126664,-0.00582331544058412,-0.004491483167846644,-0.0015084574030344022,0.0016194507054150264,0.0010054832080848009,0.044009533142455926,-0.022476092144071647,0.0035955181672198133,0.003645776509470622,-0.006874838473383993,-0.029050930009798748,-0.025520578675921612,-0.008575906543593192,-0.0026621889949043354,-0.02300537612643394
2023-07-28,-0.01044914472542624,-0.0026463499976706606,0.009020563673455495,0.0029004321620751394,0.004229724968692228,0.024178119130131792,0.024574833910149474,0.044176029365156966,0.03052006997689216,0.006141062493282279,0.005708411578752681,0.0025505581500402386,0.01928187401689252,-0.004135082916846833,0.007077272452445271,0.011678344536009577,0.014307012594209079
2023-07-31,0.021144190792704798,0.000663393163614856,0.03204458987852954,0.009318729957318306,0.0063178047644190105,0.0007519263698134715,0.0010560178610974358,-0.02113816539683,0.030978445947598576,0.02288927058230006,0.022703738961753928,0.025075407582757503,0.045662242345447135,0.004844410929619514,-0.02200606568907504,0.008839025619666874,0.001469441135304006
2023-08-01,0.014906608032105417,0.0011048553503820724,0.0015749305684100712,-0.005730685260958324,-0.005680454802799995,-0.009165382478594664,-0.0088155097446585,0.012900177360045673,-0.0007973175370318275,0.0004972013582844603,-0.0005043211852665541,-0.020917132980947994,0.0018712149890889318,-0.015151603746177744,-0.0037018049837554967,-0.0075193483517435045,-0.019072857635843654
2023-08-02,0.019064747534078386,-0.0048554568763210515,-0.03066378225802313,0.000960597899768878,0.00210486845275093,-0.02464174068078473,-0.02409731525666814,-0.026029646146738306,-0.02033647122670057,-0.003976022952619784,-0.007571899063107512,-0.0021724288578892637,-0.03175573743190174,0.003496467440597062,-0.01078247603868232,-0.030107334261587293,-0.003290470947127977
2023-08-03,0.00885291571870428,0.0017738689872199842,-0.009385873019679414,-0.00863714822180739,-0.011101178817462198,0.001010603009693023,0.0005451629105399647,-0.0035632944626031726,0.0030253025302531267,0.004989868522551122,0.0025431237134250217,-0.009072160257237338,-0.029581955205317256,-0.01811840527080877,-0.0030197157928453233,-0.009985064587109904,-0.007803171923898011
2023-08-04,-0.009271993564153314,-0.007305409531634166,0.009474802311057573,0.002904046905558344,0.0030340648331239617,-0.0017861480106884375,-0.002646859700006554,-0.007854600972568071,0.0013921432810963807,0.007944537766169102,0.008625084655173643,-0.003906318681716425,0.03578526356308265,-0.006387553831854409,-0.005687963305114563,-0.024494046821397997,-0.013309118900134198
2023-08-07,0.001360854090037611,0.013603949155774453,0.006141388338182452,0.001930468064286428,0.0006047968715467977,0.026451003495224557,0.026695875444498363,0.018762323688648497,0.02122336351828924,0.016748645566010856,0.016599464160760746,-0.0011028016519700756,0.029430607747362725,0.0007144060339820957,0.015230347379257214,-0.007033338384538679,-0.0027589377842832663
2023-08-08,0.0008344803891651154,-0.001100136514895489,0.014971751079628559,0.05555554486636183,0.05592520425646197,-0.0007581409086716562,-0.0009885580929834825,-0.01238337132093481,-0.005581231994193692,0.0072675538199851175,0.0084116990245513,-0.013986148462668102,0.016159153881848853,0.012134079448900659,-0.0028540417538956975,-0.007366435331393917,0.0012296586290105882
2023-08-09,0.00040500602274717856,-0.002643235555701451,-0.007261923172117157,-0.010343658277645607,-0.008016140053631604,-0.01281849369964183,-0.013241920701577814,-0.023765273392319375,-0.021446552638294314,-0.0004810329208433384,-0.001962623049744261,-0.0006218799920258977,-0.04464842019623694,0.006347012451375589,0.010641365079664178,-0.005280473072548975,0.004298268832802821
2023-08-10,0.019859497786558267,0.014355169790706945,0.04880551760064522,-0.007992604152072591,-0.004617388415218859,0.0004608567627830684,0.0002313092997388022,0.0017363219508454986,0.002518109361653309,-0.0033687568668876455,-0.0014749582247707282,-0.006225201358586285,-0.009603070476041253,-0.007007792525000389,0.0001450881203477472,-0.00674309342735846,0.009477360344352315
2023-08-11,-0.0008172175314216101,0.00217727876557694,-0.029860567160999718,0.005577961556080924,0.003189187430441054,-0.00030697801848111883,-0.0010023460527590622,-0.01340965922398274,-0.01934975373653658,0.047320218409578896,0.04579028032315624,0.0011272880125339224,-0.012928223205405098,0.014114338837476037,0.004429148251207771,0.012566735158194398,0.010296817977796024
2023-08-14,-0.001542280829892162,0.011514309750932705,-0.002358901893424026,-0.021263537510642805,-0.02196546670348587,0.01275243382888136,0.013661706026138587,0.015083946385926472,0.01451405175742404,0.018441661316481728,0.017890729474239198,0.0005005587682076484,-0.022265948809813252,-0.007654726697531755,0.00838514061484763,0.0155492723396784,0.005995113124880103
2023-08-15,0.0018722799926378375,0.010094353707840176,-0.019705117885064127,0.0044080457225876835,0.0050236630758999645,-0.011833200191574522,-0.011802411879824781,-0.013847524802448663,-0.009537634934059236,-0.03214119822100847,-0.032839890849109765,0.0013759803886763677,0.029470821741038433,-0.008415075517267057,-0.006594972166334534,-0.020157397651016762,-0.008939148401790331
2023-08-16,-0.0030601700609346194,-0.014671454198910916,-0.008155238399361386,-0.01379317382737233,-0.012349184897867294,-0.008904762670515987,-0.008321809224375198,-0.025368450598363568,-0.019471342547488613,0.009822195091298891,0.009564852398204149,-0.006745146264246604,-0.02472336980716683,-0.0028290143356319852,-0.002381182888093858,0.005447708376103089,0.00030064990030931327
2023-08-17,-0.0045457799080246275,-0.002158014932169161,-0.0049797782510558886,-0.016846748328402605,-0.019053284749446564,0.01045638240784208,0.009479497195624242,-0.031261647628933686,-0.029967480725884288,-0.018527079683851477,-0.015632460848068463,-0.0110660897866256,-0.029353058188094083,-0.006382865442458807,-0.013598707874337701,-0.015612763774872196,-0.00631210082703304
2023-08-18,-0.010262894544570633,-0.010380382459656334,0.0004657047596674513,0.011639239118061084,0.015174625492392568,-0.018013409595037833,-0.018934739358183017,-0.006454073577821018,0.003796523097424398,0.0,-0.0009624218857339217,0.016149316995865748,0.01786961092976891,0.0028551056602792446,-0.0016864972190624439,-0.0044901152155696344,0.0036299072238668018
2023-08-21,-0.0009275683099988496,0.002185069108134874,-0.0009307928766150164,-0.009587686462253386,-0.007474166799809612,0.006400654175003684,0.007139420587224832,0.023477459421742175,0.009294723726534837,-0.007078827527258191,-0.008188844350225932,-0.007257943096827035,-0.011478799034138398,0.003558602282543344,-0.004333643005562937,0.015277104191460111,-0.005425097679667257
2023-08-22,-0.015949299903866176,-0.006323647338070226,-0.0010478426865234702,-0.01290741934296824,-0.01024083034647194,0.005894668932621583,0.005530952212956963,-0.00793384129343988,0.011952357252031254,0.004277669688689478,0.003399560087160358,-0.0023952775000595228,-0.006830622148669918,0.011347606849335445,-0.0028772021216139088,0.006592133742042039,0.006060727292929835
2023-08-23,0.0045962404423092185,-0.002413827552809611,0.0004662269353874482,0.0016344922722497657,0.0024345780196968203,0.02714173985390067,0.025488002271216947,0.02308757220987845,0.034804068025457324,0.009465113543510206,0.01016488548083383,0.012004072552239897,0.0316368930447779,-0.007012784895120805,0.008656275431608629,0.02897214869021303,-0.00030126350109083155
2023-08-24,-0.007922386232404044,-0.004839236484239118,-0.03914719588789328,-0.011423036194512237,-0.010928902994977285,-0.020944277253670096,-0.019566335308880967,-0.025455223440224883,-0.048228282613608675,-0.01031416672587715,-0.011020965542417605,-0.009863843206785794,-0.018000155644062876,-0.0007062548046155026,-0.02207880586726174,-0.033829119933657226,0.005724536739817543
2023-08-25,0.011626516804927434,0.005083817201520402,0.01079185050409337,-0.0046219723259250944,-0.004604118147916836,0.002070270623309778,0.0007705554753059118,-0.004359257624996893,0.02236256431495276,0.004263485319581761,0.004845130327872704,0.007061942108870456,-0.019687605613627257,-0.00282662106556264,0.0002249789872152963,0.012601993847100479,-0.0008987772241382253
2023-08-28,0.03651807012160102,0.011216058027289977,0.009596921916571466,0.009286868300127704,0.01048404290728211,0.008416604416174422,0.008700382834397669,0.016672406836186093,0.004879434460571375,0.005660206100057019,0.007232368904101616,0.0072625915847344125,0.02077554929747283,0.007087019202716149,0.013723218825049566,-0.004384069616850339,0.005997051831862166
2023-08-29,0.04421297709147143,0.017398896753660464,0.0028517276467328045,0.01160103771400478,0.012304017130079004,0.02807520241179562,0.027173615901627146,0.026631438510048788,0.02853659284370602,0.015009571366068286,0.015796999652553323,0.003356219681557304,0.014925488898311245,0.03940898123988301,0.011540193904034712,0.004190314808968809,0.03397922443566337
2023-08-30,-0.0256927425871748,0.0072682397522616515,-0.001421902444122658,0.012123079454352759,0.014889229718576091,0.010627934306326248,0.00973448987420067,-0.009698398766221805,0.010883939130211129,0.010166412297761385,0.005183747623750179,0.002230450334294698,0.00935838466405281,-0.0027083457028420632,0.004753449572322266,0.00311197710803901,-0.0014412822227604094
2023-08-31,-0.0031626461685793084,-0.007640155659192072,-0.007119075451051837,-0.011977870775250476,-0.010179706117255938,0.0030672769348243367,0.0021343162501876733,0.0026771239539060687,-0.0022775674785970867,0.006404376277569845,0.0075013047564793656,0.001483797322880287,-0.0006622868421961581,0.0040734752983702105,-0.008297462542858347,0.0026087225016624416,0.009815067115515275
2023-09-01,-0.036063151577326646,-0.02202742093159804,-0.024378539911198427,-0.05799487300860662,-0.06291599921401347,-0.004004301489607731,-0.003745509432835248,0.0016558596205600296,0.014296230664279541,-0.009545476323152946,-0.009772016078307466,-0.009875652788347011,-0.09542745811310038,-0.009465862814970416,0.007926722399580921,-0.0026019347758647893,-0.0034303337445403814
2023-09-05,-0.031563783052338756,-0.02558487993308245,-0.0055118913953251525,0.010434842019323876,0.014525534134651519,-0.0006577936214736679,0.0008111905231509287,0.012720160519575918,0.020005480787325558,-0.00413043427535309,-0.004229414959476596,-0.006732004713702611,0.0,-0.011604219236374225,-0.0032038090456888435,-0.004583015912583255,-0.01606444190878631
2023-09-06,0.026871124023488235,0.00830340785888728,-0.00258678248163835,-0.002065443377800791,-0.001590819495621676,-0.009801739940101584,-0.00964890554782849,-0.003264921976549595,-0.006507974875098577,0.0027650737205799913,0.0009439852750134925,0.0062755652714621135,-0.018315110892204056,0.00897802458925323,-0.020162550595563933,-0.0014874023655772062,-0.003498544335987508
2023-09-07,-0.007143197108249177,-0.002003063246762471,-0.005062895321580774,-0.018282124278720002,-0.01657113565521051,0.006131171779428124,0.005949770578404623,-0.0016712518644784735,-0.0058776255460799565,-0.01011025752578365,-0.009901019370402775,-0.0074841365284221695,-0.02835807357229969,0.0,0.023484988209078628,0.00893803288589945,-0.010824765942015202
2023-09-08,0.01304619477691138,0.004237288994295874,0.012535642976043482,0.015460400760371362,0.016202284210953932,0.0073419079211947125,0.008280184487981401,-0.002611624610477592,-0.0007672608512144796,0.005570861711406305,0.002857111397764678,-0.00842010573368146,0.049155062515530146,-0.014373766404389143,0.00254950814214161,0.003796727561999891,-0.010647878640951514
2023-09-11,0.03176928763687026,0.005107627347121335,0.011522564439270466,0.011072551984592227,0.010204033461258533,0.003936042094622394,0.00395999344895559,0.032461625001408034,0.005781403022949494,0.0,-0.0009495331283780883,0.006717384779518998,-0.008052696760677436,0.008333418023329209,0.019109123965369346,0.018281155230412738,0.014648515267807527
2023-09-12,0.0017666781849798863,-0.001546656949239944,0.014057120647027022,0.012320357345862787,0.013888862927155188,-0.012124156949664733,-0.011539824561995649,-0.019183425680366017,-0.023958091092429967,-0.004638153514186949,-0.005730740151373093,-0.00453225233708765,-0.0029521125993341446,-0.004132234584192984,-0.0010696933416080023,-0.015063986572098176,0.002946469549024444
2023-09-13,0.006390162017653633,0.0,-0.002390008680425715,-0.021298173423823674,-0.023038540408383157,0.010509278382958787,0.010122652567932544,0.01127103521930617,-0.051646061679990196,-0.02609516252536781,-0.02545634223677251,-0.016441249335642172,-0.010362726992943716,0.011064860950663835,0.009921036948577822,0.008170948732430405,-0.005287968135417986
2023-09-14,0.022690034954920613,0.017260572458812407,0.011978955316101603,0.019689079124841635,0.020713793761335753,0.010836427999305398,0.010167577936839312,0.021831962601977395,-0.028502796062859215,0.013397182928587492,0.010842774436131464,0.007972319077970802,0.03528534255515714,0.030095710418541755,0.011448817674181822,0.00027703855613547823,0.005316079393858031
2023-09-15,-0.0031599415305553213,-0.013704722777873712,0.013020753286764553,-0.007452558483685201,-0.004683120417162567,-0.004964324355953842,-0.005068814881343586,-0.036603537752712856,-0.00886413004394393,-0.009442829236955719,-0.011213885276114333,-0.012501537495101078,0.019579385191075716,0.011288154406968065,-0.008314998899429327,-0.010318492363947884,-0.007344088024900386
2023-09-18,0.017368006624143506,0.0066168344775257015,-0.006543745853151206,-0.004436785937445675,-0.002823055985037848,0.0047722425842460225,0.00589521993226505,0.007459025182641632,-0.0063989926908194494,-0.016682643348504667,-0.017751537899563186,0.0003876801763320614,-0.03271683122387814,-0.009192172504006946,-0.007890933765206887,-0.011055921842884953,-0.007694632961237735
2023-09-19,-0.013275444154869143,0.001971802831264746,-0.03622664874830628,0.00822758181659955,0.009436827308606066,-0.0009355495067525643,-0.001230000647544749,0.008329249619644763,0.004563902419963073,0.0004846958488731179,0.0015060454758573094,-0.008652027108714822,0.0,0.007952070369992903,0.01178904875224518,0.01825516024643381,-0.003877114941748361
2023-09-20,-0.0033578973328608486,-0.005029643030765585,0.007566588659508877,-0.02312144060046517,-0.029292545246287882,-0.03054100989282582,-0.031150443623409352,-0.0177008698611123,-0.024987326866705573,-0.011627724940057704,-0.01403512373467064,-0.01603788161388653,-0.026470705777740133,0.02235373682595454,-0.002807628504058357,-0.022166648323463045,0.00598793320628177
2023-09-21,-0.0030122633444178426,0.004395811352279511,0.0020590093022843092,0.02993383431658536,0.0317818006368642,-0.023998796025970104,-0.024674827761913876,-0.013147894629460533,-0.005565626369224974,0.012745031340405166,0.012709725592275234,-0.002137615173859908,0.0045318433400127756,-0.015433954887539958,-0.014640887035939687,-0.03396815476003301,-0.009226183389468234
2023-09-22,-0.0036032761352433607,-0.008752747847629139,-0.01788940397061234,-0.025008408251422365,-0.02458000103425184,-0.0008374731107458899,-0.0014564350207140198,0.011328087304316226,-0.011297719960016939,-0.014520701892967391,-0.012048168000386106,-0.012719405473060386,-0.04962410522304317,-0.012410163348652858,-0.00457155932497566,0.016919251217088815,-0.00030051910839790086
2023-09-25,-0.011657425801347765,-0.009492302580196066,-0.002953960118584509,-0.00311957423014253,-0.004465724048917208,0.00700959394748879,0.006602603433178755,0.005851090001360859,0.013138162832668554,0.004911425690163673,0.00558937797198622,0.008950594689233426,0.0015822153211908496,-0.003968404962164884,0.004736165358678823,0.0036891962280858337,-0.003605701332563993
2023-09-26,-0.025680623778702172,-0.014040597639770058,-0.011850264595491433,-0.00764949669471926,-0.008330699117673701,-0.0205797459181567,-0.019373118486628482,-0.006215957473481026,-0.014423085025419558,-0.005376239741285982,-0.010106126548508287,-0.012634475306374737,-0.015797711136361636,-0.0026558967004244316,0.003214236999831588,-0.009873838682432412,-0.005126462086978423
2023-09-27,0.010962894648369081,0.008137629418871528,-0.001873790543992948,0.0031534588000872166,-0.0009692948217537856,0.01552730510133582,0.015322397065131277,-0.004081023626296032,-0.004377069731058003,0.0019655549151116336,0.0030626316332296177,-0.0009526882184947016,0.02568219984638076,-0.009986804155731499,-0.00541111692034324,0.002911587438256147,-0.017884295935943872
2023-09-28,0.025517966904954337,0.005829430950230918,0.0028784998867430467,0.00803349814148202,0.007115186295002296,0.012703693210378564,0.013559379634899393,0.020890846042868727,-0.0032574296886483944,0.019127067294708144,0.016793936314228652,0.008992933935401792,0.0031296872407922116,0.009415088482584322,0.0,0.017564219700870964,0.004629523641267896
2023-09-29,-0.01048416924704565,-0.011591493831890731,0.011481344435619434,0.0006929680280332029,0.0019268880434815117,-0.009614777183613032,-0.010959402338038382,-0.012337218868730626,0.0032946309222776637,0.0043311478539427295,0.004004126528524221,0.00580674887593946,0.006240391252494648,0.000666185826027732,0.002505688689891983,0.0013552242905996437,-0.004301053693660628
2023-10-02,-0.0030012443777840403,0.00338282645586907,0.0076494818857084645,-0.010733977795264416,-0.011218078293093736,0.02518012590413421,0.025294274898433944,0.022018129042009837,0.007229942707810855,-0.0033542261682804053,-0.0029909722511857195,-0.015037754167262718,-0.024030939907740967,-0.023302319901121193,-0.0056411258921365,-0.009900985794511818,-0.020055488783492947
2023-10-03,-0.014435545204710687,-0.016968218584699435,-0.026080482643811465,-0.018900884643072824,-0.021069718813624627,-0.013834494308169298,-0.012968533135677363,-0.019164370860010105,-0.00941292299001728,-0.0317307138909958,-0.028500111358270575,-0.012131863534073473,-0.04765695026785133,0.0074984166345628545,-0.020321691255909657,-0.010359729794289563,0.006926906401165889
2023-10-04,0.0015502762555001937,0.00046032255407024714,-0.002765986136532006,0.0007134168641178551,0.0036424099476282112,0.02228061281853977,0.021218835224701804,0.015418255695953897,0.0003981258116041442,0.021350542865534727,0.020071938792204813,0.011453124429814165,-0.013344504931807943,-0.008795714264226873,0.011947680053902676,0.015048032574564552,-0.01375858183655676
2023-10-05,-0.002448936252569145,-0.010352128544415584,0.018784764969707934,-0.0024954965855371603,-0.003629190946423222,-0.0020545288876866463,-0.001257240265357673,-0.0025853108765303556,-0.011435387942782982,-0.005347678597248828,-0.006054380796641556,-0.0053205166603882414,-0.0135249047614181,0.012286623002687902,-0.004563629384937595,0.004082160320112216,0.00887757079962559
2023-10-06,-0.001435905134421045,0.010460416116683469,0.02635822973249824,0.0053609313766389555,0.005960265593236258,0.020148446739303827,0.018582862833350644,0.03490933765719162,0.02394058167812907,0.025415505033553165,0.023350323456477584,0.018378792662669285,0.012853429060771582,-0.007009307601779313,0.011642495593529034,0.005064242006576514,-0.00978957475932174
2023-10-09,0.0261156175665338,0.014262602683823733,0.021219933415121517,0.01706367306945067,0.019749816041206847,0.005549989207799255,0.006105501534856561,0.009288862402759834,0.011637971030259209,0.0038131570665549397,0.0034722071069528404,0.008754221469829071,0.011844536308553755,0.01937700870291903,0.007984077094455255,0.015754745319761065,0.019448764862257883
2023-10-10,0.005198652238060264,0.00861855823354718,0.0034239467612742214,0.010835345274588848,0.009360904023399508,-0.0021503915976277543,-0.0026008281341253214,0.010931218093669592,-0.03272445778816946,0.021367542301923725,0.02026680106529155,0.005073250582665612,0.03929763183186874,0.01561457902478769,0.01619793204877773,0.014741846841122674,0.009856997291685765
2023-10-11,0.011467903601179996,-0.00517183312007341,-0.001647385750747521,-0.0038036905671636756,-0.0025583348704300013,0.01795980199214009,0.018035700079876316,0.018580481622306744,-0.019795409120449303,0.008833093268542314,0.012596954159702856,-0.005844697527311982,-0.02333072342773279,-0.012700569535486261,0.004985768309567318,-0.0033737639399024077,-0.00944590034075743
2023-10-12,-0.004757491026616378,-0.007685335001755944,-0.005892540041895766,-0.014231187028492243,-0.014107121904615605,-0.009950628948798168,-0.011241459581379787,-0.011164676322804268,-0.012925958300300189,-0.00368663751550824,-0.004306188396208888,0.009754158238310495,-0.03377266228638043,-0.02166553584127695,-0.013834559622054043,-0.0216235225064767,-0.017482441589142028
2023-10-13,0.0035516359093628047,-0.0020502694397469545,0.0,0.006338287662517539,0.006504058673579172,-0.012189030937180156,-0.011584969113325738,-0.029214003028412816,-0.015282340939951178,0.0050878725128298274,0.00480538815251963,-0.013497377713273528,0.014492728934582422,-0.006228410924157712,0.003755092684556427,0.008544038663932607,-0.007764538588513337
2023-10-16,0.01152986693976965,0.010043365636640544,0.016123171623979138,0.020993539857705468,0.02164783946365434,0.01378295573830779,0.012667129743122674,0.020528182558474883,0.014451190044378226,0.043718414394897875,0.04686751233328579,0.019718214691530456,0.03025223771450447,0.0034819320528207687,0.011082101573357095,0.005320972464418761,0.01891105717965491
2023-10-17,-0.0038948607849165207,0.0024860533742021573,0.005717001669444111,0.007882146452419914,0.009171435730843891,0.0035590212488731954,0.004457411405750733,0.008874469352707415,-0.014134530399590672,0.013668467798566342,0.015532101684363031,0.006840381742313273,0.016313131411911375,0.011797399631996441,-0.003281132045454105,0.008844657043324933,0.008319888775823792
2023-10-18,-0.009631495586519545,-0.007664544822827524,-0.017633453372074115,-0.01326070840344662,-0.010968414642731128,-0.01212883718496216,-0.012596715903854139,-0.02169774425402582,-0.02679071046326509,-0.015659114637331273,-0.01529454525228846,-0.01580887155784083,-0.021669318533449666,-0.017832719965336974,-0.02157325771231433,-0.01629159602656327,-0.014598541733105264
2023-10-19,-0.027770369387122962,-0.02158111822886799,-0.016887002963289044,-0.017574142866237263,-0.022496775644997635,-0.0021540090480103302,-0.0015221988353666394,-0.013124151616890956,0.16054763975038244,-0.011930887948725433,-0.01233439727477037,-0.014735003314492512,-0.03363421676639056,0.06564252962527961,-0.013243577651225746,-0.015578955934758776,0.017069339378149806
2023-10-20,-0.01427031291527836,-0.0048758739818610675,-0.007207249103134639,-0.00736583593955642,-0.007455476371156289,-0.016117291303786918,-0.015607845242208818,-0.013298685582784797,-0.0020160158994940724,-0.017889267214448945,-0.018963892462260712,-0.0037727491297723237,-0.023768915997758544,0.007863694807325183,-0.006166541682573468,0.002138601756261904,-0.00031682433396018617
2023-10-23,0.0014430236843827604,0.0018667424948526357,0.00544453516659793,-0.008127314422052612,-0.003918964741436826,0.008482975135485793,0.006637004529294055,0.017365792781465217,0.014664740290246447,-0.0031876486371255064,-0.00518618422516548,0.022180160437826002,-0.026956788722663938,-0.027958419167740445,0.005474847612406908,0.011310259760854535,-0.005701534730314872
2023-10-24,0.002114959642422143,0.012109903683166223,-0.006498044327565178,0.0003562354393173983,-0.0016393264381092676,0.016098869872225086,0.016923283177649573,-0.004649551741054969,0.01693547888029956,0.016902893085966708,0.01706148399011642,-0.014421781341925954,-0.003574567295213771,0.038795982355070535,0.024176084853746893,0.0036576231213212296,0.0927046846425259
2023-10-25,-0.017278124718219545,-0.016337118271305573,-0.02386146164212355,-0.008902996586716894,-0.006568137793140472,-0.09598913589182412,-0.09509410679141372,-0.04165719853951,-0.005994273851238852,-0.04222829147047347,-0.04240447517520063,-0.0013425508601589975,-0.01883409220960508,-0.021893248962183476,-0.0005673258962486383,-0.03938604682199287,-0.01778425112442028
2023-10-26,-0.028367165930189064,-0.0842103818270512,-0.010050884696960027,-0.01401363262438049,-0.014876131962946126,-0.025499314195582934,-0.02651071209188971,-0.03732522717627795,-0.018747718138535374,-0.0037522554572181344,-0.00243299835516142,-0.0014785430127246535,-0.0036562528682201334,-0.004608114683926523,0.013263406513666087,-0.029401136811450956,0.023152437971600826
2023-10-27,-0.0964513669312077,0.012515965771507265,-0.005640593731965682,-0.012026247929423417,-0.01208040647968589,-0.0003240011881915361,-0.0008996366873642581,0.02906196307418396,-0.014050684975146388,-0.013653591471456394,-0.013658667637279964,-0.0039042009916985254,-0.018348625535074325,-0.01984133946368727,-0.020019660973461972,0.010447981507778037,-0.029881159111101674
2023-10-30,0.04784942955099125,0.02043397500921218,0.017017573147384057,0.004057351596065795,0.005095053011280992,0.019043688866537067,0.018744397819056458,0.019984423060303236,0.030688433653824676,0.019570472208151113,0.019782613664959037,0.007163195359275232,0.02803738579555648,0.029689680407907204,0.011214525603053582,-0.008033821551045817,0.03528697877414633
2023-10-31,0.033350437165494684,0.020766315565820426,0.011279112511500378,0.02534919715915329,0.027036200430714086,-0.0035785300202956227,-0.0030531357127704384,-0.004592711653853221,0.0039260461464143415,0.0037453197172916397,0.002909742923999925,0.005233524660678279,-0.010909110065597027,0.00917431060854601,0.01617544735497911,0.0029995791389305637,0.014731544702221377
2023-11-01,0.009210581144712293,0.01283586968226258,-0.006373335514262779,-0.000358348534708508,0.0023032342319064814,0.018116474509388025,0.01910060853072748,0.03511805598913642,0.020646659265028955,0.00233210174780063,0.004835595779048019,-0.005740309256513476,-0.007352923620726481,0.011688096480715782,0.008272117676850543,0.0004485798773363747,0.007685660684155993
2023-11-02,0.015030344160738451,0.016260235436491577,0.027383807073661615,0.01971325389021339,0.016086757207895985,0.007917367132967978,0.00822459584787949,-0.003142527279808127,0.010757030235689857,0.02838513561556555,0.02261781637782323,0.028463937942196926,0.1037037317994145,0.009627974789581328,0.009996500472486014,0.027576433067270978,0.014124249500258257
2023-11-03,0.018152271637364104,0.016000176731812532,0.021371017379882673,0.03093153028049689,0.028109868719801145,0.013921023217039252,0.012628574473362741,0.011998718150841414,0.018012276083803958,0.025339467426743312,0.03200015124627664,0.013707712022418272,0.15436254380329983,0.009535812433643986,0.006757906233243016,0.010254572088068237,0.0033426131392229053
2023-11-06,-0.010497187161216393,-0.016674395392703656,-0.012342803546230852,-0.015683669370491482,-0.016341932013567817,0.008284260389677778,0.008907762647628825,0.003814239920368445,0.0055046480263292175,-0.00882617188288548,-0.012312075593246763,-0.007598180009053879,-0.07776182056566372,-0.008186362904963218,-0.0010173652828829871,-0.032683092831565896,-0.010549783787478284
2023-11-07,-0.006543182922372548,-0.009891739105660102,0.006784092648095319,-0.01316244854780213,-0.011501598814183334,0.0072271957985801105,0.005528049799872425,0.009563219215500185,-0.00029904054315865736,-0.0102403779195962,-0.010618503782560018,-0.00519077642227217,0.011820529753980846,0.005714319917421662,-0.0014252173170493654,0.014809894808945456,0.008417624170721894
2023-11-08,0.001210712350958154,-0.012369263548816178,-0.0010638223651070478,-0.010179085828324164,-0.01325143830305442,0.006495335436824234,0.006642401209924653,0.0030108673569102518,0.004693918392281615,0.003149019559769428,-0.0009334360109911621,-0.012914165334959371,-0.07943942105110813,-0.011994913232778126,-0.003330289766405259,0.052141394679722675,-0.004729949946473133
2023-11-09,-0.02181488655215369,-0.015414281440198407,0.06911220853530553,-0.01773043345826486,-0.027841488269029657,-0.01178146756634546,-0.012136014496385794,0.0024080290869659127,-0.0034352804931595537,-0.00807186027862472,-0.0056046645995960764,-0.009118721787952477,0.02622691584595027,-0.001278025091906665,0.0017048540625004271,0.0198648224664848,-0.004193578580404478
2023-11-10,0.013227528597497429,0.02519581785596503,-0.02291335874248812,0.013718336197455772,0.015161693718649838,0.017996696398765888,0.01804374311720003,0.025643308434045498,0.027783514897087747,-0.015370645332148714,-0.017379235824036776,0.010136237426696448,-0.002473231573942969,0.0006397601313297141,0.004901443971971231,0.010661546476942618,0.0025266021903416203
2023-11-13,-0.008296512815059498,-0.010021444983240646,0.013254909994393715,-0.018162383820456984,-0.017922273833051783,-0.0031328274727345784,-0.0037710083935985628,0.0012776054878980148,-0.005858090256264714,-0.022038664251122886,-0.022466363846116222,-0.000396051544562237,-0.008264545381057142,-0.0038364570445004187,-0.002709754856553892,0.014944491358581224,0.0030804714406140743
2023-11-14,0.020742581628945267,0.00915875431628499,0.01822445311200238,0.019949285761790225,0.016897616930557913,0.013394222765326314,0.01158313540452749,0.021628828662347832,0.009063916639147296,0.026760632112795113,0.024938751260021652,0.033284837624390384,0.04333335359308155,0.0032094187416544795,-0.0013584497734426826,0.02205341887771195,0.001675102856913302
2023-11-15,0.006653191085695065,0.01576323059927698,0.03140431114042341,0.012091031295088372,0.01262870840265129,0.007014690074671259,0.007483763391016307,-0.01070460151402286,0.029622166855098664,0.0009143393201953565,-0.003816817332059519,-0.0007671057169981177,0.0519168165199948,0.008317302509827762,0.0012925065730617913,0.003520264448551913,0.0033444758576059996
2023-11-16,-0.011374520906550334,-0.0028215745967647976,0.006174903865051373,-0.011243877225721732,-0.01279940120245382,0.01701118756422293,0.01715927690285346,0.004448460647186403,0.010845552410177817,0.0036547276525409345,0.009099684628327998,-0.015351100000708828,-0.031131220442493168,0.007614212668361153,0.0019701635406905726,0.005911417745077419,0.004999991435763684
2023-11-17,-0.01247424929235219,0.00023564575184664704,-0.0038090599326010555,0.01030569185096164,0.00930847486011599,-0.012689134853319795,-0.011830686392651946,0.0025436165008967393,-0.0022272211635598893,-0.0022759313350594335,-0.001898491647414291,0.02715339995593391,0.03369916240687365,0.0012593767272510714,0.0014914466237945234,-0.0029706599660039856,0.00138163998166152
2023-11-20,0.013146885433107824,0.01225856656216906,0.009346813735527704,0.007386562925812967,0.009222626275288137,0.007156343760960082,0.006946877821151665,0.014714479121699764,0.018372625618872096,0.011861342388678864,0.011887701840498366,0.0013915253726131116,0.05610305914220404,0.012578685295014935,0.005348369799458075,0.00965091974256449,0.0138008668847589
2023-11-21,-0.02566214633749908,-0.007918216101861941,-0.0061034264526306226,-0.012220646419775383,-0.010770182842953613,0.005075432916725964,0.005284500637187994,-0.008794765266463611,0.0010116622149669574,0.008566444797279305,0.007988805957154677,-0.006315516216781392,0.009332254035496534,0.005590095774382409,0.0007407055182235833,-0.0008981228205227065,0.014157612569947853
2023-11-22,0.0070069258661540346,-0.0028169387182054306,0.006564302942193345,0.0021208605650191448,0.001649602646345505,0.010099605960912195,0.011097235739588207,0.013383472631832705,0.006421735172858822,0.02101032134200409,0.023310052980864526,0.008770561222007034,0.007112305180482448,-0.001235262617550248,0.002018532225134706,0.0008989301702226893,0.0026845794767831332
2023-11-24,0.0015791913007432434,0.0023541687807786538,0.010413399856858296,0.0031745929750222057,0.0036231490656735144,-0.012855200587970517,-0.01299723297705846,-0.009546150591019154,0.003263641154135799,0.004378050652301457,0.002733435284442587,0.009198605652521508,0.0035312504409916734,0.0024735129653175036,0.0004702073072133661,0.00282269968965565,0.001606422854251166
2023-11-27,-0.022368981054096904,-0.011507751412046074,-0.009265083674017238,-0.007032364961952586,-0.008204767615801467,-0.0012303037178574838,-0.0020483053417428287,-0.010436946026188387,-0.0008132759988602745,0.023103856622055607,0.01726474244302567,-0.011112416767464883,-0.0042225613839673715,0.0,-0.0012080899693630576,-0.0003198762117129217,-0.0016038463987415597
2023-11-28,0.011213618204053866,-0.0052269456830483785,-0.02805493660769498,-0.01274797496794422,-0.011912576786697104,0.004129160709340329,0.005791202553079744,0.01281744919230876,-0.0003547444765027441,-0.008095351125871564,-0.0026795451140524396,-0.0007576046675316084,-0.01696095015382426,-0.0018506080646640832,-0.0028226816251968323,0.002623589890005329,0.003212784562687254
2023-11-29,-0.005955828945514274,-0.005731995648474264,0.0,-0.006814813257582708,-0.009377123032547674,-0.016015137074732344,-0.016107832399681832,-0.02003001091512402,-0.003778700419489245,0.005154599092543677,0.00044777617165259187,0.008213518161979572,0.03594521913638338,0.00741656315636785,0.007885040897214424,0.002106215512388765,0.007739430478362452
2023-11-30,0.0030835071575541217,0.006245596443021029,0.0020539951034186377,-0.0010834439946482144,-0.001352183603350765,-0.018181787383395265,-0.01822358111929323,-0.015201695523118341,-0.006747886563942651,-0.015384662735860588,-0.013428669501400425,0.010527403424973159,-0.002775739534486399,0.0165643824384607,0.010409747385007773,0.007579150901469767,0.015095314636523138
2023-12-01,0.004348562250123145,0.007639010937086965,-0.0011867443567245006,0.021692024437898416,0.022342475119491167,-0.004480097204686673,-0.005055548149109801,-0.007122227228465006,-0.01736392721064639,0.004774212527395072,0.004990701002316689,0.014634824411886349,0.09812109459437934,0.011466604586681584,0.011964180950855718,-0.0022756044076874815,0.00652261369767948
2023-12-04,-0.006793193077163973,0.02061125951233178,-0.006156915935718099,-0.003184703111146381,0.0016556765371071869,-0.020177163534859655,-0.019641778428132084,-0.014777207871143783,-0.025421949784156794,-0.0030237071047657382,-0.004063087518607511,0.007089594474375183,0.010773175001918434,-0.005966651736847295,0.0036122447951518755,-0.0017739406094351429,-0.013997099851488115
2023-12-05,-0.08703717862653315,-0.034122564279345236,-0.013259279075073849,-0.025204192563720085,-0.0254545943354495,0.013473274013131809,0.013305552857875602,-0.005405896279710221,0.002753910590016506,-0.01559788534354567,-0.013145945991821395,-0.012015919054769397,-0.027586293728791622,0.033613377368702846,0.00785362679278534,-0.0050774502675421385,0.009989267837926752
2023-12-06,-0.006641006999697385,0.0019226037802493323,0.007820188702744701,-0.006190819496516897,-0.009158786265302421,-0.007251390737044949,-0.007405412620117624,-0.0026392464369641155,-0.01849937526631218,0.005281820914828428,0.0009185890386367301,0.006756790206986052,-0.01869760908457807,-0.016260226259624644,0.009740249634102582,0.0035724217721786466,0.002082404290066675
2023-12-07,0.01845403744140328,0.011513378535680907,0.009289600145578891,0.0014657417955172836,0.0041082728643555555,0.05341281380609697,0.05314553154061663,0.028791806237780104,0.0117968442523666,0.004378050652301457,0.00734286307039822,0.001830197802738187,-0.01248356833553843,0.008854814510149689,0.005530413523798572,-0.01976862741903007,0.0038960975789739116
2023-12-08,-0.003010947371871686,-0.001659871757325404,0.008365060999514506,0.024881068743537682,0.020797860383854783,-0.013073511900490442,-0.014167664875440633,0.018861690675625598,0.003893776211801425,0.0,-0.00045552812297533496,-0.0019487468433971866,0.12109130290966608,-0.00994724173001349,0.0002558850757174991,0.007197980429448636,-0.010349291467629751
2023-12-11,0.019262732485334055,0.013301588189966074,-0.006679595242622072,-0.01392357842306613,-0.008350139803016576,-0.014198014207934428,-0.012593634646976049,-0.022449088159605668,0.013509321443565758,0.0069748052037093,0.00592518662986774,0.02575069302937849,-0.0362017831250262,-0.01773036573183584,0.015665069190317737,-0.01776982768139901,-0.01516345385748763
2023-12-12,-0.020206623136304058,0.00023437065184239714,-0.012256105849988819,-0.017016640477955147,-0.019871928394679772,-0.007869299372089023,-0.005776871112454729,0.027483744780778308,0.006762504831723248,-0.002597382680233684,-0.0031718009978086714,-0.001071081537642793,-0.05972922500323763,-0.012635475495393012,0.010009375868520243,0.030414259726678106,-0.009822205184855104
2023-12-13,0.033482287981980496,0.02343569916059951,0.019325855392701152,0.016942912527439846,0.015463816476499748,0.0024693253407597204,0.000377427926900209,0.0015560429697401013,0.03667390690177608,0.032118090244022124,0.030909149738425068,-0.00035717667636303574,0.0301244688011435,0.002437604642450797,-0.005547363023176932,0.03765902216203254,-0.008310816300627466
2023-12-14,0.01202055485758824,0.022211986939816297,0.011957392000556899,0.01412529579649835,0.01759736949265589,-0.00574741321564709,-0.004752147692353437,-0.004690306335431327,-0.02114670124621809,0.026913301190921723,0.027336878262318676,0.029786694736193553,0.06568883801377279,0.01215791941033606,-0.016797215422773015,0.004720477535005818,0.02379019449314268
2023-12-15,-0.010367041620074735,-0.003584209819557871,-0.005109607160229679,-0.01250011756871161,-0.00964412417055216,0.004804746810924243,0.0050021505336173,0.00525259099793951,0.004746388366907217,0.004504576315391695,0.004291850882036652,0.004280970864978251,-0.02633154299470908,-0.00780777463214577,-0.0045897346601666555,-0.02251511657299643,-0.013203081551254381
2023-12-18,0.0104230306872235,0.00494619365332527,-0.006419937548716614,-0.0007232932731505715,-0.0043654306938827325,0.0250299256338935,0.024132680603905943,0.02896198526296656,0.029784311142752484,-0.0032612345873377357,-0.002136754808010899,-0.005529971032794179,-0.04671179857897767,-0.0036319610180798323,0.0007043232842851577,-0.01017471694802874,0.008027755614093746
2023-12-19,0.006434058216874927,0.0,0.01152267747154001,0.00977210018742558,0.010118133770432358,0.0066332267635245135,0.006259259549139529,0.016656208873806477,0.018308224277709284,0.01635984363513443,0.01670242649857423,0.00417039535744812,0.019987086877191418,0.009113033906788859,-0.0024955559573077712,0.005234196467990282,-0.0026545877850039368
2023-12-20,-0.013303614053568058,-0.011185644599669087,-0.0283189306407855,-0.01577064569506459,-0.017028392055381092,0.011295836844901874,0.012367378041906907,-0.0030826867025339766,-0.01161570796535194,-0.015291893421247593,-0.013479441395597536,-0.010959803142734925,-0.02022742825270063,-0.01264301789925526,-0.008532975827010958,-0.009033796974624253,-0.007186695112912367
2023-12-21,0.0060070524568203165,-0.004072400639174023,0.008217328231397536,0.015659123184285084,0.018002721786839482,0.015323135482797845,0.015035533614407237,0.01377127327361305,0.004782659238686815,0.01389467152965329,0.011955708568965662,0.016464799134934482,-0.02774199194436433,0.005487704249897751,0.0025235376467935833,0.015383594406798151,0.0034855760473428976
2023-12-22,-0.003702676309810471,-0.00045446453987108004,-0.010867138795445097,-0.005019696681191177,-0.005338811225842011,0.006488075846875496,0.007619827633774889,-0.001976905040308008,-0.009865556381608132,0.005239913126042328,0.0042192495670401176,-0.004049476993937762,-0.0046450750784290396,0.0036387683788117187,0.005034886537920613,0.009726276978179405,0.0016029283354788149
2023-12-26,0.019393346418723256,-0.001590836159981901,-0.0007690812946934411,0.003603719057475807,0.002348312388851026,0.0007005528766323987,0.00021218723340510337,0.0040748042591221,0.009101010875994131,0.014434530859405825,0.013865580785848763,0.007202749579688916,0.0013333578554677317,0.0012083265442377478,0.007192739307658957,-0.002037677290973705,-0.0002670622241580656
2023-12-27,0.005237505891968919,0.001365878639735696,-0.00626716673148886,-0.007540536149702959,-0.006024096783504018,-0.00966271679448838,-0.008126168129185318,0.008454644662339028,0.0012215512108300075,0.012252921761503943,0.012018298403047911,-0.0006922755475656794,-0.001997307262203152,0.000603599514500619,0.007077695610388179,-0.0038979683396639375,-0.00453536003864663
2023-12-28,0.0021709303901649157,0.0029551105177882953,0.0002212067404792073,0.002170807955779841,0.0013467866669714113,-0.0011310722850589316,-0.0009975225446678948,0.0013693184061911445,-0.0026027809537402247,0.008200011385737671,0.00859947112122561,0.001038940469095584,0.010673712491569676,0.009650179664844716,0.006394843172566667,0.002981525008764807,0.004824373876580079
2023-12-29,-0.009454934718408303,-0.006119729015583664,-0.0012167584354485506,-0.0018051834420365065,-0.002353773099007861,-0.0024774175372552776,-0.0038507226792022786,-0.01216774289885647,-0.007400439789476576,-0.00387291168430004,-0.003248091357349936,-0.0025366657702583506,-0.023762353457028706,0.002389616914129089,0.008681974603872211,-0.0032204388959542474,0.005601240279854869
2024-01-02,0.0072810979293302935,0.0025252013156040753,0.004651796323074331,0.01772161616372836,0.01921138235451636,-0.009720713914726842,-0.010880934088818628,-0.021669142257066953,-0.03775060100207883,-0.004276970730453633,-0.00529525886140414,0.008553866411530331,-0.02636911440431844,0.02800936452376246,0.00985469254202398,-0.010500170695559086,0.03129988990524235
2024-01-03,-0.012362382103047742,-0.008243553447559893,0.01036261097053659,-0.006041289474554512,-0.00793655197137344,0.005731872469065813,0.005427682664348454,-0.005255656978903178,0.0037567237603779446,-0.005076078086095448,-0.004914074768815224,-0.02590243563520367,-0.014583323967625184,-0.0011594837266211133,0.0010499373037720083,-0.005399978902514979,0.00720147760692913
2024-01-04,-0.028241169598157256,-0.015700838206304746,-0.011893117016420485,0.0007152305597353248,0.002000044084269348,-0.016528825854834173,-0.018211791104074226,0.00769295184976615,0.009377749930562285,-0.0039247439233505155,-0.002469171075690557,0.0011764844200072844,0.021141755588430566,-0.004642937032719341,0.0013574042810138298,0.002904082901466598,0.0053626069902845686
2024-01-05,-0.009447738637308745,0.00961778970808047,0.00375451256033843,0.00392993076072079,0.002661249302462032,-0.004708812729539158,-0.0048391718236349135,0.013914613497050032,-0.0012851207194554126,0.007880263073227534,0.007838422898950093,0.00928426428128537,0.011041955457998132,0.018658761311056704,0.006592734317483417,-0.004091614591382631,0.021082165872452263
2024-01-08,0.01792042636056168,0.016031555740908532,0.007150637614051991,0.013523056943155476,0.013603169121615633,0.022854848047672682,0.022913277573457957,0.01906509667123113,0.02314053417351203,0.00820962821386062,0.00859587096757708,0.027247426955636422,0.0027303575610673203,-0.008586053291809836,0.00024490532853937985,0.002085750320853119,-0.002487520358172013
2024-01-09,-0.027080555065996936,-0.010290302291152131,-0.02053523513047273,-0.010884735520449773,-0.009492532595730241,0.014445223153482178,0.015197180240514863,-0.0034294504767832246,-0.00606145451313711,-0.016285407099326465,-0.015827831814594906,0.001926928856729404,-0.031313784079927576,-0.005398295664123198,-0.0012852426007857742,0.004289188617177642,-0.010016583438135496
2024-01-10,-0.004367720397012498,0.004621099952953012,-0.004237693605865456,0.01171452868100853,0.013549157550647895,0.008698075266411198,0.009436159343369388,0.03648274994231415,-0.007799362225721418,-0.00197084209440046,-0.0024742619576393343,-0.001809986892126414,-0.007730149346157789,-0.004719922101845131,0.000551415209288697,-6.277167918167237e-05,0.0010245874525374177
2024-01-11,0.0016893599923364366,-0.004830026584482838,0.0017919594778230685,0.004210605593107708,0.007499296866502414,-0.000904168139068573,-0.0014057166242447128,-0.0021594854861917145,0.02905942308296572,0.0019747339832598687,0.0012401995574045088,0.010427169077956489,-0.05453259049183956,-0.03793722853285708,-0.006858850429934393,0.01463467416626063,-0.03019422064392019
2024-01-12,-0.007398947981151149,-0.006470911984798877,0.010061391093021621,0.004542132672117782,0.007766969328376394,0.003967637917954514,0.004011780233848405,0.013038751661614612,-0.00014220932375474948,-0.001182566636858895,0.0008256682163312323,-0.004374728254904925,-0.0014981548345482931,0.015403719195552279,0.0022815460992320347,0.0008666546704658717,0.017414256714538556
2024-01-16,0.009427247188121601,0.002326293088521947,0.029883850903854592,-0.010434704272907602,-0.012524138396175943,-0.0011093290321382288,-0.0011216349197659126,-0.018772299581420127,-0.02218788732846322,-0.021310172558180906,-0.02021435503213942,-0.0036051653053053023,-0.0075019386365043905,-0.0024271677861134044,0.0033222202714124904,0.0012370869377285043,0.018931334524247
2024-01-17,-0.02470545201170027,-0.01717345017133287,-0.029124275703089175,-0.002460549635270981,-0.003577261157139744,-0.008259289696382122,-0.007158222058285868,0.002476518524333393,-0.0018909401178779373,-0.011693485216335286,-0.01136849981392729,-0.008932587226493482,-0.01738460063002112,-0.001824886957388916,0.007296930721289341,-0.00926612277461858,-0.010689656749316323
2024-01-18,0.014781198371399018,0.0044863598650999315,0.020699673625479864,0.007047442626324951,0.007506575017561801,0.014696587910947745,0.014207772724416978,0.02106568031161804,0.010367815337936959,0.0032640546340800825,0.004258865958060021,0.003308434651076775,0.008461386949773608,-0.0006094953900050992,0.0037743601276296612,-0.003242326079494151,0.001800782993342187
2024-01-19,0.017967407844947436,0.019040898071044587,0.009218068407573776,0.005248246398694034,0.005183033193101982,0.02055315737143526,0.020211990568224536,0.019461707144433404,-0.004862872589531109,0.017080060075354675,0.019084159818176794,-0.0006820408502984376,0.0221206231651927,0.01646358370615042,0.0016374846576661106,0.020267768552443277,0.01001564071504557
2024-01-22,0.0055240845035096076,0.006228406702317502,0.0217064727672871,0.007309501593939505,0.007734430010644333,-0.001757062550344135,-0.0026642855977778712,-0.004355340132892183,0.005714897753945403,0.007596954369241127,0.009155135502189715,0.010241006323061796,0.02611943654158444,0.007798370524506826,-0.00472263801344841,0.008154423804383581,0.006356309432292706
2024-01-23,0.014712637925102356,0.007565388258768291,-0.013777891360055028,0.00829297062890566,0.007994922720334197,0.0065667691572914855,0.007192149506558554,0.0089579563892912,0.013341348457140967,0.0035714782275544366,0.0024741011137234814,0.007997502117132127,-0.00509100238285598,0.023214272185978713,-0.003893436826523322,0.004378770618343353,0.06695290552528843
2024-01-24,-0.019147474433550138,-0.00341306643404804,-0.0028793753033677927,-0.0041123475266844345,-0.0034898096880764395,0.011232154432643915,0.011289623050668496,0.014278206278657724,0.10703178756681098,0.013443918864365356,0.013163388989440028,-0.003799351583036792,-0.023391734102804818,-0.02966847702198605,-0.01062667388142391,0.004541326235047327,-0.022495609467404032
2024-01-25,-0.006246822027282772,0.03356174249439259,0.014545488709915455,0.02236741323057312,0.022922636823424103,0.021882442012174153,0.021317789707320234,0.006347721733731104,0.031438715043434984,0.0019510011554568774,0.0028421294259213248,0.0205271399503002,0.04491018321178597,0.029976108582280725,0.0034567827686180497,0.01567212898837078,0.024466846362241945
2024-01-26,0.021676104373802962,0.021868736274033296,0.0052708940039156715,0.0010098467388288679,0.002801028380985615,0.0009761915336512494,0.0021071830446770523,0.0024415950773157835,0.01498218936876472,0.0027258101498737197,0.0016193245768687525,-0.000989288519512188,-0.011461314167624859,0.006402703245004027,-0.002460666829505409,-0.006587540714252604,0.00260110716733597
2024-01-29,0.009971568077579596,-0.003242731552057121,0.022336401331426226,0.006052435218989016,0.004034717266228727,0.0068275780146538345,0.008673359238430267,0.017455622041261165,0.009414094009730922,0.015533910420466368,0.014147227272103713,0.004951249287119541,-0.003623182653179513,-0.002313398064478611,0.005735157776452837,0.0037636948749009136,-0.008254720729001241
2024-01-30,-0.010109433925069689,0.011711189472260353,-0.005641586788503239,-0.004010704477134253,-0.0015455783614636287,-0.011560344602901118,-0.013354136895506907,-0.00239386186273971,-0.022473449530140743,-0.013766698947390354,-0.011558450270199305,0.0004377684602319132,-0.00509100238285598,0.0162319612655899,-0.008522720314377619,-0.006427816947935261,0.00998802850896241
2024-01-31,-0.016632233403689356,-0.002358033312555241,-0.009181008089624076,0.007047046089260212,0.0,-0.07350536267836727,-0.07500336383789341,-0.024796289725417697,0.002238597335438852,-0.00853049806083872,-0.006451652476103353,-0.010943523146515144,0.06652060104099977,0.00912720926782673,-0.002906763888182118,-0.012040312305197753,-0.0028255163534625094
2024-02-01,0.03137224555821505,0.004082646075706631,0.010515379514216106,0.003665469630502294,0.0034055970299982086,0.006417468270856208,0.007566316039928189,0.011893090882692192,0.006027196057832862,0.005084246949398574,0.005276075853286155,-0.006306444753517049,0.00616858496209205,0.019784946656151936,0.00787696935383031,0.008488505532317392,0.0033059353678976944
2024-02-02,-0.16511483362316548,-0.035095289733354185,0.000721221737501887,-0.018592404774365745,-0.01882139101060698,0.005815827906842763,0.008642425143195576,0.20317667377156967,-0.005057157610566798,0.0,-0.002825986827860727,0.0016701086252075559,-0.017030081171414913,-0.011640646234486018,-0.004430913898853195,0.004028125783500203,-0.008472557824453886
2024-02-05,-0.0487453337148549,-0.004879131046679697,-0.004941794737624128,-0.012855206389066232,-0.01226401848187475,0.009683679351742969,0.00913063323935659,-0.03280086574727581,-0.004569272757134146,-0.02023358239194728,-0.02226731180671504,-0.012894478374169793,-0.028412999858650423,-0.0056085171206075035,0.0014219471322485244,-0.017904224509964428,-0.01780223042048923
2024-02-06,-0.04403094149820863,-0.010028859891865638,0.027315098921798953,0.0054832883715674186,0.006685695755784149,0.003312037438149673,0.0029229835016106875,-0.0102086732611405,-0.010995267701393474,0.020651434901539645,0.021946214279449983,0.0022522013538150976,-0.002139839654454523,-0.006768265166438914,-0.006234388632054055,0.01621854613255591,-0.006766427343947723
2024-02-07,-0.022771067174311765,-0.03511938807215553,-0.0015107644634072548,-0.06475798723122816,-0.0679950128804373,0.008733948258374369,0.009993137154292064,0.03270140947977862,0.006152389836962646,-0.015564358235407694,-0.01661261514412482,-0.030112316785973703,-0.08148664137081674,-0.015900011153453963,0.004844664081125494,0.017399707128656905,-0.016545075346618088
2024-02-08,-0.0037720142192305683,-0.03756416893100112,0.11498889757294073,-0.02988341269265693,-0.02341352246196049,0.0036816529055800906,0.0025422823789877924,0.0008732379703275672,-0.0013767148915877492,0.06758903002742134,0.06468889894227803,0.003591409672188073,0.012451434607491985,-0.02942861490671822,-0.005254103048845438,0.0001769108804690056,-0.012617398380868283
2024-02-09,0.030254733221190877,0.019878877898695135,-0.01944989928684815,0.031179504802794744,0.034398855920604765,0.020377530790932186,0.021177394155521778,-0.0040213811663328825,0.004995243324655396,0.007404559440388203,0.007740023134105156,-0.023548793003367208,-0.008455188633206046,0.001189020382382111,0.00782950006612615,-0.08661557731572356,-0.0047607262091151625
2024-02-12,0.023218306396490807,0.012835604162101166,0.008303269865677754,0.02040070392177573,0.022505898891937992,-0.009918742436512806,-0.009865685498127719,0.0016876130347571738,-0.006181859229298259,0.0014701557523824071,0.0011519402527888634,0.02198857327358783,0.039534760912282696,0.0106887308257817,-0.002651098841555566,0.00232393390898622,0.009566885189913998
2024-02-13,-0.017656371726244235,-0.017836152383397863,0.01070544744085411,-0.02320596403844355,-0.024638689190997876,-0.015867806357976244,-0.016200236577999183,-0.01872470522765801,-0.005969349897218201,-0.011009231719605106,-0.01189088332447108,-0.015153225568757644,-0.030574021079662006,-0.007050417832346612,-0.0017310051228821566,-0.011463893413523829,0.0007479315944474152
2024-02-14,-0.01834954802386557,0.004062307138448906,0.009958396090913979,0.013888884868208606,0.018861631087637942,0.005260616181069766,0.005511961864674397,0.028601370724748332,0.04474138007536799,0.009647445111020225,0.009704903963551947,0.007634556851731311,0.014615269169430789,0.000591823605547992,-0.00037155872794913947,0.014528605431826547,0.0004985468936298254
2024-02-15,0.023879197640942706,-0.0052357082473503125,0.007977620759503035,0.014419572741397602,0.010247822208904633,-0.021747737343402074,-0.02172116396475887,0.02271385377258195,0.02439027923481918,0.01690561079280739,0.01883875019569814,0.014453805264107,-0.045488938815682944,0.010644355363028435,0.000929489555813845,0.007963045745206454,0.010958986254614667
2024-02-16,-0.0038757550542726227,-0.013397060921672144,-0.007558759292122907,-0.00675191765466665,-0.0039265946223655535,-0.015145306831873317,-0.015759604159518714,-0.02212670948690698,-0.016024672309242316,-0.00939640921551721,-0.009811216001740397,0.0055153875917222095,-0.046862816556442755,-0.007021665893641393,-0.0071796963302642736,-0.022808369507660076,-0.0024635987842025475
2024-02-20,0.00726964123826801,0.010184207318777005,-0.01935483780282854,-0.011449113508238073,-0.011498033340354041,0.00310391565381396,0.004269859599220105,-0.0033171299125311915,-0.015104032238519527,-0.00036480384957893186,0.0003810534317625347,0.009713099229226474,-0.004166329155274262,-0.0035354049282492195,0.010223715050437843,-0.009388462612883952,0.00024683518465273835
2024-02-21,-0.02653073886185453,0.004560666159495463,-0.016173297596845937,-0.006152657837391606,-0.00465265787443514,0.011532987137908401,0.010133316741738119,-0.0068328632891572205,-0.0030949768278020207,-0.006204425946031766,-0.0064762580913292345,0.002942592540412514,-0.012552447016262347,0.005322050112538168,0.012341956469629878,-0.005462694601277018,0.014814885468455774
2024-02-22,0.0337626613963562,0.0014336041966673818,-0.0002785633822023348,-0.0018207444299281894,-0.00333886163404129,0.01028929403260781,0.010802996596427139,0.03867269613468194,0.026371344933135754,0.014689614396728556,0.016487766963341866,-0.003498106104739662,-0.007627090176518525,-0.024117595890828625,-0.0030477506585229186,0.008801547387218944,-0.009002380678373667
2024-02-23,0.008148193359375,-0.00023848499438294812,0.0009289733594719518,0.009850315371910057,0.012730178513991719,-0.0002066918555141406,-0.0009020671320540963,-0.004319759497856457,-0.00834369004591351,-0.0018095663543240548,-0.003017600647380103,0.003283897136427072,-0.042698567205840865,0.012658255829163911,0.004830286377236259,-0.00938079186347407,-0.0017187678866004141
2024-02-26,-0.022643772878372492,0.006921246183891672,-0.0005568375818557625,-0.016618572108465957,-0.019847879329407014,-0.045013222532076735,-0.044387255523515634,-0.004731148281741482,0.0070087121082125226,-0.0021755432241444828,-0.002648641393435569,0.005530339897299008,-0.01070465825745659,-0.011904745089917013,-0.002616706591868301,-0.008608620887738061,-0.023856498655484115
2024-02-27,-0.009021372731986332,0.0018962806138200783,0.016158816483708982,-0.0040409560167216085,-0.002024886214651911,0.009730009607227252,0.009522320829721265,0.011022517110449215,0.02385774596796919,0.0018168700775567093,0.002655675325028861,0.0007857701117237603,0.014427496786111549,0.013855408378480538,0.004331773955798868,-0.011822885532587368,0.006046960794177547
2024-02-28,-0.005724150558997887,-0.0028390373093186705,0.01261206073332266,-0.0055330443349840275,-0.004396299813255067,-0.01905832455971379,-0.018001412623637858,-0.006221117222411698,-0.008626007756071363,-0.0032644633263100298,-0.003783583677108182,-0.011888715022650098,-0.016888931303420285,0.007724233222803356,-0.004981175120156722,-0.0031094139940235355,0.004257523533540919
2024-02-29,0.019386822532036163,0.016607404406627113,0.007039748514880539,0.015578560315665069,0.011888658173302424,0.01709955409620867,0.015251735179673709,0.012623497504476555,0.010796690918893237,0.018559022489817556,0.020888670468126147,0.003291724979388233,-0.0018084413681120903,-0.0017687447063897688,0.0009193982794326594,-0.003729340030453443,-0.0019948949776118496
2024-03-01,-0.0026196340382358407,-0.0011669991232856614,0.0033159500126844765,-0.014243952942646687,-0.012420403689955672,-0.01216165704354144,-0.009533316823499005,0.024830051934213948,0.02723409898497864,-0.021078886779637207,-0.020461261910711293,0.0005657092222568494,-0.00815205330417701,0.002953109942742005,0.00042862593615744515,0.023208356578591438,0.004497682131321179
2024-03-04,-0.04809662275678994,-0.022196165482554098,0.015542697948093487,-0.015561245207747043,-0.0129163101148968,-0.02809978018373982,-0.02763607911183008,-0.008182315545401608,-0.005667289946196141,-0.013138796892927851,-0.01519174013986413,0.008593259447628121,-0.059360815316915616,-0.01060054106392383,-0.00018363204308036174,-0.02667283892852723,0.002736226961132182
2024-03-05,0.006414421846850482,0.005017936124254163,-0.007212502812155908,0.0007601454829024856,0.0013898343679319414,-0.003129788428230529,-0.005099429931210597,-0.015997900214639094,-0.028140910703142397,-0.0044377637592488695,-0.0023139547582208264,-0.0015693222014235841,-0.008737831220919645,0.022023836198268087,0.015672877330362933,-0.016332941705336723,0.0009923069191370981
2024-03-06,-0.016094069549651424,0.0021397761801151827,-0.024896041231471155,-0.01633130990348719,-0.013879257727524963,-0.009119367305681303,-0.009572718443276562,0.011974275229102327,-0.0013533411713625432,0.006314910061303136,0.00618458108752562,0.017291547242908933,0.028403559106889187,0.0005823914988807299,0.009162071369107405,-0.00027795292651988657,-0.01040894949461435
2024-03-07,0.020518994330177565,-0.009726996441711266,0.0010903421130104007,0.008108180129023479,0.008444637759649654,0.02021731736653032,0.02267903268576399,0.032453838975329274,0.018103041948010823,0.004429644791319687,0.004225928804892476,0.023620275655357403,0.028571477351917007,-0.007566996624082889,-0.018098176655163,0.007713694631217738,-0.010017616407782759
2024-03-08,0.006312052408854241,0.020124315282980643,0.0012706091356717852,0.008042966309415034,0.006978405691935974,0.007763958884400957,0.007664852913597864,-0.012183072536681827,-0.006064046364891551,0.005145151680141735,0.007651119343271562,-0.0038025944305114523,0.01203707238657925,0.008797736884336826,-0.002433299903777497,-0.008826969366146242,-0.000505773097075557
2024-03-11,0.05099020819982747,0.022545895768487423,0.018038395096293458,0.03457444747989813,0.03707554092744125,0.01944362034991709,0.016689907448676378,-0.044194155330464224,-0.006431664775884749,0.002193909861093246,0.005315235411367691,0.02966513430094242,0.06312878640914255,0.007558072195561483,0.004695435745695642,0.014889024234754134,0.01569201601921244
2024-03-12,-0.011902725206936249,-0.008038506230630182,0.0013356928758390119,-0.01468976461684035,-0.015703266531731375,0.004894384052387624,0.006029116636620202,0.033416790678333363,0.016890540156144107,-0.0014647545651966798,-0.0018954373473480945,0.004660552909657056,-0.0025814603339707753,-0.007501376252280645,-0.0065550787056682935,-0.009186236942108073,0.0
2024-03-13,0.012555078168282607,0.002083895913593592,0.00035569104982280386,0.009690660925525174,0.010862165548386038,0.008236835526520547,0.009313905405074818,-0.008364246270171294,-0.0026674414086786946,0.0011001418542209151,0.0007595852254400626,0.00864523258877603,0.007765283861181693,-0.0005814384066279432,0.00250491756096749,0.002490836597191848,0.0032396593494219417
2024-03-14,-0.004691668649866143,-0.01062874746258069,-0.003911140646985278,-0.01402727822670824,-0.015446686416598632,0.025360372638279838,0.0236783276287853,-0.007546841969883755,0.005841315853680307,-0.009890182726628005,-0.009867113017456242,-0.031775861909607905,-0.031814490084351776,-0.010471227184230436,-0.007495781901106557,-0.00772996840296436,-0.012170939629296607
2024-03-15,-0.02138049193102909,-0.0011675027713661246,-0.0009816419310397784,0.0067390034229426465,0.00784454833147974,-0.015034186310322273,-0.01341718585606022,-0.01571680905969708,-0.011631090060299276,-0.02182760984748333,-0.022230901869553787,-0.003994275564599303,-0.0044405047661447705,0.0023515419894977185,-0.0064472481708284235,0.0009737732871115679,-0.007040463890162663
2024-03-18,0.01902631651616815,0.008183330078033846,0.01697194376450173,0.00409084217332123,0.005414541548425467,0.04438381252783774,0.0460406633425563,0.026606155175117996,0.020647643507771152,-0.003025684096252146,-0.002351928682814086,0.005310900553743281,-0.0008920621594998845,0.014662705024953926,-0.0040789517297652456,0.004933579577588887,0.011142031181307743
2024-03-19,0.00810316009127443,-0.0030148659345522466,0.005797041743013098,0.0037036703524968573,0.0033657897826351313,-0.003771571175386512,-0.004401526254627419,-0.0014890096201790604,0.0038002006449682213,0.010622143615431234,0.011394823223474626,0.006469035741770046,-0.0008929471870215977,-0.007514322570026155,-0.0025441450295992096,0.00401052309941452,0.0010017503914756531
2024-03-20,-0.010985326970342713,0.0025585781940298258,0.01702910219653142,0.017712105037154258,0.013753860328618472,0.011898206501048447,0.011630361707172021,0.018700581662152382,0.011196308923733023,0.006381444945622761,0.006604542702595584,0.009748302815663967,0.11796267556754825,0.0023295659955229198,0.0026129124210965138,0.022245150106238842,0.0037530574505708625
2024-03-21,-0.002336615204637238,-0.004872300815885633,0.002060778381431927,0.00761435159358248,0.009596369117770287,-0.0062799797641094335,-0.007664399806875388,0.004431229347524379,-0.007933870073488003,0.015292833410374795,0.011578546631486608,0.0005304211429899564,-0.05515604201453117,-0.0029052523359811566,-0.0014272832606722075,0.025197100840215203,0.010468395803236996
2024-03-22,-0.013611145064420405,-0.0034971051914605145,-0.00711223270151129,-0.016912638448644213,-0.015404871837124134,0.02037112730745516,0.02147687288632194,0.0035843500883019352,0.008511165391210884,-0.01542992036983759,-0.011827549848899555,-0.0036052145090803567,-0.04822318352294652,-0.010489659276210594,-0.0019883743491995176,0.0019058194677763485,-0.004193460962043982
2024-03-25,0.0,-0.002339690150786833,0.030119981994239486,0.008052765696268782,0.005992024049628286,-0.004085324031870674,-0.004642754061847887,-0.012873470349407112,-0.0008757871104765336,0.0037313548946045216,0.005019274897774428,-0.006384785494389256,0.017777717836742202,0.008245352270549455,0.0031753905596614285,-0.04145354221372932,0.012385457632606567
2024-03-26,-0.00932550377893937,-0.003752535806252011,0.0047753931623404355,0.014887437541836412,0.011912667111429798,0.003638810898517253,0.003998036189258647,-0.014174280570250608,0.002836856666512899,-0.00037173394491119005,0.0015367539001596153,-0.006319160067539187,-0.00698699766961508,0.0035044908829999777,-0.00012406510375584379,0.00362665102990567,-0.0004893002391108681
2024-03-27,0.019521327004170308,0.013888778934428414,0.008755133680725669,0.023255779693562406,0.019293687698119788,0.0015821653753738119,0.0013274400067966319,-0.004093714819686678,-0.024966612911468733,0.008925220874838713,0.008438842149272041,0.025652134450514952,0.029024058984667755,0.02153638258284918,0.005648823937182801,0.0017045067370358158,0.01689110137211891
2024-03-28,-0.009812288463729946,0.006501168742418129,0.01140687467349144,0.0006993492644560284,0.0032081362910336697,0.0021060186879504617,0.0003975815524610571,-0.016765975762303764,-0.010105437801061101,-0.0025802204875396972,-0.0041841489645121355,0.01681381468381593,0.005982829845376347,0.0028493990897999755,0.0074684362641079804,0.010686137651685579,0.010110654693600729
2024-04-01,-0.022296428026903126,-0.02468275352798066,-0.006783306488046814,-0.0010482565207913241,0.0025583892363851835,0.027847266594124953,0.030212966560595245,0.011882803659193808,0.011492895579566564,-0.014042869184619167,-0.014132915154197123,-0.0018603505507857054,-0.0016992379211128172,-0.005681932044423688,-0.0033696491900526704,0.010168997582166828,0.007626290362120258
2024-04-02,-0.02157313043985376,-0.003812486497797196,0.010614674803566482,-0.00594617070597947,-0.010207317534324245,-0.004025629146653387,-0.0059812915234689346,0.012252044051904942,-0.00016275693986644857,-0.013118409664877428,-0.011623482336954427,-0.01314957673484296,0.0008509807251135815,0.001142941810431175,-0.0036269058474965865,-0.0028666178385416963,0.006149622687012357
2024-04-03,-0.008380644069988286,-0.006696852753876326,-0.03126523070981113,0.010204135135989167,0.012246261249538426,0.0032077476097536195,0.0023293350003712465,0.01883894907151018,0.02583803501700843,0.007595995707792902,0.009408095536392658,-0.005246296568620634,0.14965985075174348,0.005136812362874554,0.007280314547137401,0.01444132043557489,0.007052113648981839
2024-04-04,-0.016177559634307115,-0.010113325970119491,-0.01588509624369583,-0.01010106252892684,-0.008596038149419116,-0.0283302024979043,-0.028337289230523588,0.00824880886513002,-0.020537054503710683,-0.005653993824417336,-0.007766943995006992,-0.017614169155644288,-0.0850592355063019,-0.0022714214149133216,-0.010106665109535506,-0.01410399690178088,-0.00910374770335487
2024-04-05,-0.013789111088232997,-0.005108054456752331,0.0110172457622435,0.0010555645014072024,-0.0038535101990713194,0.013162971621362596,0.013087096026512146,0.03213812460142074,0.030851983455263632,0.003032565618591443,0.004305409977777508,-0.005582803676357995,-0.03233627176516829,-0.008537237281776133,-0.0030937007761580038,0.009693141144057282,-0.007773804777250981
2024-04-08,0.020785815400875762,-0.004645415545670661,-0.008700882332265514,0.006326846596058422,0.006124978108861701,0.014291544955543634,0.015410048086703432,-0.015341013929156877,-0.012213531184151805,0.002267639346980266,0.0031175223549007036,0.004966459756124086,-0.07602335208534372,-0.009758878091853607,-0.0013036533311469034,0.017280195487079597,-0.009259261234148664
2024-04-09,-0.005823096169102149,-0.013756043115943029,0.005283474974575153,0.0059377952563932634,0.00448577271800743,0.012808998518267112,0.01130116266507919,-0.004525908453909877,-0.016247353079885007,-0.006787380118224107,-0.008935531133927532,0.009239434859036555,-0.00813753498421843,-0.0042422269972234306,0.0006215693875295525,0.006833733117263874,-0.0054791270683429705
2024-04-10,-0.031717327129538675,-0.010709488508593878,-0.006611884984263461,-0.014930471069110385,-0.015310976301486368,-0.003035175542646873,-0.002937380732230377,0.005668679261986442,0.0006147203873787532,-0.02695526944998039,-0.02665613105789566,-0.02320628391468904,-0.04284410351750556,-0.010059296701969034,-0.0038508618423738206,-0.016677452372011903,-0.007835256141614733
2024-04-11,0.014000352255392423,0.010573841229441605,-0.00034133470973762847,-0.004582312682194112,-0.004211228061503647,0.019852549875379433,0.020942573146238708,0.006405564599086144,0.016489324176119702,0.0035116118068914126,0.0036245475184111253,0.008936358537241729,0.07333345800062752,-0.01852936887364154,0.0019328741525068693,-0.0051275230366395474,-0.008884710073403412
2024-04-12,-0.022624090372243888,-0.019182875101451113,-0.026803187360465275,-0.0205382129918944,-0.021145060237406255,-0.009950893127001592,-0.010538894126839504,-0.021522888006986207,-0.009462728165653411,-0.023717008957972685,-0.022471776960020007,-0.02149509660180482,-0.02750687438680466,-0.006699344103073934,-0.003982885891715693,-0.02689303663218534,-0.010956006800781126
2024-04-15,-0.013819601165127149,0.0015239293884452554,-0.009297527839164044,0.009399870404791066,0.008640654896965971,-0.01796582745246711,-0.018195613169164737,-0.022797426557455536,-0.02517542137726103,-0.004380645728358723,-0.0032839725867447322,-0.0004414365818741217,-0.005474371980422776,-0.004291830414074882,-0.0014370826387152258,-0.013376798829030201,0.00981861890762703
2024-04-16,0.0026080710146079156,-0.007861936785937162,0.008233802121124345,0.0010745380824064288,0.0016475039058927443,-0.0021109231800923167,-0.002970584312064095,-0.0009395621700535317,0.017079778410164392,-0.007200052814247737,-0.007413623421250182,0.004527932487233377,-0.04311906765393492,-0.009236476620176681,-0.00018771099437731031,0.0010323048405644908,-0.008476638385491175
2024-04-17,0.0017858890476292189,-0.003323118360746613,-0.008254374237051665,0.0014310860512043444,0.001973559870473096,0.005641167926743407,0.006930299039934251,-0.011185415810811561,-0.006202218988534458,0.0052377589039986905,0.0020745956356422735,0.01638073353611258,0.03643332563829227,0.0018646092274776649,0.0018774623641006905,-0.015744196178619996,0.00025130046043231324
2024-04-18,0.0072859934569877716,0.01615783591967923,-0.004515647921828347,0.010718157534674644,0.010177444580198758,0.003696873641974241,0.003473253618752725,0.015440071312323056,-0.00510029050477967,-0.00561117726985827,-0.00496875361773641,-0.010275758247803357,0.014800949692898246,0.013027314193707396,0.004747490754049233,-0.017602711707165986,0.008798528889347734
2024-04-19,0.020391626787320094,0.01564891919638356,0.0016009670681025323,0.020501842453792163,0.02014943407041625,-0.01105035825965417,-0.012306700986394303,-0.04131128624938474,-0.09093288392014132,-0.001209224721934632,-0.00041630562994143805,0.012240456919736742,0.13400178211626357,0.011022580641807167,0.009200877868490442,-0.0002843663702103427,0.008970836053545872
2024-04-22,-0.0004901960220247137,0.008200674442615963,-0.005505798051319788,0.0034637723680599475,0.00031864621289945383,0.014320572545934995,0.014212172516628652,0.0013718546189533942,-0.0007927812712005267,0.016545557357835694,0.017069087793678772,0.012416238615629904,-0.00482300015130166,-0.012113900904403119,0.00018500464325388322,-0.004551915802743611,-0.04667817456695811
2024-04-23,0.004640150326825188,-0.005176262722734637,0.015358555509277227,0.007248942326766761,0.009872580870047498,0.012472150669485815,0.012669652840531898,0.029830093069578956,0.04174184059902708,0.00952755791539972,0.007368105284822901,0.004799000805253417,0.02907912641905952,0.011649402701506828,0.005481476442345423,0.012574981583375111,0.028497311425308647
2024-04-24,-0.006045531021449002,-0.00371653694060603,0.0018467813003701927,0.004455046204448587,0.0,0.007378894160850136,0.005497489138319933,-0.00524083159768185,-0.039169198243423575,-0.003932375526380927,-0.002031682082766606,0.018679716766407672,-0.004709583836531417,0.01878771889452202,0.005696778890009968,0.007832349709219422,-0.005289732814436454
2024-04-25,-0.021156047772055486,-0.05819454519470779,-0.010094853980500473,-0.002047091465740447,-0.0009461067116572908,-0.019553126040990576,-0.019669628914304127,-0.1056130687089194,0.017437643870612085,-0.015396749341187177,-0.014250964848099956,0.007605715126559831,-0.03943208500283624,-0.013682266524531861,-0.0007915869602770353,0.004200733998703354,-0.006836804549706033
2024-04-26,-0.017329237311442647,0.01848433680390915,-0.00035450466441055983,-0.0150427757211542,-0.014835881274417595,0.09965189190159118,0.10224357100764192,0.004327484760787925,-0.00632079402437935,0.0008018959956757055,0.00041321050599552045,-0.008478961110429895,-0.022167603394577906,0.010253381641367909,-0.0005486126067393293,0.0072509837414045375,0.011728576849650008
2024-04-29,0.020227049773881012,0.007259523732312756,-0.005766135560646868,0.011801530443560138,0.011534853086336394,-0.03333532869611022,-0.033730567191038285,-0.024070179605923392,-0.00310032932970139,0.0012020356127331322,-0.0016515175945022165,0.0,0.02854740340235784,0.01611929075982288,0.0017687544317142034,-0.0013843493220205838,0.010332591498253718
2024-04-30,-0.014705909996174715,-0.01904761577411007,-0.008743697268464135,-0.016123442885697115,-0.017738418144527368,-0.019416250139561053,-0.02028301055889159,-0.005663085173679638,-0.01581801489701673,-0.018007257104119767,-0.01571553206044707,-0.03180715436252024,-0.07020395812182734,-0.007638117512234088,-0.00048709413707059834,-0.010119960287170215,-0.014966494633937177
2024-05-01,0.014690981205588649,0.002361762825098701,-0.0055804880941539015,0.006624773077149815,0.010319295775358617,0.005648630238041186,0.0066346537282513385,0.02096850492042024,0.0019432344163510251,0.0,0.0016808253824061037,0.008724695467938304,0.07638265043239145,0.0017764172241283571,0.007918579671480241,-0.000490106201430085,-0.007343416926987367
2024-05-02,0.00885632531713254,0.004188045601247081,0.019370086689167287,0.01316241649755634,0.010532964678424905,0.01745495039764222,0.016843799368366996,0.005669396845665364,0.024360586546940288,0.009779996895665555,0.0067112863313743,-0.010891689517444902,0.13050576953113913,-0.005910116999380821,-0.0033843276400800093,0.0023119084934495326,-0.006887719748897347
2024-05-03,0.014999972044966503,0.008602936091347546,0.009234479447877142,0.011282132065954187,0.014213581439676215,0.0031461308661697718,0.0037210120183817086,0.02327484161030169,0.02510835589819771,0.019370393342738268,0.01958329538670145,0.0012954117888361871,-0.06998561360682198,0.0017834942240542162,-0.0018798755744144913,0.019640717234506555,-0.0010276859806759298
2024-05-06,0.02083258262514298,-0.005169044910521281,0.024722864409097767,0.014874888234178485,0.0140143868114051,0.004970551496780162,0.005142337658988305,0.030356654766539037,0.03043118973072456,0.004354709090645281,0.0036780302323540237,0.004743965483982482,0.031031783191804108,0.008308575365002291,-0.013547852684155703,0.016863116073064788,0.01131412936908971
2024-05-07,-0.012782263989021936,0.0,-0.09513185182471551,-0.0056627950881469324,-0.007371143181479245,0.018548103005855188,0.018738614246075258,0.005497266423630798,0.015126386571590489,-0.004729980088277519,-0.005700370117843301,0.016203443002179574,-0.030097794944533907,0.005297196866678844,-0.0011087739383234263,-6.737567131365196e-05,-0.0005085608492213511
2024-05-08,0.017835816340660005,0.014549105964729803,0.0004745148112104136,0.024790500958490558,0.025990157739582465,-0.010521501638772635,-0.010919516966875764,0.009311460896133328,0.005726074765802114,-0.012673275539936135,-0.011466101256658257,0.003907228669741913,-0.0054304216550931095,0.0017565316964469613,0.003946149072686866,-0.0159104738166157,0.004324460718675871
2024-05-09,-0.03244375006642641,-0.01306017423672412,0.0034143506422066316,0.006865049135186707,0.004825022438466275,0.0024537671075695044,0.003424199391498073,0.005967086022019563,0.004298834128544371,0.02807855104806012,0.02651217728998434,0.006521444149176325,0.020280765254800714,0.004091159889291429,0.01136146496737478,-0.001986768120138538,0.00785212935210855
2024-05-10,0.04402680801594916,0.019979141715068538,-9.466861499662915e-05,0.004545451941181389,0.0027010572085630624,-0.007518340700735093,-0.0077077940857789295,0.0016406915303923686,-0.001993135551664915,0.008973917275727272,0.010088641171980273,0.0013585719751241232,-0.0022937332650687647,-0.0005820612467043462,-0.0029147407407693615,0.0013729559108119904,0.015330511206633535
2024-05-13,-0.0032661728773530907,0.009921283309203499,0.00037811718696834085,-0.0064641294775217295,-0.006884055340380391,0.00358222741947567,0.002905704663750619,-0.017198719845958887,0.009363671146590313,0.016628078283519976,0.01717935968109341,0.005009227842720287,-0.0030649114862711935,0.0052416021538239654,-0.005176479300092129,-0.013230106045860834,0.003465422310938715
2024-05-14,0.012670712046837895,0.0,-0.004535617108212264,0.007156785803765997,0.003917923361475895,0.0060268507974077234,0.0070946304081973555,0.008204945834583421,-0.004751930224182965,0.004184024487575488,0.004320629653992603,0.0029076068907245567,-0.05226764245311322,0.0023173923025268106,-0.005754573070480329,0.007016393102030838,-0.0012334000189284655
2024-05-15,-0.022867061293226354,-0.011334855993982318,-0.02448974942492743,-0.011304839990700422,-0.01050725186665924,0.01134181392153999,0.01273926072986531,0.020536199375777553,-0.00022813836175150648,0.014772787545640709,0.01642547476973366,0.01118256516517313,0.018653802119764418,0.001734255840645682,0.0016623593685034521,0.021523144127234994,0.0
2024-05-16,0.021231260862139223,0.003057062867624083,0.005838351710262479,-0.011107611564696307,-0.008495263039002832,0.008914221304747949,0.009680463967925768,-0.017257193291242867,-0.0048898657898350795,0.012318022954203034,0.011927592263036413,-0.01034207712457813,0.006369357854780766,-0.0017312534043176786,0.005532425653291595,-0.013506212690906128,-0.005927238221832942
2024-05-17,-0.016286010636619275,-0.0025399953736040537,-0.0011609078177733378,0.008589441474167181,0.005202080065808579,0.010602411585034721,0.010793315069287823,-0.002789229432235474,0.017329530632641088,-0.0014750165408380367,-0.00038015198839957964,-0.005380225365287705,-0.04905055681497672,0.005780362067619116,0.002567450921787673,0.012048155016258999,-0.0047205129922829325
2024-05-20,0.006666205396878899,-0.001528036713686176,-0.003389992480272608,0.001637750794839965,0.004261706054476289,0.0065995595601997525,0.004884900109864754,-0.006505552224799982,0.03175012240688413,0.0055391605754258055,0.0049447420822972266,0.0008322507167963789,0.0,0.00689678937200866,-0.0006096260950245735,0.020698035946917104,0.0014977701166725144
2024-05-21,0.0009823497935865788,0.0,0.001069254993458113,-0.005886224159326492,-0.0036374741311321346,0.006051794870953975,0.005256701608894687,-0.00897951253531315,0.015277242683843895,-0.005141418385333774,-0.0049204119144417025,-0.012888428982906985,0.006655501974309086,-0.014269258732309442,0.0028065538367871845,0.003446019174909054,-0.012462788027826077
2024-05-22,-0.014612297727160772,-0.008160903608159464,9.692812463568679e-05,0.00559213897590527,0.004259232433537763,-0.00857777677876348,-0.008265578031813381,0.006779572392316302,-0.01558537350450151,-0.013289063897156561,-0.012932669551038,0.0030534428198669694,0.008264394400087749,0.013317700873119565,0.0069360833782465825,-0.005349343338982182,0.004290736531997297
2024-05-23,-0.009885988830221737,-0.005400099026423244,-0.022908070490446852,0.0026169339957435866,-0.001211677714351267,-0.01651668335070966,-0.01604484500905745,-0.004275682760209398,-0.007494429863934338,-0.0014964651859800115,-0.0026975536938965705,-0.010917463951704454,-0.03360645217350455,-0.0017144354103195703,-0.0032023490111336983,0.01142023247946855,-0.009047602225440876
2024-05-24,0.011363167360961102,-0.003619267053254216,0.01092784107621858,0.015660621162546073,0.01941154921792143,0.007254586546903363,0.008297383301599348,0.0267078801101317,0.01743045425423917,0.03109784481073552,0.03323024423378196,0.009446119220888338,0.014419022195022446,0.0017173797469707264,0.006243326501780722,0.014901885676982696,0.007862198913531682
2024-05-28,-0.00014727042143281022,0.0,0.006682328160528828,-0.0012850234553627438,-0.003272949380687784,0.009584246739581914,0.008057449058089361,0.003555025436354331,0.0034789093699931772,-0.001090147879275083,-0.004113662850682598,-0.019976910017449945,0.004180525677120572,-0.013142670715851956,0.00789159015273122,0.014165505149791757,-0.009562187980060144
2024-05-29,-0.0002579298531992791,-0.015568295868881532,-0.015228354105976005,0.0057897305628513696,0.009253937697355052,-0.003482662096721767,-0.002834456031394761,-0.011585281573746609,0.008659421367453124,-0.0029101160130881043,0.0,-0.02242225024880362,-0.025811618394856017,-0.00868566280955374,0.009383832211384169,0.018432294874675792,-0.006605691113975354
2024-05-30,0.017541843158208836,0.024512435014506062,0.008128442247218315,0.014070969337832473,0.013605451623415199,-0.02164591285526496,-0.0215462293463744,-0.015410246324976451,-0.010632109726598449,0.009850422058854669,0.010890054479820277,-0.004389957441791381,0.010256086001812381,0.02920542723713737,0.010776902558167878,0.000626290757156367,0.0314579312276817
2024-05-31,0.039875449457600354,0.02984288241442834,0.021730514534427092,0.007253272997393534,0.0046687402415861445,0.0023046396759589527,0.002265981758658997,-0.00047112147190597753,-0.009325823544303002,0.007225456104989814,0.010029729049363167,0.024691120730435445,0.0076143105108728015,0.03405211761736293,0.028873835479805265,0.003630002725534043,0.020332121569225814
2024-06-03,-0.0031345566724360063,-0.011241416127544701,-0.010971009771298501,0.010644900985981254,0.01103681567345105,0.0026442238942105956,0.0038840370052863893,0.022835029566184106,-0.012203499185834854,0.005738954373643246,0.0036778718461987214,-0.027968866152083716,0.07472707798085998,-0.011525755741764288,-0.01074519319862266,0.020453970858148818,-0.0041314173336272075
2024-06-04,-0.01963522847187027,-0.0005053937342197612,0.005449123174956938,-0.0034076464400842887,-0.00833100486606575,0.004070724904305489,0.003580268273275955,-0.0010472318975243144,-0.003423892190069777,-0.0099857925827751,-0.002198736474057994,0.00951737443968903,-0.04374991962036334,0.018878519651596815,0.027906224328501317,0.014177507534050449,0.01415358860783722
2024-06-05,-0.008909479492590355,-0.010616722229204512,-0.01771039409405062,0.0027975577503687177,0.00318655641547938,0.011077492312635329,0.009321632484038389,0.03788345190871123,0.029527274554509653,0.026657017080368606,0.024237970256215213,0.0009866669952234286,-0.013071916606253509,-0.002724686595113379,0.013264985489361392,0.00885747109210766,-0.005053098482134755
2024-06-06,0.004530669616662486,-0.0017885358570335352,-0.0028570611672121826,-0.00867941468424005,-0.008085418352188012,0.007228692632941014,0.007525041906289998,-0.002625982623651879,-0.00269123672640581,-0.006666633095440355,-0.006453957135280963,-0.003833085212746057,-0.009105975215434103,-0.0010931074731669321,-0.002773547937367171,-0.010511823352008842,-0.0004837170679540259
2024-06-07,-0.00905641076732222,-0.002815266626632451,0.0032605527595548356,-0.006566600849219784,-0.006986801379660013,-0.013456719922036009,-0.012844327927424737,-0.0016202967407028535,-0.010870817094164265,-0.018368028788071533,-0.01876567668520812,0.0014292189555988877,0.003341693089150777,-0.009846643065313465,0.0002780732741156644,-0.0054324494865183315,-0.009436245557141176
2024-06-10,-0.002745292363219076,-0.004363523942314207,0.011817916871909917,-0.01164612191126646,-0.01231318849401819,0.0050071501326505174,0.004303951415015161,0.019555529659158744,0.004723428366450788,0.0014393152477250037,0.0007354886229706814,-0.004757203530760257,-0.0024979225264192273,-0.013259769961829204,0.00483817028394995,-0.025672215067333748,-0.012945634080830382
2024-06-11,0.0027528497405890917,-0.012116684711108161,-0.018201138161828334,-0.009554179104906302,-0.010388736832912415,0.008832095927016503,0.00919935532333005,0.009689438789511673,0.006284040773759214,0.002155939583237565,0.005145207760817394,-0.0034460327551324443,-0.0784641539683586,0.0,-0.012673684155108944,-0.012644816645026147,0.0002475392108454155
2024-06-12,-0.006393776323107336,-0.012786962671519575,-0.0006939801171003124,0.0012860738546462969,0.0023994860943168383,0.007688326526185785,0.00662460675000065,0.0026996315670728688,0.0023281680572424523,0.0093223528898001,0.007312570104843763,-0.005353998640530211,0.007246389178850121,-0.013997913462280076,-0.0258407906063155,0.007318173631375435,-0.016081255005195083
2024-06-13,-0.00323560001002976,-0.006608369063363373,-0.007043829465328777,-0.005459124036667817,-0.0026929747695318973,-0.015704902345195948,-0.014792647207090615,-0.009315269575673524,0.004922618082156438,-0.013143816409590947,-0.01306707230641313,0.0024670598855658366,-0.06924436492839048,0.003407272367015768,0.007595362593106003,-0.012212669697527767,0.00025130046043231324
2024-06-14,0.007622993892588914,-0.003725560705532649,-0.0011987948734083487,-0.0009686517083629109,-0.0045004890330293534,0.009222342201049338,0.009305494005473314,0.0011120107408963964,0.024676349845002665,-0.003959751128884026,-0.004045651885296042,-0.010963077099780172,-0.017391425156355944,-0.00169788117089964,0.0050255260070473096,0.007862068752008788,-0.002765166217213677
2024-06-17,0.035075660967460065,-0.003472114067477272,0.01550449632590234,0.0029088360847007166,0.007835964640346749,0.002298684801051998,0.0025455893654260375,0.00489922216461558,0.009635731706288508,-0.007950846002228507,-0.008124027848726123,0.01888935112204404,-0.028656186606642375,0.001700768874347336,0.007898060596451373,-0.009813869850866852,-0.00529351031035008
2024-06-18,-0.02913102547382551,-0.010988956582105858,-0.0001969332950849667,0.005800735408971303,0.0035885248636766676,-0.013032754436393068,-0.012130665015874675,-0.01409309924294233,0.014559891644377654,0.007285997149160339,0.005584478354531575,0.011989285767281865,-0.022380495528247613,0.021505273665401115,0.001296836938821322,-0.01289707025422071,0.015711991407704184
2024-06-20,0.022981071230548045,0.025745337462250495,0.0033497618407347662,0.022428824329970842,0.023539932967552746,0.007140862836384043,0.006910886533442184,0.004424550148694584,-0.009683979929709041,-0.005063320794096882,-0.004072613040403628,-0.015467412427778604,0.046826300365751194,0.0033241553564642423,-0.006587636688239251,-0.0025101332426140655,0.0039920245532063525
2024-06-21,0.02235917642082974,0.01664437170242783,0.004222417141850565,0.004700770804012322,0.003202212777551061,0.01434911918835402,0.018888178579142822,-0.013793192135864607,0.010441359513771786,0.025445301410777388,-0.0018587249168737774,0.008022186327653724,0.008946198917486603,0.01601324600483367,0.0016434081890233099,0.02090595936562112,0.0
2024-06-24,-0.015498535923555878,0.0,-0.0028356264630042816,0.00031184507336146083,0.0,0.0029401693002180096,-0.002282466712064224,0.008347241677207462,-0.024922740871013316,0.0035448532700106394,0.024581002676019814,0.0028739518405944686,0.013792980077800276,0.01358699100114169,0.006903297939327313,0.009417301742310258,0.023111374647581506
2024-06-25,0.01731671010586089,-0.0020789017957191236,0.002157186674173195,0.004365387073878679,0.004643226788294097,0.02649492499812145,0.026838506137060625,0.023431038041606733,0.005067066530778597,0.014129326690121902,0.013086213182092354,-0.01025018117477905,-0.017492570737663304,0.002144845769577186,-0.0017981204820908259,-0.0041951875246912795,-0.0021860825317285837
2024-06-26,0.0027166732396299853,-0.004687505252419233,-0.00019554621245099213,-0.00341505206370174,-0.005776982570279254,-0.001131592173152729,-0.0008149244462116734,0.004935385707688589,0.007852350485827664,0.00034829824624815764,0.0,-0.0123607197665494,-0.013847551413202375,0.0037453047419366836,-0.007431255221461375,-0.009431589935377516,-0.0014604737043716343
2024-06-27,0.008642234114066616,0.0015698993005097694,-9.794574910848564e-05,-0.010280385991066066,-0.009877980495702987,0.008037853550060925,0.0083206487627554,0.012550862781257166,0.009812760156971745,-0.0031337278483709596,-0.006458588129922727,0.0033825732614254367,0.029087223564728815,-0.000533095597435862,0.0062956690264521775,-0.0035546374410252435,-0.004875761140613721
2024-06-28,0.016490450324963213,0.022988323977926495,-0.028188262186228163,0.00786908135584885,0.008509341263950754,-0.018409367903948315,-0.01758286716275348,-0.029525133959758088,-0.01382352590325231,-0.008382786930498987,-0.004333738489175842,0.00797836509265526,0.01267051927498386,0.0191998667002935,-0.006989134457017321,-0.00949159303686753,0.010289190599843678
2024-07-01,-0.00983409996467044,-0.025280760306252148,-0.012589387884845982,-0.006870632220388306,-0.007273810979267714,0.005833722060798907,0.004611675314068142,0.0009122532081493606,-0.001881799776549009,-0.008453720408238441,-0.010155835326000062,-0.022408050391006795,-0.024061584435556393,-0.006802539004451824,0.016460587235712865,-0.007717616339553146,0.012124108685348522
2024-07-02,0.02526860098620798,-0.00026191488232785165,-0.0005100088537537406,0.01572319055614635,0.010551020277113299,0.011491025336414884,0.012295777374067729,0.009550570210826281,0.008862696835399975,0.009591476423350898,0.012458699827975428,0.015851296081292876,0.05719913983299785,-0.008429879693757747,0.005025667503835152,0.002333272577722756,-0.015333257155952462
2024-07-03,-0.007413509060955503,0.0052841115405830585,0.006327096657693376,0.004334363069832925,0.008700772208001029,0.0041798341142764706,0.00313100639075814,0.0009029201089967298,0.00431147571718804,0.003166739173085631,0.001085699446750299,0.0016838361305517857,0.06902989007440463,-0.0074390930179842885,-0.008445309374169208,-0.007436106963276901,0.00048676700347805024
2024-07-05,0.0017925594852179483,-0.004993409418961425,-0.006287316200376147,-0.008631314887174724,-0.00690053241710209,0.024387640547688383,0.025723868309520004,0.05873012162701441,0.011926609093993346,-0.006313553211231393,-0.006507553337374072,-0.003698285826460368,0.03054108201937744,0.004818067805399284,0.0043706036658663905,-0.011465762259517454,0.0036479013575654307
2024-07-08,-0.03721134122522329,-0.013999002953240858,-0.0017429191458407933,-0.0006218728028685172,-0.0005791722062586935,-0.007709975462540042,-0.00823725556343713,-0.01961442378831857,-0.007109316245434427,-0.008118586457380172,-0.00836967313655268,0.007986535243976745,-0.05334455768600077,0.002130907246339797,-0.0003904361022659675,0.0017134209662832411,0.006299868559501265
2024-07-09,0.011529481455340607,0.004821721435803505,-0.003286418065701624,0.019290540895034125,0.019409149083464028,-0.0002099312929368935,-0.0002644563574160097,0.0012846868049187776,0.0,0.016370143800654713,0.017247601895383102,0.010043628239882363,0.03130579413423029,-0.000531340155188742,-0.0006697700792317463,-0.017368417037160744,-0.005537944622256763
2024-07-10,0.00013612515539906944,-0.0021327563121111837,-0.0008243336669710999,0.005189346756622415,0.003694248692859503,0.011657147621493724,0.01164143747294899,0.008848989139097041,-0.01179744709995878,0.0024509607524401122,0.002525307569916091,0.007181521627648513,0.01474425719757777,0.0117696440431454,0.008210160268137257,-0.0035484652994849375,0.010951018330505713
2024-07-11,0.03466576634883545,0.008549376687322585,-0.003815577905347478,0.009717543189014632,0.009060116236228932,-0.027820871063805708,-0.029343961956380005,-0.041126605474223865,-0.03674460099161303,0.0003492714986395029,0.0017991975306355101,0.012176400881621197,0.0025639827558665562,0.006403564367041481,-0.009473000455645475,0.01807432915615914,0.005355480527493572
2024-07-12,0.0226868993363476,0.014304695833848413,0.0054864589112040285,0.003007550897559552,0.0025251205695122625,-0.002776427173023066,-0.002694535014030719,-0.026974803466583985,-0.007889687899038322,-0.009427308736167372,-0.003591932465249248,0.011162761596118509,-0.01449286335254596,-0.002651387355008805,0.004082572158780273,0.012077625260384695,0.0031475625555681397
2024-07-15,0.0435634883639473,0.01697564316615785,-0.002676737327194867,0.005996947731040425,0.007276942096543282,0.00754907840023189,0.007888954383071134,-0.0054323292874663975,0.013665757838831505,-0.0010574856124464516,-0.001441882343185208,0.004823114384999716,0.0017303079094448393,-0.012227426667622665,0.01230944837917436,-0.00026089692422226474,-0.015447516078675005
2024-07-16,0.008718744020988822,0.01720577622649566,0.01651690485284374,0.019970208616825635,0.02056111037127417,-0.014294188958193232,-0.01399237818709731,-0.01283851896251087,-0.00019792611091695722,0.03352155868493445,0.026714638426397874,0.017066838579202326,0.03195165415304779,0.014531727620310075,0.006767581243730669,0.005153013877127854,0.01618045133304591
2024-07-17,0.00879596312725095,0.02474146758601692,-0.011780273039674993,0.018410334035459774,0.019602548439948242,-0.015525565073836067,-0.01576772399710913,-0.056759133383819216,-0.013499535833577991,-0.014339381971047893,-0.015822759084051286,-0.040168032405856535,-0.006694688370233348,0.016445683662529076,0.0031695133367368733,-0.02744977818811145,0.013992635190092528
2024-07-18,-0.02624881389820266,-0.011086429883511162,-0.005343732607335339,-0.006886685321622399,-0.009345910581685768,-0.01861790433721855,-0.01839576574225732,0.030000778717640175,-0.0068266970588665155,-0.0069276276402158166,-0.007502565328147193,0.006228183705075718,-0.020218929077623238,-0.0005218873463272988,-0.0069185951301216075,0.0028692063026629633,0.0009516676586553974
2024-07-19,-0.0041041174771604405,-0.0014950921973522213,-0.01084821158856375,-0.008090029665292708,-0.005660258568769616,0.0009485424519319885,-0.00016885216205231313,0.001975378019600349,-0.015084616941612339,-0.016742317750788382,-0.014758869368595384,-0.011836155837568474,-0.009458393226251971,-0.0015665887576209458,-0.0013164392614093412,0.00013309562245344964,-0.010696469710134715
2024-07-22,-0.022915289543992245,-0.013722393341201289,-0.016816313722727183,0.0029128206487227803,0.004066071918713332,0.02207480337618062,0.022571205723167065,0.022252840773445914,0.022357665304552965,0.015963157783935644,0.013153078944738272,0.008241815430663157,0.001736230082479695,-0.029811780001417376,-0.025322694113309008,0.0008647526456213583,-0.06078811345882862
2024-07-23,0.022590047917190104,-0.02580308658659436,-0.03388929816089692,0.003485232920052317,0.0008100690666006383,0.0013636180167757583,0.0006604425168128536,0.002646832181661951,-0.007320448238417043,0.01466475514736576,0.013342939539822796,0.0056676246627611615,0.0173308399489569,-0.018328798797363488,-0.004959623480703779,0.008374940453195645,-0.005116329575914014
2024-07-24,-0.023059632189006862,-0.010906443643200703,-0.012535749555268816,-0.0023154188394053365,0.0005394330180079621,-0.05027253239043039,-0.05038767136748579,-0.05610929439674661,-0.010532732946031631,-0.02924978660386135,-0.028113848172981903,-0.016473338774883328,-0.007666078259325193,0.05216913714271154,0.0018690279599902215,0.00777794887325256,0.02005647891579798
2024-07-25,0.008219814795998426,0.003938026417637408,-0.006570231515654168,-0.00029021282008023785,-0.0005391421869108681,-0.0298788397351456,-0.030991021953258868,-0.017039907867980375,-0.0029874468093273876,-0.007089569041348942,-0.005858695545462034,0.02865002467391431,-0.016308987646243778,0.0015658803105611518,-0.009892997130791503,-0.01694025997926707,0.0070586403798960085
2024-07-26,0.16619605464256249,0.03791849648203249,0.008070916808085471,0.013348885639342,0.011869320636305192,-0.002837587972003175,-0.0016741183836520568,0.027105755228187922,-0.004289601750998351,0.012495505444254595,0.012523016541424958,0.022281667488624146,-0.023560231289169953,-0.009380048151705678,0.002226726933193701,0.0029939916108134845,0.0035042015800423876
2024-07-29,0.026494723801054887,0.024943547256786047,0.024574688716529236,0.007731962814887305,0.00746483183554103,0.01452448252363725,0.015149823241466853,2.1440396160476993e-05,-0.006984840661456659,0.007052139108287392,0.007275399832131768,0.0005240166416962122,-0.011617386237130156,-0.005786389022657379,0.00763396907591285,-0.00033169520237352756,-0.0014967424128763396
2024-07-30,0.015131498288925904,0.00319533478083156,0.017907515233547056,0.017334532689169846,0.016670826953565365,0.0042657338382039445,0.004482846281110842,-0.0054109122152026234,-0.006986087331111279,-0.0070027547079456465,-0.00975075372949541,0.025554977341579743,0.01627481823235022,0.004232865932028762,-0.008537245526394566,-0.004644969889963546,0.00024988532436531763
2024-07-31,-0.008745153730295274,0.011271812625087918,-0.0010661704079608647,-0.010335228667468277,-0.009890518237167356,0.007506154412779686,0.007340424532257028,0.02512992812373871,0.009267879946038615,0.004583825453966517,0.0058351921185617606,0.0012254753144986807,0.016014102404498853,0.014225362726312918,0.039461572685635105,0.0035333251953124645,0.011987914654415732
2024-08-01,-0.007242178423995216,-0.024472781567127067,-0.006831006707259557,-0.006491709710823801,-0.007097832841665319,-0.004042784185149362,-0.004546833814443985,0.04824890901149037,-0.005570119825267672,-0.017549936119670262,-0.014865965041207074,-0.032537602968924384,-0.027145363634831887,0.011428603085161138,0.02627830388853636,-0.030359344333285243,0.008144134807230197
2024-08-02,-0.010106898549635868,-0.00894195117473795,-0.037399355462147454,-0.009090872631083657,-0.012178883981604494,-0.02348510458379316,-0.024010275572583395,-0.019287164664272494,-0.017940340662810472,-0.030368011441114895,-0.03202063315461856,-0.030047528559024372,-0.00990091446963881,-0.005136101370099566,0.009034022212063286,-0.015620813464030325,0.002937579522626299
2024-08-05,-0.025887028532822987,-0.01804526220303082,-0.019984362701644054,-0.02408255565646511,-0.025462387421279487,-0.04608049719917062,-0.04446192401096971,-0.02542301409667269,-0.0245909476219498,-0.02984532385719363,-0.03384032331091846,-0.022934688918660462,-0.042727285612709776,-0.023748060226754464,-0.010012793798770514,-0.02916193900477182,-0.028557510387873797
2024-08-06,-0.01848693595791784,-0.006635900685845297,0.02494872945642812,0.06316091058894657,0.06738160520711012,-0.0006227496321400405,-0.006028252682076296,0.038593263382903586,0.018411180329354515,0.022028129749108505,0.025580480487024326,0.016464487293721852,-0.007597393171351996,0.014807141477279684,0.01600051516312062,0.004444727885668298,0.011557874002454449
2024-08-07,-0.007960077211748184,-0.010534387774143394,-0.044570438719714445,0.010223960805802568,0.010821826525355682,0.0013080907940941078,0.004106455628972272,-0.010463685636637354,0.003133324722306874,0.0026013148120640484,-0.0007673805773761311,-0.008098944295727106,0.0009569562332751858,0.003126428465187514,0.003844962597125079,-0.031689404197163484,0.0004965914296983787
2024-08-08,0.02825337608357925,0.02181231405953543,0.0,0.0035555895929955117,0.0017846106404242335,0.01922235388028648,0.01944123640482287,0.04235859491160743,0.030859571438579758,0.028910277445416188,0.02841779621960039,0.03243951070730433,-0.023900467548934157,0.007792254063871962,0.015845515499168794,0.022923274506709834,0.005958406789938531
2024-08-09,0.0012914250083810863,-0.00686158538795123,0.0029083985252560396,-0.0024529147253548045,0.0007632857465271758,0.009460525690563104,0.010121665286426662,0.015972376992538173,0.005695267082366895,0.035662878442529466,0.035847649286126826,-0.002671639985907359,0.00881476610323606,0.004639202593064384,0.0030474115958702974,0.043522183297662,0.005676143614032458
2024-08-12,-0.0374577913869264,-0.014073529543012997,-0.003015973711772202,-0.009562783274365105,-0.012712787535869574,-0.008706623748769404,-0.008431598574308752,-0.003515069048796393,-0.0012619779440290468,-0.022608764283396643,-0.02271089008832139,0.008143862036869676,0.0019419765757577867,-0.0030785198514319267,0.0038619829112664927,0.017055557498932616,-0.005398743384711691
2024-08-13,0.01778991350394965,0.015312798245552761,-0.0040721590581875855,0.00027585419061448846,0.0038628241489535586,0.012076849264611056,0.011522538234962854,0.024401696948072926,0.02350195527789478,0.014946638031367199,0.015861353639107234,0.003507893850734689,-0.0029073189183989046,0.004632254841493655,0.001949302361364813,-0.01636220051038062,0.0061683485728585286
2024-08-14,-0.01619047277113972,-0.002811849833788793,0.008177801094337855,0.0019306631090207915,0.0020524060114377463,-0.02350403792810407,-0.023087365777341384,-0.0033677611706401933,0.021079554231074882,-0.006662025752787848,-0.007988402618596013,0.00042336020665945107,-0.005830920844935417,0.0056349920332612324,0.0059384766256744825,0.00020705948568355836,0.002942621859866712
2024-08-15,0.002249326752964187,0.013073405916838254,0.02885269357847764,-0.0008259560019757695,-0.0017922771515764824,0.007035900125845984,0.0057991604630118765,0.02006605008720519,0.002327398898529731,0.006706706000882079,0.00951692218481015,0.01852836663141888,0.07135887833573085,-0.027508864025292734,-0.009466062621123705,0.010144235619031328,-0.021026844843998416
2024-08-16,0.003693042120689327,0.00253035476132335,0.005743948823248468,0.012672138989392012,0.014106372628116093,0.009621951586335387,0.0102913844567738,-0.01844329594168581,0.016359565565549294,-0.0024543983289989635,-0.00652663979103818,0.003950240944238903,0.0036497053567006166,0.013095792164694808,0.009916251290117861,0.024320244841115946,0.014235777636766533
2024-08-19,0.004953157318198453,0.016153730948775813,0.017021175402527122,0.0032645382201770268,0.004046378845670384,0.022216583271630785,0.02276640462571833,0.0035269472916286126,0.021451766066753697,0.01581720355047911,0.015328517668467878,0.0034169208993255484,0.0063635791131502195,0.0077559920674479255,0.005189251397552885,0.0037348109208721336,0.0032010421539447886
2024-08-20,-0.02179910518671624,-0.005712952850702724,-0.011891674796065788,0.0073209381425332065,0.009319928735348038,0.003325764989446034,0.0030598178935232756,-0.004818026118479923,0.014538211796514044,-0.013494864768156867,-0.015456413279102521,-0.0066040973768420885,-0.011743409458374598,0.0,-0.006883282778625155,0.028637857532184396,0.0027000875582894324
2024-08-21,-0.006132686968488343,-0.0022485254219473116,0.010920501422264639,0.011305618186270738,0.008485153836802706,-0.007871838151838673,-0.00795546339423836,0.016004388036534367,-0.002032786935379338,0.01157488156688169,0.013873591891000236,0.010595199032869207,0.013711234764304914,0.0025654689721699153,-0.0038730486186620006,0.03397719687731504,0.00489600135934376
2024-08-22,-0.014108158065829657,-0.013269744443230924,-0.008818344580162174,0.009582048100416074,0.008908802842947372,-0.012766189446326681,-0.012360552401236902,-0.006035412668442097,-0.011705219851266602,0.0020805041735836305,0.0025206906310331068,0.00020549821516624434,0.008115485570843628,-0.0015353211070535666,0.005013723233165734,-0.008558819974323062,-0.0043851126960189335
2024-08-23,0.02471204596001697,0.010403634163828723,0.007117404969871677,0.0055365634226614,0.00588659798761082,0.011722646801074488,0.01111122174405832,-0.007388215980332236,-0.003236867018362677,0.010380654881980034,0.010775936969575906,0.011817849019002402,0.016099956256163006,0.01127629851972256,0.01089387445244916,0.004347841554346532,0.00831914141029344
2024-08-26,0.019040472347301662,0.010798549372138533,0.013471761493335732,0.0015730037637347039,0.0017069601941117618,0.0029863701946690746,0.0032603741584760204,-0.013030385302387315,0.0024901381574511383,-0.00342473441587432,-0.004264435457512206,0.004062708584551045,-0.002640722265336626,0.0015205359255889839,0.009316135190705399,0.006211214611676397,0.006794545367431182
2024-08-27,0.015195413148776593,-0.0002485558859152137,-0.009588165270145277,-0.002355851291365618,-0.0009738389244703383,-0.009230017943846813,-0.00890705114463608,-0.0038762669644897274,0.010574586128851537,-0.002061782152614988,-0.001427543137104359,0.0025287630727759414,-0.07149176569611104,-0.005566869096987448,0.01796131369198961,0.0024940384356306744,-0.0009639489790485012
2024-08-28,-0.013776093832779335,-0.007703746907639308,-0.015511568701433442,0.004198253032826171,0.004629695833664682,-0.01129956982070146,-0.011112483518651906,-0.004469342251027242,-0.017075776671874543,0.004132150546172664,0.0035740292623080983,-0.003632448894924978,0.017110502982807363,0.008651379183014507,-0.01284118977991977,-0.011071021226590982,0.0009648790732459389
2024-08-29,-0.012001093761016324,-0.011770772831724674,0.003575802217403945,-0.0010451753476334869,-0.0038806147757723952,-0.006686887391128993,-0.006570439672976547,0.0027862906509925622,0.01263451069190702,-0.007544445680044309,-0.008190902509011333,-0.0012150921554224814,-0.022430058065107006,-0.003027157484035814,-0.006603378289182893,0.009433962264151052,-0.005784532455394786
2024-08-30,-0.011350354872216917,0.0027876224416865103,0.006346781926245493,0.005231549561141469,0.007304570098084939,0.010465079819291123,0.009890029310870796,0.005962959717682237,0.012809048976507809,0.016931512790713477,0.017235153666522507,0.018250218898696158,0.0009561356835308121,0.007084990681319736,-0.0035602097725773163,0.0075389826409171246,0.0128484281066219
2024-09-03,-0.0032226365012669733,-0.0017690102212082337,-0.013830562202026386,-0.010408543734496067,-0.008218518141626219,-0.03936757814836911,-0.03684666730329034,-0.018319250276101817,-0.037114199419432836,-0.04926940654314926,-0.04800563232728727,-0.010952944017079469,-0.0047756405574125305,0.026633145552890314,0.009108272054189515,-0.0359285917764085,0.027525335696152453
2024-09-04,-0.04266496797645347,-0.021012466602524427,0.0013463309896486475,0.011387588295931783,0.010304281445151053,-0.005043820592244397,-0.00578297552003415,0.0019148094687735373,0.0064562674531500885,0.008934841911737212,0.006303261820389761,-0.00583936664378415,0.0038387506895498635,0.006852741741511181,-0.008627143605575927,0.013726744537715385,-0.0337760126122616
2024-09-05,-0.002593221056428674,0.02922150205679097,-0.0067226040980155055,-0.021471472864534102,-0.018455751096063344,0.0050062124300078725,0.005049509166741517,0.008035266397386387,0.005796804068651129,-0.006376105590671921,-0.007737610066603007,0.011746998082110993,-0.0076481420684606505,0.0038890119478067753,-0.008148875646418308,-0.0062009350112079975,-0.004098294910944822
2024-09-06,-0.010127595730934247,-0.004773961741526556,-0.008008995720902967,-0.00026745815665585315,-0.0027213043028820882,-0.04079469129636937,-0.04019321566959355,-0.0320975405164623,-0.026110939490715968,-0.014260292937259611,-0.013367982220561236,-0.011710498786827062,-0.02793830908014061,0.015496392066799869,-0.02119899661651803,-0.0028651276915645507,-0.003873333335438933
2024-09-09,-0.007910076644857655,0.0027770659715624646,0.0045484682245553465,-0.007227054038291714,-0.006201930841639669,-0.01573088298533809,-0.013335905197707998,0.009035137204212118,0.01449443933286898,-0.00036172088236330335,0.001129086109323163,0.0016204250461850922,0.021803890656341585,0.02527428345671834,0.011917177568754322,-0.0018516907285781592,0.038396295990190454
2024-09-10,-0.004463679675531407,-0.01460216032387296,0.000679362175514342,-0.006470917926387876,-0.004243604516007138,0.003142987432776856,-0.0003362299672449165,0.0,-0.0026650129647295406,-0.006150497779491726,-0.008270626552148497,0.0063700547064848845,-0.021338625597066563,0.009767304025877666,0.006144475773517399,-0.009403794471773752,0.021530493202980727
2024-09-11,0.012461729171440172,-0.011752524803603781,-0.0009050835170937299,-0.011397359103401117,-0.012283853577478743,0.014265579402482631,0.016816635978205374,0.013946364425243551,0.011653508918968658,-0.011691581997420597,-0.012557198776921519,-0.012458594597035244,-0.01090199422787852,-0.011975765874196131,0.01038156063435225,-0.016209297169462733,0.003436329905206703
2024-09-12,0.03545899723727475,0.016287422005683005,0.011096079510175771,-0.01070557161061747,-0.01243652458775757,0.022280547133857187,0.02335295686100536,0.02690354811969642,0.007821284965211062,0.004436209556824,0.0003853104960414022,0.0026452984796250245,0.02805625766732245,0.0065265834714931525,0.019492349310005874,0.008336643711373437,0.001369864509914498
2024-09-13,0.003362577508014608,0.006105292713744159,0.013997741560840993,0.020532772814005895,0.01927533783834412,0.0181947900262609,0.017906795540947762,-0.0018645058708729456,0.014938860978502166,0.00772907891071295,0.006933737731159795,0.014408821669134264,0.030214233811999947,0.0023158360239716735,0.0020748211340226863,-0.009309341376787628,0.012995910208019712
2024-09-16,0.009407006976330567,-0.004803915111558088,0.014356669294109947,-0.0002718543995262612,0.0012605975504833555,0.00391508442676991,0.0038104519016202154,0.0174769209867347,-0.0008033706543147945,-0.001095614914929599,-0.0019126233735000664,0.011203251801769065,-0.00950563934921489,0.029112926697193453,0.01488954965629663,0.0017742429061367027,0.012829085407521035
2024-09-17,-0.011707455720759485,-0.002032736456761608,0.01099620522713729,0.018221315559160622,0.02064961141278343,0.008113535374074887,0.00797160286001275,0.005700404004522097,0.014946164298706321,0.01096887256522816,0.009582110228986584,0.006331186108933462,0.0019193915856678956,-0.022002695725289567,-0.015302609071355167,0.001705541297670754,-0.020444403724059645
2024-09-18,0.0008546000875373494,0.01374773883286351,0.007753676863149872,0.003205161203905238,0.0017273181132684279,0.0033068401375655476,0.0030756953805832765,0.003039442358758304,-0.02325621051865867,0.004701676672300925,0.004176174254623799,0.008650350278325059,0.011494287475343201,-0.002295633333083691,-0.02969895098358255,0.004059950821357683,-0.004537144379381242
2024-09-19,-0.024437692711614778,0.011300807482470532,-0.001389265247878524,-0.0007988339056789195,-0.0029557509483771893,0.01511112597462172,0.014579707828935806,0.039315764339114434,0.020058832317067843,0.003599695997847485,0.0034027528776425786,0.01257181967471488,-0.009469725152899455,-0.01702721654480477,0.015049804579766679,0.0021522326166687478,0.0013672678746858846
2024-09-20,-0.0028369724506415173,-0.0039731649109020495,0.0032102319721560857,-0.006661164630031302,-0.006669986921575499,0.00857607019444262,0.008942930711122399,0.004024311660226987,-0.004671206043808107,-0.007173569326898832,-0.007535916371120832,-0.00872090958298466,-0.008604232353145558,0.00842681917434196,-0.001001895900190064,-0.03175845871736005,0.008875947850094601
2024-09-23,0.0036924977095651457,0.015457318871910486,-0.008319977614858143,0.01448491741054947,0.022382516821975784,-0.009535918211507677,-0.010636490227802664,0.00545122743108295,0.006190972668127959,0.005419120743366035,0.005694816475170228,9.753649875499093e-05,0.000964323076832807,-0.002321114717527384,0.015142556586198008,0.006385246377447862,-0.001579231104681833
2024-09-24,-0.024908057075105128,0.015222027144461636,0.0077445031133958064,0.02749878852139065,0.02943324314982232,0.0034954409729266445,0.0027185893981565012,-0.001913448356308356,0.023944813359600747,0.00970164746922153,0.008304906627156772,-0.0056688257416469545,0.01637769891314922,0.004653224256665922,-0.0050381309850051625,0.007814053311497648,0.009037482958852205
2024-09-25,-0.02743071350508597,-0.018379403383156356,0.002454775850665447,-0.010808238753353794,-0.008034061621933208,-0.003972289748414459,-0.004929238943345182,0.008840116633223705,-0.0009691758762142566,-0.016726042569379596,-0.017221917834822298,-0.010616424042681927,0.0,-0.0013894435029859764,0.009283161126139028,-0.0008614289548123377,-0.0024629920640276692
2024-09-26,0.008013035738822616,0.010593699666466172,0.013628641485904147,0.005983446459893793,0.007622683861336466,0.005153725114360519,0.007678401006317115,-0.000826859061089924,-0.01403903366498438,0.004343156425176797,0.004952379997357426,0.0232489257559525,0.010426571344681612,0.004174324201255519,-0.00029497990833160515,0.006101997366019463,0.001571237384340174
2024-09-27,0.029052683421218584,0.015114518063425786,0.00850841845387551,0.004396251456078248,-0.000709263520019987,0.008911812364889915,0.00749694980513782,-0.0008453806380375184,-0.005734888102817637,0.004324444622708867,0.00454887159018047,-0.0031070588428827595,0.012195065773108027,0.011547379577002914,0.009495557590226023,0.008965657515081826,0.006051007377080753
2024-09-30,-0.00656003506967584,0.0031219858310933546,0.0018748622172246598,-0.0010299434453382439,0.0014195338636249222,0.01149485551948648,0.01158898345989412,0.008953793750164252,0.0027143753603833254,0.002870457102960078,0.0049055865402363175,0.007012710845829995,-0.015755376333075333,0.004566204813807095,0.0057510177250326144,0.004312340078073573,0.00044566323651307194
2024-10-01,0.015027233511933247,-0.0016758373531937654,-0.022247648693928035,0.005154625208892982,-0.0002362536072748611,0.007356895790497919,0.006873674936787477,0.007039951717956683,-0.004427129049246692,-0.006440111751850552,-0.008261246812743428,-0.0067704648623437835,-0.0018832449186650946,0.005909093674104637,-0.0012598898905858968,-0.021013667589910523,0.006679840155641603
2024-10-02,0.0008815261182031353,-0.0021745696995697505,0.001063306014224441,-0.008461525636414002,-0.007797752185701556,-0.006590540651870369,-0.006766754914151241,-0.006348942668159663,0.007024233562572757,-0.007922252524678264,-0.00833021009694812,-0.006329755004270909,-0.016037599578314854,0.002711361981517557,0.009607009199321004,0.005914403342088592,-0.003538820000205889
2024-10-03,-0.020805417899147804,-0.011864441668714476,-0.005523169032771613,-0.004654718257593449,-0.0021433142756857038,-0.000597688063954438,0.0,0.017387841456750763,-0.006033003522703306,-0.006896521249491805,-0.006490991893798204,-0.009996184388240903,0.0019173628116173624,-0.006309309977999278,-0.00024029543275394527,-0.024509424421966353,-0.011764846716016186
2024-10-04,0.012190181138416634,0.009311554258358834,0.01623418451135894,0.0012989845442992198,-0.002148010701464309,0.008073522472423766,0.007234941988631727,0.02259908191756388,0.018251286218979867,0.005482502373248543,0.004611733103552451,0.005246627366817913,0.006698679352193704,-0.006349275290439049,0.0012017659426368787,0.027292419608215157,-0.007636798083742513
2024-10-07,-0.005362833907579745,-0.015294835962158193,-0.029006788632578995,-0.005189399545677542,-0.0045443681544319325,-0.024738805167415223,-0.024422330959274707,-0.018726565140372964,-0.024704735970161762,-0.004362100796060031,-0.005738240339108414,-0.006794722491749061,0.0,-0.005933176369985582,0.00024021643455229835,0.0034280721477462084,-0.0076959613405398475
2024-10-08,0.008411068204533745,0.009615280729117437,0.0012987406972806426,0.004694883835899777,-0.0009610421652931356,0.007968715123902292,0.008589953196021627,0.013868341817103058,0.028265345362919136,-0.006936807430416025,-0.0030781120932353856,0.00614716879985977,-0.0019011463639968529,0.00367305173590049,0.013632005044092121,0.004795977237628923,0.003877873857693892
2024-10-09,0.02053162686016896,0.010989140345094794,0.011782458473779567,-0.0007788241504018689,0.003848053576242627,-0.015932447823326812,-0.015330229796403638,-0.00401435360230562,0.007855709567175406,0.017647050883474957,0.014280289926503986,0.012810295496434643,0.004761919015013216,0.003202182488817762,0.004356768268466427,0.006015418819532048,0.002272180166405846
2024-10-10,-0.01568765465159183,-0.007246355334870946,-0.006517025291706724,-0.011431488858230976,-0.009343663987905093,0.0007358630474907368,0.0013589731004968186,-0.011312252002948164,0.003931692776915963,-0.0234826238524527,-0.02283119685423385,-0.010313251461425699,-0.01990527256711938,-0.019952046207729612,-0.0030176869987985633,-0.002404751824514162,-0.011097724994476144
2024-10-11,-0.008303458228797966,0.0038927760376443743,0.01225939436743051,-0.0013141079134121325,0.0009674114318478644,0.00821198967441883,0.00715708867763043,0.01048255810713572,-0.010269892876734854,0.013688432614950674,0.009735247632061572,0.011207225897293505,0.000967215911314323,0.007068840933274645,0.007519669665461581,0.010424071844846061,0.0011641318184862914
2024-10-14,0.017635332664545533,0.017207940037944125,0.008923797828217062,0.00552626976176307,0.0038656240891157267,0.011123233967009316,0.010536643442361715,0.0007966329977540099,-0.013544684983870736,0.0029196245328575454,0.004242281650956192,0.0038888511865275976,0.0019322779424726377,-0.005147520486662005,0.013471635727670073,0.002192251891926622,0.004418477457678538
2024-10-15,0.000421985092190047,0.00333585975627515,-0.007897253496296441,0.006542822994566322,0.006738909447260744,0.0033063477350432358,0.003031084074577972,-0.007028724164346745,-0.009845770672608722,0.016011715663117654,0.016512869531220442,0.0073599500207457424,0.012536199998825603,0.01175930091716415,0.005187372068658602,0.003989000869799142,0.012734492212643556
2024-10-16,-0.005181662975394907,0.003324456599222314,0.026852135349491935,0.007540311219939699,0.005976660713421289,-0.0009586685251438132,-0.0018131546206514582,-0.016170146466661817,-0.00563759068132752,-0.001790753802566103,-0.0037777770628205642,0.01413203050389944,0.001904767606005331,0.00929798638328827,0.01257875373858397,-0.007305346794964973,0.003886619841997563
2024-10-17,-0.008146091791721544,-0.0004732746582009062,-0.0021704745259142344,0.008257981409117043,0.01164427827633241,-0.013374154623584267,-0.01350213412186263,0.0002428675484256182,-0.02044156155237098,0.0025116499650899016,0.002654655441973963,-0.0025595631794146367,-0.018060797099771486,0.0009213851798013373,0.00996539319621248,-0.0007747103036568337,-0.001366592246732079
2024-10-18,-0.005862099456203307,-0.007103934065895268,0.0076650640128799186,-0.0025595017128620112,-0.0023489429802240336,0.0032825235230862226,0.00300745370177391,-0.0007974804087951259,0.11087036453117594,-0.0014316327910304238,-0.004160451988154179,-0.007032805437482859,0.011616494619924422,0.0055222719792107355,0.005677045307710182,0.003101046625415993,0.0031927859093199285
2024-10-21,-0.031325764406273215,-0.03338905892929522,-0.006784453261027945,-0.011547263118897089,-0.00988930121638798,0.004544133844482934,0.0039776361747783096,-0.0022725300305457274,0.01070835845619933,0.001075194716281036,0.0,-0.008327018548316634,-0.013396982770085053,-0.008695609449499764,-0.0019711793779605413,0.01036903823050328,-0.006592259410275081
2024-10-22,0.04568657777115548,0.025166515530547162,0.0012418821920929801,0.0046729449024114356,0.004280511701852285,0.006151884572440203,0.006521555485668351,0.011909902690790508,-0.010141530222904316,-0.0028642909333638222,-0.008355520310245002,-0.02490104541356919,-0.0038797398760537227,-0.0073870473085188015,-0.016878492883829477,0.020015293803655743,-0.050343294723905085
2024-10-23,0.0072766777126564985,0.0,-0.005168534846309858,-0.007493750345218819,-0.008761531176398552,-0.014027147945887553,-0.01429076811820218,-0.03147703052302775,-0.0195619527391655,-0.007181366040820758,-0.00880887262338459,-0.0030683319409823273,0.00389485088434105,0.04604650809955202,0.008858003663529734,0.00618666546645863,0.03277102158002565
2024-10-24,-0.0006020474573966705,0.0024067672980863097,-0.008728150217216069,-0.0018223258177050283,-0.003583315188652847,0.0003040793150956844,-0.00036890326701222165,0.007255626279380589,0.007019991866486608,0.001808450075051038,0.00270476785073126,-0.0025814723377055593,-0.0009701254885516875,-0.012894480726025725,0.057071877771290636,0.0015526986431229073,-0.023331828653539333
2024-10-25,0.0119872631709661,0.00024009886770559596,-0.0038783711512233587,0.0002606914732155019,0.0,0.014951671689688029,0.015671332068891708,0.00963392553355158,0.00017229458572343148,0.0018049064462988262,0.0015414657417125444,0.0005972350272263061,-0.002912439819604984,-0.016666834061314084,-0.03082727070419733,0.003286610426334935,-0.01146661093408241
2024-10-28,-0.018839245750790545,0.004320742213386408,0.012311868125259418,0.008605145299395156,0.0071924030243055714,0.008084251113634089,0.008773282851765929,0.008565171763899704,-0.0073673575392484425,0.01765771946302297,0.020007691370502734,0.019697640417380757,0.015579403537363756,0.012826404249819845,0.006405741801027487,-0.006428044559551593,0.005799757884634493
2024-10-29,-0.007280081039547137,0.0054971964151651065,-0.0007276550217245603,0.0023268076018509998,-0.00023796071002224473,0.01663305388860814,0.017754333168263692,0.026152148165529354,0.013776132600241242,0.03222378956451122,0.030931684274314142,-0.007805018374588912,0.0038351022783396083,0.0031660861350601976,-0.007725784726751006,0.00951787732066478,-0.006967956024391264
2024-10-30,0.01231398818890339,0.004040618891442804,-0.010922692120488908,0.004642711844252911,0.0007142371298736183,0.02921579068765423,0.028170617349801086,-0.0024947499641996274,-0.007505526348254188,0.0,-0.001829485674659015,0.006293020588211906,0.018147045881332424,-0.007213675741929104,-0.014509952321166586,0.0037589389631507153,-0.0012096586607467374
2024-10-31,-0.011137949222359,0.03385425933439734,0.011779541312683772,0.0002566087499284997,-0.0007137273592928706,-0.01958662278511314,-0.019202052690924454,-0.04092593966030067,0.003038133510050889,-0.003773501855329431,-0.0010996465366100994,-0.01309343688590936,0.02626640181758222,0.023614912836254387,0.001750764735880983,-0.007182750158569062,0.0205911777495984
2024-11-01,0.11867771625181045,-0.0025188211664065596,-0.004054043196543233,-0.0017965999418555478,-0.0028571336029691308,-0.00023169824133562056,0.0010519350972029162,-0.0007402091815572609,9.263897561884171e-05,0.00137733769453674,0.002568784923393075,0.0007919482572300574,0.003656317961769684,-0.018633655861050813,0.0005376246240009763,0.01273805060007649,-0.01827672922860779
2024-11-04,0.025484997098877304,-0.02364562348627175,-0.00020868950163865918,0.027513514520112192,0.026743050456976558,-0.01141031200005127,-0.0119678324471163,-0.011425026282062989,-0.0007802950328514857,0.007221492345620861,0.0036603104909063156,0.008508157381128534,-0.010018155060514067,-0.009041483978252995,0.004344336801928028,-0.005189926180553139,-0.007253514032367958
2024-11-05,0.017428141831592248,0.0007054958300323211,0.008769152236496103,0.01751746938381782,0.013953352997893242,0.004277209175703511,0.002954338362218367,0.020956611679054715,0.011118268587680058,0.0170706619756118,0.01568201906674882,0.012164005649768495,0.020239158597163298,0.005930637684828488,0.012753596634332398,0.00675140338160185,0.004870868889629731
2024-11-06,0.06705367384133276,0.06062039452319068,0.023388180352836185,0.0423020365544049,0.0431195190980449,0.04037074238567584,0.039884358056584635,-0.0006638039095369086,0.02133765636733509,0.03994624164379812,0.03949731972842918,0.018220574673426526,0.02614967226231757,0.012244887258650916,0.022368009414300394,0.01578977234143286,-0.002423629264430849
2024-11-07,-0.03671383969437847,-0.021045783892324033,0.00040445837394620376,-0.019112893260452846,-0.017810180676737675,0.022150028490043328,0.0240214801062828,0.03435015017406107,0.02093020504149612,0.010974773863209553,0.0072537557609617664,-0.0028555045391442935,0.013180885403244691,-0.01254472694686859,-0.0030147447869995903,0.07532111042813994,-0.014334070102483554
2024-11-08,0.0017046175849542156,-0.00633615161543899,0.0009097620673885753,-0.0002404357028379378,-0.0015670567602575902,-0.01327612068504791,-0.013278040328211338,-0.003988502075483846,-0.0018831637726069994,0.028735691399109697,0.012345733915347212,-0.002863681795510109,-0.03989579047701797,0.013611592039479481,0.016501767997809447,-0.0070882641370761945,-0.00221859616135045
2024-11-11,0.005918105052991951,0.0066042956464202884,0.01858215735380031,0.02261791490332854,0.026681602489195377,0.011731181844937266,0.011213903938203318,-0.0104695457908911,0.013081114714605935,-0.012414654162991257,-0.0098238567895792,-0.0005743656090521077,0.04336038311339241,-0.0013429636357386032,0.012791620162419415,0.008375523014526154,-0.0009881529547793866
2024-11-12,-0.010201011154820305,-0.003619853066346046,0.0012888343596273444,0.027058794967250055,0.024241236406867595,0.007418829974879859,0.007041834117903489,0.0028294739820498016,0.017456275481163575,0.012570715245343589,0.003421131969175706,-0.005459765137801331,-0.008658119458256341,-0.007171734445572175,0.002853251977181115,0.006466378650181959,-0.0009891303668740914
2024-11-13,0.03627551331812029,-0.002951797098651565,0.01713048788972804,-0.0044673551780181064,-0.0036248734940698135,-0.015437495735741491,-0.015086404004044485,-0.008241838696597226,0.013386213092395183,-0.016449457248335797,-0.016365392312166938,-0.004719296468827516,-0.025327417575414124,0.006772138425018559,0.007866188442047006,0.007310950114197912,0.018316870723321665
2024-11-14,-0.029466794310306965,-0.009792772459879528,0.06230531110396309,0.01760446457163778,0.01604980433985581,-0.017396928280226542,-0.01844814507067194,-0.004896616979031321,0.008176103633431797,0.004417838993729495,0.009012062441394075,0.016450592535824482,0.01702514054730586,-0.0022422875999551506,-0.012994038713134648,-0.002144385550772898,-0.006563052487661536
2024-11-15,-0.011870621878963261,-0.013799508567811758,0.05461873790481131,-0.030529308040623926,-0.0387532495684092,-0.019509561270531828,-0.0175988039107442,-0.039988853548065584,-0.01588508031704372,-0.004398407537400506,-0.01683262389278739,-0.07787517648200104,-0.04493387984081043,0.019325989406016264,-0.00900095967873693,-0.021269565248098643,0.01908505842847008
2024-11-18,-0.01167959089509718,0.0027985403523171914,-0.013382073210494005,-0.0027990075866021202,-0.005696682182737223,0.016734687637985468,0.01629079848537418,0.0005775463111707957,0.02802318078032684,-0.007573272766176031,-0.00034949955896645957,0.015176601764163467,-0.02121786429525596,0.013668343721240594,0.006026747776306296,0.02989526913954932,0.014405813897537811
2024-11-19,-0.00046748917177608096,-0.015813935002193635,-0.00986428578992471,0.010760222243008322,0.008373648329895289,0.015723906955853684,0.01608672595072913,0.012066994791132046,0.028652404234235096,0.010492798723574337,0.00664105434771356,-0.002949220850029688,-0.02639009340771592,-0.011309318762996456,-0.016158216890449606,0.016837052175000977,-0.0075739439381994345
2024-11-20,0.011121501974911796,0.015831736184120038,0.01636717087594186,0.003702764232623945,-0.0013111846162718876,-0.012529134537389797,-0.012014365581817565,0.007895355846792906,0.014380460653176108,-0.002832018026266536,0.012152739391613654,0.01060798998105672,0.02420123645473593,0.004399556138755978,0.009734088208622316,-0.002741758625325885,0.0069161329012759065
2024-11-21,-0.013569075980551348,0.011863261137409653,0.004025968453134299,0.017293058186885757,0.02056900364572334,-0.04562111755495535,-0.047448597716292285,-0.0042968904342328695,0.015421156638108169,0.013253516981188707,0.013379138241113253,0.028865476972736337,0.04820430645634266,0.006570246383108991,0.004713986075889132,0.005822112296790749,0.006631999634051811
2024-11-22,0.01154124822333924,-0.0006896632315809281,0.008106692923353087,0.005666305133448013,0.00450251647244837,-0.015776410677497243,-0.017121063205952747,-0.00701469144242528,0.00034539187058224563,-0.001557140278028557,-0.0016926803075706376,0.00431611057367598,-0.01893585657917396,0.008703206586385237,0.007185693060276055,0.00841457846512017,0.015294155816807153
2024-11-25,-0.009786972726431697,-0.0062112527568772835,0.0030262552009119315,-0.014874894004928363,-0.0164353654539251,0.01716965251671887,0.017540541465604242,0.010676896180795481,-0.03586586222594357,0.0018714222212177223,-0.0010173039463320377,0.021684161785695544,0.022058614450191083,-0.0034512813561157207,0.006966767485809822,-0.002816895011904519,0.019235059488933448
2024-11-26,0.015137741061045151,-0.01296291261907434,-0.0047413304275751855,0.002287889019745082,0.001519021935101783,0.00702365762908963,0.00876843889928347,0.014917448212251383,0.008098569110589704,-0.003424762609271159,-0.006109908046534329,0.0002867205330603362,-0.043165420606146254,-0.00043283721352571636,0.020755109545082195,0.0012259406903003534,0.008867690367523107
2024-11-27,-0.0012298828456247524,-0.0018761945890037879,0.018622870308111494,0.012554132676037222,0.012134249377445672,0.0011723663049423294,0.0006503629512266684,-0.007566848090638678,0.005432030848423475,-0.009059569108749166,-0.00785531165592368,-0.0026761994806723255,0.012218173507349661,0.0077956953434248355,0.008851018141954548,-0.012190622680416374,0.0002255488451745613
2024-11-29,0.01836793234384171,0.0148027023670938,-0.0011055054663501318,0.008340992269908698,0.008777688853696564,-0.0019318064063004181,-0.0016545419546513118,0.008994949110405326,0.010793974783709581,0.011664573988955151,0.010327190604529246,0.004504226732520156,0.007428061852731371,-0.004727223785631285,0.0030056590429501373,0.015197280455494067,-0.0009014129952645833
2024-12-02,-0.00639848990379932,0.0023153777916307128,-0.002638949083356379,-0.007154137199058663,-0.007427805956003453,0.014604734497881244,0.015034154311312165,0.03222941927873646,0.012325101457414833,0.004674332551979576,0.0034071440159006983,0.0018126812622982769,0.011981419404080818,-0.01986178139881456,-0.008585046479512415,-0.0022826622965521626,-0.01105106463569494
2024-12-03,0.008062248649521875,-0.00993312556567627,-0.006060133536046397,-0.008106278084818008,-0.007697299658336432,0.00023122099966355059,-0.0008749686391168465,0.03511972832338106,0.0049346223095410036,0.017059537622074572,0.013921882983126688,-0.01152270741738226,-0.005464407557091988,0.04581492116071928,0.0001225248532499279,0.0005852652946936043,-0.0004558611557076153
2024-12-04,0.011342798047783598,-0.007232833943575878,0.004637124321862807,-0.0006809628800982237,-0.0023701572405577798,0.017743685720124303,0.0176841049859493,0.00021177352776891034,0.009854017654068459,-0.009454001143267998,-0.00703288805321034,-0.005106109699199335,0.009157445574631273,-0.008845667982901428,-0.007228916747391345,0.0007444400269378537,-0.029888253310213275
2024-12-05,0.005023424738332949,0.005640489254357117,-0.004188350232060656,0.005224892107406509,0.007559440666869532,-0.01010835138375299,-0.009921285349508424,-0.007901770689928478,0.007474806652393751,-0.0021552816567069755,-0.004384484983599113,-0.0012588252841210235,-0.019056228265845854,0.012749571256073677,0.003537909939670403,0.009723708080388471,0.0007054823278438427
2024-12-06,-0.002672383457953953,0.008413074050208413,0.001974346695038376,0.008813561290653027,0.007502640950610484,0.012506405262889375,0.011990310130474358,0.024370546586478303,0.01837946999951634,-0.0033939992185901824,-0.005758710860734206,0.002714702997276941,0.016651388107799647,0.0020980621623147844,-0.0006558877984536027,-0.0016839028968332892,-0.0042304130416885855
2024-12-09,-0.09204586495369671,-0.09501728190744652,-0.018161626645444073,-0.019937334075422974,-0.0163829943478343,0.0045946992102254836,0.004928076659595604,-0.016352101608196112,-0.022519585655164542,0.002167173068257533,0.0010220904483111415,-0.10249460852733994,0.01637830320982503,-0.021356691274221462,-0.06120269596245087,-0.009540945407865542,-0.00023599334043977738
2024-12-10,0.03279046966934085,0.01229185243672326,0.0010470838262435223,0.004114327944598983,0.00302818665191662,0.05324670068569293,0.05588192177742224,0.009371474879254826,-0.0003721635368578724,-0.005560679791462908,-0.010891781221789687,-0.003878535616308798,0.0026858613976994405,0.005990505969878379,0.020274400763601097,-0.013517793340281359,-0.0014164964619938214
2024-12-11,0.0014022615919120351,0.004553446318664722,-0.0010459885885101272,-0.003869861954360898,-0.006469596442325476,0.05457572555537027,0.05524642523252732,0.021571936272505532,0.025411935936641372,-0.0015532705153719073,0.0003441411779405712,-0.0038934610363181577,-0.000893035106609541,-0.0012759542082603215,0.003597419455426465,0.02751405959604214,-0.007328507795100192
2024-12-12,0.0263151529225083,0.013346921636798292,0.0025303447222575493,0.027422407740394172,0.027566841060142844,-0.01565753371002443,-0.017604729113815054,-0.0029873288124463437,-0.011755765200442303,-0.009022984124357758,-0.0030960053275260746,-0.021064116632811936,0.03932094295203559,-0.005110689098925869,-0.004565958145338889,-0.004305404259754453,0.0021434670707347614
2024-12-13,-0.02231950870196786,-0.007952378945493055,-0.013577053907113834,-0.005338132687584429,-0.005492275633007471,-0.01162023389803879,-0.011148259538646066,-0.016550628017847457,-0.00721732229890959,-0.013186875324170622,-0.012767438993260716,0.0017746910303930719,-0.03525358964487235,0.01155812043268245,-0.005701631194657941,-0.021936319740024524,0.004752698967814606
2024-12-16,-0.002106450564906215,-0.02655319855225846,-0.006469382764523357,-0.0015652821839491349,-0.0004246698860342901,0.03542701880788246,0.0360340910882635,0.007082457546370158,0.0024051353171956613,-0.0025453275808929865,0.0013981487501191214,0.006310888476313448,-0.017009986982862935,-0.033432086740841416,-0.010649298083740044,0.00916539242722103,-0.03311243521689233
2024-12-17,-0.020977391884972163,-0.0015439096311611333,0.00811704282944059,0.04076148828021764,0.04271133123011506,-0.005248242814570037,-0.006305263244155146,-0.007689506571817217,-0.0021170765971052496,-0.007655406779354945,-0.013961628810981175,-0.021124528972831014,-0.015482580972170035,-0.0004377644167582462,-0.038174839161772,-0.006678064157023211,-0.0024461577139026636
2024-12-18,-0.03441767257549422,-0.024226636922106692,-0.014776166693041604,0.0012910849948508663,0.0073364343924491315,-0.03535917917208975,-0.03592261108839989,-0.03591953966080563,-0.0321826087526742,-0.01607205392366895,-0.02017705088440147,-0.013712419224540917,-0.012025891149033519,-0.015330816042596451,-9.067751657754197e-05,-0.021674818146872443,-0.013241873820230676
2024-12-19,-0.015324123827118563,-0.012150167045698712,0.0001796801316704677,-0.012035230485646808,-0.01193609841387766,-0.0023665960616031656,0.0005837097167993299,-0.00271264966126028,0.014040813035882227,-0.004900400524066262,-0.0025288100090671284,0.0015953635599359473,-0.0093634352620946,0.004003616975982505,-0.012189205129145453,-0.002858653277183709,-0.006709733854992184
2024-12-20,-0.0036000483409109885,0.021925156246704658,0.0059262155421075935,0.01479218197219545,0.014127838527528525,0.01718501183920562,0.015383930209991847,-0.017327910922399603,0.007771233874632522,0.007879150828008719,0.009054731613565625,0.019153627153326802,0.007561679677478672,0.007975120944932801,0.010596480345365089,0.0032528190649889765,-0.0010007613114098035
2024-12-23,-0.005775245460304057,-0.006279508288634439,-0.005623487557224638,-0.0008572632128582836,-0.001615203615080385,0.015702759703265512,0.016822482214607692,0.024946510403156763,0.002640095341205795,0.010423469785967754,0.006819694107221386,-0.024307915110667433,-0.029080674303583742,0.003956101556577218,0.006127593138050669,0.006869264118341878,0.00025041414853888
2024-12-24,0.007783218047907159,0.01105858196220244,0.010412861777974625,0.01158544735224143,0.010920164600255466,0.008061722827248374,0.007604226312083462,0.01317006291870304,0.022678165767760605,0.009026456929551951,0.00713017163942542,-0.0035756092469085843,0.0067631110556474194,0.004816312496000119,0.006090487527415256,0.011843675114549201,-0.0035052420485803815
2024-12-26,-0.0011641547439370514,-0.003906409588374848,-8.88052428515973e-05,-0.004878126123078919,-0.003200525967303025,-0.0023789384976462546,-0.0026006335781717516,-0.00724001710871236,-0.008561092329737674,-0.0063897479550028,-0.0035398118526899225,0.012038508035758122,0.0019193769714549447,0.00043548619681477163,0.0030044263939892346,0.00954746360800618,0.004020036162357243
2024-12-27,-0.008897620369759052,-0.008365997227259059,-0.008884904191972853,-0.0061805754717482175,-0.007224695003428927,-0.015525164646266076,-0.01451949075497394,-0.005867130780604968,-0.017951870767731082,-0.010289405170345156,-0.012788619381498556,-0.010751496629107127,-0.0038313063875367037,-0.0043553941174439,-0.0029506548989635117,-0.003900464693546657,-0.0010010118353226405
2024-12-30,-0.01568909025229237,-0.01423657308327031,-0.006723484723112461,-0.011795073437186998,-0.012735067232103936,-0.006957297862013934,-0.007885258426125308,-0.014287931876544646,-0.007845275823784248,-0.014619943434253102,-0.011155084190884956,-0.007746609077594169,-0.0057692036496452825,-0.01093598092247472,-0.01058205914594268,-0.010137850474174037,-0.008016011641865828
2024-12-31,-0.0011947190129371066,0.0037442429056928628,0.004963836837242219,-0.007378434998127181,-0.005323435323201342,-0.011676841162685192,-0.010144483447557806,-0.009691333260920865,-0.010117338280694721,0.003297114828613168,0.0021834273357494993,0.0025635704650921465,0.011605360990271096,0.007076484729570787,0.0003171221408342362,-0.0024926382996280916,0.00984872651930413
2025-01-02,0.019196596262052834,-0.002931022766043845,-0.004759708538443097,0.010931320593589922,0.008439646319885918,0.000997743713005761,0.0006867433559809566,0.023449545528542615,-0.005149746933716615,-0.0019716661496564925,-0.0029050109559007886,0.00464896518685598,0.011472128240612944,0.0026350236550993777,-0.005436449723255299,-0.005486714997769759,0.0055012728935042166
2025-01-03,0.025762129219294216,0.006680880425485203,0.0030680483615659337,0.01038056048526026,0.0067360866100920624,0.013114337279322319,0.012458390198576419,0.008994582103633242,-0.0064054806575529755,0.004280457041897057,0.003277526802239805,-0.0063627235728696,0.008506716358875233,-0.007008292952234041,-0.0019130290829768581,0.031026342101587057,0.0012434584246545644
2025-01-06,-0.02455704802752212,-0.004778278012138593,-0.0009895102543078238,0.007491459797501987,0.006285554195262,0.025009176873943995,0.026487447068240355,0.04229039862204864,0.0008398784942873494,-0.0075408868068692625,-0.003992615722873127,-0.009197792763052104,0.024367364065276398,-0.0030876941568132033,-0.03071520973665065,0.001218520410803059,-0.016145203122526985
2025-01-07,-0.005492727727667401,-0.008268968353212669,0.0030616238148291064,-0.005523772355098044,-0.00805966694061111,-0.006314487921266321,-0.007009627039910482,-0.019533283267207935,-0.0029485720376839497,0.006276749470596421,0.0058308427138906715,-0.005522981198258892,-0.0036596354731123215,-0.017699175675479406,-0.00018839403758452722,-0.03825799497827731,-0.017419789023035537
2025-01-08,0.004861497620080257,0.008136838819967407,-0.014633298080108825,-0.004272413702466893,-0.00528134153370019,-0.006710327004675332,-0.007877676764877273,-0.01160415532734238,-0.004765735783734404,-0.0013131918046681568,-0.00471014408906234,-0.005789869923659485,-0.02295686966518251,-0.0009009551910568181,0.014976032519333993,0.010949136138454163,0.0005139351689102956
2025-01-10,-0.04130880674804338,-0.021791829973816346,-0.01011295314038052,-0.01609104760886415,-0.015928225953286246,-0.011361916265576477,-0.009848028020328359,0.008416239639515544,-0.04264003208705358,-0.017422734242892757,-0.017837627032779912,-0.024601777135407565,-0.015037524891771903,-0.009679574627788123,-0.019580625583167643,-0.027919912536431002,-0.011813227357174494
2025-01-13,0.008808807549995024,0.0024751950142329893,-0.005246208067250402,0.0017443159666421515,0.0,-0.004555665131717568,-0.005363370402798218,-0.012226733784693189,0.0031037990777584845,0.012044172849696722,0.017049712791628258,0.01328124792315899,0.022900749827167388,-0.0059934095616528404,0.0102225194105805,0.0008397844240064511,0.008198804711001983
2025-01-14,0.025011876327928784,-0.0019203652002285354,0.00037008898532908674,0.013060733883044628,0.013073250741237441,-0.006448561287831778,-0.007067744862429781,-0.02314532262362723,-0.014149912532848363,0.005289168667429678,0.004008620604525781,0.019239970212438395,-0.004664203012587409,0.011131580686726927,0.00337290270572832,0.007104521769340177,0.004197307215381585
2025-01-15,0.004938032899832523,0.003298525255565732,0.0005549999964054031,-0.007735443660460084,-0.0057353097126159325,0.03103896771622794,0.031055520622673916,0.03848536973185701,0.023973927436387044,0.0026307655902138016,0.0003630033861816706,0.008730495951543515,-0.021555801525787177,0.005045865125017368,9.34421408615993e-05,0.007165519933726827,-0.0026123246853800852
2025-01-16,-0.00379312449488145,-0.00520559374819185,-0.01589947426393723,-0.005197108606669887,-0.004532383323539002,-0.013046877830592774,-0.013500346603474322,-0.009430917678204809,-0.006943589373675674,-0.0029517743760633097,-0.0021770192891535922,0.003976701169591257,-0.0268199876020353,0.0050207182905197545,0.007236200763772294,0.01130591060093633,0.004190710961729849
2025-01-17,0.013528333161678452,0.0074359306091511534,0.005260234718060142,-0.006094771833171864,-0.00662244197822226,0.016151455869187314,0.016017944145569007,0.0024048097398858825,0.018673481439188455,0.0,-0.002545432407142445,-0.005358832217380649,0.010826770801064312,0.012261478465500186,0.014924636762412069,0.016578549522123787,0.011476196412956163
2025-01-21,-0.0023052553429430134,0.010661774401904855,0.015697910424259387,-0.0004380530558399931,-0.0020832995941582055,0.010528973692909949,0.010459193561838331,0.006021975038847938,0.013494986524751562,0.01776320598624337,0.015676301537345116,0.01417196701734813,0.020448052065512146,0.008972563179866944,0.0023748399994247826,-0.006812962005853351,0.0061888092995217026
2025-01-22,0.006389748545113427,0.003786473147048941,0.0010119755203750191,0.0030674592784885046,0.005010503158412671,0.00200357260213635,0.0016156643807536675,0.011419937803501368,0.0969436980385241,0.0058177479942256305,-0.0014357872347697809,-0.005312416626049976,0.00286262871473264,-0.007558987824979657,-0.005968409291047361,0.015393789094259702,-0.0017939264224895446
2025-01-23,0.020294795662836096,0.0097010375893396,0.020494432332191392,0.005460842754315465,0.008724362793394613,-0.0022496272105527737,-0.001965953391840247,0.0207699224214426,0.0323588079402195,0.006747979297685891,0.0017972624255688796,0.00023228980235567853,0.03425302440108546,0.009408790104909581,-0.009808437193048802,-0.022182020570752914,0.005904907238153845
2025-01-24,0.021169005717510236,0.0040033888299664255,0.010086538343748952,0.01129715352401428,0.010502558165631726,0.01162432565307192,0.011263723719211916,0.017346147137084378,-0.007381733190887418,0.007979598536933752,0.007534987666118598,0.004759052954183662,0.018399178796662197,0.008433056837194197,0.01171082710331195,0.009084964108394322,0.009188492813969162
2025-01-27,-0.00024483470585501266,0.016214691432238748,0.010520617003843435,0.024704507643781515,0.022009382385682175,-0.04026739109413968,-0.041955931897524446,0.019135494362181316,-0.005830661925405378,0.00633309394034276,0.012820568493255857,0.020563810956250927,0.008130176806106837,0.0625001177701785,0.01308505462005849,0.012830824052733947,0.027819761783878683
2025-01-28,-0.005741613125888945,-0.01778720689699853,-0.010587542715154497,-0.00251566751754817,-0.0021933997122020044,0.017030628215851662,0.018195085248102538,0.021897885530045125,-6.177996801415286e-05,-0.004090665680503092,-0.010196981623206147,-0.012791559189945678,-0.008960619480927856,0.010770513781418467,-0.0013097310571310583,-0.0038856429792512026,-0.005905458412788223
2025-01-29,-0.016558153784269836,-0.00505980080209667,0.00936328549602572,0.005674629429365918,0.007793700726241859,0.0005579451853903183,0.0005631656795550555,0.0032031448761098424,0.006503234031796312,0.0012638175091475023,0.0017762620732568735,-0.004586688014320717,0.002712597533148786,-0.006967195993536457,0.06335355334028159,0.015763583188326935,-0.0029703741629939495
2025-01-30,-0.06320093591885867,-0.1100107442795174,0.0021202870806629193,0.010867215179583667,0.011699489165184263,0.027639859003583345,0.027941204538637354,0.015536084637202352,-0.005019730425726676,-0.0028399391767396365,-0.004255360329842639,-0.0033405155161584377,-0.009919019434330711,-0.008666945106515,-0.0033171174900555878,0.005997156145040039,-0.020109236804818242
2025-01-31,0.026350173031461255,0.012330951533296775,-0.0032618940996247403,0.00475508939136593,0.00313591316101558,0.01465722300811656,0.015681799617815573,0.003173176927670829,0.0036168366891387027,0.0015822102671467775,0.0014244693169405132,0.0031206560270109485,-0.009107248665743084,-0.012073317324524213,-0.005973309168130658,-0.02991163179678613,-0.0020267664940489816
2025-02-03,-0.011548786787334286,-0.013963287651885037,0.008314144061780437,0.012139908661868537,0.015044954727831295,-0.014396894653642023,-0.013675166737069033,0.01201434177395,0.0022318142057047297,0.009478814480564646,-0.0014224430904031804,0.0111763784709078,-0.013786923707442722,0.0219131217390498,0.02202002743573228,0.0030187743731628913,0.014978453651449453
2025-02-04,-0.003631010935212342,0.010846738921085786,-0.006140367085636034,0.047977275026354516,0.05178067908871453,0.025019846050243988,0.025592684413588307,0.009649387330785242,0.016272727286897215,0.02848193441472824,0.015669507127137106,-0.009799351264513034,0.017707326612210306,0.0,-0.0035699790828668254,-0.013597108284504444,-0.004252095974316972
2025-02-05,0.01407740518976408,0.011624280970725431,-0.024360041244949837,-0.005431650130823251,-0.0020132297548841604,-0.06937561686201199,-0.07292369302172974,0.0009656202267736003,0.016323746391860183,0.011564277736019202,0.009116407728709364,-0.022669900818195976,-0.007326063410055483,0.009072153438887787,0.02183350960021202,0.007518823871051961,0.008037931502816953
2025-02-06,0.02393858877798616,0.01561599027315208,0.014021903841082928,-0.015798722784751473,-0.023656732364883526,5.1769295059456155e-05,0.0014112169122699747,0.010101124367918324,0.004519792427589486,-0.008423780378981727,-0.009729095528423826,-0.008241877169418932,0.0,-0.0008172960165359067,0.019552050998945747,-0.009950229050995185,-0.0047345615337819336
2025-02-07,-0.015482158043931271,-0.0029012499025320437,-0.010973215579121565,-0.007134359907272403,-0.008452300656258238,-0.03191769108193021,-0.032672272978842565,0.003553278939202542,-0.0017230136498767035,0.029126204485065754,0.018947555001390448,-0.005105159611065391,-0.019372561258305,0.0036810905526762916,-0.003762667620048177,0.1403211830045361,-0.0015020818762095933
2025-02-10,-0.011815735380729664,0.002909691645133883,-0.014252281765967045,0.004990045245211405,0.008713718883427646,0.005664157601414699,0.006096939381811328,0.004030777957743759,0.013482236692653249,0.00471718858203829,0.004820827713944098,-0.014558544860987843,-0.0075258352210008095,0.01303984861098395,0.03894578893973,0.017914404166481823,0.0017553464633150995
2025-02-11,0.020917587093354673,0.02204807466775649,-0.002379163001792528,0.0039721064018771735,0.0026291969544496308,-0.006004216260739437,-0.006167159607582073,0.003345396928592592,-0.01899575163900935,0.0026406629894399902,0.00925300337897128,-0.0020586579045603903,0.001895818402543048,0.011665288153528852,0.011218507496823626,-0.012093511514099764,0.0135167187703078
2025-02-12,0.010372688907949623,-0.009367044669868707,0.0019263213799642909,0.017804261040634373,0.024536337827038013,-0.00876675954713102,-0.009227476786371702,0.007752148046232588,0.019075908420018717,-0.00409703030902131,-0.003056056756165937,-0.01431855312124275,0.006622346253681188,0.008350066809613255,-0.013220061245275194,-0.00362012840233783,0.0009878546666883814
2025-02-13,0.017514642085510124,0.013753560790170871,0.0032956620838038297,0.013994085034440884,0.01371128585947301,0.013212600710188926,0.013779325160810263,0.004384005238550648,0.0159445585413851,0.007934083351144539,0.005109041447576734,0.008740641191242737,0.015977508038422794,0.010646599288608227,0.03838922803092393,0.004350337957606865,0.0125833919118008
2025-02-14,-0.0013859245924722208,0.0002826259475676718,0.007208794819047126,0.004217001494978279,0.0032461569863977413,-0.005375779273963488,-0.004888894752421935,0.011131402562279291,0.014285824980295736,0.016326571542790713,0.023720630174977053,0.002806945019418139,0.04532832415835819,0.009364064486806267,0.02165395350649657,-0.006330629036308877,-0.0012183210135922051
2025-02-18,0.004080276641214686,0.027126205394923497,-0.007428877450457394,0.00687161101598166,0.011864063005778247,-0.005725973923147998,-0.007882072841641996,-0.02755640875363241,-0.021490662315908238,0.004015935583612684,0.0,0.016064272035492877,0.0008851680105992354,0.007730901612273078,-0.02810008548142584,0.036501296112685155,0.0051231283561889995
2025-02-19,-0.00044231676460682046,0.003576392236698478,0.01633800798429541,0.016303287170924996,0.02078518623063408,0.007158210030332901,0.00816251192760542,-0.017588672861456045,0.0072211334193557075,-0.0011427418007530221,0.00926856636388207,0.0022756606800522494,0.011493981598909686,0.006520889477226177,0.0005321324548570594,-0.0055458553468521465,0.019660194868832637
2025-02-20,0.003954929051565692,-0.001918845738287489,-0.0071844828405823735,-0.004476822565742222,-0.001392223301199369,-0.002618530412755282,-0.0038324060287596717,-0.01268867351034153,-0.018009621111601426,-0.05778039650937328,-0.05378811953064977,-0.0009559770631167863,0.002622493945247495,-0.0034298241020621623,0.007784195049010956,0.00027889589843632656,0.01142594783294304
2025-02-21,-0.005537064300025096,-0.004668902224043814,-0.017096318124981358,-0.0067453589954485915,-0.007493887068492855,-0.02711101246676817,-0.02654958366688165,-0.016248557700838107,-0.02087766108954514,-0.019429180987279304,-0.011091939460161848,-0.015550265479489345,0.0017436710622293905,0.017973086289088114,-0.000866575701729988,-0.01667910938979089,0.0063543039127289536
2025-02-24,0.01329636507747578,0.001655454134099621,0.023375566718502494,0.02301456635324084,0.0184371309035134,-0.002147796821970749,-0.002282090785745594,-0.02255855266044693,-0.01463392596928259,0.0006192521305599108,-0.002453536400342071,0.017375554166600304,0.015665808786863078,0.004508022524795985,0.011162548752274404,0.001748218221813591,0.013096364801804983
2025-02-25,-0.019327438607357195,-0.012396732800532106,-0.00602516720246149,-0.017517966956896447,-0.01879312159955171,-0.021082786588213942,-0.021366784769746072,-0.01591013955821463,-0.011361003340981224,-0.007735173617806179,-0.003513624347889932,0.00167205715142682,-0.014567324432862239,-0.0033657673548547207,0.00898813851359681,-0.019384966170786,0.009002810172880293
2025-02-26,-0.01463496177965462,-0.02092038620032244,0.01176163480605652,0.0005630688237452386,-0.0012299514801249467,-0.015053352553803578,-0.015334611399897669,0.024638844960621187,0.013118555252293662,-0.009042738986565602,-0.009873110607216184,-0.0013116349943522732,-0.024347799323548913,-0.0030019138903119025,-0.02572620932838965,0.005771713371677922,-0.012125269778805459
2025-02-27,0.01572931250929721,0.008262092054291292,-0.004650032264764015,-0.007690894702572226,-0.007565081914481575,-0.025701196911108726,-0.024489025215968074,-0.022947824449734755,-0.027260949714238647,0.003461281049150333,-0.0007123725147866189,-0.023877852915906717,0.001782435817844652,0.012420006468153888,0.0022384498051080115,-0.004303925655671503,0.0020842547992478977
2025-02-28,0.012616974909441359,0.013845618091987477,0.02237004489637129,0.02211720827913677,0.02109547039287829,0.01180891878149204,0.0105636705448644,0.01513116170786688,0.018160679532392532,0.012229545538826825,0.019957407899445556,0.012231025317037458,0.010676195279617051,0.018959214414962844,0.024307771960130786,0.0181066658282798,-0.003928888508562656
2025-03-03,0.019501048477764016,0.0027871777108141593,-0.008875216460572766,-0.011466542846765071,-0.009895768209691957,-0.020671189602458173,-0.019203643511253032,-0.019679834932126994,-0.0069959718016781025,-0.007434911302465985,-0.005241208459647595,-0.02477054868550632,-0.004401173198623987,0.011309529210668412,0.011642791909797001,-0.01853945067926377,0.01786547070842448
2025-03-04,-0.006205196913135369,-0.013340785408908484,-0.03351364143386981,-0.01571570912385134,-0.014203039123239058,0.02341983307935047,0.023411814451231416,-0.022975308327540356,-0.0011502465703964182,-0.010923917062014121,-0.014401174327414501,0.0014869336159026858,0.015030657821777371,-0.05411239683522617,-0.02998179884810792,0.0024032684098331814,-0.022794476895917404
2025-03-05,0.027310317288048003,0.0016901460519016531,0.002751987231406794,0.004394360718429358,0.006970506306605673,0.013788543478282067,0.012286400961489807,0.0257343505281582,0.018857056209145462,0.00536456668853913,0.002851107540846387,0.017072748671349336,0.0026133563769294987,-0.0015255721692593038,-0.007217231266402391,0.030016755767116043,-0.0007000044265562666
2025-03-06,0.011944370945737637,0.019966335992264828,-0.035495327243691754,-0.020353852732237665,-0.017216898663752533,-0.004457449517220047,-0.003872304436295493,-0.04347481192367941,-0.08533485081482117,0.0006276222698915479,0.004264433974112691,0.0049873328762848335,0.02172018518325025,0.021008453421148765,0.0007993819021203663,-0.03230763242066159,0.03244640335907478
2025-03-07,-0.008930938021440293,0.03639376291776486,0.0007588561789493298,0.0019417056562265333,0.005418115569093995,0.008839665982470324,0.008761159054474055,-0.003615173962542295,-0.0168255604746258,-0.0018819888893010228,-0.010615746006159332,0.028806570275399235,0.03231302683537307,0.014590397228585017,0.00870876799783793,-0.017029842542388707,0.04137456424845243
2025-03-10,-0.015809443965239645,-0.039372154644014,-0.023031019009103204,-0.03100775950321999,-0.027842649270305997,-0.04408989809252162,-0.04485768083503627,-0.0442253461753197,-0.02741525503903819,-0.022627238859378895,-0.021816840383116043,0.006000139743736588,-0.011532151875571328,0.005899628290793046,0.005240523273674524,-0.011745750177489023,0.009335739672494903
2025-03-11,-0.04725314418404081,-0.004431079000831395,-0.05025222633152715,-0.020199913571491535,-0.025868364698521495,-0.010905253229738787,-0.011032792447469464,0.012910082889206365,0.03279183657947349,-0.010932426976420606,-0.01499083980010607,-0.027119534259426925,-0.04416666524077906,-0.046554332244704066,-0.037354894660566185,0.009260686593393075,-0.0658206832085585
2025-03-12,-0.017197277660827237,-0.02114033700250406,0.008784381078265291,-0.011635131756500883,-0.0077770397533170055,0.01819511870718893,0.018714958284517635,0.02286559293369228,0.02746062031553187,0.0016306943951303055,-0.0026080431127106785,-0.03029950415637772,0.009590233464384923,-0.011149600803988302,-0.00412995215932388,0.007507354054888449,-0.019341390550588367
2025-03-13,-0.012437472776313463,-0.013924492776200448,-0.019137204481571413,-0.026848391970106578,-0.024278214737890713,-0.02526635504523378,-0.026030617715604887,-0.04667831046286364,-0.03208729073046179,-0.019863173930795508,-0.017930549428765485,-0.006624170951930575,0.005181323088613965,0.014385696167204198,0.013653588922849735,-0.008279340247807299,0.026297176999595218
2025-03-14,0.017660701248720212,0.021037632447942656,0.018271833177265995,0.028650254145535792,0.02429452141376731,0.01754398863482498,0.016772957627823493,0.02962983655658813,0.03126374528653453,0.0292357923868789,0.026245664951448866,0.016985459559279548,0.0042955548004954824,0.018781282635424335,-0.012041795673791933,0.004616227564042896,-0.00320288328805729
2025-03-17,0.007339933349262084,0.009031695042689858,0.0072992850278212895,0.00412633463333556,0.003443026293963092,-0.006264258204764284,-0.007251346380186208,-0.004443573465359951,0.03488012792117301,0.0016139750844772482,0.006300983756812872,-0.006556970047659316,0.00343634908756707,0.009405436773196163,0.016368645829118345,0.009434387283969947,0.0018361412236254093
2025-03-18,0.001045034028462677,0.007272830706027245,-0.00010068126876239258,-0.0045202202534901925,-0.00152489323129823,-0.023413626312294933,-0.022033966788688297,-0.03726236134357497,-0.02109426986704732,-0.009990334857373218,-0.012891393564005149,0.014321295888947594,-0.0017123321926120205,-0.008199614319052917,0.0021524402808361653,-0.010556865258020576,0.013287505418656753
2025-03-19,-0.004034484819044448,0.0022217525144734296,0.009461549769837596,0.01300309458908222,0.010690997653154177,0.02219224419347432,0.0200410599560088,0.002919107367694407,0.031731826104477,0.01725255465336195,0.013432895960029168,0.0004910894471559235,0.006861077213837552,0.00864334118585508,-0.005676430006697486,0.02222001332903578,-0.006556678999562804
2025-03-20,0.027080612588834096,0.011360419473497974,-0.014258642140889677,0.006519984252908229,0.005100189948337608,-0.0073972382979861084,-0.006650783138390626,0.0033214960792264936,-0.009015183965747409,-0.006399998224927761,0.0,-0.0098169679337623,0.01618406004552564,-0.0018628955652816304,-0.008563193185185503,0.0036867005181018264,-0.004324222560190272
2025-03-21,0.0033923852167250246,0.006849315068493178,0.006069148556427706,0.006072899891052197,0.003570764972423923,0.007270496001385185,0.007309575721232253,0.017491605838385604,0.009938577452187847,-0.009017698442030375,-0.004418234336390103,0.005576617834470277,-0.005867612827157753,0.008585267483448789,-0.0046296683562864205,0.0183179709414083,0.005485857614873302
2025-03-24,0.010142663660066109,-0.004081703602193842,0.0072391059583007955,0.00020116391367230868,-0.0001873196885017192,0.022135321089919335,0.02250131183565096,0.037903457309122146,0.01218380048865808,-0.000649933482441023,0.009615347587198952,-0.02107465541784248,-0.018549701505708227,-0.0022205675209537867,0.012195050884175496,0.00018734850753787669,-0.00977485213566931
2025-03-25,0.020435400722789154,0.0092896846387156,0.014274376301993463,0.023134106563793777,0.02940622443885932,0.016830482557615545,0.017175623467662104,0.012054747584876457,0.026018779964030125,0.0042275343377158325,0.005860745472301643,0.012086186078653194,-0.00257728272567348,0.012982150856432728,-0.0008109290522226864,0.020795290879294548,-0.0016069560836173835
2025-03-26,0.02602591662592335,0.01164039463630595,-0.008168594815497698,0.005898570213450416,0.0045487320157018285,-0.03269860730076457,-0.032246855055483414,-0.024476721214847896,-0.02670257570105694,-0.0035621191858509205,0.00036424571888393764,0.009329415022888421,0.02153307591183662,0.012449696996932547,0.014531298540719995,-0.009451698038256628,0.01586564286499348
2025-03-27,-0.007147127059076053,0.0,-0.0032744338865922096,-0.008405011827225972,-0.005252639105748247,-0.018307961636739978,-0.017084630705449633,-0.013748449837731935,0.006253485948992443,-0.01657458701869441,-0.0192937820546929,-0.006285387156380828,-0.015177095667984863,0.019891547835904078,0.021980112428805265,-0.0074112099126363296,0.017654934012810264
2025-03-28,-0.034029632935083765,-0.020069460385416016,-0.023693381139033853,-0.004139511273166252,-0.0034595147537362925,-0.04887866219265835,-0.04875479698360308,-0.042882264181107965,-0.04389175058021899,-0.019828150175924764,-0.01299181151898865,-0.0048368916984732335,-0.01027382644855157,-0.0007091925817154232,-0.012487033986924079,-0.017826273671720183,-0.0006671835803022663
2025-03-31,-0.001327814885271339,0.007646037996650756,0.006423976250365282,0.04334918977274982,0.034167720030546134,0.0010893384231343006,0.002008694974090508,-0.0006590021801687884,-0.001413543729293032,0.023938027869016443,0.023693004200818324,0.03327521387292243,0.0346019717981525,0.003548551808017164,0.006718941688490743,-0.015299098218403917,0.009570441743960378
2025-04-01,0.006458103521276293,-0.004878063142423783,-0.010334223420800925,-0.017833409676704104,-0.013780912400962242,0.016962195390250345,0.015713858571406503,0.01672568494446991,-0.004450268869217733,-0.0029634433604777133,-0.008082218623135295,-0.037872489450032965,-0.019230766099917918,0.007072152405086074,0.006861216474310039,0.013896284114897517,0.0004409904009914367
2025-04-02,0.022539120727458783,0.0060456630104714915,0.002047302654085037,0.023758830622276683,0.021856005179992755,-0.00012582599846888698,-0.000191109018910951,-0.0035323088030799754,0.0076908651232998615,0.008916690769126046,0.0022221368366066585,-0.004387505850962259,0.014492657393326835,-0.01193824442230651,-0.014820768876256829,0.004616195679641777,-0.014103154426773234
2025-04-03,-0.028660309099214465,-0.02431030012666824,-0.09235793952705362,-0.09622631373725588,-0.09133939270230995,-0.03921690866449967,-0.040244435912206944,-0.0895827097670111,-0.01974303150664558,-0.036661213337478404,-0.036585317187716404,-0.050868835155431724,-0.03529410802205013,0.016346789150341934,0.012587040570765096,-0.010279551705319578,0.01966908277689372
2025-04-04,-0.08173177483825644,-0.06550963684807731,-0.05977038868491846,-0.04530274300920456,-0.04051713992076211,-0.03203828104911288,-0.03397021683591084,-0.05058119757236168,-0.0667248587723851,-0.05878349184143261,-0.05715381693121191,-0.03701248144878666,-0.03571423119632544,-0.06853147780307967,-0.07383629282142234,-0.06868324964235728,-0.05677337844402608
2025-04-07,-0.015962617163040704,0.002696257790034906,-0.0027534015289293334,-0.02624108939469083,-0.02372817891296264,0.010152983250166558,0.007898253912248077,0.022823968180742726,0.013985916115703434,-0.010469373019687422,-0.02034171872001711,-0.01432698985050107,-0.018970183266775353,0.007132088267455483,-0.005803989634061146,0.015160843460180207,-0.010457701683757814
2025-04-08,-0.03367485199126519,-0.01882279538793097,-0.0189675886030799,-0.01616878777020947,-0.022657028982764893,-0.017823737007195417,-0.013969368493531475,-0.011234755985368716,0.002961453195615027,0.004742884583952778,-0.004568144390039164,-0.01649192826649093,-0.019337009888185652,-0.016399456590909578,-0.0014999638624247913,-0.0064800222103329475,-0.009628854308635582
2025-04-09,0.07864964836668142,0.07125443853870528,0.11894268351005244,0.08902070382171345,0.08556378727496528,0.09878565528239847,0.09682111147627892,0.14755597676350374,0.08624765712112903,0.09658678834658008,0.0921986369033636,0.0873952020281108,0.0460094343917421,0.003031489420610267,0.03491673577952947,0.06053505672770698,0.017073592237349722
2025-04-10,-0.0331719678401835,-0.042637725983050934,-0.06791329061425266,-0.03563198680934887,-0.038633330184396075,-0.03532838694668694,-0.03711174838463138,-0.0673985211979895,-0.025701506980371325,-0.02052987000132145,-0.02253628063055857,-0.0331938760569529,-0.019748691471015434,0.007559515016673624,0.004786196682158073,-0.01787344992759532,0.016772458815424773
2025-04-11,-0.0032491618741596895,0.0011875063893840299,-0.003989218476332268,-0.00782421769399344,-0.012722115231020958,0.0259380618765519,0.02826858384916342,-0.004978845264179577,-0.0031263978948412596,0.022312405319956374,0.02344666203136847,0.02189776831019552,-0.021062356951250916,0.015157328052259222,0.009956395464618462,0.03747372205311139,0.018872421128682593
2025-04-14,0.01800343598829013,0.012752116843733008,-0.0027093811888735386,0.008543206025590777,0.013090652633004796,0.012986181113672446,0.012282113988577814,-0.02224188164668206,0.014145813827956433,0.00628306025275549,0.00343644129787668,0.012433782871104526,0.0,0.015304268415639921,0.015347630365065035,0.004149524183672426,0.01303450001335249
2025-04-15,0.008166859075039445,0.007320683544597584,0.004134148472193067,0.006516016219113796,0.010700612529023434,-0.0172788693239756,-0.01735094501026846,-0.018740064310224014,0.04832059186957616,0.0029576003023490394,0.0038051265675289603,0.0037889270476052506,0.0159027909390812,0.01102936977509028,0.015496572098975925,0.007748340826106981,0.004063112528352564
2025-04-16,-0.031120674001153592,-0.02470938402746692,-0.026349873010732328,-0.035390580350347256,-0.03595697661839925,-0.020040247443811943,-0.019064648323387612,-0.036834720250224384,-0.015005903661035713,-0.025229393694838342,-0.026914294511076298,-0.07275797262588268,-0.013812047466087995,-0.017454611766944517,-0.026508218407977013,-0.014911519645939175,-0.01955920200198702
2025-04-17,0.01942854572955821,0.013710974093506412,0.024646504145298787,-0.00290825797946781,-0.006008919843558114,-0.013762139475867463,-0.014152468638223059,-0.0016523813677652432,0.011854864820885824,0.008403391267343574,0.00740160205911633,0.028074025592121243,0.021475069531584845,0.00481115598693016,0.009243687015523694,0.006480654756534143,0.009860082453022612
2025-04-21,-0.048766813771552675,-0.012055387620143576,-0.009550620340776583,-0.013910749475447348,-0.015843348399812163,-0.02282201499381964,-0.023088227538448414,-0.033540727970083783,0.015292426142407889,-0.01833329534682382,-0.019721566047996686,-0.01570191195767978,-0.016453237777563023,-0.03020245952559253,-0.03266689964146441,-0.03576632259031509,-0.025204331489052767
2025-04-22,0.027633917019217247,0.017857188632880883,0.024880880688957996,0.018885086352938396,0.020970092505522953,0.0269584444483546,0.02573307693242044,0.03222878866647605,0.05307159757857405,0.028522936104424357,0.03274162740935194,0.016368505828830315,0.020446045023245762,0.023927013209173786,0.019015217213505853,0.02344510368851238,0.006056349984179921
2025-04-23,0.018621396438486038,0.00789489524052267,0.013938809257568074,0.006029563833032103,0.009543661269241221,0.024821293718028103,0.02561572764868658,0.03995765557042463,0.00889135361658866,0.01287546170354048,0.013369034965094784,-0.00027301248605537953,0.02003646895727429,0.008531173422622995,0.004065127588513517,0.015859417115278607,-0.011345305359145463
2025-04-24,-0.006459136411608113,-0.037133856319878866,0.031160605577325917,0.015316370919153277,0.007398251682212198,0.02377639180656943,0.02529756441850739,0.02475651449251881,0.04504613080029585,0.0104303199107727,0.011684823118419674,0.04259402930630962,0.02053571009464661,0.012504704621721041,0.010911867634832761,0.04402250002485908,0.002576253025986741
2025-04-25,0.11427551623379961,0.021391991069715788,0.0029996512093726224,0.001093069068127006,0.006731906497098983,0.014739576509191554,0.01682584003353349,0.02648397953034176,0.004248483712824269,0.007419246449309247,0.010804689233259168,-0.018986698848282968,0.026246684284612076,-0.026153496127260145,-0.11217476735757803,0.0120795833307068,-0.02102332026106868
2025-04-28,0.008617693759671807,-0.003834826228501509,-0.0013291720725088219,0.00283894416554209,0.003242138456963417,-0.008727505926436563,-0.008335424470172548,0.004513281679279002,0.00803429899513608,-0.000320149339706588,-0.007740354089872392,0.00707421150814147,-0.003410066327225958,0.016784909998878828,0.017184318431263224,0.0007542735170038561,0.011453182707166443
2025-04-29,0.025101471535659226,0.005034057953548832,0.011202217097205258,0.0023954610328245085,0.0024238238508829113,-0.002216542716279024,-0.0028017338066524955,0.008549470526766578,0.013743051467801859,0.003203012230709401,0.007429397195715337,0.005434197823283027,0.005132518721850499,0.00146727694178872,0.02035727842897228,0.022877426700478765,0.013210806584174728
2025-04-30,0.014314184690559673,0.007660550048366632,-0.0024129422096845765,0.004562438461991558,0.003223846927595364,-0.007219506602248571,-0.00849141831669098,-0.009811758370556145,0.0054013189246651105,0.0031929086924664674,0.0,0.0039547359478990796,-0.0008510241289493292,0.014652084754519512,0.022186346812531177,0.01131290596158907,0.025843973901481743
2025-05-01,-0.022610079321096377,-0.011111042552800376,-0.0015393625832165192,-0.008001849693162866,-0.011448106191439766,0.011809281073067224,0.015742918631112435,0.04227698760668308,0.001546345883152389,-0.004773997108433181,-0.002212517586482221,-0.005383536459411364,-0.007666072601255958,-0.0021661006845020703,0.00020247142235985116,0.007928985027657154,-0.01724929061582725
2025-05-02,0.005221932114882533,0.01892374314721046,0.018500145725367734,0.0065401657006369796,0.005079280054961055,0.018551572100965474,0.016924874289280467,0.0433582463754425,0.02030933285085479,0.020147055662255164,0.019216626694084082,0.017425832534815555,-0.018884073689103276,-0.0010852554652683866,0.00761140980790076,-0.0666326414549191,0.010161834570168615
2025-05-05,0.02399997463474035,-0.0002901880629853082,-0.004108556037694,-0.007580558907335,-0.00424512110542663,0.0014475451645925563,0.0010975329481859308,0.003768684576652026,-0.01939492606911075,0.0056426798282303015,0.005076133614139833,-0.00012987966425537234,-0.015748061676778002,-0.003621984203519668,-0.0023304802322837714,0.02651483974587121,-0.004572610463805082
2025-05-06,0.01970885684790824,0.001161089186163089,0.0006514667326233958,0.003273651036053149,0.005684187283244713,-0.005119004269883876,-0.005968148835694742,-0.019957682101590546,0.0032008797424118995,-0.0012468463349399883,0.00036069013204675926,-0.014144786276519494,0.022222308761736365,0.023627746024003526,0.022150637837848874,0.02893657376945713,0.014010255526448079
2025-05-07,0.005298387679586236,-0.0028994814184896134,0.10762712429001997,0.029366975714671506,0.025635872356579714,-0.07506057807693056,-0.07259693284699886,0.01617541824756641,0.015575448650845258,0.019350695834180476,0.016228054773144374,-0.0011846818839037487,0.0060868408712582145,-0.002130573754873022,-0.01000801754436087,-0.023723257793638597,-0.005889275210285039
2025-05-08,0.0006680581082938453,-0.0049432389711165925,0.029679685795829025,-0.007607858006951962,-0.007675650787845711,0.019306249628772365,0.019157188619477017,0.0020108437493389086,-0.009503116376643472,-0.004898816105680659,0.010645780613367961,0.007643660169486921,0.009507323313111993,-0.022420009708627786,-0.015004262287054315,-0.003932134859275238,-0.0063794191928127075
2025-05-09,-0.006626919837572576,0.0008766069528127751,0.007800678381585602,-0.005110622507575435,-0.003570039714246409,-0.008796131879277302,-0.009917053486405703,-0.009230724140860458,-0.003678666381605189,0.002153768217274754,-0.01474716619138039,-0.00667021016450009,0.022260318503956933,0.013469290042202875,-0.014869407112749755,0.004879157766270348,0.0
2025-05-12,0.0019664401606547255,0.013722591281920327,0.04294876799119085,0.04280820483890713,0.043391708282217056,0.0336831549667036,0.03738129503045706,0.07922494403045865,-0.026503684286453333,0.01166716262496137,0.00784033854835986,0.021724853068142425,0.0008374818077441226,-0.02981322570433176,-0.01431420852136267,-0.0013242244436839634,-0.013987576495523402
2025-05-13,0.021390281486985074,0.002016229312563178,0.008055046227823048,0.04844005171204713,0.05379628864397068,0.008209005552599846,0.006752431858429109,0.02596067075017383,0.025621637567743605,-0.0030349588445084397,-0.002121695564506698,-0.002190808889026563,0.003347287015970979,-0.020733054473802914,-0.012400301833169536,-0.00039777386912986934,-0.008139513830730638
2025-05-14,0.006640187863515612,-0.006611078472368193,0.014006110689016138,-0.010571727164883526,-0.01086173250361333,0.036795304873627144,0.03660761631693954,0.005076017422064316,0.011023832910874276,0.0015222161948043045,0.001771838939908621,-0.018209882676748723,-0.015012459092214159,-0.0003780526300817266,-0.00863738698826333,0.014768289192640394,-0.007034256731242694
2025-05-15,0.01379698974232979,0.022280138979448694,-0.006375010624558919,0.015235550481322413,0.015007312481863933,-0.008452794744494452,-0.008526393876696958,-0.023477271238086517,0.023449356818550537,-0.0036476022573849187,-0.004244755768976427,0.003551813453203767,0.007620551566292821,0.033661087601150275,0.020697901088825077,0.01237471171194171,0.02668252468738075
2025-05-16,0.01830443678460214,0.004245632836989532,0.010693279240438613,0.010524263128320666,0.011179300533316061,0.012273368130507833,0.013600987761906769,-0.0054979715962563125,0.011502770819129093,0.0045760480666021675,0.006039026831571759,0.008913185341562047,-0.01680659343895885,0.014269898759013078,0.010409727621526255,-0.024102569221799097,0.01172946930944585
2025-05-19,-0.02017552982372728,-0.0011274429954577503,-0.006700763971798085,-0.0034716268892739377,-0.004814553606069749,0.0026279110524445315,0.002105929091193115,0.00014058737385647113,9.233159824195702e-05,-0.00607348733679236,0.00035304839071215177,-0.00012984017788209012,0.00683761992379206,0.010822617618164054,0.006552303013601435,0.034929866706667756,0.007274392674866403
2025-05-20,0.011609261865792364,0.004232577014315453,-0.002662965271198914,0.00948331713759254,0.012363321780362035,-0.015190153865936251,-0.015371656997148597,-0.0051997576763647135,0.0003189051533434295,0.0015275617259575824,0.0,-0.01130464357106653,0.007640041111409701,-0.008565235724505182,-0.01244629264221242,0.012102600756709991,-0.002031051195163114
2025-05-21,-0.019008684924320396,-0.013768050748197314,-0.016909879189750288,-0.025115119162861577,-0.024070794884951785,0.028671525097715644,0.02793031911362842,-0.0025114111987835086,0.0021895098228403853,-0.013117651911516592,-0.013766205991645353,-0.03364435818460132,0.0016849232139080073,-0.011159193583500038,-0.0018654762110793532,-0.04522107576069079,-0.010628811406025007
2025-05-22,-0.013263069837388008,-0.01452980473395138,0.006065530984296075,-0.006686340814232472,-0.002901696303992063,0.01129005344290368,0.013704306472669403,0.0016836968196258795,-0.005574951076920853,-0.011437441332066145,-0.01037944525998824,-0.005439852571384796,-0.002523174475283718,-0.008736801059219812,0.0002492645587384157,-0.003307461713566884,-0.014171221952454682
2025-05-23,-0.008708821964735658,-0.002023682211423794,-0.012687839831619585,-0.0015837340216452445,0.0010913379203483231,-0.013896759416620275,-0.014045791636819405,-0.014939401191701784,-0.002171735076064718,0.015322065845440047,0.009041546297876346,0.0,0.009274850752854169,0.006977614560803147,0.008554082338728453,-0.0045130261424833895,0.004405115883573396
2025-05-27,0.01173840856186481,0.012456523275529152,0.02406120140659862,0.014277291292751793,0.013808098777884359,0.025885822758880517,0.026295498971841802,0.024335841889152166,0.02208552614302861,0.0027719605953315796,0.01254485154540208,0.015315117165851877,0.00501254131672324,-0.0010941099336235771,0.001976258279155596,0.005689136175143439,0.004155221175405455
2025-05-28,-0.00912120243101422,-0.009155828181095504,-0.007475893431075797,0.006842509147718223,0.006272469822512283,-0.0034484827865327583,-0.0031232404950155557,0.001961679088916979,-0.002492586722282808,0.010442220254869072,0.0031858548671879205,-0.002558954554594761,0.00498762198956193,0.004016155061249416,-0.007601954781002229,0.009104156625697524,-0.00850567416221304
2025-05-29,-0.02840101916034632,-0.01010697120728199,0.0044834129056356975,-0.025825249349154422,-0.024933209205535656,-0.002422512236352703,-0.002900877236519106,0.0022839702727737166,-0.019602029126604026,0.0,0.0021171356050020407,0.000675250646222425,0.007444223085111945,-0.004363781311977566,-0.009150675235862882,-0.012876110970215904,0.004637090424751467
2025-05-30,0.0011621521889679798,0.008459768486090313,0.0091056168847794,0.00219261384540137,0.0034702562884485477,-0.0006360609884632495,-0.000698203920146967,0.003782773763014724,0.018879863532961005,-0.005471110669303947,-0.005633812762601775,-0.009040630768942903,-0.006568236506071967,0.015339770546632714,0.015854303159082095,0.003948708425655756,0.01453948593890364
2025-06-02,-0.003760038043970071,-0.006942415331677387,-0.000796265884318248,0.00596653498523092,0.0036403242743552333,-0.014347709898240857,-0.01577979292765408,0.036154947177614805,0.00973305050335238,-0.007334983762564251,-0.00566566415509584,-0.040168919553034144,-0.013223166030373323,0.004676239155484652,0.003550777257465665,0.0058335130428661675,0.0031847244761624705
2025-06-03,-0.010081592275785867,0.009612531912040367,0.00575474969515799,0.0027679092543608785,0.0023576107094227527,-0.0156130742084446,-0.01686076958756144,-0.0060366142894214825,-0.0008532043512671228,-0.004310307509242883,-0.004985746377261457,0.01376069602406127,0.005862698808160038,0.0010740593187557046,0.0033737220606002705,0.009006976001733502,-0.006122262321338168
2025-06-04,-0.005194469914805322,-0.006347423428807675,-0.0009682567649166307,-0.02306782119059081,-0.02261609473991999,0.010017289660592787,0.011252808427987038,0.0316411934047236,0.017833429582449156,-0.005566027015572739,-0.0032212023898998687,-0.003498310060425558,-0.006661128426218799,-0.0214592212748842,-0.007872776384979074,-0.002046598010862488,-0.013461110201454685
2025-06-05,0.0064305375174216195,-0.006387845537033088,-0.008458935122206523,-0.005045416882270226,-0.0033321964893215927,0.0024795752040669417,0.000952135855929237,-0.004840319001225057,0.00876045452150831,0.0009329134214781654,0.00035907570064930283,-0.013902584892651948,-0.00251479613470873,0.014619952459035801,0.01215070032315757,0.008072284504052618,0.0013874444655888052
2025-06-06,0.013238999511353766,0.01402690681833585,0.012174604502355413,0.009939129744709563,0.009844007055952897,0.03009235706656277,0.03251881953768598,0.01911995227889074,-0.00723697953780944,-0.010562306629460672,-0.0017947340578576831,0.017231485340797104,0.0016808393315586034,0.01152730066590224,0.003919993743026762,0.007315077913413015,0.011547452339741193
2025-06-09,-0.004767346677367557,-0.0028819962082230477,0.015452189582818354,-0.004619340656126125,-0.0049660480621648295,0.016713462761433595,0.015103485702240738,-0.005231276178778388,-0.013701531127083277,-0.0009419330563532613,-0.0017978915805296758,0.0016800466023878524,0.006711422003568446,-0.00783471966374616,-0.032172761986481446,0.003351661976647824,-0.0034246892658464922
2025-06-10,0.030945842281603575,0.029479857676192323,0.02654329977296288,0.015133117834492227,0.011645157316371613,0.013398668555208992,0.014254156560157272,0.012016210684150819,-0.01701974460849931,0.006285413674574469,0.007204588730563621,0.03330980389169946,0.014166571405599848,0.020100495963225606,-0.00407654336563712,0.006038559580768155,0.010996438120985497
2025-06-11,-0.01715952665454723,-0.01235264588755347,0.006653719948930714,-0.003776542105992209,-0.0012789492487692566,-0.0067774410015998265,-0.006998923262359846,-0.01175967840046177,0.01350924259550279,-0.005933843304478326,-0.0028612353609710484,0.0012294576402955837,0.005751820083067738,-0.0028149181719655525,-0.025487260724347927,-0.0007236736039127889,-0.008837308467427918
2025-06-12,-0.007228831603260932,0.002558241524172278,-0.007613802030611683,-0.012769386366141222,-0.015367823084803667,-0.010179563844070705,-0.009303677282806122,-0.0011238710745955505,-0.003975805935639953,-0.0050266785502907085,-0.007532268553043342,-0.028785970689482743,-0.02450977311931457,-0.002470024061042464,-0.009699643554467285,-0.0011928038372012173,-0.013260352588154167
2025-06-13,-0.02060970723500355,-0.0073714950339693885,-0.005648752660232459,-0.003637833151629577,-0.0024154339386579515,-0.006159182472010527,-0.005862193739463617,-0.01512914046358771,-0.002370328453341397,-0.010104208218660204,-0.009035080548579044,-0.024020181335497437,-0.004187572115696314,-0.0028298541117370846,-0.003060686535365287,-0.018041503306320372,-0.003475376886157844
2025-06-16,-0.03470361749334272,0.0028561694964812645,0.013057560798662049,0.030020185321523396,0.030359471963325113,0.011712408827502019,0.012022675348141831,0.028981017530439246,0.010889802121011316,0.02966501873977223,0.029905179060741638,0.01698341600431652,0.012668931505413594,-0.007804219287541936,0.013114049194572042,0.03635499514095408,-0.011857740999915434
2025-06-17,-0.004290743869096558,-0.016519498564789736,-0.011299097987405693,-0.022646567406143125,-0.022415043863835193,-0.0039901124929813125,-0.004638776261162936,-0.006964531690952236,-0.0038193357436577813,-0.013630631730453313,-0.016997129031740443,-0.02037942780232571,-0.0016680799122669177,-0.011440754244079865,-0.0413871602185486,-0.004526411581842638,-0.015294065832300752
2025-06-18,0.010197520497795542,-0.007819257289976789,-0.002285605848403205,0.011887908630029642,0.011649392003031611,-0.018337692538773376,-0.014947342551548726,-0.0020940446767588883,0.0013270984975466416,0.014761282670103348,0.010806917827802298,0.0028893341014684104,0.005847953690012231,0.00036164528834992105,-0.001987076798187992,0.00412595027749707,-0.0043010756944199535
2025-06-20,0.02368651833423807,0.007880879917725014,-0.0019514627232039006,0.010354448233659497,0.009870231386662764,-0.03592369727101741,-0.03854162083710788,-0.019288070960555737,0.007461425613042083,0.008975420915664278,0.010335057320393526,0.01238850261905311,0.025747464366744577,0.003976878821811081,0.0023984378526671346,-0.0005450938482703949,0.0007199093494598685
2025-06-23,0.016072654537251596,0.0017376612333235286,0.00102019408070686,0.013007437161868252,0.015022668037381282,-0.010254574129986649,-0.008701391555544613,0.023712252425267755,0.017971248060062228,0.017791513186121932,0.0179894056093719,0.020204839726120083,-0.002429105240058238,0.015484348431472617,0.024647737205998332,0.013508416691119685,0.015827307122352696
2025-06-24,0.02781602170574282,0.01792416694768173,0.011940324912135258,-0.0017508973414817053,-0.0032097253955253313,0.010421050815962563,0.009564929555649027,0.01956961349756936,0.020398287345304356,0.01265823519611664,0.013513461143988437,0.010878666367236223,-0.008928538406375974,0.00283687841796354,0.01251221458682572,0.0060433243760027455,0.006374036476890055
2025-06-25,-0.01152414844234051,-0.010508315426447257,0.006489683174822014,0.001364264719748931,0.001609995855127444,0.022356100098278375,0.02344530507653375,-0.004942494195251945,-0.003017735593658699,0.003571496131509644,0.0051281398789531085,-0.024696440543033105,0.0008190121990339083,-0.012729911204050981,0.00469925067804744,-0.0058012904521919095,-0.01196353634965408
2025-06-26,-0.012134878435063778,0.010619912820162947,0.01708247886588543,0.01615405991872465,0.012323645062607635,0.017143717895876653,0.0167565288381315,0.024566837473962266,0.024638352345148107,0.007117343403765464,0.004761962542743525,0.007497478855560402,0.008183260999519604,0.002865328684802826,0.002252092108718573,-0.009559665471066459,-0.0004747792802349826
2025-06-27,0.0176645041561716,0.003124320216647547,0.007245183610031791,0.0026814208495995473,0.0019407994409428309,0.022014665851204596,0.028754186710524987,0.010384490016567716,0.012589168802599637,-0.0026502268811545715,-0.0037237953690072434,0.0019656923669717496,0.017045455886781635,0.0028571420337768494,0.01655000890177738,0.008816281261055714,0.004988189800863019
2025-06-30,0.019552575788769122,0.010475464409898105,0.013650552017727913,-0.013753434011301802,-0.01320659578512784,-0.004936233693804026,-0.01288294859968786,0.00607944825136264,0.01210017207539571,0.012990980365618965,0.009853949052427868,0.008127924029204703,0.02952907710656838,0.030626879584872535,0.01279490649676629,0.005839975347297965,0.02268960794853725
2025-07-01,0.023018037030174687,0.017932343837256948,-0.004193235475152823,-0.0007748016235495925,-0.0012491213287001424,-0.002705871344609201,-0.00221310716213996,-0.025566142826694893,-0.0339996412994259,0.002914432582723059,0.0003364824439344716,0.026271861963157006,0.020155095037157178,-0.002073289067756723,0.013640558330149322,-0.011323862181942035,0.009475399048038513
2025-07-02,-0.014250852273162584,-0.004722302599346806,-0.004129852562658964,-0.015894585518243187,-0.01500799568090172,0.016109631564082738,0.015923631495703416,-0.007855716439176708,-0.006756402091737446,-0.0014529816742280266,-0.00403630141695388,0.01611798696230693,-0.024316005973324284,-0.01973688759919212,-0.016935113218102704,-0.002457357691300177,-0.0020604398208982078
2025-07-03,0.011424807993760666,0.004465411876242387,0.00829402088480835,0.019696780802404446,0.020315556695002623,0.004394875013874033,0.004982021675818515,0.007623742613236173,0.00958867083001902,0.0008731248080791065,0.004390326498581842,-0.004132109011006135,0.004672735250100812,0.0017662132742253256,0.014025749492365236,0.0025051401497924175,-0.0009177262240268602
2025-07-07,-0.0207448830159509,-0.015281940698507412,-0.006774195924309612,-0.027042776445288963,-0.02488888448786608,-0.016560518089076215,-0.015262004770794424,-0.0009180893147604507,-0.005828001438385355,-0.0136669102965844,-0.012441089519291793,-0.011645253319923832,-0.0286821205570591,0.0017630281349017007,-0.012959442461713433,0.010078706271266391,-0.017221556328214427
2025-07-08,0.008179849818719775,0.01580135249910586,-0.010880122329655517,0.003176425423215834,0.004375627374007207,-0.01351649103144914,-0.013745081514984325,0.003229734011525265,-0.011096348714701332,0.0029483965864831596,0.0034047257517273444,0.01110527050571064,0.007980879746744884,-0.004223792406915505,-0.006985719761211873,-0.008122711543390726,0.006074745963981387
2025-07-09,-0.019676446658549063,-0.010555569121872388,-0.009932726291742355,0.0015832605062631178,0.0021781068003259296,0.014272622679978753,0.012961673159285647,0.016803800869835905,0.01017011328781492,0.0014695248536307215,-0.0027145645160889798,-0.02893115280198466,-0.0015836300352849442,-0.006716169190875143,-0.015510413905023723,0.006942127477111093,-0.010450632432236429
2025-07-10,-0.004906360883899619,-0.005614732690538249,0.007876621563952968,0.02548913518934537,0.02753137592212984,0.005853768690034178,0.005661821083436713,-0.007560346686920738,-0.029256099109402633,0.011153606280310147,0.009186773272026105,0.012827643171504866,0.012688366363028392,-0.0072605086706430955,-0.017907181873465183,-0.02848529917098086,0.0023372676545150295
2025-07-11,-0.02335767388534049,-0.012140039032461969,-0.013902603839589078,-0.02524093586674403,-0.028556336498827495,0.014605550232477782,0.01446921900855469,-0.013379223529461304,-0.004381903975619883,-0.0046444999586829905,-0.004045827661394608,-0.00926063519994591,-0.001566192590367943,-0.023533669734191243,-0.0017093768731218928,-0.005991601798064128,-0.009754965717462705
2025-07-14,0.01889335266165104,0.01857663357584327,0.0008342297105745633,0.014429686166021805,0.015423634772910422,0.008273167122857306,0.007602965283927565,0.004752467744009836,0.013524894077208582,0.007582417150338916,0.006431992379683171,-0.0013745684224948373,0.019607889356002994,0.007044871034848521,0.0017123038457156348,0.019408381414413922,-0.0009609503048476631
2025-07-15,-0.040739719666850416,-0.025813720096702797,-0.008252054594435565,-0.005845623930118227,-0.005897034934642442,0.001586344189029143,0.0024234124497870546,-0.0146064284389823,-0.0013312672291643235,-0.01013021504045597,-0.0020182155694992154,-0.0257398434018159,-0.0030768914112154766,-0.0051546399333805,-0.009335848625227072,-0.0031871581993913045,-0.007696173073920565
2025-07-16,-0.009678323076816486,-0.009216527839941646,0.007060012677305272,0.0013720193541966186,0.0008987755903508976,0.0036592290664350102,0.005329723703098255,-0.010529345472280571,-0.007903085798194542,0.007017451379521367,0.007077844526201638,0.04619968088354298,0.0007716904794070611,-0.002590636998660467,0.012034332614323295,0.004333188020701373,-0.00024228431140438378
2025-07-17,0.010378806417164599,0.008720944657459206,0.019946603814085195,0.013114094839037582,0.01275148641369328,0.005060631759486789,0.0033339104925622642,-0.002134010752814608,0.019083280312017337,0.011033779716332015,0.00970554618035191,-0.043079047001754134,-0.0023131368021664933,0.0014841455224472444,-0.007475690266816937,-0.02014827480700565,-0.007272661888698906
2025-07-18,-0.003858616632987255,-0.004610950370700473,-0.00646435214107044,-0.001545561741195245,-0.0024827366323626476,0.006713534287813738,0.008061859833654816,0.0040918920037340545,-0.05095863366074482,-0.01033897065648448,-0.010275117383254928,0.0028222382970344295,0.0038639665601392092,-0.0018524696240270755,0.0007927874319326733,-0.011713429867527325,-0.0026862977814781086
2025-07-21,0.017823566571142146,0.013607510190667416,-0.004776829498861601,-0.011803338160384036,-0.013866591519201443,0.02801975857890948,0.027234386335594385,0.01233868137048666,0.019871984108772445,-0.02640748359593037,-0.023442821683647863,-0.009147019364922904,0.00307933473831401,0.016332476515350747,0.023810546242469366,0.0019465880322193652,0.040401604205556385
2025-07-22,0.0178970690758673,0.007426249756367076,0.001820637283897364,0.005874162982025366,0.007932121955939175,0.005022417716925576,0.0065228489403199585,-0.011444937658134924,-0.035020718271776774,0.003576819290023403,0.00925930089596716,0.06817214054676213,0.006139688687523792,0.0014610562030659136,0.002708312426006554,-0.002417638245429621,0.0110613650684952
2025-07-23,0.005709180783632251,0.014743679674806387,0.015529544296465358,0.01051204728652988,0.010016137206032116,-0.0031234340286847573,-0.005801077228591134,0.012443044604098619,-0.011175734361578371,0.0023760475008141047,-0.0003397981247940107,0.03550057416583985,0.006864936100033248,0.01203501739615942,0.0029152429707672844,-0.010126851268050463,-0.0027933090733026633
2025-07-24,-0.04548990484518989,-0.011735162670307941,-0.008052763068521429,-0.004238087477396957,-0.0035417615650440437,0.008824700526267826,0.010198121055599252,0.0017096735272719155,0.003382067934273314,-0.0059260382037712445,-0.002379264298706607,-0.0105290842145358,0.004545517975323987,0.006126029044980941,0.05800885118121912,-0.01302844306913209,0.005602267009875206
2025-07-25,-0.18486842105263157,-0.047780675370222236,-0.00393600463668653,0.008318681373033154,0.007108631710583735,0.004554932866038808,0.005255709468587666,-0.0029658978713743567,-0.0002286052938343941,0.0041728410200732036,0.006132905997871196,-0.007526509099316292,-0.01583710473405231,0.0028653096303490333,-0.015959571939971773,-0.0044296788482834915,0.0
2025-07-28,-0.037062182361026985,-0.004453720459416166,-0.009055717439136024,-0.0038372161208859445,-0.004764428621109484,-0.0034006899211908026,-0.0031058674849424595,0.006945625877912365,-0.004989491640200572,0.0008907176359920221,-0.005418227915451546,-0.024189344274202385,-0.0007663684594954034,-0.014285686772028017,-0.022007760949454447,0.006006701239224199,-0.01671307479426154
2025-07-29,-0.058973403244683587,-0.020876775839721584,-0.0038215806103186756,-0.011748777571006563,-0.00851068178247183,0.015561907135378306,0.016460685141382214,-0.02456695144053711,-0.004988919970404737,-0.004448482426609446,-0.005107384079813038,-0.00415380841269819,0.01610437087731298,-0.006884064420989322,0.004450158500504564,-0.009376427769780538,0.008262533924549675
2025-07-30,-0.002814514920756239,-0.01005186923106971,-0.0030856202826798906,-0.006626396283909264,-0.008226047883481469,0.005141854489750797,0.003984680179744071,-0.006842858410050834,0.013227900237543055,-0.0014894532822880002,0.0027379217940832756,-0.022470501580445945,0.0037735641977481027,0.003283541479686347,0.009738790750857707,-0.000758988178355513,-0.002575505182402682
2025-07-31,-0.0376220256020976,0.022461560500837363,-0.0035970903944102517,0.0033353371550342015,0.005409323218744655,-0.02319684211799833,-0.023558886542335844,0.11252713022888616,-0.02094237262190246,-0.002983350125212225,0.0006825456986754297,-0.008258653535256455,-0.0548871803929204,-0.0032727951211516393,-0.013121904731823508,-0.004825529881755775,0.003755853903109063
2025-08-01,-0.017337329834129167,-0.021366272546005094,-0.021156985353770974,-0.008017299096195196,-0.003945434450777441,-0.015088795990379489,-0.014434440431242646,-0.03029322970388526,-0.0006900278538041205,-0.005086640600659331,-0.00784441495990984,-0.01304654073918654,0.03500392379167461,0.012404328107273876,-0.0050753371381200285,-0.009652915807148,0.0028063740124772973
2025-08-04,-0.011107342227846595,0.001230044985514711,0.02367268934616451,0.025428840906300376,0.02592718289021545,0.030534389912763027,0.031248355479675416,0.035146249341015956,0.010693927210071452,0.01052628286248436,0.014437926712504323,0.01321900300036205,-0.05380469562941681,-0.002522630730520725,0.016062413406816578,0.024526265378549406,0.0016324860252181495
2025-08-05,0.016160500425322244,-0.001535683675113697,-0.00863006833393909,-0.03748570099277293,-0.03667954965369491,-0.0021966008187053188,-0.0018970615643739697,-0.01662871131450716,-0.019743947251830818,-0.0014882380355395464,-0.007455031499350784,0.007772301791985514,-0.04549147086112171,0.003251512759420372,-0.008630415638201328,-0.0003097806208994802,-0.006519301432390434
2025-08-06,-0.014813152412452402,-0.010765859955150336,-0.026622679192015664,-0.011384010442950454,-0.012570542021206,0.008191592160468275,0.0072942549728909345,0.011172740751957955,0.026666756173763018,0.010730343051782887,0.004779714171762706,0.00468249978141122,-0.060425709431147334,-0.010082824589059625,0.001213752105186261,0.005710023704750489,-0.007499385413703985
2025-08-07,-0.012440885587385875,-0.015236208571708376,-0.019883675481663587,-0.008888931668406652,-0.006088525228488351,0.0018281912360660346,0.0021929281717048,-0.013160821273067835,0.0016037861602051784,-0.010911215423062615,-0.01563025508512872,-0.0037010835966021505,0.06340598545786635,0.02073483113348118,0.015508787286602432,-0.003168879888331033,0.014167716198406177
2025-08-08,-0.008540039668842203,0.0,-0.003986499111197195,0.0026497989121612164,0.0027845626660514267,0.02438161894160884,0.02493383328731058,0.009805445619283093,0.02649168339975083,-0.017590924997981428,-0.015533312113179876,0.0035773633904796487,-0.10477006669561328,0.0007127177880281721,0.00843856110773733,-0.04026672327601588,0.004656535441229348
2025-08-11,0.008574586376626225,-0.008209778040086824,0.001067321305086688,0.008945029842490682,0.008885499281339415,-0.002276272949691238,-0.0020851047816846657,-0.0044585560369324595,0.005504933881604002,-0.002124354282109442,-0.004908895077717634,0.0,-0.03710757229510353,0.002136772806587528,0.015878906084202393,0.024382404061335627,0.0006952995596436473
2025-08-12,0.016733072897471724,0.021967514976029223,0.010395356380929144,0.03062667622625881,0.029908328479890223,0.012547836214391372,0.011641808031750633,0.031506538366484094,0.0057210282182575956,0.012165445275706066,0.01550386964839845,0.010145374088909476,0.08399221583973526,0.012082466912525902,0.013702008227223894,0.044415500386112416,0.0016211440140647682
2025-08-13,0.022424909766680212,0.02616832096212285,0.025677078647066365,0.05141723084253824,0.05326912204573442,-0.005534881823219151,-0.006786626180650734,-0.012556859598377712,-0.017008354301590423,0.022836390574495047,0.02775855072357092,0.037866398289092995,0.36736542541411277,-0.002809039194284435,-0.005708012383144112,0.015393884884061793,0.01063585501293196
2025-08-14,-0.021561292910664553,-0.0012144259919809608,-0.002829259494728009,0.014875458148264853,0.013024302535657561,0.0038910109667351644,0.004852336206548236,0.002627897982263816,0.021686422789215065,0.010575994249382381,0.006076936773361075,-0.013861664591116596,-0.041333264048152185,0.012323910603280641,-0.002112898573824684,-0.01261961436114789,-0.004804460929526244
2025-08-15,0.017477110078244262,0.01671742872007642,-0.007909826487431215,-0.021802849100551303,-0.025546745882464084,0.005347809320667363,0.004730440351595533,0.003963576280268333,0.006818008783574747,-0.010755904319696419,-0.011073853297683178,0.011934632713383131,-0.045897042520193776,0.004173953590348889,0.017258621205544333,-0.0042031693726868324,0.017011509888491094
2025-08-18,-0.0036967523506399314,-0.0005980188258239982,0.01005290934311387,-0.01198722245189443,-0.013536711426708758,-0.003025768463812195,-0.001961668095250446,-0.022744980360177358,0.004955858259953594,0.0058771651097502264,0.0020360869702342743,-0.001965507526801913,-0.01603506617870687,0.0017319760341838464,0.002159927480867685,0.001593635918893499,0.003390566198854472
2025-08-19,0.0007496428501982955,0.013760174078782272,-0.002402513840453424,0.008909943502235729,0.010074695659465505,-0.008810886040047428,-0.009484054893207694,-0.02070706836953029,-0.02484962294520643,0.00993277019651262,0.010836390530593043,0.019826638436826194,-0.0014815021210686785,0.0020746396504935927,0.011913188619103732,-0.01801764087904012,0.012390158527194162
2025-08-20,-0.001460674260039374,-0.01770430287776692,0.006622591500481612,0.014844050239318118,0.014101453489203664,-0.01135850365543345,-0.011162368547313561,-0.005003574389137233,-0.00023884469295076816,-0.010124354232275978,-0.008040150363602616,0.0005150598556564745,0.037091930296151654,0.010351997837579008,0.0030595716962944497,0.0013574949980958984,0.0026703300011716724
2025-08-21,0.00510095226932572,0.009311951496810078,-0.007091595906333792,-0.0005554765432905784,0.0010174963188567254,0.002147805750245091,0.0021573913103600795,-0.011528404406556447,-0.006302204369922237,0.007305694792411499,0.004390326498581842,-0.002959788722779133,0.14663823611486348,0.005464374267515559,-0.0032819335789526782,-0.0034985046493364313,-0.0006659176336852868
2025-08-22,0.03582347635035843,0.01636908626949496,0.022803543116587832,0.008336348471407629,0.006606741360989821,0.030405846851995655,0.031739584075145544,0.021228591497461258,-0.0012933556887536612,0.020307338546796228,0.02555482107131901,0.028394482586264536,-0.001871577352764886,-0.022758045570500984,-0.024054779469993903,0.005090638025918359,-0.0131024221778967
2025-08-25,-0.014914562760746986,-0.00409951348424531,-0.009675292742364894,0.0038582613114828135,0.005890336944068375,0.011803400556226196,0.011645455219543521,-0.0019740258054466997,0.011140189345029139,-0.013079249652627079,-0.011803331008603424,-0.006651765007953281,-0.002500034840524301,-0.0010428670276505514,-0.0008334674349130822,0.012225486035373212,-0.004725357237704064
2025-08-26,-0.02475859037897199,-0.009702987863767887,-0.0005096570509748322,-0.012628157243130267,-0.011711558666678279,-0.005785157425054033,-0.00647518529880442,0.0010619629015322651,0.006584202536383588,-0.012100266964983786,-0.013603089762324827,-0.015666292950684557,-0.007518719806396512,-0.006262969961636555,-0.002145096232124999,-0.004356616912645994,-0.006104528088578087
2025-08-27,0.009299810041904388,0.003859848829450785,0.003739807499943293,0.008341127868454201,0.007618106782889544,0.0012503876857172802,0.001641358933427206,-0.0089112200819631,-0.002112427987318699,-0.005249331153180159,-0.002354584831082418,0.007059365181709465,-0.06502529908530852,0.017506915335757878,0.0006368950594011213,0.005242142867531108,0.007051913687594835
2025-08-28,-0.020508969492285645,-0.007098553392064666,-0.003810553882119372,-0.0018382667087449844,-0.0010080939965766422,0.01997982139307397,0.02005023018786911,0.004990712058069002,0.006497737465141595,-0.001759048325041812,-0.006068741492091911,-0.009304059165995748,-0.008102615410457314,-0.004129290221197457,-0.0031826350287169625,0.012369069225041773,-0.007680149350045573
2025-08-29,0.0073966606734310325,0.011915462795974996,0.006290321551305711,0.004603987716231384,0.004036314995203627,0.005462084961215696,0.0060006366800031685,-0.016522196670075595,-0.01883957739305231,-0.005286330953483187,-0.0023744871200049866,0.007719015029751031,0.000680744673296596,0.012094023617984506,0.009251952165776123,-0.0069390790394900925,0.006829077779962889
2025-09-02,-0.004367697880787502,0.00471003741849807,-0.0009292028136825836,0.019615070911988886,0.022613079652517465,-0.007211975101328427,-0.007326979147031398,-0.0048599378463131115,0.004850040797450328,-0.019486186214704992,-0.019041109830082448,-0.009017282922975878,-0.016326559953581232,-0.0071697172440758905,0.0154766951458154,0.03292319001636823,-0.009721968202166087
2025-09-03,-0.0121020045553617,-0.007031935448659321,-0.007525153267678442,-0.00849295123421745,-0.01135430670396076,0.09014571203003663,0.09136506032126901,0.0026390505848710166,0.009941381522941661,-0.00963571809942354,0.003119530861913411,0.007799312468850239,0.041493818219461076,-0.0013755061820853731,-0.012622549415094109,-0.008673983666161122,-0.0013698693864943046
2025-09-04,-0.006546173520738052,0.0017703862154287986,0.012182678860027663,0.00820114765634039,0.012150443164684388,0.006750264337536782,0.00711000175917853,0.01573853992775409,0.025526472291256264,0.00851315318826873,0.012439518504126168,0.013027225621326188,-0.02124837793113432,0.01859501403880026,-0.002137302408371955,0.007493901371342648,0.010059520077160045
2025-09-05,0.0076682600265487455,-0.0011782345073192424,-0.0075750528260263295,0.011749880150539793,0.011346838480361443,0.010788304895959833,0.011622934193854961,0.005075736482779147,-0.010862974381451007,0.006934108548737994,0.004778148955282502,0.011331772694413322,0.01763906020600503,0.0003380807788213591,0.0025385155900923273,-0.004030755226698157,0.004526894509410795
2025-09-08,0.009101357104445595,0.002654107665784,0.007887301310979256,0.015008049125765366,0.015934985125456436,-0.0034048161101740693,-0.0031944412317879145,-0.00019938366845928535,0.0007556892296742834,0.017065845058564344,0.016983742062798957,-0.006168879423711138,0.012666584972199413,-0.023318744816513637,-0.03900941587033957,0.03796731634511241,-0.02388462067525421
2025-09-09,-0.0020084840438450158,-0.00970584191171786,-0.012369528099816396,-0.06671360463369724,-0.06145972721951665,0.02468399060156523,0.02388480937602111,0.01781209380194415,0.014854261498304933,-0.044745417134199994,-0.017368131598121783,-0.015328078079574037,0.0006584647374805463,0.017993092832922608,-0.0007409537063978178,-0.003698039124766961,0.005770954670841988
2025-09-10,-0.0013290529538778628,-0.005643075997652458,-0.013461714354974563,-0.02301023315103623,-0.02472717960839932,-0.0015837396186438868,-0.0019195392135488154,-0.017918233534433003,-0.012301549674561651,-0.024420336995154224,-0.018758499888934854,-0.0222564939943396,-0.00592100739722512,-0.0074778202060412635,-0.009640824513473256,-0.015411955599177074,-0.0018360719770146305
2025-09-11,0.003498149915339921,-0.0023894860320256006,0.011140826249593783,0.020077204679304073,0.0269278492662528,0.005092686433284088,0.00501727434546706,-0.0014361338975807936,-0.03543295410873859,0.022496861062284434,0.02606885672485748,0.02421037489923039,0.15552611555594797,0.00993152237993744,0.0042016812169642925,0.01024422254047841,0.014946017831132696
2025-09-12,-0.00197036793267813,-0.010179559887867895,-0.00956615611821876,-0.0009461735768994117,-0.008172986935506832,0.0024919510362755304,0.0017889481598363233,0.006245761487246204,-0.01251347505771172,0.0,-0.009823845481859772,-0.008221921662130982,0.07617422572452459,0.0027126971129718402,0.0013671170019782242,-0.0011357134214403652,-0.0038514764470065632
2025-09-15,-0.01017461176113199,-0.013309164814603869,-0.0029320197002248305,0.005493471337416844,0.008927051710508671,0.04300270276916596,0.044892057462789126,0.012056832138693574,0.011628657182543467,0.017973280825283267,0.022579507962729117,-0.004533652957174228,-0.008537986869826875,0.001690975580448395,-0.00819124543079397,0.00402016371009295,-0.00227435027997247
2025-09-16,0.0013807354628607715,-0.010116450577857261,-0.0033730890313956596,-0.02015831858747641,-0.022120128693403407,-0.001350600472132868,-0.0017885610285952591,0.018700157816564422,-0.0014555539183191968,-0.0015220844279890677,-0.005352906306137162,0.0006506874690161979,-0.05651239598716451,-0.009790697269835946,-0.00884297724767591,0.0019413376240204894,-0.0029632372421670716
2025-09-17,0.026581901326570234,0.00433565726553975,0.007550117384325761,0.02999428290046291,0.03045069480418383,-0.0062444330886924915,-0.006489790510938898,-0.004210607571059954,0.023315057045215193,0.01067083290452131,0.01681798589853356,-0.0039012792759585135,0.022247535436477506,0.007159939314538066,0.0077013883547532025,0.011262296020020157,0.010745347743323252
2025-09-18,-0.021826639152795035,-0.0243601980613245,-0.010680419856918366,0.008400239262711606,0.010469403437626701,0.009925949402432188,0.01001871155150158,0.005839731471974252,-0.016866085648571505,0.01236802434240536,0.007277591757228974,-0.0073107045319037445,-0.0022322772659729706,-0.011509837293249392,-0.002589285348264192,-0.0031135189445732347,-0.012214487608112057
2025-09-19,0.0014493433488689256,-0.0015802021015905998,-0.009576925782699863,0.009811128954053228,0.013034681874503296,0.011532504464447646,0.01067342115028036,-0.0023965900095856973,0.01588864462237538,0.01072692781345852,0.005582897123476371,-0.013545416604823113,0.05816570561115397,-0.006506854773039805,-0.0027634767524206127,0.004444624753489723,-0.004350755517066318
2025-09-22,0.013635563726122735,-0.0031656088182336894,-0.010548565980959768,0.026947771307984647,0.029693206425619234,-0.0092461844100179,-0.008597702742739965,-0.016320574807472732,0.00032601380624641685,0.006780724862340826,0.00620506261108833,-0.006399220740139544,-0.016384793408837695,-0.0031023738623160435,-0.003065067726927717,0.0031492655647247236,-0.007359770884801442
2025-09-23,0.003419395203145381,0.004128285702360124,-0.0027540624690570725,-0.010531992087813635,-0.012976566678160495,-0.002135442778294694,-0.0034451095746336202,-0.012755420105837745,-0.007251272177005275,-0.01142020040087377,-0.007465126161829705,0.02348044959680151,0.06018268457628362,-0.004495213722069957,0.008633800347320753,-0.001430617593485728,0.004402260663724178
2025-09-24,-0.013668340996440542,-0.0003162808022884045,0.01051229456765257,-0.020386019600660887,-0.023535168700269282,-0.01787260383059719,-0.01796071965674917,0.006963093860852698,-0.011916612452905984,-0.005035478814121808,-0.011445366886902786,0.010356613700969186,-0.030917335562796522,-0.016325189562146125,-0.004551376746412039,-0.028494124868243542,-0.00392147719942193
2025-09-25,0.027259927394608363,0.00031638086748309036,-0.0038790781701565358,0.0029465305459885904,0.0011635520209516415,-0.00508423130863489,-0.00546254601256424,-0.015447063165851538,0.003563278096713862,-0.005358787957223887,-0.0016539374448398814,-0.015440583983796219,-0.009937280229724732,-0.0007062450711301516,-0.0019295375978796159,0.004055405181737859,0.003936915724672252
2025-09-26,0.010459350614107521,0.003162538101141088,0.004248194515618309,0.015240597394843958,0.01527480781831847,0.0024738885076176498,0.0030513540445815668,-0.006890084188080792,0.0019615268210566583,0.006584801954785169,0.008946325865411442,0.015419153096056126,-0.0005282427526238642,0.00035344267848569366,-0.0019752428028121383,0.0449185854490628,0.005997752440981774
2025-09-29,0.00994879766432244,-0.00725091981851711,0.01154486757367823,0.030927794089353977,0.0282910697790979,-0.011408609105806655,-0.010099759645068485,-0.00047046282500340375,-0.003469310342067655,0.02468035046485917,0.019047549924833485,0.026995499372080234,0.030655396846795746,-0.008477510701127011,0.002063399267889565,0.014992958031775805,-0.008254931867866522
2025-09-30,-0.0036578653610229717,-0.002222834462559886,-0.002439427832255925,0.005087793427134724,0.0028626538485090336,-0.003314847602280846,-0.003892538213114638,-0.012133578515000187,-0.0062085075265971845,0.0026117484773438004,-0.010312557577822012,0.030329791042687404,-0.029743595134303247,0.006056191932202193,0.005967398007296509,-0.0061548167260657705,0.016185013145941562
2025-10-01,-3.627366718117475e-05,-0.004824799416028647,-0.013537133223974762,-0.02338985522885162,-0.018553830654393866,0.008170865679719697,0.007404245951836419,-0.02320315303833409,-0.023371050554380268,-0.060492056284863316,-0.057310299201908,-0.05004298083134995,-0.00158566803037119,-0.024433417543899383,-0.02556606086105373,-0.011456849446133566,-0.0027303877055961934
2025-10-02,-0.019956454489816755,-0.017453064390788975,-0.007171251348823904,-0.0012510260466364054,0.0027468787872000355,0.0036246532747332694,0.0032257975851526233,0.013536037936223266,-0.007148330446817064,-0.005545220682533825,-0.013816983173514985,-0.0077468463794483355,-0.014293267815783106,-0.01960062614128255,-0.013375619569757413,0.006029790844654714,-0.0098106917246632
2025-10-03,0.03857432950972206,0.016447328897753577,0.0029427239328638777,-0.0023264117812307195,-0.0016114249176683026,8.11398768287841e-05,-0.0013837057348194959,-0.02268067077369862,-0.007922355833264949,-0.005886052840993639,-0.00595450609525594,0.009889364708791204,0.02524169017524902,0.0018510237902256144,0.0005648447990238559,0.002880011782298242,0.006221085735898857
2025-10-06,0.00974958170615059,0.006148863709582786,0.002489530668828177,-0.012197309739451656,-0.009360827637977964,0.020531503151627994,0.02070496923127485,0.007177468422781885,0.008661954557037,-0.008725422463938814,-0.011275499345428819,0.011467561020223727,0.0020952614614619947,-0.0439761745315429,-0.02305983203475903,-0.0027164766739723456,-0.051064778869411964
2025-10-07,-0.022140409790838977,-0.01576074991080023,-0.0019512022334208234,0.0,0.002117941150179492,-0.0174147984180818,-0.018647911422191688,-0.0036050581460025377,0.02385435950265924,-0.028921753621708235,-0.024233811400045324,0.0160509047444668,-0.03240965892991676,0.01120975832256721,0.012091029933835706,0.01369752067548613,-0.00096512433621887
2025-10-08,-0.007631712186400907,0.005555603470432269,-0.00568739057452694,-0.02378798309892549,-0.02194766033426332,-0.006757505892907356,-0.004638656692530718,0.006675307797373353,0.019470053477374405,-0.012625440097070006,-0.013148289981110839,-0.0016297875625949088,-0.0005403332326563426,0.0034403621568865894,-0.004831396253602849,-0.00932818685520631,-0.0019324087118745004
2025-10-09,-0.034150946837993135,-0.022424397621652048,-0.008043612217663254,-0.02046124420670281,-0.021442830106684574,-0.013240419725487396,-0.012631840034341812,0.021829351689455878,0.013852165240020753,-0.025901695075310482,-0.020725391180654307,-0.025492877743879316,-0.028648648818155542,-0.00571415093119354,-0.001632931271170257,-0.005347405136772676,-0.01185863608671811
2025-10-10,-0.020792489681603743,-0.02061170049424421,-0.01621767310888711,-0.023927093219947015,-0.027178524395934822,-0.019487252043232317,-0.020535727123343173,-0.03845894262560201,-0.008927185320714792,-0.014473184947980666,-0.02569905250359128,-0.01417535020296834,-0.05397892909926649,0.0018588566780255444,0.01140526984025092,-0.018387943339478352,-0.007224804660285966
2025-10-13,-0.0029287420580672574,-0.001697226830832732,0.009890928020914957,0.010700391876808046,0.014492750700081158,0.030106508662283593,0.03204123532136949,0.014745447527121813,-0.0008606267961902558,0.009221332976585783,0.012024813561717584,0.00013077402803118865,0.0058824800762595775,-0.010823402778536328,-0.016303153444428675,0.018692667509068173,-0.002509407513403339
2025-10-14,0.029065004809470052,0.01972114482556231,0.008161853480965764,0.003079819197779443,0.000172172098139578,0.006335883562372802,0.005324545040418904,-0.00985044815960856,-0.003018762591476931,0.013536441579142133,0.02108084143048461,0.026663208598213695,0.011111044515309976,0.021101903345721373,0.019372638227165284,0.004051770977863134,0.02012576385024567
2025-10-15,-0.006347427009976481,-0.009002999568372472,0.004857382615168104,-0.009787027170712226,-0.009636929818685247,0.02242171861211384,0.022733798780048886,0.012559062063729476,-0.009923077676380343,-0.0010017429365423158,-0.0026277089185852143,0.009675236271312393,0.00809720629214783,-0.002296126078443095,-0.01207391712932282,0.014667075746518377,-0.004192251759187582
2025-10-16,-0.03485032244400865,-0.01547771657646313,-0.016381697047036292,-0.006395246569280144,-0.009556953306577354,0.0006753735888083146,0.0017129803542337285,-0.007637063504693287,-0.016371790522086815,-0.01470589273432632,-0.02484000972092837,-0.02647832706580322,-0.030407343214788884,0.004986578706295486,-0.0008824152163691146,-0.008680646323793062,-0.0004952941106434183
2025-10-17,-0.008537607531318603,0.009569348989434179,0.007189739023109709,0.01209282032299841,0.01877199088021886,0.007582924629080612,0.007317300499314561,0.00681110501619453,0.013323835400418593,0.0016960811471917747,0.004245458859494455,0.004014983840237463,-0.007692255760724298,0.005343539027783617,0.012718111763606599,0.008178046627862479,0.00470752644366601
2025-10-20,-0.006517653386810984,0.0010154924784728792,0.011656241819618218,0.004239694521546156,0.0018942746875332261,0.012727111065565788,0.012830603706784016,0.02127156333374791,0.03268414734599334,0.013884186432750578,0.016141486722879295,0.008643021568442322,0.013118530678438933,-0.009111578349738747,0.0033139372613029128,0.0035967186510565963,0.006165320214585268
2025-10-21,0.004015783816485818,0.013527235006889127,0.02090034399420415,0.006908520222289827,0.009453399796470308,-0.022099431399829284,-0.023738004295736914,0.0015024127113343333,0.0022526104693256777,0.002004026908909662,-0.0022693383834143654,0.006650451940234836,-0.02825179444809489,-0.0019158267274976826,-0.004389654924894515,-0.007663310458433825,-0.01225498571637873
2025-10-22,-0.030017431105680337,-0.01901900851178706,-0.010673638824105991,0.00038115293142526596,-0.002554025637285351,0.004734574635440358,0.004910952039972161,0.00019085799389140234,-0.10068071763447539,-0.004666710573889787,-0.004927961903909872,0.03201626028608384,0.003634145435860159,-0.019193827972982413,-0.007333702116736451,-0.01813432166451412,-0.01240683490854011
2025-10-23,-0.004164302532433162,-0.003401381306665008,-0.0004421609046804109,0.0064774247608898605,0.003926195878092509,0.004751944890306836,0.005522560184430203,0.0008045044237730004,-0.002490212701396932,0.009377117436173199,0.0057142639604426115,-0.011079670471979108,-0.006035132681189381,-0.03639921800814816,-0.0325856719079296,-0.004030359951231133,-0.03517583690587922
2025-10-24,0.0011479123540454328,-0.0006826124492859131,-0.01194376238307171,0.0013249812290678786,0.009692252535558499,0.026721247206989984,0.027027059702246836,0.005939976622930443,-0.01697212950876359,0.0003317881316173832,-0.0030302721479641415,-0.016556727437817886,0.015179148114929042,0.021121057539303267,-0.010091295417522517,0.0023179835018276584,0.010937381972762283
2025-10-27,0.005077827635791898,0.004781478983341136,0.005909689695550391,0.03610593867222289,0.03182889939437783,0.036159858306715975,0.03597259836001698,0.016875315144123437,-0.00011875953987927623,0.026865606434656852,0.016337401553415898,0.002531716645255422,-0.00897119633800958,0.015513217848280636,0.013362624361241249,-0.003331729621334212,0.01056155421295446
2025-10-28,0.01401565517922232,-0.004758725238625194,-0.006142014554317399,-0.005108676903240794,-0.0026114105475472105,-0.005556993873069627,-0.006684807952955674,0.0008257859066089779,0.007254044629475986,0.006783010100277043,-0.0026168315611797555,-0.02878789052391073,-0.021726150880067574,0.00665877808391957,-0.0031266759884218676,-0.010618621555333108,0.00229426217947859
2025-10-29,-0.029411793557563848,-0.02561469514123571,-0.012628846468997423,-0.0033008567441460412,-0.004909175372579733,0.025109050346676876,0.026545113193945147,0.0003060346315890694,-0.0018956882883361947,-0.028873881357710296,-0.023613203986435294,-0.02184097428820797,-0.020357719228258464,-0.02178991815219611,-0.022637368085558496,0.0006359597673109008,0.02263466188669505
2025-10-30,-0.04404702557205298,-0.04241150305112895,0.01451387135119786,0.08242872903823395,0.07728994909641296,0.024457445736790095,0.025166674615757945,-0.11334764097342975,-0.010368851941865653,0.007928589788123608,0.016506733624211956,-0.0025250622040648985,-0.0264483723059884,-0.018297482348299088,-0.0202781530159718,0.004171147934608044,-0.03108676025840673
2025-10-31,0.012645064057245525,0.019033729048886894,0.006974256352450858,-0.007139284342021379,-0.013127733916004525,-0.00028361336670990056,-0.0010302608414355374,-0.02718802605939996,0.02741965123228729,-0.0013110579353934337,0.0007552792802443253,-0.0003999018689438971,-0.0045277111621104815,0.002836239136016827,-0.0028483181808397484,0.014202058530054185,0.020020614068057663
2025-11-03,-0.04977762389642293,-0.030890809065150515,-0.0044396693944517285,-0.01866116886921687,-0.015932033804427426,0.008161218869406905,0.008997474900801272,-0.01641074430321443,-0.01677599408992303,-0.013455859379381652,-0.019245267529821475,-0.02652621867636773,0.0019492464622552497,-0.008888877888845403,-0.032039939918622085,-0.002808445740204557,-0.0067941538338698315
2025-11-04,-0.005805550422366967,0.017049659864477817,-0.00579744640924118,0.01448016241148764,0.014303654439608904,-0.021329009313571512,-0.021782042187372896,-0.016292750369489406,-0.0064813337864360054,-0.03293412370409643,-0.007310540086593931,0.006983465840949554,-0.03761349580692086,-0.0036689611972674507,0.014607501794948963,-0.012595350274121064,-0.003800350070708447
2025-11-05,0.019193292128410144,0.018221607600078293,-0.0009868038934176537,0.00361128577508274,0.0038742131940199265,0.024059428591046927,0.024392887054243362,0.013756921162278335,0.0050322341507136326,0.0044720064641445845,-0.006201561589513238,-0.0019036722586504018,0.01684639806600008,0.004909962725744066,-0.0075137472571197295,0.009230289183771223,0.009409856083235413
2025-11-06,-0.03237838544861116,-0.02254836277419403,-0.007812500542993317,0.01679235634852483,0.014356239147498506,0.002072123968974937,0.001547550312873236,-0.02674739636056278,-0.0013109006381906152,-0.02465763459546877,-0.021840875856605213,-0.005585826551781303,-0.019218028112122476,0.00732895917226184,-0.018218219863667784,-0.009263623258118137,0.003275380590886723
2025-11-07,0.00918020744696979,0.0014646274496463718,0.0022626282325286518,0.0023593085683333292,0.003956873779078052,-0.019765964444189987,-0.02079023390678647,0.004475398310548551,0.006052704730924008,0.0635535030001868,0.06539077282107963,0.017673555472010438,0.020270248640482658,0.0036378980366196245,0.02979956375001347,-0.08082406652058371,0.00527382656931219
2025-11-10,-0.04279998015094311,-0.008409465048373144,0.013545261604667846,0.009582975464247134,0.008488620497613786,0.038934528897604403,0.04041884775388471,0.016165087203101836,0.014868768548804256,0.0009903717833994463,0.002993981398304646,-0.020732416342022275,0.009933796461417899,0.0,-0.005459041195908232,0.0088792998215248,-0.004496722213881754
2025-11-11,-0.00584459845747376,0.012168044020730573,0.0232538125616486,-0.0009991221819179996,-0.0013527429824214954,0.00395745720344598,0.004171035775752285,-0.007407855845244615,0.014615098635772483,-0.003298184155834938,0.0011194274405790239,0.016084758922698894,0.09770477359868934,0.014095844644889777,0.02967892815854345,0.02836879201447573,0.021330064401088533
2025-11-12,0.018401711504887563,0.016029119464473496,0.01567254442961241,0.004667490303634114,0.004063842028717346,-0.014773496580175127,-0.015790653915050967,-0.02881611159562303,0.01853157984272613,0.0036400079880918312,-0.000372677489713813,0.0024354626863003492,-0.06989241349546227,0.018665580354981337,0.0033022622116887224,-0.0014956402780054168,0.002456999554668826
2025-11-13,-0.038813554175538445,0.002868489897377202,-0.07749669852918584,-0.02190147437996237,-0.019037597060923783,-0.028911275324989938,-0.028390987759088437,0.0014450164266244236,-0.002825084051869653,-0.021430938707111435,-0.02050705327412794,-0.013902028389814358,-0.01284518161462389,0.0038986446380058215,0.008886622358953211,-0.011608526789733342,0.0075980302625020535
2025-11-14,-0.008300766225147749,-0.016446186978350097,-0.016819991978903492,-0.00831217755554492,-0.009168694805728128,-0.007666960083925423,-0.007754073395533356,-0.0007050607549257126,-0.03643982377098187,-0.004043100178958703,-0.004567974434032562,-0.011360466789869128,0.020169179693756423,-0.0062135914283731886,0.007037323841795562,-0.010608310840189206,-0.0012162476654477006
2025-11-17,-0.006203888369076704,-0.010541562670739024,-0.0010397614189038284,-0.006842239582155574,-0.004472493721216719,0.03112130209184283,0.0311494206051246,-0.012223919096258973,-0.008335074037373547,-0.02165088862058595,-0.025621482951934893,0.01107560409713293,0.0031887824317031743,-0.0046893890728871845,-0.0011107540955992423,-0.006169412227261195,-0.0012178262995838907
2025-11-18,-0.005697552107359449,0.005143261500590635,0.005582314050349257,0.007922811666139618,0.00635160878532548,-0.002240905541390781,-0.002596263849111158,-0.007176034022427502,0.03445457784766681,-0.004495135045268772,-0.006671944729227053,0.006983465840949554,0.022886229635566968,0.00510404845094925,-0.012787154401915246,0.02358932470092734,0.011460607045236992
2025-11-19,-0.032238781912378056,-0.01790941877556962,-0.015148603244059977,-0.004442987911840501,-0.0027709923863205033,0.028179511010971936,0.030005519246110612,-0.012330823218646203,-0.035848860278491324,-0.014935748642545765,-0.013433365284272192,-0.020941036532433177,-0.038533284826300696,-0.01289057093816215,-0.008494524082308885,0.005730103295666256,-0.006991217104224234
2025-11-20,0.002522940428814291,-0.008931901762831318,-0.018821111482810182,0.0066942573020805085,0.005557265367534425,-0.010273401450901942,-0.011474926250604867,-0.0019818149456711787,-0.03936365300958811,-0.013399144426895826,-0.006808215821234254,-0.0068054735228181285,0.013574665158467836,0.00989313797024316,-0.0035973703457297113,-0.02116780942594121,-0.010439512126988015
2025-11-21,0.042576102923745696,0.027037198892947867,0.015384630457390136,0.008354563371796297,0.008443452993150524,0.03334707138850579,0.03527374725095256,0.008656367452099856,-0.01287026245781886,0.036454610043599844,0.03588715867283909,0.04698643084950893,0.013392923211711594,0.01606581433689347,-0.004892835395336026,0.00042488892208125684,0.011530900192034288
2025-11-24,-0.019310335807612322,-0.03254120839356256,-0.022439535978926894,-0.02417989376956675,-0.021160020224132436,0.06280670637722574,0.06313818514348069,0.03163650050175404,0.02550094645161094,-0.004827565384440735,-0.017905766697726033,-0.0005341692916421836,-0.05223420730594586,-0.011955239162699693,-0.010215801802764046,0.015288597633893009,-0.024739241080013574
2025-11-25,0.008438781697455155,0.008314504194196326,0.013439158621386005,0.00450534833553351,0.006687445759077759,0.01623382300579901,0.015255254678428587,0.03779468375164896,-0.02402542456292711,0.00692993887551463,0.007134290762166318,-0.02646008369025843,0.03851268841946576,0.009367718888683152,-0.0021220218950456227,0.01158651829510049,0.009450375118555732
2025-11-26,-0.004732003258795858,-0.004122932064683615,0.0011616922648272077,0.0025875277691014276,0.004943646239789379,-0.01038192383910519,-0.010790190890351825,-0.004102324679506775,0.01666664596109424,0.008946958581844466,0.006690324807589132,-0.018531153935096967,0.009590751531994846,-0.0015468092617525464,0.00412858552399209,0.007401623271698021,0.007144707847728915
2025-11-28,0.0015514617005230047,0.0045163358400601705,0.010055020195274045,0.0024087002600876595,0.00691759988464935,-0.0004996365454613683,0.0007188536364459708,0.02263220971482216,0.013567010078075148,0.0037517409465051,0.003909339328715511,0.001678258571059077,0.014566200633974846,0.007745951406082252,0.011028817571710148,0.01001519678407381,0.005626216475264734
2025-12-01,-0.01589042950915065,-0.004121308332464491,0.02201591789025681,0.01853767868200018,0.013587783010721388,-0.01561900978735331,-0.01652185247491411,-0.010926692552675643,0.01440783970981352,-0.015290534043879034,-0.006230540552170316,0.005445394075351606,-0.019350829155271754,-0.008839367155504041,-0.011386895100869654,0.013288856489378498,-0.00900023272431294
2025-12-02,0.003960590888735016,0.016553772953565637,-0.01816988220059057,-0.002022218094289152,-0.002108729968080203,0.002856014588647593,0.0029216195963446268,0.009721012869843504,0.0020159555231384907,-0.0003450025744334839,-0.004702221504656712,0.006388071405986295,0.00700183870198412,-0.010469206065349512,0.016938445543478675,-0.010066553877038364,-0.0031909633428645057
2025-12-03,0.011329180049233667,0.015173849937586414,0.0086806442571985,0.001857494065371279,0.003018903716708543,0.014556105163045396,0.012095775663122588,-0.011590055135034638,-0.049291261681398524,0.0013807516904464912,0.006299223917636487,-0.020284334040241547,-0.07269271295542501,-0.007837009042905296,-0.007709585162663957,-0.0076165979373093995,0.0014774668546648773
2025-12-04,9.99650580151279e-05,-0.008384862373492896,-0.002553337323067728,0.014495124226753697,0.020165498235910073,-0.006955428343265568,-0.0062885369485647935,0.03428704663202531,-0.007118101868856752,0.004136411154000097,0.002738588550227794,-0.011690080761929456,0.01022490507022411,0.002764549275609207,-0.002397960636683072,0.010451102635182563,0.014506891963191881
2025-12-05,0.025602612688082393,0.00404411108342595,-0.001611818436329182,0.011629824981773007,0.008998415899844403,0.01162107270937729,0.011491820215735249,0.01797344629130926,-0.028870406139230753,0.0157913644405423,0.01599697856427218,0.04660112581829856,-0.09784077576612293,-0.004332292584857789,0.007788160368364938,0.0014949310500120827,0.010421704816047539
2025-12-08,-0.002194111134273369,-0.024167010049454873,0.022127205669788763,0.006076541471172314,0.011842065118354839,-0.023083064930204067,-0.022861849764987285,-0.009830443232759278,-0.03441736853317656,-0.009124790148839823,-0.011904824283713089,-0.003948858570719471,0.08975323403837421,-0.017405041028903945,-0.024757946119852825,-0.0024205506361809626,-0.009354751444742293
2025-12-09,0.0023455216254291145,0.005253347038038481,-0.005667586586690199,0.015344431507856804,0.015749200222887172,0.010494395297446779,0.010710215128277634,-0.014757017177333132,-0.0008265505764847303,0.004092873794402596,0.008550392561153197,0.0012303292999003013,0.004804416317535809,-0.013285046636040021,-0.01511443497211129,0.005863785811226707,-0.028087137098921633
2025-12-10,0.03977959444783319,0.029488588267124083,0.016912794333102,0.019774985562492686,0.020483620968227756,0.010228165813533696,0.00987135369128267,-0.010396423674221444,-0.04136076970186031,0.002717351603891638,0.0065510295654644946,0.05707262673018909,0.005464479430715041,-0.004896020533150192,-0.02994778121163144,-0.01089531420266121,-0.005480811122517304
2025-12-11,-0.005766776530809814,0.000725182868873242,0.024166058066728224,0.0001576165844729971,0.0011151726816291951,-0.02274131654788991,-0.02429654697596606,0.003968525139734114,0.014885096182134516,0.001355026330063458,-0.0007656889534120026,0.03422887605922065,-0.04076095738433705,-0.003690021354582851,5.1040730820739455e-05,-0.014673605998126837,0.007515122124623463
2025-12-12,-0.025747389974242973,-0.013405816918641844,0.0012561143478617698,-0.005674639387377556,-0.010025052445012506,-0.010137196228924061,-0.01005027486266652,-0.012991995319821537,0.011690999535862945,0.003382916838343686,0.004597654093422943,0.0022480960138460127,-0.026912159576691352,0.011522612127110365,-0.0008701881385967392,-0.003877737829320327,0.016658359003415057
2025-12-15,0.014133582200778205,0.03598976486180394,-0.0032476935744103486,0.0020608734229627945,0.0018284539361634877,-0.003864406252255592,-0.003459567234772254,0.005911081677603569,-0.0149175938850713,-0.0131490170574039,-0.006483570898133562,0.0028660748045132856,0.018195021035963377,-0.010984494063149386,0.005123908219146989,0.012796605467634725,-0.0022010245581196575
2025-12-16,0.008447828262594825,0.05388156724822668,0.010227233193385477,-0.010125009626185677,-0.012214076837611665,-0.005140370163986718,-0.005353296540208108,0.014887845170413971,0.008531546127734213,0.007174583656746281,-0.006142045565203591,0.0019879316851996176,-0.010007059928529904,-0.009872519748575392,0.009380128405411359,-0.00012266429341001306,-0.0012255869482306059
2025-12-17,-0.0077144667320617755,0.019845209566890176,-0.00886940882867604,0.00879015771392333,0.0115121845723265,-0.03142367902712273,-0.03212967807685918,-0.0116412306962268,0.002326332044126689,0.004409810982698659,0.005407512277873616,0.02554566975334649,-0.05415160211817871,0.012048278822002212,0.0069697390169134454,-0.01627610414839631,0.003190278915657041
2025-12-18,-0.01507203857156314,-0.0016489473302686575,0.011208576151418237,0.004594429153901292,0.001264657770925881,0.01909013921667091,0.019344821602210294,0.023017643747305305,-0.008334222047654105,0.0054035658333713155,0.007683437445481944,-0.012575546766004031,-0.0030652067772740654,-0.004105099702405246,0.004463809418052245,0.02535851493385377,-0.011497051058149688
2025-12-19,-0.007263922518159771,-0.023125344868245468,-0.00563157469749731,0.0029963891741719983,0.007156802122909811,0.01600005476230182,0.015539286358039028,-0.008548385731286134,0.004148929677111113,0.000671823592127696,-0.005718694226356402,-0.007791171110467787,0.0030745571217738465,-0.004534247546067016,-0.01767617629633156,0.003040746071596434,-0.014600428222385387
2025-12-22,0.004975630597370495,-0.010483491104069542,0.01024805355401881,0.014937127642148829,0.025776987214833236,0.008813624547362231,0.008529708591268559,0.004144116767768935,-0.012289395489095245,0.0033567982851638867,0.007285386208956801,-0.00735389759775984,0.042911864725533766,0.006211153697047944,-0.004930677421203011,0.004769636069853922,0.004018177532072231
2025-12-23,-0.0035919108718462933,0.004101056793304858,0.007474690895289626,-0.0007746478200476581,0.001222361794196214,0.013972370333274142,0.014752403055799279,0.005200246461734226,0.0028960273875859865,0.0036801953417469058,0.004948523142548122,-0.011803102348152406,-0.00587795842378569,0.006584361403709549,0.009756886476718796,0.002614827788625318,-0.0015008487807419701
2025-12-24,0.015491075377437324,0.013614715376238484,0.011128783715166124,0.006821755378845662,0.002713472721674881,-3.157690817512382e-05,-0.0008270900340465737,0.003925157365835652,0.0014973196753844675,0.0003332724648650309,0.0015152088680665532,0.015883052914647422,0.015520987586470358,0.008176634169580144,0.006829680977486596,0.009509330404063654,0.010020029018341203
2025-12-26,-0.006236222823988502,-0.004029447044444745,-0.008036386490892777,0.007391459636120867,0.0052766039025446965,-0.0022492961323652416,-0.0018465518166213002,-0.006381493330441357,0.008863753059212831,-0.004665027839166225,-0.008320786265930913,0.001000688685779183,-0.01091702750645085,-0.0004055399920045444,0.009948720145990908,0.017845747716427773,0.003968348996108206
2025-12-29,0.009075060778092059,0.007080256815202857,0.005547766077727001,-0.004585722577393092,-0.006460393156064725,-0.0018096291493199246,0.00015946317380866049,-0.0069351077199256705,-0.003387315451352957,-0.00234351044442227,0.0011441897500652498,0.005497945106767599,-0.006622443802748568,0.004868133605288705,0.01069635905407007,-0.0015228997431585567,0.0
2025-12-30,0.002678974528172118,0.003347719342342348,0.005254388267549093,0.004146151638095175,-0.0016254699096645009,0.0005087624137882774,0.0009248364617262528,0.011021872665698318,-0.003929928205899436,0.004026819085479305,0.00533335207510599,0.003231100948338783,0.0007407404764869785,0.0016147967136708186,0.0031996977745214483,0.008642967306388138,0.005434776153969478
2025-12-31,-0.004055372513185107,-0.002669338235749996,-0.008885804251780649,-0.007034690847758318,-0.00854818558854753,-0.002384358422108379,-0.002708229615939528,-0.008799524987244678,-0.00021322929544353997,-0.00969254063084457,-0.010231152715261427,0.00024763442560349347,-0.008142185343638642,0.0012093441267402305,-0.0037291765327917004,-0.007289383335729482,0.0007370014289185267
2026-01-02,0.002538916308008954,-0.01170953222971538,-0.01687611458518523,0.015863141671809133,0.009442963979058083,0.00484393885476031,0.0068688704467712025,-0.014664693404023543,-0.02954356025329652,0.004724985642684754,0.0026799481241503997,0.007058871865142757,-0.016417905727218574,-0.011272199351669565,-0.017040929293922757,-0.01730263132016807,-0.00515589915975645
2026-01-05,0.003488129452394073,0.01607005411457063,0.019847998370738473,0.027289317530998947,0.02589482959504541,0.006342761849598588,0.004410686746643133,0.012884233674164136,0.005165416328581696,0.004366788849637482,0.0,-0.036522472800544326,-0.015174502392666156,0.006107465976884718,0.006413495763812893,0.02269471906423104,-0.007156852867314156
2026-01-06,0.0029046265716259345,-0.025240008128822544,0.004383296860899444,-0.0004427474733134096,0.005814648105764153,-0.008729445581772688,-0.006950279866830833,0.0027777891215432504,-0.008856304031291673,0.006689026355573002,0.010309209511578432,0.01633698898949487,-0.03697995820668698,-0.01497357848405756,-0.011251552573769974,-0.011503600649656387,0.0017398933616958878
2026-01-07,-0.02022597381822988,0.017505544202908174,-0.014488957994804763,-0.009744531262803502,-0.01418997489458973,0.025051705815587022,0.024305044194261383,-0.01805878664331184,0.0008825353525432345,0.001661081353180105,-0.0018895892182509977,-0.025744067805064108,-0.010399996794452915,-0.015201357134715598,-0.006596282586388558,0.009121318138575418,-0.004218357669846462
2026-01-08,0.016233795762780057,0.011111043340473303,0.01115926999225092,0.007156722464530141,0.008796524373722248,0.011103153492846518,0.010745993625736139,-0.004054306766610005,-0.0022043929266694073,0.003648395246151237,0.001514562326851987,0.015596772891776967,-0.00808407185557869,0.008343699790692272,0.003142671633958205,-0.016714101065529174,0.010964353770129831
2026-01-09,0.004196221428880653,0.005671794850212297,0.014977680845552177,-0.016728475426154077,-0.026555737636035137,0.00960097664266324,0.009617775065172474,0.010834927489062007,-0.011819283212769816,-0.0019827708904334163,0.0007560632919283439,0.0036807423084019852,-0.017114830550452598,-0.007447217198156664,0.013389757107653333,-0.006616998718740552,-0.002711360130859486
2026-01-12,-0.01861436078215084,0.024321406227223008,-0.026406599400814357,0.004968477579182062,0.0038002832575474432,0.010907177832882198,0.01001304803540104,-0.016981685534529944,-0.0005588578456844351,0.009933741149231068,0.0026446579318248897,-0.011633784932154834,0.00746260371926577,0.0011808321357666962,-0.015207313066501804,-0.007139757077844866,0.0017602044277023055
2026-01-13,-0.04248318022492814,-0.01995863428451783,0.0014181849304426564,-0.0034457966339074275,-0.009870129437424713,0.011120144706620927,0.012384647732168519,-0.016947689976109848,0.010177787668523397,0.003606591434911932,0.0033909642785845406,-0.008316289007857303,-0.0008230450064982131,-0.018534212504937253,-0.039694224804522005,-0.005744788230356179,-0.020833376579075025
2026-01-14,0.022487225033944513,0.009591424585948749,0.0048680898111228554,-0.004660186794507415,-0.0019119755159452412,-0.00035664271598156994,-0.0003868875077472911,-0.02467163267504846,-0.019596951384487582,0.0026135495834842537,0.006008344770943808,0.03444709656468481,-0.004942417146894029,0.013304838492679272,0.012389966915074657,-0.008081134411931812,0.02102032740282489
2026-01-15,-0.0382030041882111,-0.0024630084213004277,-0.00105691917405637,-0.008911015694661906,-0.007387987003750984,-0.00936630236853786,-0.00911135392111706,0.008578064579704892,-0.0056465271910577375,0.00032577952778178876,-0.003359392277895501,0.008231489929107605,-0.020695359287942527,0.0050824896365240235,-0.007082555203954621,-0.004684545723004807,-0.011800202173923413
2026-01-16,-0.024921669432735438,-0.018694921498259465,-0.01948692369989613,-0.0030478307141833527,-0.007718841866966031,-0.008464465736700677,-0.008353942002312653,-0.0008859384092072542,-0.0005678938106159492,-0.013354987353651038,-0.016854011030203453,-0.012988561888439665,-0.0025359249934191475,-0.010113741733818626,-0.022763030993997013,-0.017189150410046428,-0.011432941166112154
2026-01-20,-0.029300156616485662,0.01222139710450465,-0.0077337607375030926,-0.00428007843530942,-0.00041675086011028206,-0.024762388205757824,-0.024242419188384212,-0.026005608590861984,-0.008409066633744633,-0.006602837776810255,-0.014476115843774728,-0.022057929296172896,-0.021186353862204355,-0.0017027626178127697,-0.014330259597456929,0.0019571967264833123,0.004369134311433376
2026-01-21,0.017209545176246843,0.025923330156750746,0.025829281834973905,0.005066107783892715,0.010283462721578207,0.019307280369007973,0.01981366867186196,0.014632887860037913,-0.02177402566312825,0.0053173034432039135,0.010050147853972513,0.007048629887196789,0.004329002884945643,0.002132187815429454,-0.00027218035629450466,-0.009891545973879645,0.004094172930512396
2026-01-22,0.028286295510884907,0.011768752675370475,0.00017665967725544185,-0.006720683780890302,-0.005089447721622675,0.007491147967910949,0.006577701961876237,0.05656151635110929,-0.021321458315494812,0.023140524300702126,0.02296209925744752,0.008398994768789692,0.015517236225417896,0.0034041589099511604,0.009749310560340119,0.012047225065893619,0.006116168359971086
2026-01-23,-0.0050863950633338595,0.0023948222966378996,-0.01969784375408512,0.007688706994536387,0.007604021096468738,-0.007284335965053623,-0.00789612978818155,0.017185812975907266,0.03088343072516242,0.004846510319005182,0.0037411486885166045,0.006940997053199283,-0.006791251022076894,0.00042408659450687836,0.0034521969944250053,0.019203606415652885,0.0010132478313624738
2026-01-26,0.010955140163704913,0.004436901531611914,0.002973449679608109,-0.0028994511874940176,-0.0021952467877504045,0.01571104751457897,0.016253435511957903,0.02064469469104324,-0.004876983104328936,-0.0028938562710848492,0.0026090289376943243,0.007143801121792803,0.016239394553839492,-0.005934612703990649,0.010374800643275561,-0.00040691346789190064,0.0025302565551801326
2026-01-27,-0.055730368786495954,-0.02480458608881697,-0.006288693957088087,-0.006733938016531327,-0.010313546905385329,0.004226686107418498,0.0038707918167637523,0.000907302709176605,-0.0014001764464468547,-0.005482154144284657,-0.009293692514079965,-0.028994598770741398,-0.028595449102339687,-0.019189856916038472,-0.018461405212786386,-0.00044783050997387885,-0.0075719097346537145
2026-01-28,-0.00098370364045397,-0.010104623265336787,-0.009492876867142175,-0.009399095009296254,-0.011532633405357706,0.003820975496084733,0.004364126585170824,-0.006300478443859503,-0.010983903029844866,-0.007457793008295743,-0.0022513841566907944,-0.019095166833443256,-0.0181818121167715,0.046521731192433524,0.00953974808194058,-0.009530838856140256,0.002288934343519733
2026-01-29,0.047645133363537706,0.029215063276298858,0.018437448468709317,0.006377273602530709,0.009839652631035367,0.007077386977989875,0.006666485273135514,0.10404808940544918,-0.017485771954295015,0.0,0.006769465248093187,-0.010060264108769257,-0.007054671324480233,0.0440382161894215,0.01626850466444818,-0.016078577683540263,0.010149676045147826
2026-01-30,0.07623219778105406,0.01744189002046248,0.01093386757419812,0.013446694482347032,0.013084745886255522,-0.0003838188266791498,-0.0007390896812468073,-0.029540456211264776,0.003968184068401159,0.016007803011227617,0.009712408807751371,0.01676140039894336,-0.004440495816301904,0.04297659157902434,0.04189556996552812,-0.07928282225924843,0.11831207584144199
2026-02-02,0.03633808301278929,-0.00537820146731649,-0.07402490169531495,-0.004422759991738023,-0.005495974595123854,0.018816692223767584,0.01683423524759764,-0.014082413278520778,-0.008743511153637806,-0.00707396006612937,-0.009618985290296145,-0.006749813035910601,-0.002676181060584315,0.0034337160678448164,-0.011256963814032406,0.006854264575208324,0.0020214949137549176
2026-02-03,-0.004072820161516999,0.005745238107041084,-0.0022019870657088436,-0.03216907977027761,-0.029151766392642053,-0.01217745787709723,-0.011580164993975184,-0.020823559716553253,-0.03407442752577805,-0.06606217874324283,-0.0657452107378711,-0.11147408941811932,-0.033094800759536414,0.020152163456486516,0.013795415368842434,-0.04346061717575156,0.03676301237313018
2026-02-04,0.053774498858818465,0.024865560569673928,0.027154163096409833,-0.037670151755103576,-0.03614612969819464,-0.021602718659732734,-0.01963428459303118,-0.03283205598555172,0.002752079234227933,-0.026005527396298023,-0.012794904475434965,0.016914247462891607,-0.005550503406146712,0.01453591111837782,0.0207911454082923,-0.053777648869204886,0.01643239839176447
2026-02-05,-0.002899428663218906,0.01147545314682663,-0.019430198235319662,-0.02713816571426908,-0.02672388652367763,-0.0060297836491538526,-0.005374743799686166,0.0018236547016345916,0.00885727360324795,-0.02491986196858953,-0.019441181614613168,-0.00028925827892001266,-0.021395253485615995,0.003306379784644653,0.0003470588967475763,-0.037457607189841924,0.0019145055249576437
2026-02-06,0.03404465016735991,0.016855783937802293,0.0355338964648102,-0.013524976148684642,-0.017293730221126236,-0.024839195342705067,-0.025328414807381017,-0.013055633026002988,0.016446075880915734,-0.06352687054604766,-0.07063193012812319,0.010850774693979659,0.0038022799762824633,-0.006590967328154451,-0.02214415359489952,0.012160995538833763,-0.01677279697394851
2026-02-09,0.030760580726513442,0.007650630337971753,-0.01444340674515543,-0.027420686105675718,-0.029793166640335933,0.004023407574669902,0.004522141246049882,0.023825982172041238,-0.00888072694210329,0.024171543375648197,0.010666729074169323,0.012594722354893673,0.0113636322176085,-0.0007371164973064559,0.001367968103156203,0.04826423957336856,0.01533147356591913
2026-02-10,0.04172089167431792,0.02214484889070034,0.026416495998878187,0.012863363218765134,0.008273680026622321,-0.01778657896148228,-0.017698649483792517,-0.00959811986747705,0.009083071715745739,0.035401640211187635,0.036939274293325,0.03265016329814929,0.01498126800373023,0.011065984245093086,0.008954712034718426,0.027703301801628166,0.007868958894375888
2026-02-11,-0.028687678984444243,0.005261456920962582,-0.016733318977451006,-0.035316544476077905,-0.035663549144104634,-0.0229107532303221,-0.0239186037840049,-0.003026480312517177,-0.0315046389336332,-0.01617655187447753,-0.015267183038144005,-0.05119076146140422,0.0156825623959711,0.03867201122077035,0.05069444854755556,-0.032366793730304155,0.033340479882464136
2026-02-12,-0.01240305887220039,-0.020320147062046878,-0.053089213382896294,-0.07321920652270764,-0.07658319881905085,-0.006295585910341184,-0.006303003986133815,-0.028234297330113844,-0.047224340699886236,-0.0411060873638357,-0.03531443847169291,-0.029573108255798952,-0.06902813810491759,0.011591172649824122,0.024529957356834053,-0.06635930560498005,0.010005957382200226
2026-02-13,0.004242248399983772,-0.007856705840788125,0.029986313095432315,0.003308149597659682,-0.0014177297137670797,-0.010828318904898437,-0.010614849865233866,-0.015450720910691329,0.013314027525761052,0.013250170126287708,0.014285741249239203,0.025717425416444728,0.0068292663674183185,-0.003819429680210207,0.02245201212006087,0.01738809386415685,-0.009098273359207099
2026-02-17,-0.00869966064207539,-0.0006335187549677546,-9.477677881430946e-05,0.0007756852970672856,0.0014197425249304896,-0.010456850864501432,-0.012102655789175576,-0.0007502393837065524,0.001691131114519795,0.012307660949175903,0.020686705792155813,-0.01478255461713296,0.049418684147722436,-0.0003485521504476008,0.000501153252876696,0.0010326687155113312,-0.0016322024962822645
2026-02-18,0.008986983385424585,0.0015848008885051001,0.01574355055799659,0.012790717216061065,0.013113556342713162,0.0036986186700826984,0.004337487573877086,0.006147400066013331,0.012857115113890094,-0.0015196982985594687,0.0068995379148490965,0.03206818796024402,0.026777460464561864,-0.027894030713384255,-0.028960479273414275,0.02713163407491459,-0.01798486804733168
2026-02-19,-0.03178057256382427,-0.006962090382398811,-0.01027078690681582,-0.01511666753936547,-0.017666602729953906,-0.00125039537000593,-0.0015824245833258033,0.0024253425770248693,-0.012693908076505278,-0.003424616748115561,0.0004283022875901654,0.1536487667907076,-0.01618713137045047,0.0,0.009613113985571964,0.011248883540645904,0.01227886201350259
2026-02-20,-0.005960048648347649,-0.0012746469291580187,-0.003962218691611286,0.015154446861940674,0.015313421321784926,0.03735676209430516,0.040052816279271264,0.016874018813183067,0.02168828790838062,0.013745613515445898,0.012414297033088051,0.028663190433684926,-0.02102367239891212,0.003586786753968507,0.0007433143654467234,-0.008193841865686835,0.012541054735274892
2026-02-23,-0.011470278708911263,0.009253374564839989,-0.011081636229933967,-0.02679429980771386,-0.029463317014268076,-0.01019372644011629,-0.011080137451600414,-0.028078542928299588,-0.03368503352685959,-0.026741960304211054,-0.027484147886266963,-0.03014652861967637,-0.01400559720251393,0.01929949535157327,0.020839007611478166,-0.020678974852641807,0.008731025545871907
2026-02-24,0.019031301642687293,-0.0006322551666840814,0.015707270430374676,0.011996092962747396,0.011564883092883838,-0.002470297035045088,-0.0018940645152043523,0.0032169097363548005,0.026572012123933453,0.007739936815174264,0.007826174289607524,0.021176422706360887,-0.01609847897494532,-0.005960706453286502,0.009229422325795822,0.043969560123406026,0.003623224593790386
2026-02-25,-0.02631013993069342,-0.025941213001351326,-0.00942949233483581,-0.03575588225227255,-0.03322625547890168,0.0067862667714364555,0.006432960076288019,0.02250890213235124,0.0597129161717842,0.008448620447997435,0.01725616089821136,0.0030317640586594585,-0.0221367543711809,-0.016931220503448197,-0.014956309505799292,0.015279862284554246,-0.012635425823731006
2026-02-26,0.01165007700027676,0.0019487028339340018,0.004759663625457433,0.04856913966003473,0.04988923140274615,-0.018784087850988618,-0.01764149849103913,0.005078951557882405,0.022853681492047695,0.02589484706143863,0.03138253385621392,0.02418099030105103,0.10039376703799685,-0.01471124240906918,-0.025198948207948768,0.02884566976008429,-0.006906320311801939
2026-02-27,0.02736666900067286,0.003565546629026972,0.004642283896462374,-0.005765939408709508,-0.008447788849799687,0.013934444834244442,0.014249644273681694,-0.01343975520425933,0.1377231591232555,-0.00593910858133373,-0.0012335005473312899,0.006846839094408752,0.208407885531934,0.02002920003331532,0.023381806361069346,-0.008486087559511524,0.02556756007425731
2026-03-02,-0.007799521770323836,-0.004521880043328652,-0.016125934655411345,0.0050261675719991405,0.007987315317167232,-0.016279810482230372,-0.01680799935738997,0.008300167033444605,0.00883207079165027,-0.013816267178646924,-0.013174168995423896,0.000820701248492206,-0.012583338460684046,0.0,-0.004514177071938019,0.011348634404009905,-0.0031910707511492165
2026-03-03,-0.014561852857427837,0.006164822083143395,-0.00987255169332113,0.007501361993627942,0.010036933893585065,-0.009139553884452645,-0.009591456810113863,0.002325785911687417,0.006282836887012033,-0.007194384783875796,-0.006675022370468797,-0.008669143782118471,-0.06671662241024867,0.02356299257208705,0.011197996247247488,0.014821386275365889,0.017807090925150426
2026-03-04,0.011289814291208344,0.034827484750333815,-0.0025168978368997896,0.021880996329376234,0.02347576547607777,-0.00036232223470922253,-0.0014823139608854952,0.0193105662645654,0.009826066979057968,0.017925345321497588,0.009239882288941015,0.013944677959637497,-0.03212850411362145,0.010812723072320063,0.005399731517389927,-0.00589725298917243,0.006487189160035323
2026-03-05,-0.0088792998215248,-0.01526957487153413,-0.006114171794887047,0.004883502873203716,0.004621734376854869,-0.008370490617219062,-0.007422471516376539,-0.010722846200504565,0.005169212324201533,0.009366820381062624,0.01040367513508933,-0.012004706140347654,-0.025726132853260086,-0.0003450642368753032,0.003777644965984317,-0.015016014408901768,-0.0003906545344039003
2026-03-06,0.010002622542129913,0.00981009448020731,-0.008495225437827103,0.015140224096010568,0.01857215099169207,-0.008673543163111863,-0.007843826711022572,-0.02378255285227726,-0.0015125696142835876,0.028210819217375116,0.014003309106025208,0.0018875795958028796,0.02129471192123189,-0.0113911178796412,0.00467045691473067,-0.004846368913625665,-0.0011723446693328032
2026-03-09,-0.04060458022529578,-0.02726406843092699,0.0011817974572236878,-0.004971448634011,-0.008698543100587264,0.026569136409274385,0.02698529157952989,0.00392335974918101,-0.007069248353597124,0.0003609449145516308,-0.0032494353160672507,-0.011068018231360055,-0.06672232745089945,-0.038756971620329206,-0.018368998968910866,0.014799077460106336,-0.013106367781321238
2026-03-10,-0.015618669564519405,0.000966377778288896,-0.003344511449956844,-0.017764624786837935,-0.018562265898623753,0.0030064495527271085,0.0022197474139682427,0.010318427049766266,-0.014035773573040533,-0.01768310686732133,-0.02078237866419408,-0.03583758226017564,-0.07685422830341326,0.006538296782201636,0.005885085085255426,-0.025858467714186095,0.005153538703137395
2026-03-11,0.022933473475148958,-0.016092656009948914,-0.004244026396079237,-0.005840283773687394,-0.0077372815872843725,0.004854497480913711,0.005406512455140566,0.0012077924676003882,-0.021147132248082068,0.011430764666188198,0.012954430528963279,-0.0014966070527486774,-0.03775428663606417,-0.01984842510777385,-0.024408061693414917,0.009613518697307644,-0.0005916052320330545
2026-03-12,-0.04136209107707012,-0.013411838996001069,-0.01447113480705342,-0.00549552613117299,0.0005198586329762112,-0.016892558953998438,-0.01668304802062759,-0.025471045054388686,-0.006112359940830148,-0.028071531170306252,-0.02722774759095581,-0.026854865701111286,-0.014084407410673405,0.008468303512454645,0.004357144912316979,-0.008953524195543294,-0.0009864628852178647
2026-03-13,0.014459738626906304,0.0,-0.001408061058710941,-0.008574748473874294,-0.00606166699525279,-0.005771645282196647,-0.004183744527350486,-0.038343544763006276,0.010603329719934607,0.0037509706260796527,0.005089092805739881,-0.0014118449086635287,-0.008163262899112178,0.012048218544947975,0.014087789687332819,-0.002963647830936167,0.014813265521291585
2026-03-16,-0.0024749463260439475,0.005968160644703735,-0.006345015635480622,0.0023064547799218627,0.0020908956775382848,0.009818978391618716,0.010850879105583244,0.023263844608812034,-0.001154135066302353,0.02242157756026386,0.021097053227817186,0.011825122582445724,-0.017580081549396942,0.0003608194469633119,-0.01182197842039645,-0.004266944969965603,-0.007979710835409715
2026-03-17,0.02237542160599726,-0.008569560792684894,0.016622705273730665,0.010738221781523505,0.013736752800942886,0.016391831706994653,0.017541575480853666,-0.0076341043414897,-0.008823491227077596,0.0003654862655966262,0.005785109980670944,-0.004192050697992666,-0.028421102853458002,0.0043274264385047,-0.006842996159061476,-0.004670428086574807,-0.008828733510301001
2026-03-18,-0.06075860153187218,-0.05019941793630067,-0.008773658452159716,-0.010813886645612225,-0.011149155701672964,-0.01005147601612666,-0.010388572511273009,-0.011209928361989974,0.003603182870828947,-0.0025576089337585595,-0.009860299774122061,-0.029467984123627167,-0.024918769323982848,-0.015798931991888754,-0.03154442490837939,-0.012093653179359731,-0.018408500891446744
2026-03-19,0.012583755420155551,0.01435064577221401,-0.002212867884356151,-0.0023015151782510568,0.0005203332046623821,-0.0018608793657567402,-0.0018199794357318666,-0.014585490060935902,-0.03125659112840762,-0.0021978074342835496,-0.00705393620837147,-0.0031547228053133702,-0.004444365891562718,0.012039426608599912,-0.00014517550217174602,-0.012094805630883165,-0.002218237641046006
2026-03-20,0.006520765450001242,0.0013802751979354877,0.003125050858412415,0.0030757412616029267,0.002427202362807357,-0.02269969963937335,-0.019958977540516787,-0.021493370888580943,0.00087204962848908,0.005506656193850379,0.005014579572411915,-0.010284737169014124,0.021205248046762604,0.020547865634814144,0.00910018078617525,-0.005551400828686548,0.010105061118249381
2026-03-23,0.016900644084097527,-0.0003445257705882998,-0.015676856414742035,-0.010540372041999313,-0.009339321914932364,0.0007696465945643549,0.0035216915163900353,0.017518463303236143,0.01698973604637999,0.0025556017471601855,0.008731787986194117,0.007727191056437377,-0.0010928245256842661,0.015895520972212474,0.0013909834400211984,0.0010466602699870098,0.012004843256422593
2026-03-24,0.004570451458263625,0.0072388156553016,-0.0159264559202994,0.017237966368290447,0.025837949355168366,-0.032840454361519056,-0.0384692341618752,-0.01844190111911148,-0.026343961842241526,-0.010560783181276845,-0.011953861662769572,-0.0033051920017656,0.003282269975853014,0.0038248097119648605,0.011975495104061595,-0.0471519686983608,0.006524305074347092
2026-03-25,0.006020209199675053,-0.016769359344676715,-0.004564857805006373,-0.0032368953220636154,-0.004594926638126551,0.0013483841261314744,0.0016870504569690414,0.00332258125007856,0.014958212029706042,0.015458262810112755,0.01251572949194002,0.004642531706834596,0.0065430638496819515,-0.0020784091030556784,0.0004734359140361466,0.008778847141327262,-0.010606981936423399
2026-03-26,-0.0018272767282524471,-0.00034800341549834357,-0.012506484999869838,0.0038204958633385466,0.002564498970217599,-0.03056041388461672,-0.034406871354718094,-0.07959464154247431,0.011270057751243456,-0.001449827166927875,-0.00041208664480485435,-0.005677339195590325,-0.03791983025158385,0.0038181720066794433,0.0010881245062648315,0.008650599028986239,0.007345689697364266
2026-03-27,0.0028831856603830364,-0.013579445777794463,-0.024591073082488868,0.01579450993219944,0.008015024070032073,-0.024862779841507088,-0.02342300480911985,-0.03985098946866683,0.0011787463642443097,0.008711454425132992,-0.0008243552890833117,-0.019784842613891573,-0.010135117636039248,0.0062240424304642605,-0.0036390125245154836,-0.025831957414563123,-0.008474557196819221
2026-03-30,0.008213941118788037,0.0201200649527411,0.020558398457305005,0.007493409818175145,0.00033836398033759707,-0.0022647833170151843,-0.003061891848424425,0.02027710442953401,-0.004923462303008996,0.019071595982504075,0.022277219319597696,0.020319663249798614,0.014789544102796759,-0.010996521504394452,0.014799290193835413,0.017871260193038196,-0.0001988218007947795
2026-03-31,-0.022902134075678204,-0.00657445586322869,0.021840531961691445,-0.012644163695882615,-0.012345654212820079,0.050230533059106186,0.05140764466768588,0.06665043264096115,0.034204584956675665,0.006709044151706367,0.006053232206973513,-0.0001327816632310519,0.011210778470002625,0.007296705617492849,-0.018276193887293624,0.02289205576459863,-0.0019880653445832897
2026-04-01,0.0018065563314220157,-0.01162781429749471,0.0018675631097218037,-0.004143028666795501,0.0010273673094334246,0.02802767211481716,0.0341842370683445,0.012409800730328824,-0.0062402336411778725,-0.012627178166089936,-0.008824743211387598,-0.0013277881862483465,0.02549891702825935,-0.023456408930388917,-0.02751988456976484,0.003544288345530111,-0.016135540896969336
2026-04-02,0.01627590023643477,-0.004278084228268253,0.0005178314676723694,-0.00018913919122076628,0.0027368781185421742,-0.0014920416673358528,-0.005447454345885783,-0.008235037389847877,0.032548409325187766,-0.001420917236464092,-0.012545510041233165,-0.005318521784152597,0.02918924037054138,0.0007064614662870561,-0.013953516833341006,0.008425823383748199,0.0002026050657963907
2026-04-06,0.0008644726657727198,-0.009667028645221842,-0.0034158074097357938,0.011537715536384274,0.011600147667002458,0.010867398479060153,0.014267777049570496,-0.002506689716882615,0.0027366372698616193,0.0010672043363844086,0.0028688457407755052,0.015372341659129374,0.03466380157855653,-0.0003529124237375836,-0.013852942936346757,-0.015910305465894226,-0.005060752466761076
2026-04-07,0.017365248651746157,0.004699978814378225,-0.005193134589356885,0.005048604764803066,0.005902268187622184,0.02106434593655293,0.01823395304878561,0.003542556468156155,-0.0011119034672216754,-0.0014214221672785854,-0.001634639689467754,-0.004081042632186227,0.10659889193172578,-0.009887036431157847,0.00971745881914221,0.00833799059073681,-0.01078337038654642
2026-04-08,-0.00969614896941473,0.006117246174808022,0.03549801249946527,0.013581396158253378,0.00955575211120685,0.03556736379017389,0.03882678971266329,0.06498563938087054,0.005768060074726744,0.021352294996073162,0.01882933112256624,0.016126862148231336,-0.0073394077624973075,-0.02460767866341007,-0.014510734839905726,0.01916000109249638,-0.011929258718228364
2026-04-09,0.007219197804794408,0.012517870052264346,0.006150438392948487,0.027349509828101137,0.04217861375114329,0.0051788697841175235,0.0036870273257929576,0.026076955903867605,0.02676329287095669,-0.010452986291833222,-0.012053037702428493,-0.02588793900407349,0.0027727269869106674,-0.018647165865876558,-0.00045549432416125413,-0.02018503800769278,-0.005412156160813697
2026-04-10,-0.019755357647826433,-0.013422791750286933,-0.006213071201054854,-0.018670738231654105,-0.0277246516759585,-0.002054500473495091,-0.0039247458830414805,0.002339196864400872,0.009407144103521059,-0.0049295667437604385,-0.00447334144394651,-0.001468974970581849,-0.02119826518701029,-0.0038400879979839653,-0.009263855536406962,-0.004948223743692415,-0.021923852283885048
2026-04-13,0.03418332637406496,0.004296464866852423,0.020268198128805537,0.02412384721882166,0.023434936822426256,0.011054060731958248,0.012829449259571968,0.0074144986406494695,0.001456184086672696,0.02016986532166598,0.01879087177218053,0.016450528783939156,0.010357857839116136,-0.03212392221054572,-0.016759554105602703,0.021768879721382195,-0.013466629419941256
2026-04-14,-0.04741491640671769,0.0032085114777120616,0.01393554708795719,0.010133332570034792,0.0153722794763127,0.035619136960600484,0.03610221801008451,0.04406396602363416,0.030244232322894637,0.0,0.003608684969352849,0.006315782852085006,0.032618827969482345,0.00039050217795155717,-0.012627957256877709,0.01857372607184926,0.001321088930571479
2026-04-15,0.02189537413159326,0.0056858920294042825,0.004386476000277195,0.00404787608453927,0.003942611938111407,0.011767178677770218,0.012646026536261568,0.013721086462468168,0.013455027489653437,0.01109955310876276,0.011985544374375712,0.013206025880713401,0.05324906148966946,-0.006245218706006472,0.0010000345147529455,0.04412475633180213,-0.009894497535716695
2026-04-16,0.07117893872829573,0.03710250379374602,0.008346216059736067,0.014899228885882687,0.013509195450794875,-0.005082670592773009,-0.003263010758028928,0.007876845757642137,0.0007427521282583616,0.017152677123780657,0.018160306081742794,0.016389246928129486,0.005141379309212324,0.03692066224410406,0.03643720951892404,-0.0010273230304618242,0.03886300824702604
2026-04-17,0.0027545615676647373,0.009540010842493452,0.023002889271809934,0.010880803560906038,0.00852454764003907,0.019923644089413717,0.016844318677508463,0.01725590589309034,-0.09722611808071646,0.010455261095048352,0.008530470811760393,-0.0011427414476983255,0.0008525406872510466,0.004166691071815665,0.002790134802242772,-0.008834662994229192,-0.004916670467881135
2026-04-20,0.03410534819858335,0.0033749543336523136,9.410009067178926e-05,-0.009226016578168461,-0.004917716167295194,-0.011785488763596863,-0.01246774030993092,-0.02561904227018652,-0.025485518340967683,0.0006676009035184727,-0.0015379293990192,-0.002160970175337784,0.0068142709778904464,-0.01244813247754506,0.003490688297412392,0.022684460336178436,-0.002363007924394367
2026-04-21,-0.011197864505396726,-0.022872547863734716,-0.018908722460142302,-0.006207952390449689,-0.0067954840843014175,-0.014698837987910718,-0.015203641151253944,-0.003085318344700272,-0.023726668317570088,0.014676464036234016,0.017327729149212434,-0.005477630112624254,-0.017766467214901605,-0.011459115400412334,-0.014972728910528588,0.0036891296769752113,-0.0036605940810774396
2026-04-22,0.002231901433077388,0.011015559399452979,0.005081915563492689,0.016310896039623435,0.019437182047107537,0.02196877277443643,0.021156251284484062,0.00879127463617535,0.00712892654635322,0.010519335760182269,0.008705463824672854,0.0005123190154308066,0.016365201558621978,0.0038639829601159192,-0.033113288812697816,0.002481086882909489,-0.006267599008493829
2026-04-23,-0.002927983412855384,0.07728968219095655,-0.011161911190977203,-0.014171037504389417,-0.015710877127033673,5.9260438771469026e-05,-0.0012672598075310626,-0.023076179224611693,-0.004504484969626077,-0.011060492379018738,-0.012757964410263,-0.016515135929478175,-0.044915230563188135,0.024249482684696178,0.027260323000246167,-0.03799444728063617,0.026968235686229747
2026-04-24,-0.25498384567682997,-0.12895067608730326,-0.010130314502578397,-0.027190910005321367,-0.026034358436988425,0.013530663424272449,0.016258873193466084,0.024091631930780233,-0.0040939156934640675,-0.0052631284167714565,-0.004180899592435394,-0.014058899603350383,-0.02661929661354967,-0.015407751031872197,-0.022002416090008192,0.004049576599486793,-0.01778906511893885
2026-04-27,-0.030644557390936078,-0.0018142216542247347,-0.0024366602461342035,0.01691291941396189,0.01607001770377625,0.018111647806745346,0.017247407734162667,0.005318273278916763,-0.011575072117749552,0.010251272939722833,0.00801524818957322,0.0035649190221964666,-0.034639922773926135,-0.025954254451672654,-0.03714440596217394,0.014329794887121938,0.015523926236673313
2026-04-28,-0.008590573247561628,0.004725535439688677,-0.008597928357908069,-0.009453693038229294,-0.011118037022043947,-0.0029266101287310775,-0.001598417124858642,-0.010727646160971882,0.009849993098725696,-0.013420601822686451,-0.00946607872514893,0.011445717069989758,-0.0066100276426741544,0.02115989473032842,0.021723673695289047,-0.003555268514923715,0.0029724802986483834
2026-04-29,-0.08353074151050821,-0.03183787000592031,-0.0016753113043130874,0.0007068791202149427,-0.0033254704130878388,-0.0005468383440689895,0.0004574841551232556,-0.0033068372607277796,-0.0016255977234355123,0.0036496542638255747,0.003058075786904757,-0.008974923732907092,-0.017110326596705305,-0.011895640678103891,0.061321771317487395,0.010938462471909549,-0.013336190292536632
2026-04-30,0.04109678237186132,0.010463352690057715,0.024185548519276123,0.007064678132727931,0.008738541340661765,0.099709240254789,0.0996169612773592,-0.08550038433407037,0.016174531256457403,0.007603270954687824,0.0030488254039660045,0.006956258953021877,-0.009671194044982956,0.014757278842363108,-0.013473269880641348,-0.007337242769222985,0.030465468143831664
2026-05-01,0.03977724403374139,0.005547331566637448,-0.006457797607213656,-0.0015783899145476177,-0.0022051481821558916,0.003351342469023688,0.0023130178860466533,-0.005164108323973515,-0.016558092529126767,-0.0022965829431736973,-0.003039558321338953,0.0026068712168230146,0.08300788844167406,-0.0003826570334440893,0.002864478283027383,0.010619406487626604,0.0016657058223450427
2026-05-04,-0.03726568621501636,-0.004413396976770789,-0.01717118146609642,-0.015106251011326788,-0.01562740511468197,-0.009341827053488516,-0.006326413831408972,0.0027268735840393354,-0.011296990474776059,-0.01940150641277283,-0.016768284455709215,-0.008450377788907337,0.0036068753820797106,-0.0007656810320968432,-0.008364817680406755,0.042355200426734685,-0.011224272718577954
2026-05-05,-0.043002302938373704,-0.022534190667262477,-0.008192637856828666,-0.0028535768505910664,-0.002084680586861287,0.012195665723583549,0.013515986132895508,-0.008928413261531043,-0.03438801767585431,-0.014755211493610143,-0.013953434205637438,0.017962583797419773,-0.04222827918371874,-0.007662899658767541,-0.0005657923934772047,-0.0091926109457251,-0.00483501863973379
2026-05-06,-0.010806999312713228,-0.0007557986945082584,0.07543783392873138,0.005544597170085375,-0.0003213995583896123,0.028287405054428616,0.024740674488222147,0.0130917616958246,0.004323555080860908,0.02893123885267146,0.02987416309396429,-0.00940232516611239,0.023452146804693097,-0.01274131245317034,-0.005918414814571338,-0.0049751271001523545,0.0021123776726392762
2026-05-07,0.02376693789394202,-0.007564361677235176,0.005552529155473662,0.004980452881635955,0.007715822980262743,0.0004048944908057184,-0.0001256638613763572,0.006412298567163521,-0.0002265395244916979,0.020509455730897574,0.03206113884733264,0.00012993632718938386,-0.013748830512803623,-0.012123522487981098,0.005384167857649835,0.006756756756756799,-0.0073776963958368524
2026-05-08,-0.03357466736383763,-0.03201219298795621,-0.005889988688963288,0.0017698697135701824,0.0039878319388624295,0.004427069645203785,0.007060478784974844,-0.011640519045443387,-0.008611922223574764,0.014910852944643782,-0.0007396735004306931,0.0018200752009038812,0.030669180322700607,-0.00395889973853214,-0.002935140241717482,-0.013646546092876077,0.002760628609643323
2026-05-11,-0.04565418633832907,-0.014566853827348014,-0.030549863089002982,0.08091878482772619,0.07594536697995813,-0.025891021375339718,-0.03033930483185243,-0.017666424923957313,-0.02331696154232199,-0.004471405125924033,-0.0003701459250375905,-0.02478584225373759,-0.017132636463200512,-0.011526187748395422,-0.014357275886060727,0.004626918968388072,0.0002118156661430337
2026-05-12,0.0008796595758739922,-0.005193823735485603,0.0137509960367026,-0.027950308223856135,-0.023035925710463534,-0.007627210902841353,-0.0033192396552670367,0.006913139801055568,0.025863157317674412,-0.024382435690331605,-0.017400891201563295,0.011842966491751428,-0.019266022300335806,0.01447520700434346,0.01283736268320701,0.020409103930769223,0.01482108159517792
2026-05-13,-0.03285560215327177,0.0016064551389443071,-0.011868885011327879,0.0,0.004685541260341486,0.03965403564314318,0.03942167522813045,0.022603634055911037,-0.001140840740791016,0.008878710922952004,0.004521435119933415,-0.02367175325659754,-0.020579975505002013,-0.019421270560778026,-0.01562337980703643,0.004424974448838048,-0.015021981205545099
2026-05-14,0.03453098368314289,0.009222108035989773,0.004957016907416012,-0.014629298201599195,-0.0173010619972207,-0.004686279614683708,-0.003849747892246569,0.0029191031743067697,-0.00708080327175209,-0.01955675999927664,-0.015378828474919892,-0.03582968376652951,-0.034383985886352386,-0.003637875911109645,-0.010983867459873009,0.06793249832935788,-0.0031771685011203754
2026-05-15,-0.05182431195233317,-0.016289185973916154,-0.025611815989133424,-0.012457338888681724,-0.007195361219263674,-0.009693572956255503,-0.010696420381563931,-0.006791382967951565,0.0009201081138003886,-0.011303175927669051,-0.012571439986328814,-0.01047776921243937,-0.021760532722833292,-0.025152084550863152,-0.015781871706370576,0.0001237522331738461,-0.014662249857189669
2026-05-18,0.006270967514644177,0.006865921088015536,0.011584920219424255,0.01935379804044124,0.0157286782325734,-0.0005339413205247556,0.00040329353046164584,-0.004916738493843331,0.030222994533085412,0.01647609024237595,0.013503054089077038,0.03261323014605,-0.007077972807198019,0.016645838990696493,0.02931640268341873,-0.0011549198831762864,0.008410648976160395
2026-05-19,0.009135282379433063,-0.005214657342292872,-0.015590415152271775,-0.015256852703470658,-0.0200394684016042,-0.020884737645243123,-0.02337890090968886,-0.014070457436796246,-0.0035694332334377243,-0.003969512875429015,-0.001141994766755805,-0.0179108486999906,0.008146690786216215,0.022513276240750946,0.014529326545642984,-0.016600612040253093,0.020958158108824065
2026-05-20,0.014807021827028422,0.0032257875910197686,0.017499282058574206,-0.012222356114583333,-0.006506690878345656,0.0,0.0032245338869663076,0.004065685187175205,-0.013881176175381982,-0.013616717544651324,-0.0179115119323775,0.0006960582000841153,0.023232347283911547,-0.0020015215494548766,-0.016854590505790856,-0.00638281799091589,0.0016756615262862873
2026-05-21,0.02966595164944441,0.008038577213483888,-0.004804022502780669,0.004356915957700824,0.002027202875867884,-0.003715197363360234,-0.0032141696878892345,0.0038342613642559087,0.013736028654444565,0.01279455657902484,0.019014311585511923,0.026293750014079853,0.014807476321139434,0.016445981760766726,0.0038915301789752554,0.006170259251100596,0.009410325330754477
2026-05-22,-0.02518468874221047,0.005183392546262766,-0.005599560609209409,-0.00676731496099181,-0.0043573304312288785,-0.010665793348759833,-0.01209818946087382,0.004741755236997713,-0.007838796794116587,-0.0132978615149002,-0.014089868166565878,0.01572463060664786,0.01750979037431799,-0.003156999151329498,0.002985797738634055,-0.04422882517771953,0.0016572629978881537
2026-05-26,-0.007922796726429815,-0.0023799749578841123,0.002718440311944681,0.014675040336118439,0.015317339593489132,0.014391849346479635,0.015431941657051196,0.0034083667209183766,-0.010383726690627815,0.009097088769161932,0.011973717017005114,-0.006939760662848182,-0.008604282609852687,-0.00950122163701661,-0.0018801108209686168,-0.030235134214643744,0.002895632454482211
2026-05-27,0.022083282470703125,0.002783312791792669,0.008714192168228774,0.009297498977923313,0.008004967803415086,-2.5963353560087832e-05,-0.00012862386139989024,0.037430228740286786,-0.0037637070016662832,0.017362204100738188,0.015648911808311405,0.005913117045126537,0.024107993075092482,-0.005195852433990011,-0.0015698178993474032,-0.01001491581735614,-0.00515565993239242
2026-05-28,0.0005435645810292211,-0.0023790311638210992,-0.004319381724705029,0.010405987997950117,0.0053450946559117085,0.0033521385942330006,0.003343471852936597,4.712234875481336e-05,-0.01133369068189316,-0.004266491301419539,-0.0033822097693563258,-0.010153639196935238,0.017890861764063404,-0.00040179835438181044,-0.009433474013975318,-0.0027007762452945228,-0.004767945866555046
2026-05-29,-0.021798122876672488,-0.011526250805684923,-0.018316777234999138,-0.031065317584985874,-0.029014202521222,-0.025095821127353757,-0.02509425559733902,-0.004375921306693065,-0.003937053785110778,-0.01713908897972438,-0.015837138194785716,-0.01862599004496268,-0.01850150199769951,-0.0032154458242943385,-0.002446892361798514,0.028870467186354,-0.004165716466220881
2026-06-01,-0.010065927924494344,0.0072376127313202865,0.010016632732047892,0.04269032469447476,0.04521277934894807,-0.010227655621712017,-0.010437966055943604,-0.05065539518815376,-0.001976263375720766,0.028839751968484206,0.026819933204419222,0.04483566143298501,0.034872823174959544,-0.010080633376155612,-0.004212630985932053,0.012580264183437606,-0.0016732893598515597
2026-06-02,-0.016339423080832804,-0.00798402392552211,-0.014000939585124939,-0.019886311221174235,-0.016763851907723448,-0.03808571853624265,-0.038579065603051466,-0.004729580557107038,-0.02935348500706192,-0.01629727921401314,-0.014552265424546573,-0.009872301760488034,-0.01821496263608602,0.0036659519574642196,0.011192010234085226,-0.020266062786644334,0.0029330831276759284
2026-06-03,-0.08027382492805457,-0.053521057069060296,-0.01991920664923197,-0.020630929144464516,-0.02146455632174893,-0.0075617403154527585,-0.007903880383817063,0.04241756940938335,-0.02172093061581748,-0.01192845740041304,-0.013631220030823177,-0.01967565789952519,-0.030612192288696827,-0.044237009389489046,-0.039082829776945216,-0.02958899940002313,-0.025485600069441228
2026-06-04,0.0003101197320007909,-0.008078255407218071,-0.000503086899134475,0.02245825546196345,0.019601767878002274,0.03820854589130196,0.03676993669997208,0.007367820180195883,0.0004906883853601496,0.032193235371140716,0.030326329878537894,0.025630627672536654,0.02200959149095616,-0.03312091538941497,-0.024414398420606,0.003938789771577023,-0.0381565501720178
2026-06-05,0.02378916693398625,0.02100292842876339,0.003724670476284775,0.019581161510754397,0.020598121780173395,-0.009505163997198252,-0.009833744266495192,-0.055085447812264654,0.007601799474511006,0.013320316719644287,0.015648320463182763,-0.004231188898828453,-0.04307120339026849,-0.0008784155109096137,0.00610102932816714,-0.010431546598223096,0.011143298539149304
2026-06-08,0.000605524023700843,-0.0025188567276663854,-0.008424410876058386,0.007682041312626842,0.008222511073060934,-0.01195489415253359,-0.013575540397461894,-0.012833073513225268,0.00559745780925347,-0.005129881660343338,-0.007336829829874825,-0.003186773558666922,0.0166340842754098,-0.010988997917918741,0.0018528246139761784,-0.00858247279784019,0.0015429119005256897
2026-06-09,0.02397880667263852,0.003787907452092787,0.004652524084125309,0.009280713715150046,0.013048519904574896,0.003101003023469495,0.002614880105099582,-0.0013666036710554552,-0.014883781904929894,0.0009667777650361753,0.0051737468011952,0.007459713908713805,-0.014437025099982237,0.009333270564593876,0.005772595434252459,-0.002352387639713349,0.00748239117191396
2026-06-10,0.017876917014367555,0.005031376388830777,-0.0072485484173065995,0.002134628046838394,-0.004683779282032896,-0.024759232210004534,-0.021632900626697316,-0.023281298234914316,0.007247221610987786,-0.005151291231995314,-0.008455892363586681,-0.011359059913430891,0.006836050544345218,0.022016792718587697,0.033935141108371925,-0.007498214171223205,0.025557043339717644
2026-06-11,0.009797562735286647,0.0,0.017543837764991688,0.005407206296009992,0.004411805142662262,0.009170206112698587,0.003900222778065343,-0.004466057810845303,-0.008902479962604848,-0.024919100883877054,-0.024842419395273985,0.021762542685882957,0.017458653028963544,-0.009047846674783533,0.0014552011198945003,0.007697401242555246,-0.00021303376609982383
2026-06-12,0.048009256603944506,0.022111014816197816,-0.002989789266670373,-0.039765379947462653,-0.03587127830508818,0.004487341662657185,0.00533865329404315,-0.0025509071761044,-0.011443341252495576,-0.028874848438824707,-0.023574109403695087,0.01441994999461027,-0.0019065439923310334,0.025217378442788263,0.01765144240358385,-0.001556025217868351,0.024925467753387
2026-06-15,-0.014469897849203606,-0.021632693998678842,0.016493382558961045,-0.15215537848501892,-0.1684130431696219,0.024988717723801512,0.026885093191168385,0.04770904398522635,0.016554666314160915,-0.0003417533995865307,0.0007788462641984406,-0.002216981850140076,0.006717820951217757,-0.01229851099602497,-0.001269219784895692,0.021157004616477293,-0.02161711782837239
2026-06-16,-0.013429878535967554,-0.012932787718916927,-0.004031870914811608,-0.040136151520941854,-0.04419276899029889,0.010868803005908978,0.01055908072426437,0.011339963815781395,-0.036120938096995236,0.010256368665745308,0.008949351989054666,0.011240368400726064,-0.018112448477493936,-0.005581804596753948,-0.02382711863966047,0.06354347576493113,-0.007223363619983658
2026-06-17,-0.06898010201369098,-0.04099743820656976,-0.004146947626568531,-0.02544320846737702,-0.019487980687931006,-0.024252249530048453,-0.02534492914880393,-0.05436431197128366,-0.02235775036761045,0.001692062165804531,0.0019282322097589066,-0.013700467240000291,-0.03106802355075533,-0.03108802884843287,-0.01654373616329463,-0.008435893512669157,-0.019045532369442952
2026-06-18,-0.04371209578080615,-0.011458831436578887,0.030041629206224885,0.004707949460729832,0.017731896725823537,0.014802495784347558,0.011654985044087018,0.016984307627157635,0.0054573567300113535,-0.028716208246476915,-0.02694373997998134,-0.06499802441566294,-0.004008012393562077,-0.019162289603588345,0.0019855009422178327,0.04933561399914099,-0.010253092080456883
2026-06-22,-0.005466231664869481,-0.004904192961293186,-0.013860782269730865,-0.0430245385944229,-0.054374933105587275,-0.05083545684796387,-0.049860021606623395,-0.02316273829005122,-0.05815456396648078,-0.02886957732227602,-0.02650316581468226,0.016818564867551622,-0.005030104544392677,0.004089098310922967,-0.008862181907757671,0.0012120049582136083,-0.00022036712119133384
2026-06-23,0.049466297906523016,0.02150542477622852,0.010541702951663234,-0.00845757182835516,-0.012148164881893742,-0.00774133977176894,-0.01015216723427581,-0.002926245367292357,-0.0008232376626624571,0.013610255844524799,0.01503445829253014,0.005651220061594575,-0.017189086996212355,0.032126692479317764,0.02504726747822783,0.012814592693462412,0.030202766187018115
2026-06-24,-0.002504757730965368,-0.007017587596255592,-0.023278241374127706,0.01840628055315041,0.020700896546719694,-0.00300494370815263,-0.0024267951640898344,-0.00805768267256246,-0.013457887407863467,0.008127306942828927,0.010008048851456675,0.009594361107738703,0.0030863921961969965,-0.01928972774840365,-0.020480155229641972,-0.028313530887193794,-0.02246945576388948
2026-06-25,-0.013468302367388052,0.0022085638101418947,-0.030359953821176067,-0.02160017318059826,-0.018875465979675266,-0.00825998129381389,-0.004575935941672493,-0.026538971518130117,-0.013084560967828729,-0.006659660732543871,-0.007926998040797772,-0.003122499938890244,-0.03282048152043271,0.0022350470796808075,0.004314504693146537,0.012512180916929072,0.008537607147937942
2026-06-26,0.030775207720794562,0.02115465430512864,0.0075471127069997035,0.034241914847956245,0.025378651863465995,-0.02191759893060674,-0.01838753016981809,0.013594423985837434,0.041043666714910776,0.013761398527152746,0.015181679346355947,-0.004630314120551482,0.022269356452906175,0.013380893982141151,0.006113215782587833,-0.0007959217511506189,0.010201904965301045
2026-06-29,0.09375934478092662,0.04531717441156946,-0.0016195933756046887,-0.004356330118155616,0.005788394699581145,0.04956821651665,0.04819344609319609,0.022444299111199495,-0.00040643246564342483,-0.005917118391776444,-0.005903152420014601,0.011492735112502483,0.018672131233495648,-0.03961262955005995,-0.04767892239327953,0.03613799170461274,-0.052428080418883805
2026-06-30,-0.027091684372199998,0.013625153810816304,-0.016653016950928134,0.02472102910707097,0.0351260210656974,0.005835729390108568,0.010518904349803737,0.001226453024082641,-0.03225802782319653,-0.0175070215174703,-0.01702297497034455,-0.01487891883647241,0.004073315997566773,-0.051329064031466864,-0.03586825646335312,0.01145054380312871,-0.0399091950322954
2026-07-01,-0.01666556686650844,-0.020231204996277063,-0.005610399122362053,0.033731876460797006,0.03776846840884196,0.012905857660125086,0.010745141025489735,0.08808961112881497,0.03907564223953286,0.042409166726606884,0.03826022213718305,0.04503636821135282,0.03144020592401997,-0.010628081123390642,0.03177722218536916,0.0013601552223814206,-0.00826636513414103
2026-07-02,-0.018878714665219953,0.002528502926610665,0.03959879794986021,0.044196678636222675,0.043413951855396204,-0.004778010689835854,-0.003599011406831276,-0.04896306153496388,0.046636999199525464,0.031452977276388516,0.03335914468155199,0.03297861143216285,0.02163227781498489,0.004882901257085015,0.025771473027675018,0.01865611230546449,0.013574607536888328
2026-07-06,-0.012827948585887206,-0.017234205085429055,-0.02100498832050879,-0.013053791949708016,-0.010800319223530308,0.024481954063767297,0.01819894951236445,0.02983350983860711,-0.020991691574780647,-0.0049718062246656425,0.0,0.016280828473419495,-0.02887393463154808,0.0,0.024053549388092677,0.013412283208241282,-0.011513198226593024
2026-07-07,0.019049038574632693,0.0012831774047217248,0.000718608892234851,-0.01402810830344936,-0.01700373272741751,-0.003507741258159003,0.0015554420597831964,0.025471088344246162,0.002104757552945369,0.014989945779732006,0.010510557539643584,0.011764640726662057,-0.014866260647787732,0.024781347953402477,0.016172575685984292,-0.0023992690236489533,0.012360346665164057
2026-07-08,-0.03245914249853432,-0.009397664023428565,-0.00800170683042889,-0.025406488624115542,-0.027858694752798674,-0.013503149729957142,-0.013922491618141852,-0.02024110859147288,-0.007744866958802943,-0.012143047159945075,-0.007429494025629535,-0.027709029753129943,-0.01911464672073704,0.001422491663562786,-0.024847067299360592,-0.024865213738461844,-0.0032871552620400424
2026-07-09,0.006065694609158845,0.006899518918817016,-0.0054808562153373375,0.010218936552315538,0.0065555471510385654,-0.006885832245853929,-0.008371993499371455,0.04702212757189739,-0.0015874470565009347,0.034219211140902095,0.028817369665483428,0.028371544532126425,-0.04307693090194309,-0.003787892307775431,0.007438632601544981,-0.021004052338046142,-0.004946948734231071
2026-07-10,-0.026944623829695757,0.009421811981171535,-0.005718991710877308,0.006399716616312778,0.007071043323259252,-0.0033965391526508126,-0.004764751559533376,0.05974859484207107,-0.027825605408166032,-0.006424604128371425,-0.004365183679811646,0.01360878942475141,0.008574482782447657,0.017724598053075136,0.03377779566797212,-0.011783864621497053,0.014157695640772516
2026-07-13,0.004895581814156058,0.016970709533700612,0.003974035165268397,0.030153802020612464,0.03288995569433095,-0.012280584806136252,-0.013074617861873139,-0.018648916026568707,0.006269579763564792,0.015518887819327976,0.013153036074671443,0.007567469111102509,0.014877826311682218,0.019876956600821227,0.004264251569001454,0.0037006955862133317,0.013295379570085863
2026-07-14,-0.026337760399485988,-0.03254062585067796,-0.0013541380564371375,-0.014336884730579591,-0.018425850998334825,0.018992101573589437,0.019857621884558307,0.00656281529208913,-0.004063430100466614,-0.008277617700821693,-0.004688003265204466,-0.021805002849354604,-0.045026209066776235,-0.012528935497626792,-0.006793717865665627,-0.028922624501651506,-0.004920315908413686
2026-07-15,0.026033943676925464,0.012936577410593841,0.013351400256870427,0.017979799231435223,0.020411963991382454,0.036045113265156914,0.03173766571699632,0.030663833058537815,0.0020400044657846728,0.016372399322810205,0.013768092979646207,0.002229105946449206,0.014254398692127745,0.007048854026795448,0.002618470451748456,0.02851843552604616,0.008476585825386573
2026-07-16,0.015924994288418315,0.025968523469360738,0.02635097805852138,0.01369321198106399,0.014645501507128955,-0.04429913958147913,-0.04437624006915575,-0.02461437464787497,0.009093351875274713,0.0277952895646556,0.02537532529925346,0.04003457125357657,-0.011891854775918476,0.02566491970267082,0.027875539475249234,-0.017350269378959116,0.024515507638835254
2026-07-17,-0.014700417662565912,-0.012863048175747682,-0.020459341432739198,0.010767431774156844,0.014258007879734302,-0.021734792412026693,-0.021694968522032898,-0.02788390296205223,-0.07262947729257152,-0.0036877776445162214,-0.009062407259211147,-0.028988889926244044,-0.04266962020495646,-0.007734307544787544,-0.002177924355645011,-0.012063340819313595,-0.006608954158345948
2026-07-20,-0.01682265005115302,-0.0004203542873892907,-0.012900527597599187,-0.0015495243393156555,-0.0024297297473424573,0.015168115336965604,0.015053198140839052,-0.0002477270897792705,-0.019579384102576203,-0.006477468947154286,-0.004924363820782318,0.007830654146108618,-0.020571463448660676,0.00641913344453271,0.016681440896103794,0.009717775574332066,-0.0020646972303932642
2026-07-21,-0.010607020035134473,0.0012615129701707417,-0.0028005835722942907,-0.0015518547259323334,0.0015657497230825435,-0.014742284652599302,-0.013750369905294657,-0.0031585942625343977,0.015828398209710715,-0.031046292781040208,-0.026864638543389052,-0.03836352503023921,-0.004667440289080171,0.014122982012182428,-0.0248926704648903,-0.012762587272095893,0.006436753547054641
2026-07-22,0.011190236285552935,-0.01217971502240156,-0.002808369510926778,-0.016320247467147775,-0.019454520817227094,-0.01236314893168089,-0.014575869467767011,-0.025846157579935802,-0.0020387271498683024,-0.008330601519632164,-0.006901585137994881,0.002146170570763717,0.029308324481379433,0.03504046175316189,0.0008911102959159312,-0.009960543032593416,0.011649203984712031
2026-07-23,-0.02104938240990617,-0.06802722577930842,-0.03170961540037842,-0.02863911486712456,-0.024092138031658217,-0.06893629920515798,-0.07132620819602653,-0.033595369514419327,0.005253182792414046,-0.03877224210616825,-0.036942201664360796,-0.018644441657187594,-0.033029609416046046,-0.0034723015571050952,-0.1074683339499457,-0.014256365292193318,-0.010611903612274487
2026-07-24,-0.025217410604001955,0.017335728076824486,0.02176017023831034,0.004676704311341817,0.003993464733702989,0.002355966374527396,0.006452807304242247,-0.01800028639497009,0.017419029741238434,0.014789929562393667,0.016331194246925973,0.022593095016125053,-0.03297994587982356,0.0509581935081691,0.05674212068831208,0.00608032094021449,0.05842084416064908
2026-07-27,0.06731005770893694,0.022421525430774247,0.018977365110331768,0.028334374151159247,0.0240462878467802,0.023441699650986303,0.021329811059824122,-0.002217791493143717,0.004422959112364788,0.02418017513584081,0.01980569406999888,0.034521715711495204,-0.021924519407969245,0.012018272922232898,-0.015991868867680892,0.05309735970575602,0.020267326542931174
2026-07-28,0.06352101338485983,0.060964971206563634,0.023176387257166864,0.016138550918047834,0.019067781848123744,0.018464662253580233,0.02189493319708058,-0.0007746173008209567,0.028267014497691534,0.028783975311527765,0.032612640296990625,0.046232221687735775,0.004981315464904323,0.009828000424584316,0.029230816129430126,0.015044059089387662,0.018385438239550966
2026-07-29,0.03736511882494353,0.017362549277442962,-0.004145980738652577,0.02130538422768513,0.021309780935805156,0.009500929434757222,0.008989854945811171,-0.0131443490099028,0.01712940840205124,0.026092435109911882,0.022711137400686754,-0.042217575250676265,-0.014869874857126097,-0.029197052628126885,-0.0047699865034515065,-0.004805760701364514,-0.020128604142940265
2026-07-30,-0.022038546938694892,-0.038195876096899783,-0.023558078957568118,-0.007396176429640411,-0.002205270237736867,-0.0061949718082124905,-0.009058221734254301,-0.07954091839250976,-0.00624744128251753,-0.025735295841521344,-0.025329581855316197,-0.03596513871214568,-0.017610046521313927,-0.03049295878445968,-0.045063968195013904,0.004057947610766943,-0.023507000882179052
2026-07-31,0.02098588540520474,0.01225175358022712,0.00031196732689697804,-0.00764237804572121,-0.010030624394887555,0.06883844431355479,0.06734400185679612,0.03279964327561391,-0.019953520855660045,-0.016666655637340377,-0.018868005512791663,-0.011430770696301829,0.019206158318363142,0.001723434601688778,-0.0036344087582788065,-0.018227355778753895,0.015181105046055965
2026-08-03,-0.006069731341951545,0.025041753105013997,0.02027234534514144,0.013092090055051075,0.008071458059357495,0.04435717573020237,0.04880240147375625,0.060228785073615176,0.022591030083178643,0.016629355254889067,0.01378814591094546,0.007242690176965105,0.03266334518038039,0.014623662476898502,0.025360385833301136,0.009179959428404771,0.011749609504911662
2026-08-04,0.06224844441893662,0.015065181078138146,0.0004075903380489354,0.0038008193205849583,0.006473623526843886,0.007732198382281563,0.011084009453113497,-0.0038966993613147594,0.003272846826357201,0.02925452081840385,0.023264111475728377,0.032042399685777045,0.019464700999327622,-0.008902119137894626,0.0006776916056021598,-0.02011010727523399,-0.010135125338900708
2026-08-05,0.0006532360354225553,-0.007220228759420078,0.0364636567521579,-0.011737918899566324,-0.0067705210565039975,-0.040548789491655524,-0.04030189976684506,0.001411737739220209,0.00856323577587692,0.012530600909183898,0.01643931402417298,-0.0012223258416488303,0.045346075089674365,-0.013686899328944513,-0.02116135526897389,-0.02210472704858235,-0.00874573033427184
2026-08-06,0.027877549934753887,0.0169697000522806,0.028694949957215776,0.06072789191383632,0.0529993311110164,-0.009746559932923393,-0.012912777267041098,0.0019192636264193652,-0.006873241614708925,0.02233616691123541,0.020991107110597262,0.00979076074802987,0.03424659622105475,0.028187321491063733,0.037530251776531465,-0.010386966937840247,0.011190024620270522
2026-08-07,-0.030932387205722667,0.0075486902455979,0.002197204396857666,0.029980119229236823,0.03625177733971707,-0.008832911947808109,-0.0096436926248602,0.003729362740847675,0.006106621432127035,-0.04192501151692929,-0.038759734923688005,0.033086845919984675,0.014348692576782618,0.0033741811110856723,-0.015447052072797507,0.06035186779208135,0.0014896721073389685
2026-08-10,0.0047190530730201186,-0.006309142096266318,-0.016490356463102707,-0.012274154099188861,-0.009526756497973299,0.006704973395225355,0.009088414275721046,0.0047627215681407264,0.028999211540040815,0.001540845493569254,-0.001051900513670434,-0.006921590247263465,0.008705210123310492,0.01092889077459036,0.005700050096624887,0.028681571295005037,-0.000637539165291412
2026-08-11,0.02870382508961522,0.017857096903449943,0.003392115459254663,-0.017575031162319843,-0.02018288374638899,-0.03608362082282068,-0.03837554632895135,0.007059793464132991,-0.01966181651591392,0.0052306735266229865,0.004913993360862623,0.015357299455757811,0.011866197545343349,0.018711051027644476,0.0021324550775054796,-0.012107138997292322,0.0051031614862053765
2026-08-12,-0.04737143195542026,-0.0070175558617062705,-0.0029942776224174406,0.011384144119680473,0.014644304896967109,-0.001836783969419109,-0.0007561464545453589,-0.03383298787630218,-0.007755071853920437,0.0003061407572897412,0.0013971898983076159,-0.005119195202260229,0.012793164615673813,-0.010204081632653073,-0.008119533252093025,-0.029940119760479056,-0.006134988633784033
2026-08-13,0.042005042652896174,0.02787597216184534,0.015307128583309737,0.03805605968006143,0.038065013972854445,0.004585737449428029,0.008208615054656532,0.027848312683904197,0.054305333903987174,0.007650005795458936,0.009417506122784136,0.03332941647669019,0.04947371231882203,0.013608244276538395,0.03528476849192841,-0.004485581637409974,0.026394246286699063
2026-08-14,-0.014438091895870198,0.0,0.019561024452936726,0.05697081673731308,0.05485106536432571,-0.0011630205113880576,-0.0013281334171028059,-0.008605468123268123,-0.0010224208057807438,0.007288087738235305,0.007601897974826466,-0.00894070744760489,0.017051160656047504,0.012611857888713995,-0.0041989189413566,0.020834166466189075,0.005391918601229229
2026-08-17,-0.06592336739022686,-0.023300252224632945,-0.03135234929303676,0.0013026886462395026,0.002172729015350372,-0.006083655597892035,-0.005492898932390022,-0.035398839954296824,-0.027379822399885678,-0.014772353039224306,-0.015774987794488493,-0.024095016760360632,0.013806645454467636,-0.008437086766663104,-0.013635681752572015,-0.021623795925819866,-0.008663328649155755
2026-08-18,0.029493406106776865,0.024638290013071718,0.0043477966013738545,-0.004228354720949956,-0.0023125530652292614,-0.000497970956165994,0.0005814494887728117,-0.044466297160996704,0.023020258843429175,0.02478583144932145,0.024041773185212723,0.00994615590015302,0.01459149572966334,0.008914072554057295,0.014601410322541364,0.003269704416775543,0.00998750579526786
2026-08-19,0.02777212637465376,0.014885472453882498,0.028667661802985522,-0.013718754973478298,-0.015500490558388424,0.0012307836024727514,0.00151071272583847,0.004340953999494079,0.03150321053607952,0.0011943511099787862,0.0020415244989124837,0.012976512319116784,0.01629914394245846,0.008835390525042452,-0.002134031666335967,-0.022112214295849086,0.016893277283847485
2026-08-20,-0.03089136666988912,-0.0063933838028730205,0.003647240143415109,0.0009935820263473616,0.0,-0.010242938910388077,-0.011748652105159185,-0.00036630257733039073,-0.0009972803519983087,0.007455960774701564,0.006791173904310277,-0.004117586744766921,-0.029245321552876846,0.0011942188811562282,-0.006251343880719351,0.013120151444644401,-0.003444124423428896
2026-08-21,0.016310258200489258,0.01627556033058486,0.004286238220096106,0.009925514094169197,0.008534502899710361,0.010496663280044283,0.012181890414259655,0.007456547270739078,-0.006863027900507523,0.022794617939318806,0.02462052400537562,0.005397969706563144,0.005830944590780485,0.00556665205250817,0.010042950359506086,-0.002206948960095878,0.005285670735702963
2026-08-24,0.0008657180821580734,0.006331473887474015,0.026257207859593068,0.00884525145824866,0.009775205273608645,0.008310191634532726,0.00939619568316985,0.016584823990333897,0.005277117950310606,0.014471795895174555,0.012508271937524684,0.01599270631982108,0.0,0.015816512615651313,-0.0022945662287172652,-0.025540419171590778,0.014155728051354677
