Date,ALB,AMCR,APD,AVY,BALL,CF,CTVA,DD,DOW,ECL,FCX,IFF,IP,LIN,LYB,MLM,MOS,NEM,NUE,PKG,PPG,SHW,VMC
2019-08-28,0.0003372442476301529,-0.007157710318810628,0.0011083894579242415,0.006818948651158285,0.003163937829797847,0.013279475138754382,0.015314956186551543,0.00156382205946759,0.03279108960919386,0.0002930394460800567,0.027554540205655842,0.009596576155207925,0.017692110964014907,0.0012450478031040824,0.032544751576488284,0.00783339352939838,0.011325438301449164,0.002944507668681373,0.014803623618946826,0.008601339388807583,0.015082376863432057,0.014164225343884507,0.0
2019-08-29,0.01972382930675476,0.0030896100338986265,-0.005979124161542115,0.011522354341932939,0.014633540188008443,0.020079804854056027,0.01851213847699218,0.02669373638749617,0.013151400282326975,0.010840888392624537,0.018994368665443018,0.0036915430558555062,0.0328964494605386,0.01454278995106506,0.04595967464133688,0.004322307095963485,0.02855510725797683,-0.0185953777693576,0.03192417633406386,0.016040442686033662,0.010180735017065734,0.0038069766017698736,0.005292137475151115
2019-08-30,0.020499181875897943,0.008213472458421078,0.006594443873741751,0.004956874617014773,0.0016192360371327652,-0.0014502519985852835,-0.013126809141773776,0.032841545854046084,0.006136189071543896,-0.003333311895201474,0.007675146930179677,0.009102440085786201,0.012428905358991438,0.01137685556438428,0.027213404933077223,0.0041945991045830855,0.00108848410705642,-0.005485089427583523,0.003482563289235463,0.004995901066361164,0.005901587435834577,0.003945380314271052,0.004909287262989892
2019-09-03,-0.0242994044113517,-0.011201562478867166,-0.001593616646688889,-0.020262672002288706,-0.005969456481868085,-0.019506067070332644,-0.03717606021907982,-0.007066015396454128,-0.01946924044921239,-0.008821818935024428,-0.013057339988805317,-0.00546689130511635,-0.026598466593895087,-0.0088930360305296,-0.019782505347305634,0.028647864844813853,-0.02555726468716868,0.012534678136173927,-0.008574871554730357,-0.02067979571990164,-0.003249492355886674,0.000816145851109118,0.01854849783380974
2019-09-04,0.017931171436774695,0.0,0.008246308003790226,0.015000782940275847,0.010634128527680087,0.010793804952355046,0.007084687945567936,0.015270323401541441,0.01770291993243278,0.011443243327962982,0.024255811733147947,0.02519460687361086,0.015764541030102386,0.001762087874180196,0.013365476199441728,-0.0013020061463223653,0.016228457257315476,0.01559776325176565,0.015238799042911255,0.016649475605865716,0.009870727630475695,0.014207785008932383,-0.005143387715173864
2019-09-05,0.02707557710436248,0.006179108862742533,-0.012532025714568795,-0.003672880557531455,-0.025624893169371332,0.008584336637836198,0.001054985971172373,0.006717754888342586,0.019276338489086386,-0.007252600476889803,0.025834122936337467,0.023234995677352988,0.018365080898012698,-0.0024521002936263026,0.023476908678120134,-0.01910279609705312,0.06718078217797196,-0.04095571231238748,0.02129825528825746,0.0038945397338674415,0.016319961667824012,-0.00028019872513684874,-0.0018863986887849293
2019-09-06,0.004129055909815937,0.01023556464980735,0.004541948870232959,0.0022822213914748257,-0.005209057909780768,0.009757177065096823,-0.0024594048481277886,0.004060882237544972,-0.0027676415598608672,0.0066236706011821855,-0.011542292082933003,0.029345131413429648,0.001524139746901465,0.012934351050366777,0.005798724503795816,0.009033314057240505,0.008255765954192196,-0.017285280556819882,-0.0037736072090013284,0.0007961138948562319,0.02152803321751451,0.00041134675364640216,0.015049674874529462
2019-09-09,0.03368633091583795,-0.006079049967655181,-0.040914808575462036,-0.006743312956344005,-0.04125141830609769,0.0043174141425537105,0.012680671064266846,0.018636625127366635,0.02798339605903144,-0.028593412327554857,0.029723956488052927,0.017562888337669058,0.018513809644694623,-0.022741841108130045,0.04368988185199463,-0.019106356915447043,0.03275311365785338,-0.015519533118119044,0.021331548150213653,-0.0008944837058169064,0.006305174156505666,-0.02189864749623538,-0.02034381567653365
2019-09-10,0.044675549436891115,0.03818367999056038,-0.011924767510384626,0.002380612155670425,-0.042360988438878366,0.03950869762483489,-0.006608943422877989,0.012622340155112655,0.042069394014298656,-0.01753168114255943,0.04329881274520897,0.03276932472311045,0.02664346167849807,0.002753631514881505,0.04443888808269869,0.014698022836502345,0.05946509341754336,0.002627364320606951,0.0273281296756529,0.03660934988526865,0.006522913725725443,-0.0024853203460650786,0.0005635609576364331
2019-09-11,0.014206552216302182,0.007952369330228803,0.011975023320097922,-0.006069084584047979,-0.00013883617722820762,-0.007877038215855725,0.0248601046443242,0.0021006207886198336,0.012090232076716223,-0.0003550307887766335,-0.003952740705409408,0.029065023235622878,0.014795248565028674,0.010176520998358862,0.00740487653275701,0.006385643200799818,0.028531099509809144,0.01841141447549588,0.011970318380018607,0.037331899811466895,0.0034962730928560504,0.010867742247558931,0.021950096053240387
2019-09-12,0.005777514045055776,-0.003944919233500821,0.02001479331792022,0.0,0.02059013222842032,-0.025407009779844447,0.021523731153118675,-0.0036333592361005307,0.001919725440705733,0.002941442457042198,0.028769810278408414,-0.0028241732825508015,0.011710951353137933,0.02110771244203513,-0.022517968002461308,0.010872068718200678,-0.0004547990660290768,-0.001549567358089643,0.008073544057084048,-0.002515835576204939,0.0045037386680741864,0.021899771051375305,-0.002409437934905001
2019-09-13,0.0,0.011881207357418822,0.007114803535155367,0.031415659182586486,-0.008587553117546665,0.01649671154979382,0.007358011769927009,0.03156124235619595,0.026186848804376828,0.005663184934850962,0.037608977073860794,0.0015733004966422826,0.010630764943970084,0.0030795506271557027,0.02972095450725054,0.010601771531070225,0.030482214723787093,-0.0010351628733460405,-0.0016763424922744408,0.012519479161219538,0.009897503367445548,0.004768398774783078,0.018425247293505143
2019-09-16,-0.00635088814622764,-0.05381595914637527,-0.03149760399154389,-0.030973717978035054,-0.007287448378343719,0.028651813613558508,-0.023904453128159253,-0.019037567343812678,0.01680494959718848,-0.03185022926714265,-0.02695172815325375,-0.04139831098943425,-0.007012540906865428,-0.0189422051598922,0.03941116393198607,-0.0032186690075168833,0.014128140558769209,-0.0036247436164204005,-0.00820873282652168,-0.023069011898140035,-0.0336736658187744,-0.025908521610482738,-0.013213185079155143
2019-09-17,-0.015688435682453372,0.009306928902073741,0.02940919150265442,0.015583575148617523,0.03878073473695687,-0.014803124604971907,-0.014285751654891432,-0.012337235921149547,-0.020607989356509537,0.014106744286707995,-0.005730906500656663,0.0016388926575670038,-0.016714063046976757,0.019732387770719617,-0.007471657172921198,0.015501785141011526,-0.05050052356100787,0.029105828146732016,-0.0013173329219378083,-0.008028764054764603,0.01603644914344793,0.019014718876850356,0.017029437566418393
2019-09-18,-0.005312869456593261,0.0061477700727872175,0.00022530757335759155,-0.0024412657976718988,-0.0065332444814145685,0.0013838206745431236,0.005866157452058429,0.010386105696864378,-0.01020857050375723,0.006364975958266683,-0.004802934318338337,0.00621781223329676,-0.013885268379228766,0.0021851206877858687,-0.0070787266928935555,0.003629361466607639,-0.011004356449478614,-0.013888642473936508,-0.0037669595818871082,-0.0032373388536354186,0.018940457496110064,0.009897439945950604,0.003646270347603009
2019-09-19,0.013204622176314684,-0.0030549943515134625,0.002978278073313634,-0.0030587481851636067,-0.0030865058719203864,-0.012635787265414589,-0.00034304727806133695,-0.012918503552849514,0.0027364285286530787,0.002243982730616656,0.00868708487387404,-0.0010568458680801918,-0.010439635606068642,0.008200713224233214,0.0024891565037519214,0.0016777377392198645,-0.02688903011004995,0.008706717181564017,-0.003213915172067594,-0.0128965981974134,0.010550075125283387,0.012784451694257237,0.011099688518646289
2019-09-20,0.00834676846810467,-0.013279021009800496,-0.0032841010585604735,-0.010957985112766022,-0.005923720350175632,-0.014396887089304311,-0.00754970132661692,0.007599319507199054,0.011964615316515603,-0.0022389585463041817,0.001914157030460606,-0.0158873772676682,-0.001471756805866642,-0.0006692752978726402,-0.0033862902312777887,-0.008485295561033723,-0.014292637174979639,0.011424661063531127,-0.001897112485887198,-0.004742013965686076,-0.011848625222399711,0.0013822506013783098,-0.0033268623696911526
2019-09-23,-0.00929419524189301,-0.0010355664462338154,-0.004919564853862024,0.0033678407922010933,0.008667237034114761,0.012578167755233904,-0.0013831738784324532,-0.009497160106678004,-0.006222396879497771,-0.0011730936183238505,-0.01337142263543345,0.02171943099386109,0.009090715881823197,-0.0030396882210669274,-0.0007926489152453309,0.001651179116323398,0.009666444696455168,0.00025080870246263487,0.004561091994053523,0.008653992853451031,-0.007630397706357428,-0.016147831703685944,-0.00013315123029256082
2019-09-24,-0.004837159885671127,-0.0051808786957723285,-0.00022709709797263944,-0.007685515401329002,0.0032226470078304814,-0.02063692318487631,-0.022160859401916144,-0.00846003910114479,-0.027343194167990026,-0.004953445682666313,-0.03097806615260168,-0.017022232993359365,-0.009739109487346798,-0.010334592192863368,-0.021877360705436888,0.004984050941040152,-0.040210271541351594,0.011041342983513447,-0.04218701373664102,-0.00414504314691988,-0.017913045721004273,0.0015694904512395524,-0.0008012836969087944
2019-09-25,0.006039320902984091,0.00520785998662765,0.0009982091050662056,-0.0006230394944435336,-0.016327632354188326,-0.004296031260785371,-0.0014161857049960203,0.00838998368861743,0.023175726644010686,0.012521923738294305,0.005994162712450235,0.011765687841868155,0.01696560590576013,0.0038114369347055366,0.0064898839963394295,0.009061082527622721,0.02493716352813724,-0.01787032924474319,0.020738771519295485,0.01945785130056743,0.003699694251682706,0.0037604613172614876,0.008151673000149628
2019-09-26,-0.016252326124302052,-0.004144570323293739,0.012056334634992005,0.0026723286429379822,0.013197126691830263,0.011300550390317632,-0.019858476888543586,-0.011423090774862588,-0.009437697576673565,0.005727208829692021,-0.026812393478851004,-0.01891725164747371,-0.0009673159851221191,0.0002604289788947778,0.00748404449409823,0.01101205661126703,-0.029196688354372946,-0.0050544635711912145,-0.03783139112760836,-0.0073118074981946,0.0,0.006996635842197563,0.004904421404678061
2019-09-27,0.014139279508987634,0.0124869006688344,-0.00998691881173197,0.002310152498156137,-0.022559552946512684,-0.011580563856772086,0.00578883966698629,0.0021399740843894843,-0.003387778036458955,-0.0032254495081336376,-0.01530620441813757,0.008430426117534084,0.008228642178399026,-0.0039004190859034393,0.01371463967270814,-0.010490281910460753,0.01553891026798948,-0.024638129621683214,0.013579171451484129,0.010139588546841605,0.013371984613672616,-0.007422472782222966,-0.017016136162404605
2019-09-30,0.020252770447743318,0.002055355604472453,0.008912952820620657,0.006647467296581944,0.0002749218162636513,0.011304917171425455,0.007194495801360334,0.015089021750567921,0.012322248481156484,0.001263978083750894,-0.00828987135081427,0.015561806689347035,0.0038408038257986554,0.011328549776598251,0.008680972440632484,0.012485232682560632,0.011845491632857197,-0.0125000239167391,0.017996514428409993,0.004734774035559219,0.0024531144121195947,0.01027059411259068,0.014761297218732539
2019-10-01,-0.01740522282341217,-0.020512601163581556,-0.024249422913228735,-0.016817690722116918,-0.009614158404499307,-0.0014227272001774427,-0.016071447527446492,-0.04711834300293671,-0.03525719190283172,-0.011007716712301052,-0.0417973542037966,-0.008721286416681684,-0.040650560696477434,-0.026687838495656924,-0.034536684786391714,-0.022108171551700195,-0.014145988351279781,-0.009493553046026837,-0.009821323626875045,-0.031196583676349587,-0.01383832115859096,-0.009111366641202268,-0.014414580483843031
2019-10-02,-0.025472152250622604,-0.013612846821241753,-0.02776252625598563,-0.020150740802493794,-0.017889221015231493,-0.017301164568943372,-0.022141781823487694,-0.010448805727851673,-0.022623577478337986,-0.020575806444321,-0.03271577312202223,-0.03806939408949117,-0.01645053724622192,-0.023548402993539108,-0.022806240307112646,-0.02619062814534312,-0.006927219079843838,0.008253398453692107,-0.021622685126560737,-0.004280866282823759,-0.021049061464889607,-0.007065850894012904,-0.023949899467010094
2019-10-03,0.009914292630820887,0.013800713824559274,0.0017105835337518638,0.0003655920261458334,0.011578439403629126,0.009942187821621484,-0.00222713351652315,0.01308753594623746,0.008457744955218116,0.0052129938470533155,-0.0011272697207388438,0.007949367917169603,-0.0035480972661330323,0.0028789899134600283,0.009951462876918171,-0.0047122023430550275,-0.01694103391370294,0.0066016715439383145,0.005068886172773013,0.0012701314143070963,0.0016606607852140964,0.004029362184853724,-0.0013055250125662
2019-10-04,-0.01353562867113689,-0.006282620417728979,0.0144666591815521,0.01745115249640472,0.015215548692681047,0.00041030700830835265,-0.03683034635512983,0.0004402919107779901,0.0006619789878155036,0.009282326613401004,-0.0033857425865272406,0.010430627513725588,-0.0035603796660621523,0.008340556116228193,-0.0008213317778239526,0.008237258065539432,-0.01723242355271737,0.004984177310492166,0.010288566399478283,0.008294261739159703,0.017626586037603253,0.010401524553576902,0.012181477891550774
2019-10-07,-0.009650028558063073,-0.010537460262691867,0.0003739290581086241,-0.0017062695125386051,-0.0038501424827184216,0.002664745222711984,0.0042489128839589,-0.021276891283197097,-0.00374893775380325,-0.018034984584111347,-0.007927569239684629,-0.00629446092335495,-0.0015314601067056843,0.012890753221420193,-0.011974562280445689,0.000687494371685915,-0.009798972250585125,-0.0013050260253054669,-0.00798726061629762,0.0036776607701438646,-0.0078032064839690385,0.0008016724070589731,0.003807567049639804
2019-10-08,-0.030146161518434078,-0.017039353056622075,-0.028977105846834994,-0.020419152300084398,-0.014354674172253112,-0.0010221142826560836,0.008461312405586563,-0.02668617826586228,-0.02922333074423411,-0.007639592059718536,-0.028538747183390334,-0.036148610878838916,-0.017638239205267636,-0.023703740532775686,-0.030061827200698166,0.0032048207909123327,-0.0338541253903375,0.017250414013296966,-0.02073278339251572,-0.015138486734171064,-0.029038088171662868,-0.006080503406396431,-0.0018963429051200853
2019-10-09,-0.0015698295978345822,0.009750479793217526,0.019156424045426945,0.014784108885752545,0.012042664325810692,-0.0004094672372174646,-0.0019069087649390415,-0.0016943371955100428,0.0036487205559943003,0.008753264987035214,0.004700373051373052,0.008587210683111302,0.02289929877387542,0.01781553617706555,0.0075952558624161615,0.011979578721363682,0.014555577245966678,-0.0035971554061277056,0.003083073941022807,0.01419616094863918,0.019849014115119967,0.01780427743863422,0.006175153648177334
2019-10-10,0.029245040645982323,0.0,0.01383779714205513,0.007148687924483532,0.007887065148973527,0.0063476325168663195,-0.016813095990167892,-0.025767714142230336,0.020677395589106196,0.009826730651357973,0.04795280389802037,0.007558899753810744,0.0234033662243176,0.020492029362621622,0.020304025304024975,0.006651320933947602,0.027630230109217058,0.004125825419669438,0.02889365250129705,0.02355420817716536,0.009425485195270866,0.0054707564198639425,0.0016192167437580895
2019-10-11,0.05270446812569585,0.03004312376160234,0.012204728954939181,0.018598462085627654,-0.003157043198148579,0.02990802186451469,0.03614452478266461,0.0319922753508044,0.04919856395079325,0.008023243427454974,0.07182994790206543,0.01879816364691589,0.03305985699783376,0.015792683115026573,0.049451609225712456,-0.00910884724776917,0.07135422869306796,-0.03389882075830486,0.04919354308639279,0.031029265412183316,0.03034753304480242,-0.01555393281687456,-0.007138307751717088
2019-10-14,-0.01959139751582606,-0.001041816424768638,-0.015785291796754697,-0.0041456189619736294,0.004269340565636881,-0.032595602250558686,-0.01237796114169698,-0.005524903780725787,-0.006577575991374207,-0.0037486779971572792,-0.005235785623468714,0.001523277081184382,-0.010346627790508434,-0.00885483083070504,-0.007948040332856565,0.0010926725465840725,-0.03185340026684502,0.010101152508013245,-0.01803348889274481,-0.01884380528545715,-0.0164471081449159,0.0006182005907231503,-0.005222103276571355
2019-10-15,0.004588682845757974,0.0,0.006359488197499985,0.0063770783296797084,-0.010422607620406588,-0.007964048562310255,0.014052485632418676,0.011728293548165736,0.008116266264912575,0.003298933068027976,0.002105098806279404,0.007183305215625602,0.007050966123930635,0.01376435750682492,-0.0019460403855313668,0.00041385179793684834,0.005483679548540454,-0.008157774864265166,0.02087752981856683,-0.0009322993275704405,0.008531804355127237,0.015517260458056903,0.0021816231037463663
2019-10-16,-0.004272851287013046,-0.020854833405236528,-0.004693035834572257,0.004048600542667202,0.005820777892844076,0.006792687850547763,0.0063667754666347776,0.016016102099439156,-0.001694906239417926,0.0029795040315296895,-0.0021006766743199012,-0.00016797727441875132,0.011347314066901149,0.008556206007652278,-0.008600740129173667,0.0030846052667221624,-0.005453772806141122,0.003714548498018999,-0.02442708170591923,-0.0031728627397590303,0.0063444430898564885,0.009572521629944708,0.0014965182572583835
2019-10-17,0.009470169467842737,0.021299020938605917,0.0007467898600239664,0.01113256686829045,0.017773141408649717,-0.009200412647383915,-0.0037214045819194963,-0.005705164711721777,0.014643326282913094,-0.0060953484856121065,-0.006316055403728482,0.00243378452805576,-0.00047743967252533714,-0.0010668879826728483,-0.0004624257786042252,0.0013874976737509037,-0.02093706046879762,0.012688488950579613,0.004464297755157665,-0.0038382595349132353,0.019166093510734505,-0.0065573858253465955,0.0035324092694097864
2019-10-18,-0.015977786431049412,0.0,0.0023793651401391447,0.013350703073018,0.0032488097845082553,-0.014238614249398762,-0.027269404808611397,-0.010569036567252277,0.0031372276294001633,-0.0011338408870612549,0.014830773172360256,-0.013478327134791579,0.009314487734196186,-0.004322792643937312,-0.0034719257316365715,-0.004643294993692648,-0.0045822889060361804,0.0033932474627207387,-0.001352737251787639,0.01700976328292736,0.024661862777561883,0.0005710387403285999,-0.011439399086882074
2019-10-21,0.0016386499294354095,0.00938490303182582,-0.006422325913544746,0.01377376588426471,-0.024557752899556418,-0.027422961521125222,-0.02073713094741969,0.006256673819042824,-0.017514275248686317,-0.011402295450867128,0.025052171864535122,0.004667106960749345,0.00047352113744469904,-0.0041881625881476925,0.021832290707440194,0.010647652090478577,-0.004092493213521009,-0.0124868378290931,0.002128525391185354,0.002495136995493752,0.0036222152746181457,-0.018632254101162427,0.00403973305834171
2019-10-22,-0.006692415466627022,-0.0020661924223229766,-0.030585526768497795,-0.0005907450955690008,-0.019920044374215018,-0.00107630518031121,0.018823447133469395,-0.0010614883151310872,-0.006366807734269564,-0.016752702600932423,0.011201751632059054,0.006166309001391257,0.013717704635598293,-0.017951228001102937,-0.00022703140529201082,-0.003350614837405619,0.010786153026838274,-0.00421476904477347,0.026066762592871662,0.0008292983319280189,0.004732153698719932,0.029941156507685918,-0.0060015427017685585
2019-10-23,0.010031675500571602,0.005176065618189174,0.014929886778228152,0.06510148869243126,0.0032461835102013392,-0.012712821190038581,-0.01424171830599641,0.011689729997617082,0.008756835990676892,-0.00026537772066559384,0.02014076116502994,0.007555207867132596,0.012366166612794549,0.011646471001092173,0.00272802958874796,-0.013634314432361738,0.02489827172343828,0.015343942339873351,-0.0031990416276640454,0.013630632204116866,-0.006385924163352041,-0.005326975191144778,-0.00864461504675984
2019-10-24,0.029498779368083206,-0.024716715888098095,0.0067121335590176745,0.0004759290770475211,0.010129576353981706,-0.007638190044054416,0.02967571947630998,-0.00570249194176764,0.047427593198741125,0.013166977691123405,-0.05330681977177398,-0.0025827671559034426,-0.02765644749299634,-0.0036654636502891913,0.0017004386417605044,0.003181094076500024,-0.012394622426312396,0.018759351454233908,-0.00490832017367715,-0.01399240029701776,-0.007150547890384051,0.018053861940964255,0.006297718904697769
2019-10-25,-0.08437741383969899,0.02639900715675636,0.00846448694839208,0.0047542885119959966,0.001531995813313758,0.014734317282009357,0.013651801270357256,0.008904177798245705,0.02041625054242746,0.005816983994980429,0.05735127633933468,0.0020884397579103986,0.01919871687589736,0.010415226721559812,0.027954062116080536,0.012948438880825197,0.031124852544651027,0.0020462062328783226,0.021058551897392697,0.022207966491334385,0.0037223231003991053,0.0015325074128054172,0.011554454943927928
2019-10-28,0.0023590475314518855,-0.01440316957955079,-0.008346532169494547,0.005441526971488031,-0.00792654811937421,-0.006718397459830272,0.0014966537382283818,0.011069605081179379,0.014461043968637677,-0.0018237242025296307,0.009861874633857015,0.001917202216197067,0.004651601912801562,0.009076838952783994,0.00561461821138165,0.002683193625411251,0.0019471936183894645,-0.008422910607515877,0.016908247055775538,0.014243074163599712,-0.0026603269314877664,0.005757281681743054,-0.009314849668131897
2019-10-29,-0.011139195731311724,-0.010438466355855547,0.029979333412313958,0.013256054797999628,0.01962429589586323,0.022692728217548197,0.0003734684010403555,-0.003698454730951206,0.005467872869777013,0.015293197722457519,-0.000976637255557744,0.016972939746750404,-0.01180581095285349,0.011892232194882224,0.00328446762403245,-0.0033077837658440634,0.0014580889842792377,-0.0002570818970729638,-0.0018272597641366684,-0.008266050434854955,0.010831704820959187,0.005828212278264466,-0.009882653489795334
2019-10-30,-0.005711303752355179,0.008438906864197904,-0.005004430636970314,-0.0013160743173036282,0.016772078351457997,0.0036270410410843557,0.026139004580769898,-0.025987665882347133,-0.008933727570877736,-0.00416429750714542,-0.009775114569272492,0.008917748136396009,-0.0009369205138853864,0.0004017880244640004,0.00043656008516568257,-0.0048852284022109504,-0.02086410193844468,0.005149226238696736,-0.004942473861618946,-0.010306345416564722,0.0074370242700192435,0.007943493205334606,0.00256501240928686
2019-10-31,-0.030796283885075604,-0.004184255400237702,-0.016010628340467847,-0.008913941918650137,-0.05394823370672963,-0.0359271084610725,-0.04002895122675865,0.004878700000965797,-0.010581955631110196,-0.008466105357896603,-0.030602074500450716,-0.010622721833231763,0.02415022359314256,-0.004217249204514273,-0.021596833192502496,-0.018512026439601037,-0.014866327600365103,0.01767407689529077,-0.009381977499773764,-0.008783790689916748,-0.0068265162396685675,-0.023728108415694615,-0.012237510388770856
2019-11-01,0.061738689921903456,0.022058859776687756,0.0014069214031517951,0.012044450507503024,-0.023009311756754358,0.02028675850435757,-0.007581841872432715,0.05659243989447882,0.03604677372662812,-0.00567518661805444,0.07128288230493096,-0.0022129277810865045,0.006409922628305642,0.002268802704539441,0.043478398866064305,0.005497805845006809,0.03923561101758688,-0.0030201189855220134,0.02785544229152115,0.016900968426061702,0.002557585994386269,0.01279043566104665,0.005459400067719722
2019-11-04,0.04977527630390899,0.016443941025434894,0.00402695885974258,0.009659927993014517,-0.026477858924174424,0.029176843574909572,-0.016806673985203968,0.02383672908039358,0.035557280413607506,-0.005969113273283311,0.02661595394535543,0.018646608771447637,0.013648864736224953,0.009858987786496742,0.03333311788153592,-0.009455197295962892,0.03291395181377865,-0.01817757722806812,0.01011748540699764,0.006738084908266995,0.021125778663552364,-0.014906128975536448,-0.011486149820354896
2019-11-05,-0.004874742437743551,0.011122328247588298,0.010073841107058001,0.02035970740644788,-0.027648368673624857,0.002309622254030197,-0.0031079499013463296,0.01514738247045555,0.0005534486835458985,0.01648746089370734,0.010185107825374962,0.08426711515540997,0.015260533378780972,-0.002241231314777603,0.006720257757262926,-0.028980744570117012,0.014526770402051525,-0.03445598975091657,-0.007869868764324939,0.010440836618795801,0.006245536945667096,-0.010665403645242266,-0.006831029891142926
2019-11-06,-0.009648188979431205,-0.003000005012985252,0.010481123992579056,-0.009676649845177132,0.030134707361778146,-0.028074451305655113,0.018316293294629027,-0.028322730260421647,0.0014763162559063847,-5.149567750717399e-05,-0.024747760181409895,-0.010783763084685205,0.0035365615121876193,0.004043480336251237,-0.0031834626846651837,0.013027605481611415,-0.0448036557275161,0.002663001045401625,-0.0059492798761356935,-0.007683519342835288,0.006827687737253951,0.01828608685865385,-0.020633926629085586
2019-11-07,0.06999407386255418,-0.019056918174267357,0.03989018337020256,0.004923457311692081,-0.023852494312321615,0.005173671634513433,0.0007653907211448985,0.018199965459890777,0.02800290367441427,-0.011194258157216419,0.059210704011826154,0.0030822636293235117,0.0011012883344760915,0.007359129246845564,0.004430358087867736,0.003702324549934577,0.002901017314633325,-0.01912333021893542,0.0068918010390151,0.005251062208939672,0.0004622581965156858,-0.010047960235360587,-0.005140306104507664
2019-11-08,-0.04776550281154179,-0.00102264174853961,0.02763867714920787,0.008743501891282479,-0.006454624809896448,0.0,0.0019124107909249677,-0.00670318720936669,0.003405050207944127,-0.002148913962225607,0.022182653157005516,-0.004572120600562113,0.016721629971901075,0.001974167356754153,-0.001025817991135547,-0.0025237305730902992,0.0033749411752534986,-0.008665078217169775,0.0007202691111234394,0.008410750458853755,-0.0030931789067952797,0.02087944015777654,-0.007059328640938722
2019-11-11,-0.0036776363849311267,0.004094426950532304,0.004959719176559352,-0.0027644998582406766,-0.0017014915869341118,-0.003860185109638925,0.02061040826609095,0.014761827036514186,-0.003214942618066874,-0.008141152585804723,-0.0373263845423677,-0.011971671658781546,-0.005626473808887367,-0.00349762088843264,-0.0020535600420419353,-0.003425417393129737,0.0057668443796834445,0.00273106272626511,-0.0017998066075443075,-0.0021947093238620097,0.002171889228498758,-0.003336941411360761,0.0006592752528764567
2019-11-12,-0.035730311379777224,0.002038484951971231,0.008424466248605711,0.003221729774356641,-0.0026339430667370323,0.03143166862331448,-0.0007480080971118408,0.0058189113364817135,-0.011646448408505594,-0.0027537059583538914,-0.004508446929198717,-0.005030116575068799,0.005875907384407242,0.01715343037346506,-0.0062764939391466434,-0.0030464748679261966,0.0,0.0051762434561277715,-0.0028850550593187974,0.0005277640410474849,0.008126798560847082,0.013513790768192813,-0.0001462114514042545
2019-11-13,-0.00199042557528073,0.0030519952440608566,0.002152004458140233,-0.012472905362649223,0.011806743090841954,-0.022333480221775837,-0.037425290024411084,-0.03650136242185409,-0.02719387734977652,0.011045065025136358,-0.018115833515038426,0.016237966168064277,-0.008005202828766045,0.0100119968246688,-0.013667143804305892,0.008423343859299992,-0.05972297232202339,0.012736800560350092,-0.011392375541948607,-0.008266922506779184,0.0005376292515388847,0.00425731170366217,0.01501750702314908
2019-11-14,0.0055229751144145744,0.009127585864471044,0.002778766440631575,-0.0027981622363030256,0.009365762104720954,-0.0038680259790286886,0.025661500580931085,0.000714655167438405,0.005404422512871987,0.007142813466008091,-0.002767928893808169,0.00919496634957273,0.003816136628938427,0.003945722899993509,0.006508073419366767,0.015735090925187878,0.030996127778524896,0.0045493138059462535,-0.003292439494245847,0.001330285747562332,-0.004373809755901958,0.008222428716921026,0.021867565403417943
2019-11-15,0.009154800983456557,0.007035115979346918,0.011504121422908575,0.0017441514184737272,-0.0021295720217932024,-0.009275009396883527,-0.034117106545498155,-0.03371445583399224,0.016867331838284372,-0.00010423981553908668,0.0323775296761466,0.00014937491974675865,0.0030759852663979625,0.005128290098485699,0.0012516400208324452,-0.003863131752783522,-0.02661424558333747,0.0018647562716029853,0.008441699920833878,-0.0023909531876098455,-0.0019268298891010893,-0.0011456687216379047,-0.00755699994991732
2019-11-18,0.014514751139440563,0.0,0.0011203760539355567,-0.007268282096286605,0.030335216184438574,-0.01741796356487646,0.0,-0.011679482594948887,-0.00984308659280364,-0.002503384726325719,-0.013440690008707401,0.008213917049260777,0.005038249898057012,-0.0028609339858258753,-0.011249875196349457,0.001036719738131131,-0.04050640348436463,0.011964874334693842,0.009281401611840323,0.009054533473122683,-0.004478821400570432,-0.011286156372259604,0.0013551559293429882
2019-11-19,-0.009538161542378187,0.011976281193842864,0.0004975696752058667,0.003203191911953507,-0.005030112169424172,0.013959626153515092,0.008634402013861786,-0.012565404795201074,-0.01712083196825276,-0.009568149789899394,0.0245230705209718,0.013775754890153591,0.001961694075548026,-0.008034050360876677,-0.019595284484363873,0.003682092505929546,-0.007388047346261084,0.007619351776874561,-0.011900627012264686,8.805463753325249e-05,-0.001008483637334301,-0.003207672860346289,0.005341606216674677
2019-11-20,-0.021215762140308625,-0.030572072193368327,-0.014131111017994469,0.0017483935513629145,0.002824940345982574,-0.014423016148098378,-0.028015728599408485,-0.01454297791142678,-0.013485707622176601,-0.01694584108841879,-0.022163081547348473,-0.0035068159597622106,-0.015879857614555126,-0.0060263741670424364,-0.008919007632371412,0.005426980394056313,-0.03615070441551671,0.0031293349482215405,-0.012773769623007358,-0.013722759315512145,-0.017780824772592463,-0.014002161810860336,-0.0028337200323520495
2019-11-21,0.001229787891484424,0.0071209967247038986,-0.0010930016188925862,-0.0018967916154349895,-0.01897950582565522,0.006651919533468886,0.005204407391761201,0.009838398215550548,0.022973378758614604,-0.017183621796359128,-0.0018131885372416612,0.0035191569956796176,-0.012157507592552963,0.0003879288451964502,0.012034807106683587,-0.009882965965215096,-0.00606737370878796,-0.006758567007848715,0.0025880347599163134,-0.012932700603538239,-0.0064824298648440415,-0.012950941179052822,-0.0008524170735455527
2019-11-22,-0.0035312255878195975,0.016161678191791706,-0.00016815786796686716,-0.01718403325558815,-0.006499269140515351,-0.009911847063297285,0.017124603600971122,0.0021313742420854265,0.005938886150813172,-0.002786888212856109,0.030881038755361745,0.022939760608894133,0.009621810317232526,-0.006544731625941935,0.0,-0.004415043856782153,0.007769339303025369,-0.00314049962209928,0.01843655107135045,0.0018072304389493699,-0.0021480055713698487,0.011027964742123197,-0.015359469315982088
2019-11-25,0.003697954293018224,0.004970151314060978,-0.012036988253954939,-7.73957441564388e-05,-0.011562641037688337,0.029810961544869174,0.015269900987230356,-0.009570097892846574,0.018450196276055708,-0.002465568783861505,0.02731268433713674,0.009927212982190792,0.021055387561032646,0.005026432862964114,0.01510610186775696,0.00933161508613467,0.026431304865289995,-0.008663943607330693,0.012309864848069951,0.00892957280291684,0.01897747071510647,0.009011269394954446,0.013143666514110919
2019-11-26,0.006908294007909488,0.015507896371517615,-0.0014486447627559684,0.011528179612129152,0.026627314362702714,-0.01231365990611577,-0.0019280753274413254,-0.0019939838865007387,0.0030800486202189337,0.02290453798990466,0.004288227700986358,0.00332369134488375,0.0034729006389782047,-0.0038845456594814864,-0.011503832691191929,0.027927502341979826,0.005901662604276936,0.010063698388331987,0.0016094600155260874,0.005363762232225788,0.015025012516684644,0.012361674382792343,0.012331310970698395
2019-11-27,-0.0013722554890219785,0.014778023183575684,0.0069966676660628835,0.000535372904540754,-0.002248623428315333,-0.0015311187052959863,0.011650473428735042,0.012968712945254701,-0.007133915189984963,0.003866619799615112,-0.008539834646479671,-0.00324225859357552,0.004542118600827427,0.004192259634354878,0.009502557991289518,0.010518331069900633,0.013333188543175112,0.0010487345203902265,0.006962990655307033,-0.003468093596970756,-0.004009230620008797,-0.003950715188266396,0.012251966021220362
2019-11-29,-0.0018320400283630134,-0.0038832804567553447,0.0012286068555455998,-0.003363740094346146,-0.005120543071419736,0.012267241848442634,-0.0011515429762903873,-0.012192735658867804,-0.016764830044082135,-0.0014976939022411928,-0.019810694183432176,-0.0013436676182485563,-0.0021532851396963704,0.0010194176426296941,-0.010267449388242644,-0.01083543754273697,0.00263161988429772,0.005762147397868844,-0.0007090310335238215,-0.001516718866477751,-0.0027090528134776637,-0.002958202051685177,-0.013146799712333679
2019-12-02,-0.005200360272591631,-0.008772162418096974,-0.022680323056842755,-0.012426057186661343,-0.004087093497924688,-0.011253085248690287,-0.03228299844583038,0.000771091292483872,-0.00393493151179769,-0.00808940013454218,0.006151252435510068,-0.004885385098465145,-0.002157931782135303,-0.022913988271912267,0.0011886707771748828,-0.001452894919009018,-0.0031495862095358707,0.008854813913419468,0.004967971573023089,-0.007775009232344088,-0.002639038263579696,-0.014233410351371045,-0.0020439060627605032
2019-12-03,-0.021371510817796757,-0.009832816713434833,-0.005541657413334344,0.004681195389045323,0.00988005517797208,-0.016195999635297276,-0.02104839527689495,-0.03530678028962919,-0.02520674567204928,0.0009722187043967878,-0.04628806904815086,0.004696282238006555,-0.0034600158025590577,0.007027672207346347,-0.0096060145703597,0.009850418554896878,-0.02948913144482801,0.016519741676269017,-0.024011267598722963,-0.0026116138303204917,-0.004202208319794565,0.005358036068594529,0.002754598394797858
2019-12-04,-0.011468910251906661,0.010923769011830453,-0.0033523432115108998,-0.0018637802761608535,-0.01038542679317711,-0.004004250557007705,0.007707821780857493,0.0031965579754276163,0.008876647875712296,-0.007877426549252609,0.01739937217826637,-0.008357159403836412,-0.0026044369243899412,0.003514538705886361,-0.0030516538159831574,-0.004138349043371847,-0.0005440750053724575,-0.0028030175291793302,0.009949388970143414,0.003973291703158077,0.008909023102514846,-0.01142053176501312,-0.0039447471415716695
2019-12-05,0.012078779194344413,0.014734681067262834,0.006727316890541735,0.010658694085984743,0.005931538872406827,-0.007147565409673651,-0.0008050911734532873,-0.01242638936351137,-0.005355366592749267,0.006362875926104294,0.01980182414500442,0.01249824616459394,0.012184666199412941,0.004931877249766847,0.003279696943486954,0.011724572387701082,0.009798681314292734,0.022233538983970513,0.01182160191654491,0.010613250487511827,0.01572437814601768,0.002083170375078769,0.017891120217580436
2019-12-06,0.009736210714737625,0.013552824371034333,0.006812351682405016,0.0018476339864019753,-0.039159397068886714,0.020022097133365113,0.017727526940208183,0.025810944613043674,0.023461193055631657,0.007349319108894248,0.027360991976420612,0.0019046170066563395,0.015907164192010104,0.008736464319339277,0.012203059679959605,0.002309681441061251,0.028571236880455375,-0.005000082934342842,0.019826616842223643,0.008277085393977535,0.010752514080268671,0.01054988901246312,-0.0030566727966221396
2019-12-09,0.006531839003317552,-0.003820428769458206,-0.0052146973811336705,-0.00038415052938167715,0.00912644818806263,0.0013234011161431525,0.020190194206767043,0.00393127706688956,0.000939465100015191,-0.006491244490640646,0.03951909359756911,-0.05794146209781448,0.0033858014212087006,-0.0009729684065907795,-0.009472894338001359,-0.00907334824464845,-0.017819540603575934,-0.0020104286603638277,0.0024299005683210417,0.0022065263546016123,0.0033198087481132177,-0.0034048037579337276,-0.007247690166029774
2019-12-10,0.008961824751465786,-0.007670261940825318,-0.005718772438344399,-0.0024595610975233217,-0.0034303839660171365,-0.030396515366266863,0.0038805841027425014,0.0031326410014032025,-0.0026280746953921685,-0.0002699631029766669,0.014875721812382059,0.0013451420233976386,-0.024673471048338724,-0.006721157112628995,-0.01564827820815673,-0.007384649566130164,-0.026147592707119194,0.006797641376955488,-0.00017317045936038333,-0.019200309176737207,-0.0038352846582766498,-0.00992081279956225,-0.01684688170306725
2019-12-11,0.005665968350384798,0.012560301622472902,0.0,0.0003081037720544799,-0.0006256708812112377,0.012267460089956828,0.012755825595238246,0.00452844191932722,-0.0005647168401734515,-0.0002158339582362112,0.045602746847817066,0.0041047104631266595,-0.0015136215898757799,0.008286343029111132,0.006623852798723906,0.012610196652060424,-0.0016436727750612778,0.022755903944155387,0.006581241165122487,0.0017960326450565667,-0.0012077452401502153,0.008127800756780879,0.016707427178934253
2019-12-12,0.04162218566120934,0.019084221390772704,0.012636180137602704,-0.001463588733354726,-0.00720227527849826,0.0188507182356914,0.029771076242245398,0.02891321823432902,0.025424023310973487,0.00037825603593000245,0.017134064348666822,0.0004460607946372708,0.008228717882200476,0.020813198184088444,0.03059885162317899,0.010285061675641138,0.040614753572846496,0.005379063371051984,-0.0001721427460847913,0.005557543760483341,0.010959053544328912,0.0022941514305556687,0.0006323303927435742
2019-12-13,-0.020435267369822152,-0.011236021617219816,-0.007143201041557079,0.0028545684839662577,-0.0011036391157437375,-0.005726928376356244,-0.0181616626674328,-0.02099984602422722,-0.021487711155633415,0.0017279853217768704,-0.014548404308388996,-0.00460633671169286,-0.004295118582647306,-0.004144449308827847,-0.014366311609720461,0.0046176899495622425,-0.0174050053468644,0.004134365889934655,-0.02822222223882831,-0.010161996393612593,-0.005607001220395702,-0.007940379166193168,0.003579013911320539
2019-12-16,-0.006453417284666529,0.01893924113225043,0.01603558689776352,0.006308050869576753,0.009946140106180223,0.03854688655444982,0.0400152300377441,0.0013886705948895628,0.01670420329222999,0.0051343503970939786,0.006216002111644636,-0.10434391510990604,-0.003451412094029993,0.004640030176341403,0.011120499061233025,-0.006188384776432465,0.045625198653236554,-0.007265802136133592,0.0003542682791319862,-0.009276292587887536,0.0018043285229729644,0.012722301860180085,-0.004545672776854914
2019-12-17,0.03882191692657888,0.00464707284879573,0.004990714708864807,-0.0011466142958476144,0.0034388982554944825,0.0008529342247773908,-0.028312160336311787,-0.01032520597773734,0.00904564012409148,0.004946565309788875,0.0007721803803186766,0.009000129452355843,0.008441517421875266,-0.0017143651196337428,0.013027250565573745,-0.0013479076722793248,0.034394369446087536,-0.012686232692562083,0.012037473491176343,0.020907288029700988,-0.001125600477070443,-0.0023641598237490458,0.004777281127055666
2019-12-18,0.0018899743899176702,-0.0037003644178575934,-0.010610593961072223,-0.0035971561600854907,0.0032715865521069087,-0.008311912667908872,0.039222854246930394,-0.004826890682324114,-0.007501126892249355,-0.006474100578457875,0.0015433281141958854,0.011562600750179897,-0.006439407758422333,-0.006343359967297291,0.0031623791750128305,0.0011674416220950334,0.0352355376633684,0.01260185770499378,-0.002274054781181367,-0.004719173150497857,-0.010894072355918105,-0.009565344797684117,0.0027962461767336855
2019-12-19,0.007982582670059246,0.0027853606870262837,-0.00021472502061148369,0.01351864560933036,-0.010558940573099584,-0.0032235510331332096,-0.0039541326265042365,0.0006258419948976801,0.004977117686460142,0.03279653984401887,0.001540870566078878,0.007021340385066521,-0.006912793603345957,0.00513589127086278,0.0016812237341532477,-0.0057557108907339005,-0.012463752582222876,-0.0024398095271486175,-0.008941321062696295,0.0061266779287294515,0.005848907158312988,0.009151255488867971,-0.011991637130859711
2019-12-20,0.013103089101768273,-0.0027776240023268395,0.008323980603862191,-0.00022727641576680835,0.022912959778914166,0.04096578979630272,0.016961878184564183,-0.0062549389792967425,0.001650452439772021,-0.002919715499592135,-0.02230789252765386,-0.004377835513270756,0.0036981410498531098,0.012942000166956236,-0.014580974788592327,0.001025978265829952,0.053883172642968935,0.0012227204836796624,0.00636860330116229,0.0068060839624104474,0.00037739787857526963,0.005416709373249118,0.00042337813344284214
2019-12-23,0.02942031703515746,0.012998937315726433,0.0005958139712263222,0.007201286858181222,0.0010738591158208077,-0.010977546055176535,0.01703321865129226,0.005821805649375511,0.005860062931778431,0.0051249345536918955,0.011015144993679948,0.009364685399798844,0.002817458959042174,-0.001603107098637424,0.00606762897247104,-0.007831898926889624,-0.00783006875133263,0.020523079674905853,-0.002109459064502661,0.005425310393166294,0.004076469954303219,0.00392415898413967,-0.009946201088557927
2019-12-24,-0.0015190268998772627,-0.010999150826084048,-0.0003827406352853169,0.002634126291908734,-0.00030656918682669954,0.003979147135379391,0.0052337335014362996,-0.0021899427389155957,-0.0005459107534190322,-0.0039023739327956886,0.010894893039428588,0.00919711877351359,-0.0041062372543819725,-0.0007081648689645226,0.0008461409326727676,0.012689452267607093,-0.00417831321637363,0.009815766374134505,-0.0019372994823898537,-0.006811762152304834,0.003984775037956689,-0.0036343648694570074,0.016315855742257357
2019-12-26,0.0023509297102788373,0.0055606899551565725,0.00438207540898472,-0.0010509856508825743,-0.004905534304722736,0.01084690369412833,0.013189927344672947,-0.0007837613767607277,0.005828603167971735,0.000992572366880884,0.013856842417103943,0.01560261721038847,0.0023871534212485113,0.005339558957127677,-0.0002113253915581037,0.01511564880216465,0.009789795506008003,0.012090859407052568,0.00247064191932167,-0.0003560704148219962,-0.001348022618830269,0.0007913095683860227,0.007010030020984104
2019-12-27,-0.006621397208623092,0.009216857681096924,-0.002499171532739042,-0.011045925533773149,-0.0033893516606084972,-0.018778370899636965,-0.0017129961342456923,0.0,-0.00706276075501433,0.00020867903355226147,-0.010630251197131235,0.008393915111192696,-0.006494935578360672,-0.00230295100226674,-0.007719038581300075,7.18592603721202e-05,-0.020313643502436474,0.00046850165111722575,-0.0021127251034631644,-0.004098661685407179,-0.0003750653661954706,0.00015475900235872864,0.0016701917774204489
2019-12-30,-0.0011111901280546066,-0.009132683041259138,-0.0006793063250534193,-0.004786899210789564,-0.003864681038777351,-0.003995789101626901,-0.009608827309449564,-0.02259568600732753,-0.008936655799865245,-0.0003129959092936785,-0.001534957820478522,-0.0029840858008282067,0.0002175876567416246,-0.003627739801100427,0.0026642416702522542,-0.0027271322903831274,-0.008953801782446424,0.02435046325768031,-0.0035001380564895213,-0.00044741045969254323,-0.0029252312236220934,-0.00507139756351227,-0.009451632850744907
2019-12-31,0.015431463697374914,-0.0009215108346039003,0.0035015650616752048,-0.0012213584676268319,0.00356918790699301,0.008023733655559084,0.02425502415570402,0.030663199766777227,0.007176935036584009,0.007149688847992719,0.008454890177240104,0.016225630702329852,0.003268105766747409,0.006666880511601692,0.004145048586018829,0.006080632997170099,0.029005945608881367,-0.00685715194128389,0.003566018822871664,0.0024165507361244565,0.004288123682638423,0.008294265440860427,0.010243729610239338
2020-01-02,-0.005886951591166922,-0.019372495049192917,-0.016383678030651883,-0.011542773655293437,-0.012215884131682508,-0.02806875825698829,-0.02774029727653926,-0.010903142033630076,-0.01790586891164425,-0.014301688875147711,0.006097557624573202,-0.011393781488925891,-0.01150911061027382,-0.010145389566364682,-0.006562374247596314,-0.010835470936252922,-0.009704348320924705,-0.005293475879964316,-0.02061114696830113,-0.01134028309395907,-0.014158362995729035,-0.020033027141603932,-0.008819942296108718
2020-01-03,-0.014323372418620917,-0.013170432665839393,-0.022237682561469296,-0.00618692338035709,0.013932418848411343,-0.006896477076444918,-0.011830085884174113,-0.021102765166968074,-0.024744358611504702,-0.00478343341201537,-0.03030301375032507,-0.00940797478324018,-0.017574917166586657,-0.02600370848659528,-0.02461097083644359,-0.002964457912849827,-0.03126438828708489,-0.009023803106089634,-0.013244076847184427,-0.013547682073721368,-0.01451360097396448,-0.012940785515136555,-0.004344287224381849
2020-01-06,-0.001117675290879916,-0.006672953219063582,-0.0004422797627868791,-0.012605739083914602,-0.009263638803000407,-0.0017363598004533909,-0.0014084153197662097,-0.007078189337106355,-0.0040061387180040375,-0.008504139540011169,0.003906469099631549,-0.006568964263394261,-0.01721776825777288,-0.004238622364287736,-0.0026213918542599135,0.0030821364522597428,0.0,0.01003970048520686,-0.008457256916685862,-0.029756427841266753,-0.004626531659466138,-0.0018421164171400495,-0.0017590070528531454
2020-01-07,0.01314891249869965,-0.00863736340467125,0.00424944160514551,-0.002206694135912679,-0.0038957415363938264,-0.009130307080552624,0.0038784772007292023,-0.015392081211618613,-0.0003829711811548231,-0.0012784627217714561,0.015564029851117267,-0.0016730797177906265,-0.010694508546473136,0.0021528970123245728,-0.004271246678836382,-0.0022412578014521234,0.007707100115629029,-0.0006935458246891679,-0.0022250866366326782,-0.010568724591974776,-0.007824085551583426,-0.005413818766575873,-0.011279851068794589
2020-01-08,-0.017258014240406072,0.0038721042921325832,0.00542202620253418,0.0030013641823440906,0.00860416385728846,0.0046070712921875145,0.008078859243224379,0.012012315353775671,0.01034682196838177,0.00037315871215670704,0.009961581066128877,-0.009336931499423717,0.011729715576944022,0.01249818005577219,-0.004179576240204486,0.0034057735220780483,0.009081994914032832,-0.026601657938492673,-0.002416019621095278,0.008297538609185917,0.0025767974313199993,0.015918364655067574,0.0079859072631292
2020-01-09,0.02191599253078902,0.0028934105384001985,0.023718638322811847,0.013701842850084134,0.03490038533224982,-0.004804424379329819,0.0010452158729270522,-0.00894279936285891,-0.010240861596638395,0.013330498257090984,-0.016691831803105517,-0.004027545711822622,0.0027279278650247374,0.007039802257876593,0.00033142646507688944,0.0023467264382852626,-0.0004735070822303733,-0.009981263383588734,-0.003353335006118785,-0.00652696553444343,0.0019468009575813738,-0.006411539318672443,0.006578373014512584
2020-01-10,-0.008798491791107255,0.004807322817800497,-0.006424091037882551,-0.001709230062807432,-0.006744808827099602,-0.017555172464351565,-0.01322644127877437,-0.02034466632701104,-0.01322094504527227,-0.005840825687204787,-0.004629507467075689,0.01900670869418475,-0.00272050651948319,0.0011012595138104597,-0.012587054002348608,-0.002665569205680396,-0.022748730714434173,0.014642425690903238,-0.013644713456262614,0.006188702287060366,-0.004430241956129732,0.0025810446116749652,0.0060434875450414705
2020-01-13,0.052150095191585644,0.022966748480669263,0.02094831042034051,0.01898724308199151,0.018560415081083192,0.012731422474791865,0.008112834587040485,0.01155593222738327,0.01650494356831289,0.01312662915203533,0.0488373519161982,0.010873828277304654,0.01022969843395427,0.013009431805934168,0.019792013659814645,-0.017047765051233732,0.020853322055467416,0.0042587356744507865,0.011370158795107388,0.01570784746432219,0.008821813353115715,0.013701779305418826,-0.0065658571142117594
2020-01-14,0.030582317752447352,-0.00654860069022245,-0.009879115832978291,0.004429119475496179,-0.01407421831885236,0.0017645018543539503,0.002099425941271882,-0.00380820215096489,-0.002101444685350451,-0.007575393110614392,-0.02002973063218938,0.015232428149568156,-0.000450050760609777,-0.008687446177664815,0.008004332673540837,-0.04188873548347116,0.013776860703408111,0.008951316089442107,0.01180444020479876,-0.006428029224088139,0.005494466487263594,-0.0006784003995288224,-0.01982843908417553
2020-01-15,0.02481456825326389,0.004708235176838604,0.004008129193487253,0.003269185853850054,0.02494384990263887,0.0050639209944605135,0.0013967572673005968,0.01612124870301468,0.000574548664556529,0.007843742347494853,-0.01741127259116526,0.004949876794469565,0.0018010751084063248,0.007048964221016085,-0.00804981112130465,0.005522425548128318,0.008434743185817606,0.016110313953372923,-0.010555540163517785,0.014908238256331918,0.00623444289135322,0.017563876201158513,0.0018650405484661459
2020-01-16,0.0037442420700357637,0.014058218262599231,0.0013165666528376363,0.015080182021119493,0.014220438976239924,0.005257361297938967,0.018828299819842353,0.009159087542972344,0.004017212862963637,0.008096154273323997,-0.01001513513103236,0.02454958408850416,0.019101274286183134,0.007661641260885421,0.003509524593622526,0.0031278639245189144,0.023234129740065557,0.006893077031694617,-0.001497299534953478,0.007760930315582559,-0.025470571898189576,0.0007183852469823115,0.00150369034527853
2020-01-17,0.005968686922825039,0.0073937926212153116,0.005216894053025722,0.005748277699661575,0.0008676997671599462,0.005447675298618115,-0.03148512883754473,-0.0022690742262498897,0.01638755287830973,0.013367791821914166,0.001556297486260405,0.013145426909184188,0.008820156446060823,0.004881428888819039,0.0053546146271528094,0.014181903322774803,-0.006812057997088394,-0.007758728530439241,0.008622281595198844,-0.0003668230929402272,0.008476589878328777,0.016222887353418036,0.00886515136693311
2020-01-21,0.005191869595616128,-0.018348669116625582,0.0007595004670717387,-0.031175457064737566,0.00028854486436991067,-0.0409622533632189,-0.016961432038224755,0.003573813359246225,-0.013873357298767597,-0.00020439155836105005,-0.04661988416754437,-0.00059349840435996,-0.02644839326245374,-0.011069604234590247,-0.02836956615984576,0.003823857101212358,-0.03292174660690039,0.00528992953881624,-0.02694655519094069,-0.027054211374771375,-0.020235131149610952,-0.002371903354079219,0.00474816989509641
2020-01-22,0.0007374723549600226,0.0028036813074674427,0.0036260626217843317,-0.0022221522299472607,0.03739512764143749,-0.03480231491854524,0.012221600918584485,-0.01618626836265935,-0.03288976266801713,0.004397909928375521,0.004074867152807027,0.008160306656675553,-0.0006734685951783614,-0.0030699281232824394,-0.03076434289982688,-0.009448613668726846,-0.05295479260942071,0.0016014384262732495,-0.007448777764419767,0.0019793121674136493,0.0021446995911100775,-0.0002192485105614317,-0.0005642256123107314
2020-01-23,0.006390207354650013,0.0,-0.003150858854541805,0.004530807682772586,0.0002790410924240483,-0.004916655502551048,0.010298458323109827,-0.0039488822538426005,-0.01218819330155585,0.009674144002776996,-0.02840947616722389,0.00110380751581296,0.003370349032528086,-0.006917053667665263,-0.004616831800132504,0.009953422323613959,-0.003994266186305384,-0.0018274532920288244,-0.0042329807798962005,0.007149647327399533,0.00079273325312057,0.006088555801551099,0.00606907753920316
2020-01-24,-0.00879133955423983,-0.022367134333999283,0.028066947465934078,-0.008714455871287163,0.0008344749821940223,-0.0369413156202405,-0.01757493747562544,-0.018995379588867767,-0.03502476463077553,-0.0014625028569986709,-0.01086027604526929,-0.0019111834537630656,-0.02530257225654753,0.0017652999403769964,-0.01495798054136288,-0.014858230915369974,-0.04060114645844681,0.01350142270410637,-0.027439588797747994,-0.013170334667277572,-0.0035641625726462456,-0.002849987524223052,-0.014309599582545518
2020-01-27,-0.0275931002166806,0.02669211443777031,-0.042959550296419735,-0.01418877939968588,0.028221766198749165,-0.03689222211935972,-0.028264659434579564,-0.03367615159427462,-0.0270157288830567,-0.006363205172705166,-0.07939197783589114,-0.013329293748965632,-0.021823651795858212,-0.024334315197160117,-0.03343163534061189,-0.016483740266681757,-0.030303324136853216,0.0060961297267811965,-0.022849217574107072,-0.015239067785376537,-0.022653285234697562,-0.01776926151881697,-0.01167091292724809
2020-01-28,0.015961285446263185,0.011141932283886158,0.012764022918856588,0.010716560044637502,-0.017441770813569346,0.013444961179641224,0.01472739774321985,0.009583784365545966,-0.00042403434117765926,0.007268118400465262,0.03669756730117135,0.010971843655522617,0.006340667371926845,0.014642546984892313,0.009986742680347271,0.023156337908311286,0.04256508079918642,-0.005835028593426883,0.005896945132740861,0.003460448506888092,0.008702149051596386,0.011603984272904766,0.01742538454478848
2020-01-29,0.006608736124862347,-0.0036731816298507525,0.003467952073133551,0.05433009787834853,-0.0011008400159894238,0.008010039207234865,0.00870827972060928,-0.004314695014768,0.05322300025976112,-0.0018668910017092255,-0.0008852038543557539,-0.0029532654308854767,0.012135575606176063,0.0016836281520269392,0.011093748408641524,-0.018452558793629392,-0.0020677674825085868,0.0072233905893477335,-0.028502294958064667,0.005172417770170856,-0.004918315362344439,-0.001336501446457361,-0.013871509757547806
2020-01-30,0.0006193762704693739,-0.0018431188544887345,0.017448479104893888,-0.0008807333287079722,0.007025816848549082,0.010181358758687864,0.05179867600353871,-0.08615016842073031,-0.02415931346890543,0.00844260368200822,0.0026574190121217978,-0.015401608950668777,-0.027208028000162088,0.0,-0.004770939435916333,0.023211458644215588,0.04453662358984567,0.007844096781871368,0.016645917843632008,-0.05069577898817268,-0.0025116272484656532,-0.03618746243396287,0.021888942527744204
2020-01-31,-0.0061897239807919835,-0.02216070069116305,-0.01118424247592853,-0.035779841324462214,-0.012585529721546473,-0.009832928510289829,-0.010943849073888123,-0.029211049983980053,-0.04951498590039616,-0.016894142318834793,-0.019434639066132076,-0.013988361057724386,-0.034841955535220626,-0.024492254643000755,-0.06698584636682459,-0.010874011324909505,-0.016360555532522136,0.002001316845931189,-0.028039422658957536,-0.03884739311111718,-0.026561619550884874,-0.020934994894591608,-0.005337520121918793
2020-02-03,0.006353071628566465,0.00849870965544941,0.018013205626338902,0.020877461509330564,0.027293011650798116,-0.01315790352570323,0.041493658133613165,0.012309728316070911,0.014542980254617754,0.027637554947540943,0.03063062163506247,0.036076728751316844,0.013015309136157116,0.031064067055001976,0.012329681536838555,0.03248709545503936,0.0060478954138343255,0.01176203819410393,0.009475593922364745,0.014621154725689367,0.012516927549904189,0.032173136127570556,0.020617185634056234
2020-02-04,0.11932158027595019,0.017789964404076652,0.0167893877443559,0.02142100564062699,0.01159816061997443,0.03320785486417743,0.027556520848915245,0.01717800435548056,0.028027223967952652,0.009527063686495252,0.05244745834963749,0.030550630603610518,0.012364093774442697,0.019384793126436373,0.036792737924092433,0.00022011088804241297,0.04308661067274211,-0.02983090224977558,0.01877356948922393,0.023880774603547428,0.00980657439959609,0.020976816544287624,-6.928842132369883e-05
2020-02-05,-0.03151622006627397,0.013799849077337445,0.012910448792135654,0.02382208073555203,0.021597138259364934,0.03993137121418999,0.02455551697787639,0.02618561154692145,0.03246619852514332,0.01400848970141344,0.030731079021934393,0.019144088087610145,0.05459726753550376,0.015175827653726826,0.02887924386080476,0.017508975136225846,0.025936642641624097,0.0015825073197559547,0.013923006259155546,0.043630971691510645,0.01901610261522224,-0.007717527140539304,0.026774901190099953
2020-02-06,-0.007193425021927102,-0.0009076775396599235,0.003116584806866829,-0.008707560326455255,0.017877997627166575,-0.010770256780257892,-0.0037840701479642247,-0.004992589265433445,-0.008264475656470371,0.003926076636470377,-0.007252264332419767,-0.003223965127137962,0.004768050296623416,4.586498850400744e-05,-0.00832546851121485,-0.010894556328351013,-0.022939888794448637,0.002031688347477134,-0.009490971266060133,0.005009182877377727,-0.004004374744596695,-0.0009272148065168073,-0.009298956836208183
2020-02-07,-0.05071891230902559,-0.0172570398382893,-0.004540905880505486,-0.019079535703330097,-0.013845919447625366,-0.0018936567698812912,-0.01741067395354745,-0.023415461516681835,-0.023780500502347368,-0.0070974892920872,-0.04220788145678056,-0.015540365136739842,-0.015593086278738677,-0.01194906337840107,-0.015351251133966737,-0.00029181563728752913,-0.029708101873865744,-0.00833519477289213,-0.023037886916058237,-0.02827593994934996,-0.014072116461743778,-0.01606792047365435,0.004693229404604926
2020-02-10,0.008602096865726772,-0.0009240657137218333,0.007162395909065644,0.0029357296401695265,-0.002600039473326543,-0.011856373894901573,-0.014175234807558335,-0.014652709608192871,0.0033314383811198223,-0.0034038592502012577,0.03135576895062586,-0.006714398107139696,0.004132410790226304,0.005976884383182446,-0.0020706766284520617,0.009813926920153815,-0.020740838660537664,0.009086306187958026,-0.005425510905051056,-0.00798924924025568,-0.014028197485005944,-0.0004717004768217681,-0.004061748373693108
2020-02-11,0.017537150908856658,0.014801067491974296,0.0027808686574013475,0.007172006490732574,0.011991144146117128,0.01199863418806335,-0.002941085628731188,0.017574453876232576,0.012450526969359776,-0.001561569834997667,0.01889909165123438,-0.007766504408343589,0.014403258886872328,0.003620490365182416,0.02489939236301897,-0.05068785684398458,0.015128744625799717,-0.0045021413138370825,0.014267448184573928,0.020184816503719505,0.008768259196575867,0.008317538128351787,-0.019848260650149663
2020-02-12,0.025026559479463417,-0.045578914413699545,0.006695665380286764,0.01605897475107687,-0.014296512202824796,-0.01327947053106393,0.014093672217733388,0.016321676361232162,0.012092622497751115,0.010751684254675764,0.021774259157018028,0.010218946751223257,0.0029300993681589116,0.00453221652717084,0.019530283818089078,-0.010503976954885363,0.010928635756865646,-0.0074628634022407825,0.0006207769219399584,-0.008284418958615869,0.003362002571992484,0.005372403829016381,0.006657865839819088
2020-02-13,0.012668528791669242,-0.02960847403208222,0.0030694500886259135,-0.011942944880816597,0.008362635656202544,-0.04768797246503975,-0.010989035228439414,-0.0052285050724385496,-0.021871455559690278,0.001160412816879397,-0.004735627860291802,-0.019011115165550208,-0.02359571343863709,0.018692616220996827,-0.024763397300698542,0.010307259613621556,-0.042751634754814916,0.0027343628235079187,-0.00868325673960757,-0.01739561520314392,-0.015527979803179992,-0.0006552109935301642,-0.0005513103079113346
2020-02-14,0.019447430911928354,0.004921298455610179,0.004433654489075067,-0.00021730975872080727,0.000647904286652512,-0.02643653225863951,0.003594765344729245,-0.003191322495383453,0.0068329617073144,0.0012071747032678104,-0.029341882711736544,-0.0063628065481228235,-0.005983778190152389,0.006237180898964523,-0.010660069472862577,0.0030459122945059036,-0.03747448230734074,0.001363141328051709,-0.016683837917538802,-0.010402143202430492,-0.0025731988695854024,0.009814562836527374,0.013027520259359049
2020-02-18,-0.010486289311240848,0.0,-0.0010547253707070547,-0.015565276053031152,0.010618857389497638,-0.003655294999404868,0.022468208535467937,0.006403209759757278,-0.018301680857686464,0.0017848304872589704,-0.017973616460559727,-0.007580765683678159,0.0009261521762045088,0.004087319745337714,-0.015495722521614574,-0.02383483366300221,-0.02666664570575561,0.0342639899594408,0.005090183065532994,0.0038407493706720253,-0.006824956024674145,-0.006268757204805686,-0.06668069919355102
2020-02-19,0.007215171278473598,-0.0029382361081848885,0.00031278941843737584,0.005809891368357523,-0.013198144247580479,0.031970711956535114,0.0038216918769897745,0.0011223616657158875,-0.0037702737160797417,0.012663879441279002,0.006655475879801642,-0.0043015542193880485,-0.012260193165331335,-0.0047866732406900425,0.007747048983668625,0.005715194740957719,0.008767511019283525,0.012943835691248129,0.006752266153757569,-0.003926865258666479,0.0015920870236452167,0.01249641326777895,-0.012903216309014365
2020-02-20,0.05563040348523329,0.008840787924049964,-0.0016417706812212884,0.0,-0.0053241750039894065,0.0025397558958377697,0.0015861725384356262,-0.017756933338703318,0.025230900869818162,-0.019019582422195813,-0.0016529319547393673,-0.011693488105414374,0.018086234218630537,-0.005753294198121983,0.017083072569687552,-0.0022808905894864395,0.0032590114114618984,0.04180210226037295,0.002934218524047072,0.001718293009357108,0.0029409533010358313,-0.008437276570916197,0.002880027603023416
2020-02-21,-0.01993432799265804,-0.0029211728923451696,-0.001683586265462833,-0.020618751179022787,0.0033946046673010155,-0.0032932282296809223,-0.011086410154922954,-0.0022834004670297947,-0.009434167948365269,0.005767887423725249,-0.011589680636645339,-0.0038435582139163538,0.0074508713123035974,-0.012929350009397989,-0.005278715369271825,-0.025805993698855167,0.03898180638612958,0.027858909328765336,0.015047431061891992,0.03289653848447305,-0.0037700025145497307,-0.01838832269245161,-0.013549940933851867
2020-02-24,-0.03050963724387079,-0.03027340793501887,-0.03702390897171359,-0.048674872071447384,-0.006375070024698171,-0.01321428809820302,-0.017937167449797564,-0.037764778927670384,-0.04264978778998685,-0.023999760369724288,-0.058626162604605625,-0.03230451437789639,-0.0443727266107764,-0.03567834546783355,-0.03931978970322281,-0.007716153386028601,0.011464306637519295,0.016585666619651107,-0.02635385999509099,-0.03341171948351285,-0.03061128110956457,-0.010883102088228402,-0.027846467376147488
2020-02-25,-0.04218298916962171,-0.026183424459716553,-0.04089129009574233,-0.04637833178466011,-0.024093388161454343,-0.030646653960380577,-0.07436407982085158,-0.05906835953633793,-0.04952422305052362,-0.03821844483297343,-0.04537369675410041,-0.031037276470045616,-0.05126958388518554,-0.042270415143629614,-0.05323281919878786,-0.04148631425584748,-0.06749104861924315,-0.02228404065170697,-0.04905889065378488,-0.047099380922914436,-0.04892891835535007,-0.02846091416434693,-0.03880502623082749
2020-02-26,-0.002097032173192681,0.009307275187316666,0.00012742038009672108,-0.013824968610660182,0.01529569756251492,-0.015409078253686648,0.004228515454919091,-0.004423905626849467,-0.020478009041165146,-0.0017971986977740606,-0.025163072914330398,-0.0040342636774208795,-0.010451524120669964,0.008728185573308123,-0.013525952016237963,-0.018567159546087675,-0.03591142542829129,0.005290907248918231,-0.028908440991714635,-0.0007424171913051891,-0.004925522794211656,-0.0006351924694080191,-0.03059921360022988
2020-02-27,-0.05662535717024764,-0.030737837974200488,-0.04853073577601763,-0.03963628855757739,-0.04836781689537084,-0.02509452701894288,-0.042456357790289556,-0.04024693843009919,-0.06611550949698852,-0.056318215051218035,-0.06309754698158565,-0.00980233462189517,-0.04533748817090455,-0.04159098389406757,-0.04691494808823182,-0.01580824332467956,-0.05157582188232768,-0.05809716743565718,-0.042591891608509624,-0.024307280169920342,-0.05041716515261441,-0.045858040291870905,-0.019004990259458232
2020-02-28,0.01299460440401945,-0.014799116393469314,-0.01999223062243305,-0.005212916944617896,-0.019482235745415855,0.020204721661785996,-0.003297582618979611,-0.04814721779270914,0.021744932439143883,-0.016514126063088552,0.01632639682861159,-0.02004406079963328,-0.00269814367394694,-0.020210263851365484,0.023049260207563815,-0.012584876824893176,0.029003242159284737,-0.040833866901446525,-0.01100222424548225,-0.014142717770989854,0.008302046832123544,-0.013873701564777186,0.012971705395084188
2020-03-02,0.02993273518805073,0.05042933617087231,0.05027103447843717,0.04821368195311093,0.06684623044809324,0.03689654578937396,0.04322093932024984,0.047785220101109305,0.024993699329383334,0.0596842813892402,0.0542169326436337,0.023209018247248192,0.03436184057511982,0.037380319234275206,0.04282128782790484,0.041181145152613174,0.03699345016699107,0.049294305364218305,0.03264814353325618,0.046126521449209035,0.008233523769766826,0.04174177486079267,0.04639933954665376
2020-03-03,-0.017912161515644454,-0.008785623841871093,-0.01426410313191484,-0.01230846119547191,0.013037176980684073,-0.002093377544460706,-0.011331521564845515,-0.029143548580889744,-0.02076300793400676,0.014119808421623636,-0.04095272629179747,-0.00203969671091786,-0.030604761297762795,-0.013928807619832728,-0.030595888000741978,0.008611301602827304,-0.03680651605962815,0.06192617029845837,-0.019437796778417837,-0.04113939788305976,-0.00873563161418689,0.004198023298925602,0.017800498240333473
2020-03-04,0.04203401449255817,0.018769716139745762,0.04327948070188348,0.03221433434232068,0.03164818184348461,0.015993795870457905,0.03510058246151848,0.011915827255053024,0.03328392485457998,0.05373342372954548,0.03773625670103753,0.04447709914077924,0.023205915124706378,0.0518961887157261,0.041390002070959886,0.0577969946640291,0.007665102475738816,0.028433212851564527,0.03152586236546129,0.03322348675477693,0.03419832459802752,0.06326545114445548,0.051920517921420606
2020-03-05,-0.017387288345591556,-0.0388947321097447,-0.013490786239860664,-0.02168206286033214,-0.019476081789339683,-0.01961267288886004,-0.05501756457043183,-0.03940214807144693,-0.04318781488960133,-0.026573409221072763,-0.044019307537377594,-0.02285712704919518,-0.036655944523857564,-0.03938557155419142,-0.017546127609709083,-0.03612256627567889,-0.05266223515463109,0.021176431012338126,-0.05603132184453086,-0.030983981729471477,-0.04918488272284016,-0.03456983187047036,-0.036962602396434896
2020-03-06,-0.02559869989233432,-0.007454767448854649,-0.01833331894958734,0.014271302322797608,-0.012722058963340888,-0.030271614035309757,-0.07359934354343955,-0.04526179481715675,-0.02817949611013837,-0.022623160384483754,-0.05605576278483548,-0.016822841851174664,-0.02244743780404357,-0.03719934079442999,-0.025977891478902282,-0.0199901799779324,-0.11673880223469546,0.0051843223093548385,-0.02845217559037594,-0.002526901697326056,-0.011690279214765287,-0.025066961889847916,-0.01780363216597214
2020-03-09,-0.11670675318436918,-0.04721030570779172,-0.10691732545289834,-0.044363565834307894,-0.04654782245460709,-0.15390856008864096,-0.08814220811539775,-0.13209873563220342,-0.21657674932110083,-0.054369912885102956,-0.1272535884542617,-0.08156130637371517,-0.0960514609109252,-0.08493687550279772,-0.17196832218885194,-0.10693199187963542,-0.16643352619151885,-0.08729716429641876,-0.12345378734476375,-0.06322983341152233,-0.039822618788523334,-0.025582369236498814,-0.06826743201592644
2020-03-10,0.03056476860781432,0.01013498963617665,0.045966258394218196,0.042438881379414095,0.006205583011572369,-0.014116065394840893,0.12310357253198001,0.08449525215970066,0.02849642510124073,0.038131081358572905,0.09355989187148905,0.051898516306686515,0.058550088944286705,0.017790424782121894,0.002181029416027158,0.019463426301572495,0.06040260795510677,0.012557364550140449,0.06941220496203893,0.05926653248116831,0.0469152184651509,0.03577648922566845,0.03587679642814878
2020-03-11,-0.06809438809950219,-0.1092529200725757,-0.03159650052686658,-0.07826518620188849,-0.04385944982397605,-0.07777426225895945,-0.03512182001305464,-0.0383003649799486,-0.10859860627785001,-0.022373521597955914,-0.09777763283654728,-0.06148263606408533,-0.056774880896292235,-0.01299570452015597,-0.09608309707523599,-0.04996085338879486,-0.09256304049022679,-0.04878026467681207,-0.045785234866597024,-0.052287062880797985,-0.049127389951563516,-0.04739762999858055,-0.0438211309961426
2020-03-12,-0.07024461724119246,-0.16145166753332252,-0.09658333005087438,-0.060573216973878075,-0.09432343093083417,-0.13832039520112915,-0.10639948469012994,-0.09219845303688945,-0.15434114227630746,-0.11533937741234768,-0.11699491326464062,-0.10190508321043279,-0.11200760673558985,-0.09142152340536758,-0.14685160531312302,-0.10067291640130638,-0.15518753072984937,-0.034333089064859545,-0.1033021783652498,-0.0846537178409037,-0.07290889888746865,-0.07209553555984194,-0.08919299989547214
2020-03-13,0.049699027833520315,0.017910368601667725,0.09923819854132199,0.01784680434935071,0.01044632066067197,0.13349731580115543,0.11101133313783107,0.11478389682329615,0.08534043309378125,0.09093664785941602,0.050209256523879864,0.09085441603013056,0.16841368768437448,0.11694720984962892,0.01671333055214741,0.06746689398603634,0.13622248001347104,-0.11116135264867189,0.12810848267110098,0.08964097336636367,0.047719545433211996,0.03458058460538149,0.02473855659853408
2020-03-16,-0.13306858931505527,-0.12756617340060972,-0.1260417852953416,-0.08550140853888577,-0.0847431560612899,-0.13294811632938064,-0.16438357754734279,-0.07681963958758153,-0.14363568426422357,-0.07505569213343222,-0.17131486293437193,-0.06906977221640798,-0.11124415540524446,-0.10283284158072792,-0.25490993128804107,-0.13548560837141754,-0.09627604725357619,0.031139842817584196,-0.1450893830550869,-0.04018503696409892,-0.12496029572217171,-0.18677017402757867,-0.13455393444788566
2020-03-17,0.13738086333786392,0.047058921400915166,0.1372329867873887,0.09998963357099666,0.10610980650920876,0.006250046373585505,0.0930570569533482,0.051386906063050075,0.20909091692784076,0.020346595360076325,0.03846147204408901,0.07872726504861971,0.12685089086308365,0.034922684519953284,0.19541522693303737,0.0074102229955070875,-0.02814053375907921,0.12447824035425215,0.01142299223084553,0.15771286717347688,0.0024269620890218224,0.03524023021126266,-0.02115821255987438
2020-03-18,0.023561244740514242,0.025682353474463238,-0.017210739169429834,-0.01171381424499518,-0.002785148147895322,-0.12463762932987554,-0.04852225230699614,-0.10969163947285454,-0.006015038666141392,-0.07651892624400025,-0.18055545327423872,-0.009773774487305764,-0.07584337280437203,-0.038869871657912114,-0.027565118906522912,-0.13228310738656268,-0.27507759677055155,-0.0923583751706818,-0.05292015029053887,-0.02890973028079291,-0.11740520167628077,-0.04167685838010371,-0.17614792969073856
2020-03-19,-0.09761084266852471,0.16275413388510507,-0.05224019014680914,-0.022852359761421193,-0.06733894908713078,0.08703856927123166,0.07834934130637206,-0.01247685425270828,0.06354005093024906,0.019485081499980295,0.08097899465154645,-0.009131833453225435,-0.026494416828859335,-0.022220644739730733,0.06556574517589864,0.1229476024163687,0.17261031456935783,0.004089733539481166,0.05008509241175463,-0.028232352889289936,0.04991760600788653,0.1048999021966357,0.177653122891283
2020-03-20,-0.1370682984397147,-0.01749639166155803,-0.00989349140767326,-0.11887440429620988,-0.0868407912196345,-0.03176651461618074,-0.03138424041724841,-0.0060009139341691276,-0.02418229884167067,-0.11091635416218348,-0.03832728909777716,-0.04663942194742243,-0.020577488678102607,-0.017596204401899795,-0.028452413104659624,-0.08689964515624693,0.1666672735987269,-0.02827027207839894,-0.00616465611615824,-0.029165545010692684,0.04127509789053696,-0.07283394962213607,-0.06173792078238072
2020-03-23,-0.04770775556483753,-0.09315095713387511,-0.06566183190008668,-0.1327093462425183,-0.05374379246114336,-0.009438150809929047,-0.027075178072080264,-0.09564676909412784,-0.03134086261276736,-0.1174230568896667,-0.023550915435134656,-0.07938683392370227,-0.1030160380722841,-0.008592428058781798,-0.035952227513399326,-0.061841003064546096,-0.038582206436069466,0.02712035247008604,-0.07215178719354498,-0.11248287139893332,-0.0905670767080462,-0.038769196234969994,-0.031069098940647244
2020-03-24,0.10078553199963536,0.1359518404449498,0.10009618828634581,0.22869861437066308,0.12090874996467149,0.16243180811903524,0.01870425953569721,0.14054833454453441,0.07110598735437801,0.22160958094098704,0.2968463064427409,0.07074654767654476,0.0544011885320852,0.09873366467768685,0.11854769527440734,0.11310040419295886,0.16052070673954533,0.14018221655370078,0.1252640575240911,0.044083312986429535,0.131723885114724,0.14449184458224118,0.04169713137376996
2020-03-25,0.07121184766238153,0.02526599209021696,-0.01681943651233786,0.010334922389235945,-0.037787667368463396,0.05464480399548699,0.04791775641324025,0.02372128476612745,0.06708827174780274,-0.007779193919635996,0.0371958539726156,0.04361278631216714,0.03188832908417427,0.0029726957982201263,0.150364328722439,0.13495805204575428,0.015887897433956688,0.0008421501985973467,-0.02439022746096975,0.0031412284358374176,0.04460712469223993,-0.0051979859286780394,0.120552182004668
2020-03-26,0.007330870678402102,0.05447457117180843,0.05330892252366537,0.04326914658839165,0.11674403116151844,0.04552170835579594,0.03162438629739217,0.08185376307373837,-0.02304133410077136,0.06529180406031343,-0.035861938543381044,0.09543849738008636,0.07673595731287475,0.05378115762188318,0.03512469978817978,0.07057722922655829,-0.013799576534601399,0.01556604534167505,0.07499994817854505,0.09319802476651629,0.04725216178416858,0.03205974087003516,0.06768354780912911
2020-03-27,-0.08997671754224124,-0.040590441850197556,-0.04057805838634687,-0.016472246238816712,0.029091921515721264,-0.09557514621025787,-0.03852575663672031,-0.058970809360797904,-0.03773621591897247,-0.026037073332950578,-0.11301865166167169,-0.03780003484684702,-0.012576749155512212,-0.03932485626512505,-0.08399752143590422,-0.07028533801867376,-0.07649244732961424,-0.039975496179216585,-0.005366935448364418,-0.013521223677682825,-0.05303004090349994,-0.013901486344231273,-0.029446397420049397
2020-03-30,0.010541759134138795,0.06153873695837886,0.06916182849627317,0.044462155500780476,0.02500790213711568,0.04187879813262163,0.037914860893062396,-0.0062072580097845,0.0031514100757656927,0.02489146938544229,0.006451601690357078,-0.02005072824126153,0.023187671543651867,0.056531972468698566,0.003643397405206583,-0.009380839782222927,0.01010099455252833,0.0002159827639061085,0.05956273089664199,0.054245707881619865,0.010823442813000073,0.04823127511006886,0.02671112525467967
2020-03-31,0.013848603908071855,-0.01932392077421541,-0.02719428901585852,-0.027679477024745047,-0.02015470549530063,0.02178804196357942,-0.02449140704097197,0.01427684184897604,0.020593533539495334,-0.034510056096137776,0.0817306692092532,-0.054902191011282686,-0.006383480730379754,-0.02149325394702184,0.0010086204766506235,0.054088773694040526,0.08199978795926466,-0.02329620098082641,0.03150061074218291,-0.043301163430735534,-0.027001806951630236,-0.046302669770046934,0.06096594349477469
2020-04-01,-0.027141833881461963,-0.032019516041392415,-0.05175105178031669,-0.058309885898016445,-0.007578136479029607,-0.04963247163307538,-0.042127946326114496,-0.046334367272709676,-0.07523956895193795,-0.058589796363615054,-0.06518523068343551,-0.013225208120563492,-0.03148102230909977,-0.07011572471992389,-0.09268596258567952,-0.016435175245614997,-0.06561894537948232,0.026281191324255326,-0.003331295052037664,-0.03374427639926625,-0.04437821916861684,-0.07516514958933462,-0.008790455480549575
2020-04-02,-0.02151713828362045,0.040712200335876414,0.027578396442814235,-0.0003127097742815499,0.006077713847575605,-0.005802579015857234,-0.011994396842188948,-0.0003072790414417881,0.03661265622288412,0.03721915243058449,0.012678268326862696,-0.015387597736769787,0.010944965076081115,0.020016020213311947,0.01976474208544765,-0.031001468568558233,-0.028684521086467685,0.037874244441564286,0.0011138663787477743,0.000715204074880349,0.010514565455965741,0.02807140322663293,0.001680246945612307
2020-04-03,-0.017890468431712603,-0.04156460902927761,-0.040616899323482225,-0.023879133645236528,-0.03701966171533155,0.0027237784787201846,0.017086188705004224,-0.01968630327630705,-0.002140793413918818,-0.03220316068376239,-0.010954398682873623,-0.0028229187118574695,-0.03641726555617997,-0.011944386642454008,0.003920012417798047,-0.060105154072527256,0.012219629664525389,-0.02239312954820094,-0.00806885725094364,-0.041090853766767244,-0.003715951435188325,-0.03863487631792939,-0.0753961368692122
2020-04-06,0.0802655339143068,0.048469321296318535,0.03890668935365582,0.07274878522384554,0.05549277010773879,0.0671324452755051,0.07250228750581433,0.11044824448772439,0.09188438975782454,0.06878997473632675,0.13765826613083276,0.10212302800070971,0.07354474285855583,0.08505472422645255,0.08199550265019484,0.043950448011400356,0.13983917720403127,0.06277852238582105,0.05217384499185784,0.06111066278768118,0.07708572194988994,0.09187463257595052,0.03991528691761692
2020-04-07,0.0012295851364141352,-0.010948937496743527,0.04214388209432496,0.03724364487476395,0.0036573796504231204,0.05309049148407152,0.01112951565231568,0.052840304225039825,0.058611413183782046,0.010928249784301958,0.055632650757119206,0.046055357362854155,-0.02029812911929929,0.022851512622669823,0.03548489716233427,0.04780706402080015,0.030008631181468903,-0.0029933688602771236,-0.005065021779911638,-0.0050337405197099505,0.05148326216047616,0.01031327206371091,0.04604039327727705
2020-04-08,0.08456151670452083,0.04674027963339755,0.06796001485618475,0.05808371552773073,0.026268016071595346,0.03038705245191542,0.06196475973703586,0.04294151388701173,0.0760902075179859,0.07353436791545231,0.057970986079040054,0.06340973716804243,0.0721916012666508,0.038901931062091055,0.07395948964552157,0.06121235872694619,0.0111400622602571,0.011408843278276182,0.046355514629849326,0.03341201435950314,0.024810368707298247,0.05386900023353669,0.04679424805102661
2020-04-09,0.08411505573115963,0.07638102511796352,0.016499825868042883,0.04373479599796681,0.034768384843497646,0.03920907213406433,0.07216919381323605,0.04940808479827696,0.05087702711816422,0.05298243854685247,0.019925439433645886,0.050474161464144185,0.03170289412049332,0.013587077265672987,0.0623757269650258,0.058037227371323885,0.09915245145568607,0.13417770714791444,0.009730985354437172,0.029827201724326402,0.040921456416983526,0.00786345106840014,0.0011505369243625108
2020-04-13,-0.055356525862903405,-0.028384336357736184,-0.014271460034868233,-0.05433386562000986,-0.0374609079012439,-0.03547249621067583,-0.049051470104904515,-0.06032378644235015,-0.03637873121415003,-0.028911247323271994,0.013431020774870905,-0.05731327815480536,0.007023636329015037,-0.017785405005715238,-0.015102530944023695,-0.051011051638185534,-0.05936774233940589,0.042924948615664205,-0.016231214297442786,-0.01768756934924265,-0.03591640887301384,-0.005994155447130334,-0.03244903965709611
2020-04-14,0.005844429935458084,0.015730513629973908,0.021277486935074474,0.016087494822921933,0.009507072987646303,0.004680783039871406,-0.0045181414958486155,0.00287071763808866,0.003973877444798157,0.03515402184362926,0.002409696056080879,0.019155475129419175,-0.024120889730262163,0.020041892950714013,0.010337835987883404,0.028445577274310407,-0.0016390919550126615,0.0020073444607675572,-0.010569369855691124,-0.004051281812966656,-0.009500388919472469,0.031050870002583775,0.027780495516834813
2020-04-15,-0.08527039388512914,-0.043141616765673296,-0.03156825005303576,-0.03211793523820261,-0.004708678861354509,-0.06422639349260484,-0.035173819450655786,-0.07442115387474757,-0.0887757201504239,-0.03396018476653295,-0.07812513298313573,-0.0407779782409059,-0.05300769673399941,-0.04577556484887091,-0.10129584331116881,-0.04449043250777762,-0.06650271178830747,-0.02788447480593592,-0.07425780758387901,-0.033333454305082055,-0.04644902729638023,-0.023216401424603683,-0.020361287631203373
2020-04-16,0.005493625034737715,-0.021965526758583542,-0.004396201003401101,-0.02149915677031833,0.0023657215566577072,-0.04267417404224361,-0.0137200496681128,0.018273768009506197,-0.018616095022406465,-0.012423630752194215,-0.011734042115495336,0.021383376763771667,-0.04182358299861533,0.010930318447208487,-0.06166984357839855,-0.034560902796127446,-0.047493562073160356,0.028856269839826698,-0.0005627331471822483,-0.004324949131969236,0.004747030844294953,-0.015526968903730287,-0.0358504114774546
2020-04-17,0.049513421377515465,0.03782500217252682,0.04049225730976991,0.04470767723858482,0.035397692944606485,0.05089148490909934,0.013910908017034984,0.059083570155021636,0.05659152298089998,0.03629139992314645,0.10026395333755556,0.04362353924758389,0.04529012538423882,0.02959664411289653,0.055409141481180146,0.060979724905516175,0.057248428200782575,-0.011185274703427117,0.05125332301754737,0.06644741144279132,0.04960608084198914,0.06539791141879725,0.054598776798113535
2020-04-20,-0.023913932543318417,-0.015944977073187094,-0.03218978076444823,-0.04078287684065651,-0.02364646813761717,-0.02615788789973439,-0.034496424557476923,0.03545333241206272,-0.05655297059417719,-0.03239147360505956,-0.038369359147277016,-0.036525003506240994,-0.03359497977891157,-0.01882796102191553,-0.07242744920755295,-0.05144066434013772,-0.02707420799380933,0.005233707668858223,-0.0214305690434633,-0.051959265065985694,-0.023684557698215425,-0.040406229541278815,-0.035972667422964566
2020-04-21,-0.03566677387663164,-0.043981594134910984,-0.03256029341155031,-0.015633948034081135,-0.04377004005363583,-0.02504517511948734,-0.014616044908576376,-0.0163643285542584,-0.020615215216367777,-0.016188674671635428,-0.07605981495353364,0.013438596807998415,-0.021442767841847843,-0.03308115710466719,-0.03676928262017953,-0.04977737891394285,-0.02244176669626341,-0.004534988736671908,-0.013139844488325503,-0.005109342595433053,-0.03391865527472537,-0.02212286806661934,-0.018518452213651004
2020-04-22,0.027480212421232997,0.012106347528033412,0.03399389553507293,0.02043379501637599,0.016478548530251214,0.016753412550329028,0.02760586461480119,0.02047612339170457,0.03108809381194,0.02703342974901557,0.031039046869594467,0.017271018443151487,-0.0049797858663394035,0.015205739885108205,0.03173903698067049,-0.012273397399803487,0.013774236854502186,0.041505001459605895,0.009708850282654335,-0.0015172190871430846,0.02340631577407426,0.031738223373676044,-0.010377320633770282
2020-04-23,0.02035319785847589,-0.017942492481113015,-0.014782781206690632,0.012906850023396865,-0.025818186724858916,0.01977314236121308,0.018444163726180962,0.033358103026556174,0.02261311556958967,0.0016017731803668056,0.022251372283029314,-0.009011820428833861,0.019018900259595073,-0.0016518067257285107,0.026190101416160516,0.0038970264285467238,0.017210012036655842,0.011501779517257393,0.03626356035080147,0.0068966419751974595,0.004996264971264264,-0.003177888973891596,-0.03527186448956454
2020-04-24,0.014342320332911829,0.025578849126631775,0.026080474332549564,0.01695886779110989,0.005701008026509413,0.005385956231222844,0.034252172646832335,0.01699052892954178,0.017198897392002754,0.028793824073861884,0.08578753257521332,0.02703768743703905,0.019319173636262343,0.0009373389640043861,0.013773548798265756,-0.002193859362992878,0.0089048049501681,0.01073012447534838,0.003976474502017435,-0.0017415671206445493,0.024524986011616345,0.014758026946302794,0.008201560261104968
2020-04-27,0.011701472092645382,0.030878604690852907,0.025279069340769844,0.05030424626347352,0.035238524657017045,0.01321432546307344,-0.027027020674464275,0.045823430156695766,0.03985510921617297,0.04125936145945919,0.04363172397317783,0.032018473714244156,0.05396695884195579,0.017137939590148976,0.04715292219292744,0.026275676304998052,0.02206533104961861,-0.007922411869693002,0.06944799212039143,0.04849411990694308,0.03515200305884125,0.01067083675534719,0.061256714158073766
2020-04-28,0.03309213187976279,0.03917068699430759,0.006118892571115531,0.005964887413322462,-0.008287930555429313,-0.011632044413816822,0.02464802087004747,0.059105244338198526,0.04152173324740649,0.05370384483945445,0.007909737775337877,0.008962822771724,0.0896068254312552,0.012460544115436623,0.06220172240101496,0.03906345466571004,-0.004317642287007151,0.0009582550881019891,-0.00024673322994939184,0.09017315895266975,-0.0469793542803677,-0.005337502383829573,0.02299572512027881
2020-04-29,0.0055982376003955725,0.024390181911151387,0.031526832239419766,-0.004534438650331651,-0.0029849232668514025,0.034593557022045696,0.03283703700909468,0.03792311702590756,0.04460560157185478,0.0,0.03811681815854673,0.012071834843778051,0.021538511497451562,0.009685470604638313,0.07652240200449723,0.04610863488184025,0.04076322972303448,-0.005105946757054003,0.04964170143192148,0.019432129969156886,0.04798337555088117,0.059225989665281364,0.05308296887081876
2020-04-30,-0.050100592908796315,-0.02922114245552243,-0.02206629224588119,-0.033023790200903735,-0.018260587691938945,-0.05205089580521183,-0.03179304753069734,-0.02387402957177709,-0.020816934734794956,-0.02064991865881627,-0.04643611706367323,-0.017029472620951003,-0.06215770355741013,-0.024908473446116797,-0.03303828727173819,-0.03846573840418133,-0.040833442712945756,-0.04603055946156687,-0.030823364858022617,-0.03542908125562261,-0.05267004555501731,-0.004620912034713487,-0.03154715719779566
2020-05-01,-0.06495203110328962,-0.0323297359126582,-0.014761934709409563,-0.021016533741541665,0.0003052249545636432,-0.03236399274815782,-0.026727873822286474,-0.04147158473597712,-0.07522475372072679,-0.018087917166790368,-0.0419029565827812,-0.03357994264408071,-0.009926976412966804,-0.019892577483638152,-0.048145067300167654,-0.019134606477972493,-0.03127716238214051,0.025386789568907497,-0.004612812568541513,-0.019658658093637094,-0.031156744097350586,-0.018513210092787613,-0.020271099987178243
2020-05-04,-0.003133686481525011,0.0011519236644979003,0.004949420095062607,-0.010641235703061969,0.008230388791361287,-0.012401312605812342,-0.0027460014099822683,-0.007765537394785471,-0.025640986739328797,0.008000042587214429,0.028368990479822775,0.01002912892372132,-0.015924549669333987,0.012921226267154307,-0.014684756383541386,0.021759064177686804,-0.01524658590187955,0.028692864014373543,0.0014636960980847213,0.010870776899829071,-0.013295476844947696,0.004558562575894598,0.009487176277095166
2020-05-05,0.021131712238917855,-0.012658139808181645,0.004253537413457131,-0.004021836692921998,0.0016628110851495403,0.03919326386131994,0.029897304127064928,-0.0006711984880176658,0.009376723300817735,0.009398492077675291,0.011494054919172658,0.007818712645889736,-0.008091041408274546,-0.003558846178058128,0.009199612354679587,-0.047941333355172144,0.07285973722620209,0.03458752621032968,-0.0075501147802928825,-0.024013341192214765,0.016583765040969256,0.007280247571890275,-0.033026444834408086
2020-05-06,-0.009235521487612308,-0.011654890908962878,-0.004101741490703081,-0.006948951914709123,-0.008149588898626159,-0.038081130548692776,-0.04469042853134486,-0.01454444231002372,-0.0422532775541149,-0.0015000591973181043,-0.023863509938362393,0.018696798656355318,-0.02809670798340369,-0.01681262499186198,-0.0499542142293663,-0.03867557769747154,-0.08319180305934548,-0.03820688093183322,-0.0061351905624995595,0.0,0.006004675340393284,-0.016275662934772894,-0.07154748721781756
2020-05-07,0.03124478941051989,0.015330341344868659,0.015310312079445776,-0.013522585703756307,0.00258673827155409,0.04834424381776414,0.05757694213148512,0.016348817927212878,0.027847020680751067,0.005646772431986191,0.044237526963557094,-0.007844173041424374,0.013366661027008675,0.032634744967739104,0.031087846180886558,0.029801092004865914,0.027777634995510336,0.03411814886401965,0.010123845147027577,0.003316150983477595,0.017567238048884937,0.008663577800966715,0.018642135693590633
2020-05-08,0.07549349994897359,0.04181135371157896,0.029453201648039107,0.04735443232800307,-0.02018523118288751,0.05410299274664698,-0.017769154827683487,0.04848059781724734,0.045053475439649215,0.018751284746132413,0.026756033447558725,0.03216153930115695,0.05368074635557707,0.019590215383836096,0.050623824303406284,-0.017252063322053757,0.0729729806590318,-0.00015492060566324461,0.031532494386748766,0.04638019464823517,0.02370635125720777,0.0399578181074729,-0.01047143617289259
2020-05-11,0.0024905568467135097,-0.015607294471524424,-0.0034692796126817305,-0.004118532133433606,-0.01843245094471202,-0.05408202041938004,-0.06158615489360142,-0.015555043589372874,-0.012525465658315804,-0.008495290192573002,-0.02497339119226183,-0.013683337607453328,-0.03726331295487717,-0.008226722989335689,-0.006908848284385982,-0.0343168058122203,-0.0579344197240389,-0.02478689637959053,-0.03720396121711145,-0.006521126876456784,-0.0169602868380756,0.016663975413416132,-0.03956096612248228
2020-05-12,-0.07995661007804,0.0317101963547719,-0.010357839586498385,-0.03997796337228676,-0.02272368497253696,-0.049890628590744224,-0.0463493922921151,-0.011255479956249759,-0.0032449731767425494,-0.009587764960608203,-0.034520908823179486,0.0052778831556543615,-0.028727143083750795,-0.02017548747589415,-0.0035677214596199214,-0.00639149982468501,-0.035650765344062085,-0.007466260413728887,-0.03987182409129231,-0.024000076047896224,-0.030855883070187273,-0.009627175744061578,0.016682251689603467
2020-05-13,0.011137294549941723,0.0,-0.019195805419870537,-0.02106090851678366,-0.012272022757740753,-0.05749354104374271,0.0008600216691820872,-0.03896659172139738,-0.04261585092746967,-0.011482977941627337,-0.031141786392234416,-0.029925927405038744,-0.03953897989383126,-0.023540486118039827,-0.05853932493608549,-0.051994987578488305,-0.05730123792798136,0.022567201360312428,-0.04332201626521903,-0.056326275556575656,-0.03868544224611992,-0.009286877330000887,-0.057530634860499474
2020-05-14,-0.0035046866121012377,-0.0021954465617005647,-0.0009741799466265189,-0.00039085800697735706,0.014222748686094855,0.013997484940784233,0.007779095275740833,0.030751802020219765,0.03585749062639998,0.0024486194839032915,-0.01309530652607771,-0.025436492460964133,0.023338592363006727,0.0026291613859543705,0.01331072904755115,0.05216955064285056,0.019607709218921965,0.043042721989975385,0.004554836312139265,0.03942084173497329,0.020536440534462796,-0.005051761314140868,0.04094546134572652
2020-05-15,0.02746615457507562,0.0011000812565229445,0.01072603540167738,-0.01702228418483409,0.00306253277582047,0.007714284464473975,-0.023584917252155835,0.004419634896881464,0.0014923601637990558,0.012003464487603255,0.022919295463962097,0.01721511920423624,-0.016471457907932363,0.018633070121400586,0.005817132793085822,-0.005561553543503739,-0.03076889906501601,0.01890778411265215,0.01547062437852098,-0.025926623587039566,0.011050256889115984,0.04184770113562952,-0.008156181086782177
2020-05-18,0.0420537413337978,0.05934059868620856,0.047842454455510275,0.03990852206612572,0.034066999583274526,0.06325537512956125,0.054457514708991406,0.05830606520645065,0.09475516893567071,0.0520666313895366,0.08254695945451229,0.028700647262925427,0.056360738218269146,0.052905323173312535,0.10764938336289975,0.07615855588519649,0.08730153416533404,-0.02415337427270614,0.07328645352577556,0.030686513041493058,0.05671888191422747,0.006808689296589954,0.053815236796668664
2020-05-19,-0.0065698399572367006,-0.02489615746123164,-0.012220294629640582,-0.01607830002861088,-0.0010874950690740182,0.030314694896315553,-0.0008331758448564264,-0.006652967514345298,-0.02993990338702901,-0.017814356250976826,-0.0043572914118755746,-0.0231993661518457,-0.024085428189597025,-0.01040294367558503,-0.021896607437630444,-0.03328356499832641,0.006386722307534676,0.016903184124845483,-0.011013194734448839,-0.029772886957586175,0.014915894603323432,-0.014870986544466502,-0.021533276761745546
2020-05-20,0.07290214583706733,0.00531878805508712,0.015972685226315564,0.028596605073035297,-0.001400444952878166,0.011768907164126263,0.04585273080679242,0.022812983947147147,0.015151547402264987,0.006012719360573682,-0.0021881241046325384,0.011176656160889031,0.030927981130113302,0.030170951418551084,0.03995176166545056,0.024306715099075227,0.06255676286727785,-0.024636517693744087,0.006681585842867488,0.02771674304727223,0.029714530379465254,0.001578781180928246,0.02432898841608422
2020-05-21,-0.0024947178476045773,0.0031749623474961464,-0.017764788645107,0.00151296790903932,-0.002336705855659593,0.006906681432805595,-0.021522602652452205,0.0,-0.009950194734700823,-0.010125985366145285,-0.024122935090822084,-0.009978460570430725,-0.002121321006453014,-0.01183736876184105,-0.0021525717519930154,-0.002624470655841926,-0.014504884015260289,-0.0340838684611674,-0.016715760041245975,-0.005671817129294321,-0.009375878095831292,0.011911961268730842,-0.004944219046806975
2020-05-22,0.0020593766974983385,0.012658006609912453,-0.005052268538076055,0.005098855787863066,0.007339084587008049,-0.003971290183515164,-0.00040742468333299087,-0.0036833041646560094,0.008375049996460104,0.0004988525089806295,-0.017977269488155256,0.0034113513432469933,-0.008806590738875575,-0.014457970856406321,0.002654901455746428,0.005934087418107747,0.0008654318092886637,-0.006773842320654699,-0.013000294754561437,0.0008607664149586913,0.011462904193482615,0.01280714368785496,-0.007850721477274503
2020-05-26,0.10013220788619526,0.04166688828827314,0.014721674904092819,0.04697033688955554,0.03146814928546271,0.056905020931405925,0.04482497367799487,0.03450410158660855,0.07392056594294094,0.02039898066120327,0.0594965766413158,0.02866644371833349,0.0685719248616592,0.011159750504517119,0.12082112138118561,0.05175618996616138,0.05103826518673937,-0.06090410744575636,0.05141852541542691,0.05774816441410224,0.03971688423355113,0.010098671695900396,0.048978483693568275
2020-05-27,0.0014681838595305141,-0.0025291126711879386,-0.011101836786640007,0.01767592391150341,0.03095876539736464,0.027777482446181168,0.006240152599681803,-0.018066264267763255,0.026552987585654275,0.013490598459616088,0.0032396517773312095,0.02328566800651144,0.04398471860279596,0.0006735496664942442,-0.00605465676796213,0.07079724798012932,0.06502019646659707,-0.00810686325347687,0.03830394483860888,0.041683525990663606,0.023499808693920654,-0.000462939068124113,0.0647377530380513
2020-05-28,0.011860371002114789,0.01419852379564901,0.02347330425823224,-0.010844468122194306,0.02842573650258684,-0.024357622921617694,0.04612397784443423,0.027257770530548564,-0.010480830198235647,0.019580391080686654,-0.021528266903980686,-0.01416738417682617,-0.02092617005784858,0.03577881560493035,-0.04323253339889943,-0.02431222905530861,-0.057186729019336746,-0.0001697554255504219,-0.012761085887617596,-0.007417476222053354,0.0028336666337887007,0.012266884326941119,-0.010223050736158146
2020-05-29,0.007770205036151223,0.021000343123000365,0.004030479793378339,-0.01354843980900955,0.012216029308276921,0.004446128869006749,0.01185606048254595,0.0045545609327246606,-0.0028415207062456593,0.0055341861660469505,-0.002200384960114765,-0.008265118695679585,-0.029638439617378998,0.011497705279732262,-0.009937905029860361,-0.02442842158917069,-0.009016567132418829,-0.004257660533142693,-0.006815637335417679,-0.0028514146855300737,-0.00945049866019887,0.006508578460920678,-0.018574036330691435
2020-06-01,0.011761615573829376,-0.002938227507168767,0.0039311986235845975,0.020782475692348257,-0.0012632977418047808,0.007490509406146595,-0.01794181179443821,0.002956649210027029,0.0002592066277458116,-0.016605650993933185,0.029768101587103413,-0.016292531098615726,0.0199707445590116,0.014233378071967673,0.02478043217169401,0.02014693990440941,0.03556674331818632,0.03454771207667329,0.004732880086092406,0.011931714941170846,0.01672083411114489,-0.01917988124641079,-0.009047355521238032
2020-06-02,0.015112524576742281,0.014734734208032618,0.011129483866581191,0.028294395047545162,0.011381632868277869,0.044609507419288486,0.044369893573336316,0.034787830845655954,0.051540969782712276,0.01478155078419463,0.04389745331987416,0.02221018883050596,0.014396787570198244,0.009806391126393699,0.04667891943788183,0.04500901078537667,0.00958466759218557,-0.03339402491870069,0.01813470566991704,0.002338675602989504,0.040146756585564436,0.02515182451517628,0.03027775691684531
2020-06-03,0.004453300282024175,0.016456704871725902,0.012882133889156933,0.036168457391284825,0.027368315868590454,0.032352166644306735,0.01749363956001493,0.03665709454179633,0.02536952396199621,0.041104713939431825,0.040000063153507126,0.02150391332513024,0.04797045270600031,0.032143961176007485,0.030852567639387374,0.025100133801382096,0.08975385409505598,-0.03778779647806263,0.02012479045092741,0.04481809135498338,0.038690531742685774,-0.00494052760980801,0.06998819056961869
2020-06-04,0.013047817225499303,0.0028571750912487204,-0.018071395877409246,-0.008434055766518567,0.019608159535221326,-0.005014117709803423,0.0585963973149739,0.007328703910620904,0.025942706637994695,0.005161557282139739,0.0059171998870120035,-0.0076748411371853065,0.024647541885677304,-0.0015498628017847071,0.048936193232711034,0.007526503136055629,0.010203955840544898,-0.0021422923298392016,0.012244838036189698,0.010793809044786773,-0.005014168235901839,-0.03197770085102358,0.019521721686307725
2020-06-05,0.05427036496746873,0.03323844702359291,0.01889588483101612,0.038571408083067915,-0.01949629513855422,0.030551276311292508,0.01591000658515873,0.02109876518087983,0.029501317550604256,0.034054306087453634,0.06470551363883814,0.015468466037435569,0.03172138673020597,0.04102340321763731,0.027023278369453063,0.06586293407667032,0.017315973631902626,-0.02039339766828796,0.018593252037174768,0.017766631893738616,0.025468018602336606,0.017612424528155923,0.028929063855222203
2020-06-08,0.028822403541559627,-0.03492657675219879,0.004022672909649971,0.010460615921220162,0.0020291593843528855,0.007946099898723302,-0.020881056527411124,0.01603128213203897,0.043893792302803325,0.0023958093341407416,0.035911856727161906,-0.01661109279961548,0.016909904013441723,-0.02191760926253805,0.020301751453089656,-0.01454978799075679,0.062411423429666435,0.014243936613523855,0.0004399974857287603,0.011396431129633289,-0.004826749885671999,-0.017580994159758112,-0.0005640320269286736
2020-06-09,-0.020060161704143376,-0.028571456601085954,0.005168797098444866,-0.01757487125705215,-0.02213824597700531,-0.03183764369128417,-0.013995110945579814,-0.019460036704850414,-0.03246226748587844,-0.014775510626557908,0.0017779115696523462,-0.007376095553669582,-0.034769439808470026,-0.010165080820289885,-0.005105208183336818,-0.05986966475445088,-0.015353865419340806,0.029348120130566313,-0.027258763728541413,-0.0355033800765262,-0.017460226525932376,0.011773804209203709,-0.048605384821241104
2020-06-10,-0.013411639282202348,-0.037254616418744835,-0.01199806045912144,-0.007841689174813204,0.005245573713466012,-0.032884405672167105,-0.015207909889402238,-0.040228965023650476,-0.018689225554334166,-0.003528903062419486,0.01774610514315067,-0.007802725998067306,-0.04019845698211988,-0.004061198917914344,-0.03197382317073627,-0.020397132812584373,-0.044745596166918755,0.02728697118291379,-0.0033899525452848467,-0.023458503722489477,-0.021360597582453122,-0.0013921469537615527,-0.01660617614218518
2020-06-11,-0.10727782975476974,-0.06415496827858913,-0.059630741436266566,-0.07780348391449521,-0.07772587276941789,-0.08873050455498355,-0.07000705672682639,-0.06892692866775574,-0.09912824357191707,-0.10344823104017409,-0.13600718782707633,-0.0544488062338222,-0.0775086569208463,-0.06678841782821843,-0.13143944605760016,-0.07673916350613019,-0.11213648748785177,-0.04580276682502071,-0.10068031599980842,-0.0682683208430458,-0.08694064816633607,-0.05962569352491309,-0.06013596742227256
2020-06-12,0.03757400449054904,0.06746449496679507,0.00840934994843523,0.013302363661034988,0.01742117220403272,0.04477602843749939,0.016236158738682116,0.020608238517327848,0.050178635073057754,0.007504488388183406,0.05852701674694716,0.004752595047982533,0.029481231666821595,0.014213098902362109,0.042409995141498236,0.04319989126178059,0.06155114152916297,-0.010528065247088492,0.03883004236477183,0.01623186801142973,0.020791464457919018,0.0023796940567963887,0.027500280416836276
2020-06-15,-0.011768986336193166,0.03975538250884125,0.008381601903371116,0.017797272951309395,-0.0019026751205114545,0.0010204863094038785,-0.027959158526766337,0.01921206398579578,0.018190664926278632,-0.01817342246389886,-0.001906721128387634,0.0038627261286972026,0.004008907567361053,0.006437914252194865,0.010058596539419318,0.010860124785611491,0.0067768957232601235,0.02524803786054486,0.017475678169209363,0.005560172954938825,0.015448266399328947,0.04088599894233602,0.010170365658684233
2020-06-16,0.03690579812900241,0.005882520464453478,0.004345726195651656,0.00718484496495142,0.029032253588148205,0.04689107826752603,0.03922291355732166,0.021927266445663784,0.006431602922861046,0.031716968137850854,0.029608382311110626,0.013428778019412668,0.018539776314202783,0.02479783594427798,0.0264567198205643,0.07500378666816832,0.02019440329479738,-0.015831135408097996,0.0636930643844138,0.014678064056738993,0.015116516600137908,0.01114012610060433,0.08760922851933661
2020-06-17,-0.0007572706666876261,0.0009743685353960085,-0.0024787927909138974,-0.0051567177035160006,-0.008263868742470204,-0.018824900471691164,-0.01689411986280709,-0.00677586867836788,-0.02556263700333483,-0.005673148871088163,-0.0074208530244419535,-0.003099697864139883,-0.014841695428344348,-0.0038407366956119127,-0.032291029634404,-0.01587815779476709,-0.024193458002983115,-0.006612995391009013,-0.013231931637726402,-0.01832993834915564,0.001049770153761953,0.009785708588866848,-0.033780093528143706
2020-06-18,-0.004547067360857526,0.0009739215699253734,0.002779868594827928,0.006220225007396607,0.012499271345842278,-0.007939229144221849,0.004753082899782379,-0.0036004615188316436,0.009959215730187099,0.0008779367145816952,-0.013084327455574862,-0.000932786777051775,-0.002842752661407655,0.0032774015155998537,0.0016458683538869145,0.006074145803926845,-0.016528943796296325,-0.0008998312407706432,-0.010909059931194176,-0.014735199043426572,-0.004291105580202514,-0.0005158002915053306,0.017144608451750365
2020-06-19,-0.005837097084943066,0.002918120282428882,-0.010919378664580703,-0.01674235667392865,0.0029800011304339513,-0.0033347481060582718,-0.012736677927796203,0.0003801976311923472,0.0016833821687214368,-0.02674925984853671,-0.005681760203771757,-0.018983789681676022,-0.0062712186546066695,-0.0005285464636614057,-0.005975180217017817,-0.004669401012745156,-0.01451484909548062,0.02503134205180868,-0.018841751640557902,0.02181914581440636,-0.006703608212833445,0.005105847281089204,-0.008097310219478349
2020-06-22,-0.0328013735888123,-0.0038797726088772855,0.00407621028772831,-0.0065491225456125735,0.005659477526144485,0.008698810873414287,0.016586959606615048,0.007224326835029604,0.0021607477180214385,0.009511992270920588,0.027619073682399797,-0.00808952007507091,-0.012621742520690926,0.00922870883788618,0.0025545987700428263,-0.0060657969491675345,0.01162782390759598,0.022839338651409635,-0.009367719577904499,-0.011829671996329338,-0.00048215006401564064,-0.003762697085380795,-0.0028318697235593104
2020-06-23,0.004486455741032458,-0.0029208620018330578,0.011079580928304855,0.015030417606399782,-0.007175002943659248,-0.011608804961545816,-0.005801289472278093,-0.0013214524236443426,-0.009343158414285235,-0.009124933915015676,0.02687657217989159,-0.014072209617161713,0.012492334540531447,0.01142978424104557,-0.010793003171876037,0.01058436922979955,-0.009961421621754063,0.01185159381040779,-0.0018914822478187654,0.013898858575193795,0.00019308656636507493,-0.010541283773382815,-0.0005850586235716104
2020-06-24,-0.03678357699424406,-0.02734385413123852,-0.024886188291374012,-0.0276240800440396,-0.0225308641615386,-0.06577165668756935,-0.049234215210359644,-0.025893044261696474,-0.07013290339134193,-0.01571475374742448,-0.04602883154638948,-0.0039979077543144115,-0.03644179893675581,-0.029664961285048808,-0.08107263071762127,-0.02580664359673812,-0.0735296561092671,-0.008487661640503186,-0.036712176247662986,-0.020011904366133537,-0.017456110902729804,-0.01679586248736542,-0.013206187494522181
2020-06-25,0.008592373827015498,0.005020240335693371,0.017843345973318936,-0.008192717949705663,0.003189382714532396,-0.010775737302565314,0.004986610412867298,0.030074000581904015,0.03979157384714349,-0.0032540566674271743,0.04824970928733863,0.0027032863974227883,0.00595585210088978,0.014898059577707956,0.05540908325730509,-0.0031964579823197115,0.028404566208060533,0.0030818360839051095,0.0184410418804295,-0.02052298021525445,0.008735591076318938,0.011576782902444682,-0.009740813962898831
2020-06-26,0.009330513247999939,-0.03396610274141765,-0.005393777077566053,-0.013827975746128818,-0.026878923808412725,-0.0032683028673098358,-0.010686955038841761,-0.03145607127386019,-0.004502007901382665,-0.021833669197402594,-0.026173128210371988,-0.027369134196927325,0.0005923657972866092,-0.011093358047633894,-0.009844052611627241,-0.014769583080091575,-0.018684242372251747,0.01280079479413554,-0.019797337312942864,-0.0026060300978257844,-0.006129769156612341,-0.027354390232455006,-0.03515529281197294
2020-06-29,0.022642126787570938,0.02895543034691439,0.010973493162706127,0.019211430787363648,0.015592751307339503,0.003642999213647302,0.008487532160480704,0.02042028654751693,0.029647917809569657,0.020182847211205335,0.02316963259877447,0.023771495201411863,0.0357985167387751,0.02156469468729494,0.024933099816808246,0.018295209564840764,0.04718527822765761,0.0033704933375677815,0.0174887583283736,0.024456551986453245,0.01762276796678952,0.015191536689374896,0.02854618425184796
2020-06-30,0.011528715459534267,0.026130844608504233,0.01765931891702932,0.019206815946014366,0.016084307541837095,0.02141567806217859,0.02486612796045895,0.012578562629579348,-0.00536830546633027,0.017022649968145842,0.048007231304991516,0.0047586082862292045,0.005712962388766174,0.003928629606788192,0.011855171672831677,0.0003387570102812987,-0.011067146045582454,0.03694981571181355,0.012469658720734023,0.018159516905179807,0.02039644708178412,0.0209364683735358,-0.001465532985287954
2020-07-01,-0.014894403307406545,0.011753212699503024,0.009483659775149755,-0.000613549266453739,0.01712458144846485,0.014214686618589933,0.009331748526696604,-0.015245785020476799,-0.0002454704049478229,0.006484333161914435,-0.006914333069277134,0.013963806946534651,-0.011360491392102268,0.012540644790820288,-0.0016737533203113886,0.011618284068814377,-0.011190825126728199,-0.006154719695264932,-0.024873217258523095,-0.004308457736854399,0.0027341355378243115,-0.0005018361861990339,0.0009496941406859083
2020-07-02,0.0328689641063189,0.026137254415101063,0.015056597874984812,0.02613587500614223,0.01598770090871593,0.029432391539844893,0.019600815656733772,0.026758650057551847,0.020613537982726804,0.0032957744395285538,0.0008701194444811211,0.02182498656565035,0.015512611244137275,0.03021851648894258,0.020575925526377548,0.021630079267207947,0.038803717478961275,-0.006518921621299856,0.025260158673762634,0.002817832415323185,0.025575907734379344,0.009366922385616538,0.04191099375117657
2020-07-06,0.03385927351513063,0.014151005737017552,0.006022189447495885,0.010085476529541726,0.008773292975383429,0.012934009340829888,-0.0014508112048681188,0.01656730478715196,0.020678025479602624,0.0041314821761169185,0.10869580737157714,0.010403361903462693,0.016690262398621813,0.015321093619958814,0.019265529701042672,0.013349229170945831,0.022567872110103915,0.0036087767334254117,0.00603830890272139,0.003512187653804899,0.007426258884679626,0.015764084795794497,0.024085416525312153
2020-07-07,-0.039645561282866004,-0.012093063010930494,0.06516417338752589,-0.019715865873752292,0.00331293413245759,-0.01814529148035071,-0.01416653755464714,-0.01831162924157015,-0.017903507835245747,0.005998176898898144,-0.0015687453763665316,-0.008970217772436562,-0.01947677449264562,-0.0005341039793005375,-0.011135473596704082,-0.017426043889707366,-0.02054796442044937,0.021085420623085493,-0.011284326615375373,-0.013300130341495797,-0.013286899148300724,-0.005775509665439604,-0.00856706506916316
2020-07-08,-0.0006408003000411,-0.016007616069402042,0.017576108218530173,-0.02503229140896379,-0.007429771465768842,-0.050650102455277124,-0.047162884700949426,-0.02536833630133073,-0.03214204106263918,-0.030403150824602765,0.007069962225656035,-0.028965105930736534,-0.03121455107040072,-0.013405965246685914,-0.024300062501767195,-0.017312138235812013,-0.0590519500672001,0.015367431512161911,-0.03691118462218135,-0.023918034216065198,-0.017985674077605984,-0.004449996346735818,-0.028939394593918144
2020-07-09,-0.02822316839016903,-0.007655687747695983,0.006709068826297848,-0.020717136459738827,-0.005405991822509115,-0.030281276015837855,-0.004253533821304223,-0.025646106207032893,-0.022552585307546447,0.00370998891271479,0.00546038912437008,-0.008672796301639751,-0.0301700430926114,0.0019412468510402459,-0.041609752308134906,-0.010436081142122355,-0.035508007180601986,-0.011035923497825118,-0.021684347953779493,-0.009759950066075107,-0.013055309079673227,-0.010970641019851568,-0.016957724150435505
2020-07-10,0.04145222248734748,0.013500935723169016,0.005854308667038177,0.0038874906324948277,0.009059111958594324,0.045353304428832786,0.033786304175536186,0.026124571124888973,0.03346873375868076,0.0159998338604308,0.006206110938522302,0.02412081466363558,0.043189302910130456,0.018022342056053686,0.030581742535067402,0.01664172571408362,0.053082221186085965,-0.01354986463896346,0.04252581311432402,0.03690862315381005,0.018652520704464992,0.007090050232179568,0.014432197155577642
2020-07-13,0.033844394455014415,-0.009514755226284088,0.004246276405366123,0.009996484134320749,-0.010635163558094463,0.0579656464020426,0.008264652166030562,0.005359702323899818,0.01177631044072025,-0.0017938075961080324,0.003855182254150602,-0.005828167831476994,0.0031847087204039948,-0.0005756454348055939,0.00461245054225623,0.0012374453316112977,0.05284544962529014,-0.0378152408094411,-0.012608171467962559,-0.0011124085887331825,0.02186104616224105,-0.013292295991689795,0.003114627006501447
2020-07-14,0.03175600147649549,0.019212310887998685,0.02420259390870161,0.032724006107849535,0.027641978831908443,-0.0036972692903962656,0.00894162345621674,0.021515711707716267,0.02909804320969611,0.019170905176319142,0.03686621524523148,0.019996522343940226,0.023376944886426054,0.032371100378300266,0.024793121119195627,0.02072137532799756,0.011583265658096309,0.0374536685107949,0.028042246141870786,0.03381258415133659,0.021393285739446544,0.01850574426849949,0.014014853739723332
2020-07-15,0.029114357080535003,0.008482463329875012,0.0034874935814737107,0.027370002523109394,-0.05556343736992908,0.0337379975165113,0.03175772867686932,0.02255363395279586,0.020970759434367547,0.0184188206118574,0.002222313612890936,0.021336901226201466,0.023970499276675605,0.01930238802440787,0.028674084855649484,0.0338497911495339,0.02366408903209516,0.005989916481125901,0.015099579267989549,0.007050578438375865,0.034908742613635635,0.018305833497318957,0.022345379031460055
2020-07-16,-0.0017318708688027762,0.004672853109966235,0.018512656969584596,0.003613853117930388,-0.0007191352478548296,-0.02219306787134323,-0.0007158360785193274,-0.0014581474087808077,0.01153934445977356,0.0018760937323485383,-0.004434620072993112,-0.0008479321488884528,0.029743764639498238,0.005302427590040182,-0.00029061319383905104,0.004729161365771839,-0.01566016597379538,-0.00949464612389872,0.0019196875886273723,0.04093743604922473,-0.0031135700778844866,0.002226046632700429,0.005666741521255458
2020-07-17,0.023250343578852917,0.0018606776189651342,0.023712123890132997,0.015407848522573264,0.011803608593708548,0.01335110260957073,0.015401280719175459,-0.004746195963875377,-0.0036507285850055915,0.009938023708570665,0.008166376862430047,0.010647185933845504,-0.012570167711687175,0.015529944813351237,-0.0052277600561210225,0.0020619979559486357,0.015909308383611043,0.022258250386457235,-0.011973317046293674,-0.021858883478102054,-0.02932527153300224,0.018905350896998963,0.005795611200983375
2020-07-20,-0.016052528106297537,-0.0037141569223408943,-0.010646223061427817,-0.011298169895758492,0.03514044610999001,-0.03952552509707452,-0.022222153236477804,-0.025128400018173402,-0.03137156974691002,-0.002424621221118639,-0.011045730222407069,-0.017329485021044255,-0.015438677761948516,-0.009398018708955291,-0.024817201146348333,-0.00943863744987361,-0.041759768846526324,0.020184753116622156,-0.013572554924534352,-0.00945485803195234,-0.022255892310562686,-0.0032944625143653816,0.0012805352030551553
2020-07-21,0.0016086994158737156,0.011183433929486286,-0.0016499489603567508,0.0050044541090408234,-0.0010997184367914636,0.021947561323846676,0.022727200570184625,0.014675254970638374,0.017494179000050902,-0.010483468903967341,-0.0037231355857731963,-0.006059629964690005,0.007152790094026917,0.015313080035010973,0.019011660728569524,0.019192678477991,0.03268475464623477,0.0015575602968920244,0.0292383263615148,0.0038564470031223763,0.007039186126032604,0.008748702543158737,0.014787092247928735
2020-07-22,0.005849823254003184,0.004608252055124273,0.017631865525135515,0.01419206837587983,0.006879250276647708,0.014429872184718473,0.010934777933324646,0.009271260595683284,0.03020461226859772,0.012858058921659365,0.01793742162708556,0.004767919578984259,0.0010925693380852142,0.005491512153831035,0.004407388069824991,-0.0060261709443441,0.010550063842727608,0.01835438887299623,0.008832723793477548,0.001440852401321635,0.013797704034155922,0.02037850769703109,0.0014965926509427074
2020-07-23,0.002737314900392418,-0.01467887654040978,-0.007648203890922911,-0.010556421470602206,-0.002596041152509554,0.004961681816370023,0.00034878349971245726,0.016902458079355753,-0.03428102614785988,-0.0037085492887575233,-0.02202650573868048,-0.00046676850917604096,-0.0005458334807644238,0.0026087827346261694,0.007605805861234716,-0.004012105581338132,0.009694161309880434,0.004582090119828797,0.007808769520302183,-0.007768325885395777,-0.007610793838709329,-0.011823036587610636,-0.0001573604762894476
2020-07-24,-0.010122183944756058,-0.006517572816520989,-0.005899362241035155,-0.004135126867176764,0.002329044870616137,0.00658329943735092,-0.005231713097808122,-0.01445337724825313,-0.004904090085972923,0.0024814915389892445,-0.015014989564588022,-0.012997141099284182,-0.008462935599421462,-0.007764799588723115,-0.005661502403825236,0.0009848456082073298,0.00960116689922752,0.01490094302639533,0.006104663712758862,-0.006475970502550443,-0.0024363173160079077,0.0024575508608117858,0.0011798209130251536
2020-07-27,-0.014475942430446809,0.014058071193012056,0.010942526585933532,-0.03778753750796693,0.019273094428567505,0.025506876027305614,0.010168103681818419,0.014665340953528672,0.03262161949774911,0.009425805352354377,0.03353676231442537,0.015533900236419873,0.014592207290118564,0.01143106553588269,0.01854017716141576,0.019450140115399916,0.024140361819506406,0.03430702815652764,0.022870800927799584,0.007198913875425594,-0.0029848022955780706,0.008870461666233842,0.0066782148363280225
2020-07-28,-0.02424834771689721,-0.010166568005256726,-0.018458964396238065,0.015017825799923168,-0.00657113580343649,-0.03635208539775292,-0.02152030197262156,-0.024029065736330346,-0.0313637938390694,-0.08639853714878032,-0.024336369583571882,-0.0034941012313413067,-0.018452789639063494,-0.01280079309876847,-0.03138861802637205,-0.06842115128759318,-0.03571413912613708,-0.006518486131855794,-0.02646595341839786,-0.014971577478309128,-0.014968454627541372,0.012837624273688952,-0.059548927060303236
2020-07-29,0.0015535202247747293,-0.008403168984112863,-0.0014517364318034076,0.003061476427652421,-0.004185074194445693,0.03772341002030566,0.021993611125511014,0.027767700571174947,0.02111695601074448,0.005729728803254952,0.005291092710593137,-0.0007790347158042055,0.01603548685619205,0.004144489842835997,0.005918506446598304,0.008144966018446942,0.03555546203781712,-0.010205433438974953,0.013826953897437155,-9.773931202772257e-05,0.01685391512860135,0.02222401279435915,0.004813231018164554
2020-07-30,-0.009901042332216892,-0.024482190696600736,-0.013986760303747348,-0.023991249057194075,-0.00433764584180929,-0.017538180413606774,-0.011454263754895444,-0.026439645745117035,-0.04113054001616234,-0.019401553674794236,-0.027067849486534512,-0.02924208528046346,-0.02693908658989541,-0.010992693720811797,-0.039570191257013776,-0.023023262025737234,-0.0343346767423246,-0.032847267064256,-0.012944871821992443,-0.03618716577921999,-0.020016439181726464,0.0,-0.011562479464024555
2020-07-31,-0.006506063517793481,-0.005791472008498388,0.006390589576646288,-0.015547700253261021,0.0024507024831723623,0.016877617557946145,0.0028087654985515798,-0.005208441135709285,-0.01605580499048309,-0.020779961845571626,-0.0015456320726308093,0.011727710868463914,-0.02712539962966032,0.01276769770693087,-0.042426262897351186,-0.009655925995738834,-0.002222366960554223,0.05391406647110508,-0.01756440581714036,-0.021978084063974168,-0.00508309487796188,0.0004474660711411005,-0.018884026824853906
2020-08-03,0.01055061224935705,0.013592286606620707,-0.028678033500290412,-0.004676206242594461,0.0074699323320295274,0.003830206529092939,-0.0014002342251672184,-0.01907255645874384,-0.02362363673137058,-0.014271843899994474,0.013931984451918789,-0.011194928198692833,0.018683662735150763,-0.0032639697348144647,-0.006237975726171574,0.0043439904897994985,0.015590413232799305,-0.015173305518539126,0.021692288421725214,-0.0017685483073642816,-0.002508286490128242,-0.01046433507858413,0.000937064405057475
2020-08-04,0.024000868809730624,0.02490429734945243,0.004202174948802151,0.00913059102365743,0.01280666099912553,0.029570768269621794,0.006661856083671092,0.013343647790436064,0.03068098781163231,0.026571105513645277,-0.011450459420649817,0.010839660398605844,-0.0045147065384513185,-0.001882788837047622,0.043135468992911985,0.020184606184594944,0.13523376176361745,0.030814430422700045,0.003499787665051546,-0.006044588696168529,0.003818212606675253,0.015238876255044831,0.05785758109710826
2020-08-05,0.03832184235695313,-0.0009345898760080296,0.018027279061916035,0.01976435122689102,-0.0011976768093118206,0.016676672520787417,-0.005572884753644369,0.029533623235866946,0.016214988462589286,0.013892656300336093,0.0787645442424314,0.0042102901080907085,0.008503559563896479,0.01812584043519272,0.015738144335877502,0.02152819055724886,0.050225433815756615,0.0017082801530299285,0.010927900331383578,0.005137672401895221,0.0359033569508338,-0.0002766122999476872,0.01777536799426338
2020-08-06,-0.059368079448920086,0.010289527503879459,-0.005727068402001323,-0.014126917673000894,-0.007995914198609455,0.014277283290651255,-0.10963228603880992,-0.00036589966801059415,0.001428601674259955,0.011774503511431389,0.042233522256832856,-0.0082266640879598,-0.008712684198340481,-0.006484919710709303,-0.005924410633029509,-0.017385423346813922,-0.010423067606420977,-0.003694875551279231,-0.005059936715146818,-0.008867009668457104,-0.0019702648972812487,0.0059010344786560864,-0.0011063892535891906
2020-08-07,0.013199215924357466,0.0009263182151053595,-0.004593732985004317,0.011970360750536813,0.014642202634084223,-0.007786589049913695,-0.003933839229985914,0.02120295496405933,0.01379285854763701,0.0036045389633916347,-0.041208853753492036,0.01132575141257286,0.006237509366209482,-0.0054731611032483585,0.019101409487690013,0.032476194239792644,0.06505583624860156,-0.017115812311424894,0.024965395432791748,0.004841357680256619,0.025338294801535488,0.003284377164774588,0.0291138085068392
2020-08-10,0.03292285683110463,0.026827123095262806,-0.0015974164549814596,0.0031083796050421775,-0.002647761050597053,0.05282217066158368,0.003949375438017988,0.03221792528072487,0.05090333394022628,0.0020522553054036496,0.03008594134910547,0.02957389271249511,0.023105027303157222,-0.008030602899414818,0.05248195473154005,0.015500211955748577,0.07038980199588463,-0.014802144362674796,0.03969332712581686,0.02189176304573759,0.01785190693817973,-0.008329213978461314,0.01522142872000698
2020-08-11,0.05996297402904949,-0.001802007468614697,0.0012801787127474373,0.018677793946225485,-0.018319374954799406,0.01748845784854014,0.05350119582013679,-0.006416118359912293,-0.00669616651670768,0.004710811698707351,-0.029207214797730252,-0.040290854797342956,0.01955355773885814,0.0062056633351590396,0.012252506605856528,0.009578601415957344,-0.04130455995195581,-0.07394307405255762,-0.014967695121866464,0.02501039635078528,0.04449648973227438,0.00176609606730449,0.008935127893871186
2020-08-12,-0.015467802084207172,0.009927724499648738,0.013493972005749644,0.017828473829256675,0.005814853471857617,-0.017187868534173867,-0.015683474889847893,0.018324839900392575,-0.0049439045822528005,0.012587954012249103,0.0007162391702182358,0.013648111070289959,-0.008103377644402832,0.015437804971754288,-0.016326731215022816,-0.019640817161455604,-0.013038293495161724,0.001908734550834179,0.010570348398943219,-0.006000223744253574,0.0008272482484619204,0.02987420893856596,-0.010131824293009406
2020-08-13,0.006372342158089905,0.0008940334680767048,0.010196392260909848,-0.016852168627007447,0.011427932869413793,0.0022932695856625607,0.026305671159699395,-0.005655647465496627,0.00338767120191541,-0.010770683471432951,-0.012884840753232596,-0.025117884053392547,0.00781605681768105,0.002453362921683633,-0.012877602825207224,-0.006738528980955616,0.0028716634885919134,0.01778060420601668,-0.008498781943261147,-0.0018106492402819585,-0.018018066734212912,-0.003959058948957539,-0.01705964092643364
2020-08-14,0.008624602814344184,0.0,0.005237099083496899,-0.01553650716823729,0.003588801085336879,0.012694848902083722,0.03528999403540456,0.002412835015455972,0.009903087471212046,-0.009361456097322196,-0.0007252177755676659,-0.005169284462925305,0.021375624582797625,-0.002969280306094335,0.00029031504549470455,-0.0013658189079366334,0.021191435472796893,-0.004055589957659644,0.016263955164036226,0.004535201064800765,0.001430877211490822,-0.00398961755156968,0.0007713806208131668
2020-08-17,-0.006711051250880451,0.009821261050470653,-0.0008968637730210061,-0.006261148736607325,0.00940398722518343,-0.020512432273039227,-0.003588304075447968,-0.012035487328236005,-0.009137554431023154,0.0007189693986193735,0.023222247195663792,0.0009742408625634802,-0.017171882991681153,-0.00028141855031560414,-0.006955633403516459,-0.013267816293445978,0.0011217780425203383,0.07047769599761367,0.0028113930641420204,-0.004414629998697683,-0.0005042300626174612,0.006660970551277012,0.0022352486061953947
2020-08-18,0.00468587159781908,-0.020336122590707828,-0.011085984811091687,-0.01311945950025728,0.0019682363136197534,0.0031993521403854697,0.02268653804759757,-0.008005961891555113,0.005623180288103047,-0.002463254991539099,0.021985794593758934,-0.005434283713028454,-0.010646999047034922,-0.006239219937809404,-0.0013133577712085565,-0.007069279704581488,0.024089562967021694,-0.009509818310602935,0.0,-0.012092928791824442,-0.0019338932104386863,-0.0015199144342330495,-0.00809641377051662
2020-08-19,0.0005422861986696947,0.01895328356052639,0.0020953921350284066,-0.0007870604843582818,-0.006285940792787659,-0.026384522192704485,0.005633540614085941,-0.01280684636512519,-0.0015659506696963366,-0.0015949497528443546,0.03677993124518353,-0.005219378518420026,-0.0011039221048038117,0.0014584380529363283,-0.011835015435185281,-0.012564766073224098,-0.019146668988481497,-0.025406096703531778,-0.012508029423317524,0.0008161133781958707,-0.00042147214541288225,-0.007298707055845344,-0.012515448529170525
2020-08-20,-0.013008258701750486,-0.0008858406910086103,-0.003066434135256646,-0.007089720147999579,-0.0015813717209393063,-0.014294491041023205,0.008403614225858558,-0.0028437602729138867,-0.021281414046494085,0.0018036534697327689,-0.016064229993074552,-0.010575609318514423,-0.014364458607043273,-0.0078065029857971036,-0.024841222070776547,-0.014138281809337072,-0.006692767261712307,0.018944752659856956,-0.003057663199319549,-0.01416767627322224,-0.003371602538664531,0.005724879833470808,-0.007242361853195822
2020-08-21,-0.014387622079226059,-0.015070999947856212,0.0012934351055333693,0.010049502546358946,0.011351747983221694,-0.0220542119999112,-0.012500090162729904,-0.01728727670431618,-0.0022889263387425585,0.0022630448237925815,-0.023129247046510204,-0.0011598096691446402,-0.014013252730949555,-0.004117018170268105,-0.004245714531021516,0.0022467825963854438,-0.017967267292275713,-0.024691071859142766,-0.021029278695657627,-0.007857850391866705,-8.460069962301642e-05,0.012388578783185222,-0.0022203599629843085
2020-08-24,0.024961124867773465,-0.021602311851893985,0.004224291751717901,0.006981908405637283,0.008222097487132096,0.03707135475820178,0.0035163870698300403,0.031737534008313695,0.05804139118593965,0.013702894811185029,0.013927767109964684,0.019410770604278094,0.05940839774681472,0.01887019210309049,0.059692577319534035,0.011351647050095615,0.05774732350400691,-0.005642711076106144,0.029760421880343335,0.039183045384849846,0.024105666913427415,-0.006525455665072122,-0.009218712918678262
2020-08-25,-0.009676226519185982,0.0,0.0061530506753557646,0.004593601060441044,0.002847783662188963,-0.004170590705542598,0.003853943896847012,-0.012128609158589043,-0.011491874047739992,-0.007745803813786645,-0.006868365490984907,-8.132929606363692e-05,-0.02844111355810952,0.004700447863783541,-0.0120709906499612,-0.003489904101628194,-0.008648859627891192,-0.005214827595097393,-0.009778508193766355,-0.005314834864856621,-0.010406458862646129,-0.0016681154402341525,-0.0012833954197813968
2020-08-26,0.008892629502901261,0.00735997953086831,0.015686851537307644,-0.001380535355052781,0.018717332784061735,0.0017950494117868754,0.020244331521774628,0.012633363030447375,0.01645088258005356,0.005714438517861797,0.038036057520509425,0.016438947941088466,-0.0011044026677309304,0.011196527988093896,0.008145597965009133,-0.013393149511246039,0.007087966501203136,0.01248832566438729,-0.001536120202169311,0.006754568531435856,0.0010849473310914348,0.009577954602712602,-0.013010851873971996
2020-08-27,-0.008378913462868343,0.010958932717825665,-0.004116527185758612,0.004665205536366512,0.005321443021184757,-0.007464929302073653,0.0020526426903693107,-0.00579827582433734,-0.0038844677007555672,0.0028917260797194366,-0.0073283151507113065,-0.010568498121201197,0.011888171615519694,-0.00771133211984576,-0.005626786468951872,0.0029261111772873605,-0.002706683235880636,-0.013857164284346468,0.0010991551177677028,0.02243140982588021,0.007003283897248247,-0.007255805629270307,0.009520582955445
2020-08-28,0.013058312203509281,0.016260158062485708,0.013697841973066227,0.016252654867548122,0.011721920083909154,-0.0009027859070699362,0.007852554185217464,0.01060400028627595,0.0129786136978296,0.014265525628808229,0.05033535459840088,0.007201725723156471,0.009016273320944679,0.01052093494024331,0.004125651227206539,-0.008417993259222323,0.026601724594602638,0.030111138931838033,0.009659797121670088,0.0016649642574300128,0.01101071594704739,0.006118120394149162,-0.009430796277152487
2020-08-31,-0.014189874602407837,-0.016888985986933114,-0.015163859520696543,-0.023608028311823404,0.0031200782618518996,-0.017464337239422756,-0.03285901261453994,-0.024833628170491284,-0.020195704519191948,-0.01705732628334411,-0.0025559062273500244,-0.00546306288189069,-0.017871696905147783,-0.015104381958056412,-0.03917830606313755,-0.01876654421146673,-0.035960083593967296,0.008544616133143945,-0.011524208531358493,-0.010071443753397857,-0.014084481227952472,-0.007190447772625119,-0.02351724288932666
2020-09-01,0.07010220570561909,0.01627476837646369,0.03582447385792498,0.02482348240247667,0.01990821060764869,0.02390422250632951,0.031173510936812532,0.026900652745266873,0.047651023243783674,0.02323924103017605,0.036515041943882,0.00767422524931094,0.03446376364105164,0.028830194118502295,0.045509806728532665,0.024596932312806796,0.025782053726558507,-0.0038645719055907524,0.025956901457969916,0.02943505193051088,0.029899987315910925,0.022338170294609494,0.018500207508712174
2020-09-02,0.02320578061533496,0.02741569849815817,0.025038565418906478,0.029746834121450405,0.03196296195345005,0.016761538209584037,0.023437489731306993,0.05064665200859508,0.041252257702807826,0.037290662241580286,0.005562778098470389,0.009780393890348016,0.03518133189842865,0.016614807437611123,0.044259406586550476,0.022659564802201215,0.01286833768558937,0.007609652157012592,0.017581318832647685,0.028017737943992316,0.015967903268267136,0.019124248346340744,0.026018571318026984
2020-09-03,-0.064927150554425,-0.03062122401583689,-0.042312636688810024,-0.017167465102463475,-0.015959632192596218,-0.02237289558243727,-0.023896688297300406,-0.03407575789456774,-0.01686290382710398,-0.020747751613659937,-0.04363884102657978,-0.016513202023648144,-0.012873345817125625,-0.03758247114668112,-0.014687062662012473,-0.007197577244487552,-0.021704653368601945,-0.02073151614845614,-0.017909689421434116,-0.011107005618200438,-0.02532141632761531,-0.029063358522176008,-0.011722410978415532
2020-09-04,0.016527100945677775,-0.005415121927429656,0.004206432570651897,0.0,-0.0092502747994746,-0.0009033391055052187,-0.0030601198245697736,0.011873794206852306,0.004339551544281894,-0.0003907719653295505,0.029562698521574893,-0.006135093287825799,0.0179969672225484,-0.010980071424459448,0.022997996389694686,0.019285365130185417,0.002705708001200291,-0.011794988342554102,0.006221720531695896,0.005663088706917119,-0.001465823554048673,0.001148988822967878,0.008633938480991254
2020-09-08,-0.016680770281298996,-0.02268574676225521,-0.01310215290603678,-0.04215668160405761,-0.023281145153895677,-0.034960518242536986,-0.034788299119621446,-0.03367343950723223,-0.013786024655772833,-0.03360013137868845,-0.01872633935823964,-0.01210196225586524,-0.04406857764637906,-0.018772847270143056,-0.027476847157570927,-0.03802737499016706,-0.05612513624206372,0.006426873191283988,-0.027931853237796678,-0.028812532554633452,-0.013212761078516766,-0.015185100183107147,-0.021040165316957404
2020-09-09,0.0244789482153267,0.022283853859495828,0.029709347317794732,0.02007727118164926,0.013283746011480302,0.009681388392532186,0.015547374225240107,0.01953528705966967,0.027123103159695017,0.025874006176979103,0.026717542800007488,0.003042047268632775,0.026266299900470802,0.033326526180208704,0.037243315233635554,-0.016816989080725375,0.027443939013441332,0.04044579178399954,0.010309569208343916,0.009953146811378488,0.0359534556755956,0.03754691822572531,-0.005802027188773207
2020-09-10,-0.020121171797143678,0.009082707056560446,-0.02651086630499988,-0.002664207674365704,-0.007596109468351875,-0.002474562241848166,0.01391801969920703,-0.0034527660662292403,-0.010765894561026279,-0.0055663385687250155,-0.022924291835691224,-0.013442632825063972,-0.008357187010433309,-0.015369479191617685,-0.02407499471751884,0.019071174833120486,-0.013911889002862332,-0.024644316348232387,-0.014546523614604734,-0.009568067340631536,0.0031913059663306598,0.01185139237936017,0.013726907073271732
2020-09-11,0.015614943396596637,-0.0045005228983213685,0.01724072456386261,0.03231639160543032,0.008395146361114492,0.03472873096400031,-0.004118034335939824,0.014550682772056733,0.023613874949335756,0.008569954027564775,0.031705938896098296,0.0055666484471399436,0.025019448376214948,0.011646524981252293,0.047504721664556326,0.012491923457108145,0.0332958071731817,-0.00406062877563329,0.011897114533953701,0.010626787055688425,0.010815923364759117,0.008652691581961358,0.021486878429541223
2020-09-14,0.03380340215153255,0.008137509202229998,0.012153781086846616,0.016862728512701874,0.01958860963169151,0.009589371302176186,-0.0017229837156950145,0.01468361690502995,0.00481465624269406,0.008664291500331878,0.005531437100725789,0.016111726802714887,0.04804752178647398,0.004317026106388733,0.029336724968703543,0.03125018633199095,-0.009830677032029111,0.01751734288369522,0.017417789319855936,0.020323699580907073,0.024468929004228812,0.012501131040437263,0.03460874000471148
2020-09-15,0.0022412069230894893,0.005381307876080044,0.00023036150725430637,0.05098108793576417,0.013808774482853892,-0.021371376008878507,0.016569079637427375,0.002018912965956021,0.019564807148067187,0.008492303810044843,0.003056088019148806,0.010245442695981266,0.021328752748976942,-0.0020696872086430895,0.0007842865757039519,0.007483363573840274,-0.005515763422285436,0.0025229015160919133,0.0012835641697253042,0.01510434758062229,-0.0022269554833026506,-0.0018811959008973034,0.008286068266290858
2020-09-16,-0.0059966488287132025,-0.0017841681339949567,-0.005196864367252196,0.002421609387847523,0.0028423054127457714,0.011525873196154501,-0.0074705454730538134,0.010411595268233764,-0.02682602733510353,0.005759274054055741,0.022547299022578793,0.0,0.006241075406201668,-0.0075379888662889805,0.005094673786107284,0.03140745900181674,0.003882365104964647,-0.003848900181664283,0.01645674342166048,0.03236294296343423,-0.006773700248060233,-0.0015777082851697877,0.014228766350333766
2020-09-17,0.031155530366444584,0.011617593235358603,-0.0015864906509246435,0.002805193529438199,-0.006731670243716348,0.03868044176226171,0.01197395805390511,0.009971662070358711,0.02555312806933685,-0.001539930640611309,0.01489889229203567,-0.00048274536114012445,0.023139173009119496,0.006228970647449428,0.03847169538664841,0.009024409157823987,0.06408836121972561,-0.0144154243069321,0.029646976912619305,0.017566121979136762,0.0016274539981564473,-0.0035938591406556863,0.003451472944076217
2020-09-18,-0.024788534607381396,-0.006183862621500613,-0.02043228739676073,-0.024943664002433197,-0.014387621412373375,-0.01818712492720531,-0.019945975246767778,-0.024354163785239913,-0.01177153447450685,-0.01677097003186112,-0.0017616088231696692,-0.013206500060075399,-0.019585119094783998,-0.017133267305815214,-0.011263902952131977,-0.0077541083825900525,0.0,-0.0242761560415532,0.004288054839702848,0.0015934978569553948,-0.026924618554360902,-0.023942149350103192,-0.017644960440514224
2020-09-21,-0.028889256407015118,-0.021333441843739198,-0.017003868750643858,-0.034109090187279034,-0.022439570050857505,-0.07056741311680137,-0.02656082250404057,-0.05245413459301229,-0.04883856650526408,-0.027203271068763524,-0.07941198859758103,-0.017219046857556264,-0.024018975549631616,-0.03112554703747905,-0.06962035293639801,-0.030681183203306372,-0.07528549749633529,-0.016071844608993024,-0.06872684859256073,-0.045165453728976956,-0.04524115221695435,-0.018202908146569552,-0.03592349007580864
2020-09-22,0.0011561058458549045,0.0027247287749379012,0.0091822031446398,0.006683202367451457,0.006787733967945853,-0.01138875833887043,-0.004606421522499238,-0.0074757023923980315,-0.0022959088482276124,0.0034766284852807416,0.0019171427883830638,0.0014946470331831385,-0.006335233894988912,-0.0008807477793298935,0.00013615912361153448,0.014474763294757054,0.013475391437013817,-0.003454838547556016,-0.002620268356288702,-0.008145695286705723,0.006162442173560878,0.019756009177802625,0.013894387256504048
2020-09-23,-0.15560686537883717,-0.04166647811747315,-0.0273303272616654,-0.027047015385623818,-0.02120621265417233,-0.010560029733239995,-0.022428162126886364,-0.024928277110965236,-0.02217572285578162,-0.019883685490968417,-0.058035751393103685,-0.031041223379712712,-0.03702772740833149,-0.021324092169919928,-0.04788493312131825,-0.00663734287658535,0.01163437193076211,-0.0509062897587802,-0.022110287216043134,-0.027998003509035252,-0.020691905242478437,-0.02728655066958363,-0.015650591219823706
2020-09-24,0.035936422072426755,0.0,0.0159759124175185,-0.01137230987064397,0.0031308339879263514,-0.0074384056274890975,0.006190916493419518,-0.0012875325888692668,-0.00706014024041024,-0.003022258647939813,0.04129976868160745,0.003702970201600264,-0.0015281180527577654,0.005790497766438918,0.003286228665281943,0.004181944697908113,0.030668305158335185,0.020258747195189164,0.0020148436825133675,0.0011517312703366311,0.005324493857682411,0.012667742660859682,0.016769721321370668
2020-09-25,0.014524019348647776,0.02268423223399174,0.0024824942570935704,0.016530574604113113,0.017103545336213832,-0.008797548559759005,0.027144282280014753,0.013627889872933174,-0.007972939068282558,0.007296519557250747,-0.005201618343539938,0.020763641498992902,0.04973242734640637,-0.00746288170413778,-0.008544440541499387,0.02331155062217638,-0.012221104151031725,-0.0003254556803102826,0.010947049985363222,0.04958304919013656,0.010929042820573498,0.01683918298632814,0.015092318749134082
2020-09-28,0.003785761275437949,0.008318102105278058,0.006742387544681705,0.031097841610441934,0.009451444767798245,0.017422487180685176,0.02078942968251596,0.027434382252821354,0.031277514478907475,0.011426842742409127,0.03921568890489446,0.020425203082069077,0.00024260960593980307,0.018475082292410683,0.022837872322150288,0.025699936041009952,-0.006455228182253525,0.011559796159212654,0.022541555777323863,0.01562500902858832,0.012390933951863525,0.013778826593473958,0.02483159641370758
2020-09-29,0.023810036622541775,-0.005499685864402748,0.004066081899568141,0.012844514758299175,0.0014589472208088594,-0.035218078793620156,-0.01311702401085224,-0.024049425928381885,-0.01916631212960629,-0.004135916271016837,-0.036477895111739045,0.0008237991092081565,-0.02161737633395755,-0.002615789733458773,-0.013059620658117277,-0.0035362643726932763,-0.02652938426298812,0.010301031538253902,-0.02457120696404458,-0.021592490577744705,-0.011582142551056829,-0.0019661296804172057,-0.0076278318035868375
2020-09-30,0.02786073716774773,0.018433383681286664,0.018255385293299398,0.026085397281506273,0.009227934316057285,0.028466189788177276,0.007695122034616864,0.005254944888404056,0.010307184656066282,0.012104655742472215,0.020887826054511338,0.007819028300478426,0.006454504951335593,0.007190348064688212,0.002987952884307532,0.018609913255177135,0.0161288130415147,0.01083341006503069,0.0026823469391092924,0.0027584504230715456,0.014543322087241517,-0.012654401753595557,0.021401534661438903
2020-10-01,-0.0285616388602975,-0.0036201887248042963,-0.010709927753952742,-0.024952790879916975,-0.006256061529302914,-0.02702709033675632,-0.004512156362416864,-0.01712341622154201,-0.019978739502071963,-0.01381117511674268,-0.0057544487266597555,-0.01927339243073345,-0.014553436487852234,-0.02280259393320383,-0.03333801802742442,-0.0020820120767202077,-0.026272108213846734,-0.009771725574217016,0.004235431466991235,-0.012837744024500108,-0.002457271180151599,-0.008525355283781733,-0.008558348362957546
2020-10-02,0.029516798779214648,0.0,0.004649372914396821,-0.0025672110492568345,0.0008473682954381889,0.023092502423761152,0.024058208605358677,0.004401097369482132,0.026024852721852954,0.00497223766679733,0.02508009160567104,-0.007661050141175574,0.01326658697226013,-0.002363437018277681,0.06017028150643777,0.02418373045803701,0.029229742493809496,-0.008594700145015843,0.021975432873759138,0.007152557057400477,0.0122349745669037,-0.0026348370447798475,0.01800840589327879
2020-10-05,0.06126107310823237,0.0108993781110307,0.014457301447796223,0.0312877181250264,0.03266009635385703,0.03140328698932615,0.025196014886931017,0.023918084888136404,0.026844462490181797,0.006715458163502497,0.023839649856148615,-0.006796827575679121,0.023468552080660565,0.012664056248652189,0.043742965070251216,0.03587594107952796,0.0529766165170209,0.013485444918320821,0.02693321548651717,0.023242809644783646,0.021497602101091973,0.0008999438376171565,0.03472241084599714
2020-10-06,-0.010764186754624205,-0.010781862514741336,-0.013718482708283686,-0.01466233109187387,-0.01241655011457643,-0.007611907618109259,-0.0006643524133199685,0.0010701826082128996,-0.014409531041109758,-0.014845455296191634,-0.0367647646036241,-0.025768850481334815,-0.01834397269920207,-0.012803520182043338,0.007825153667721851,0.0018461745844675637,-0.023340487785180275,-0.03659100081006805,-0.007402791935869346,-0.01379099185812116,-0.010879971647427267,-0.010469596888657895,-0.0016957498649577962
2020-10-07,0.031470087543770564,0.019981992565335283,0.019952901492584108,0.025486691767379277,0.026568737506111217,-0.010866028058456045,0.014622762191613958,0.02707527857009584,0.008771879878756605,0.0253017449510633,0.07379115325067498,0.01040684102839129,0.028030400940329825,0.02960189100203059,0.045005784651509506,0.060567143623283526,0.04832728655087615,0.00575464851770735,0.0366504267791834,0.023398029737815573,0.035246991657508664,0.013804370525360543,0.03658645917240544
2020-10-08,0.0026887331375200496,0.009795221929763454,-0.008109621606452011,0.019296204749947643,0.02830738597969762,0.02940219822015311,0.05895856748094008,0.02792190355798785,0.022360478885014246,0.00029792089913893705,-0.004739146611933642,-0.0026607395453138727,0.016263848960720084,-0.005022003254280261,-0.0018889718306546177,0.04177402709860378,-0.0010133764597139994,0.008991161186229224,0.016238449089980955,0.016433213520676837,0.04692117275291441,-0.0050879679574590275,0.04512566597560208
2020-10-09,-0.009489288842266741,0.007054858927546093,0.0031366462213793245,-0.011812949960588015,0.014157377392330917,-0.01663510384803646,0.03402441609475404,0.0006750558537240714,-0.000405252462622685,0.008438443773316706,0.025594963681026428,0.027624735949017154,0.004236200850459282,0.009211398272385374,0.007317658884222533,-0.009861838899784536,-0.0005069828859554093,0.017822447826189913,-0.01173130326712657,-0.00799577457711842,0.006592820731280646,0.014703223482107175,-0.015088973660415284
2020-10-12,-0.01135043271740821,0.0008752778208045431,0.007584980370727967,-0.009118751182341622,-0.006426059814811702,-0.05777227393133577,0.004785530532460891,-0.014837423469165278,-0.015801906807677013,-0.002116776220873029,-0.02437590265458478,-0.006448421923042624,0.042184109822759996,0.0013335141097838843,-0.02993472475427894,-0.010728417822340686,-0.018772160893075984,0.001751116269076869,0.008596017467195072,0.03374665467687499,0.0012509957726150045,0.005698686497636496,-0.004576454373809935
2020-10-13,0.0021065845696996988,-0.001749738355422581,-0.005877120926802704,0.0010056153682715951,0.006467621135085366,-0.0023710926521308684,0.003275201110675141,-0.0018823635199091138,-0.014409531041109758,-0.008286820409558304,0.000594867727400139,-0.012390420895616927,-0.010343637768336689,-0.01781405935357272,-0.009812801330971621,-0.03386781096831715,-0.003102224347300675,-0.0027015202722262543,-0.01237855870520077,-0.0026563893292380625,-0.01822845547941998,-0.00740327516256567,-0.027916622337544883
2020-10-14,-0.005780865242587363,-0.0008764026530481139,-0.010594101582852122,0.013442295911154423,-0.002216067843291203,0.012223987285034044,0.0035605740261512864,0.007716129700809482,0.01984121683102469,0.0012933458233725936,0.0071344128953909625,-0.0022188689143431972,0.014769430230118452,-0.004746008819373815,0.017081663890103016,-0.0045590726413575755,0.0015558829616177938,0.01975781708108504,0.014588201542910184,0.0013746513118404469,0.007636493942661415,-0.004575556985178975,0.012542731118529105
2020-10-15,-0.0025373929550822627,0.006140468161620172,-0.006546124217780669,0.012806751735014554,0.008327776526717123,-0.005031703358242212,0.005026566352530626,0.008677492436984124,0.003686206974299777,0.0006455552957274069,0.01593883679853403,-0.007698253855926929,0.019928172262655863,-0.022396100186053203,-0.012948543701469806,-0.011430491371732798,0.009321691652856012,-0.015624982320200709,-0.0024301300570388484,0.01835963663910234,0.015974285384060982,-0.008631294477072338,-0.012861023795084026
2020-10-16,-0.00985686944360098,0.0026155430009491276,0.007366120950658583,0.008731042345775375,0.006717569984524108,-0.012811915610692948,0.002648021901754838,-0.0018554877870972097,0.005917154699551563,0.015339600334766113,-0.0034864277857089565,0.002240902320945981,0.021734410890157818,0.015156455068552122,0.00025982816804015485,0.008214550313619506,-0.017957901978407298,-0.005237980017655852,0.0014212342426902502,0.007497953851181682,0.003071683205716491,0.010639374600011076,0.004045815527593533
2020-10-19,-0.009098807712929036,-0.01913031621407335,-0.013349430573870946,-0.002089227657733006,-0.002625430810553664,-0.013661347831900539,-0.016432116086207982,-0.01233739764459496,-0.009330617198298752,-0.013396667712288868,-0.0005833136860901034,-0.023393783980617977,0.003222908571954841,-0.01377213185343018,0.0005191571312428422,-0.00876542427367466,-0.003657324852566979,-0.01531844185617559,-0.00729769332925545,-0.01948301822140719,-0.02070575153976839,-0.019401135424167215,-0.005463764793184223
2020-10-20,0.010694639576282139,-0.0079788866273387,0.001121758372230941,0.0044863888335839874,0.0023033441551831846,-0.02839337187321389,-0.013424722687090496,0.017796070130588815,0.010237856754807373,0.0060460454499549066,0.027421206691162325,0.00044064907538410303,-0.006211290970680516,0.014660598408956727,0.010123298270976022,0.0015194042370128003,-0.012060776433533427,-0.008426510161377743,-0.00939384515333852,-0.006225768827750389,0.0023078875855579994,-0.010119838572118844,-0.001167607300317286
2020-10-21,0.02468981657760283,-0.009830418381141182,-0.004176560948027208,0.061188183199159196,0.015209218089241805,-0.028866529600247937,-0.005140502870139785,-0.013785838202075462,-0.01601178851858387,0.0009854606952761635,0.006246513623936023,-0.027729116350177163,0.001723950797378082,-0.00998983942020748,-0.015932314045220553,-0.0033452969926345277,0.003715447759206736,0.004739422729065801,-0.0014429490901122222,0.010126122625641054,-0.004456608318818889,-0.0012743436228835892,-0.005155986655041578
2020-10-22,-0.009491782481870992,-0.003610111957362938,-0.0034442235061931115,-0.011854858521978429,-0.017784066406455135,0.024587033575850903,0.006990671985146246,0.013978544150028194,0.0055614701623594165,0.008168794095805731,0.03555300217063451,0.012675541977474003,0.0023668038620665577,0.009917318834458566,0.006397793328936308,0.011200847386359625,-0.010576383812452406,-0.015289700400201611,0.0301406655873786,0.004078058096517845,-0.0024620205139258555,0.005830588827288485,0.0008983184532276312
2020-10-23,0.016006998191950395,-0.0063406092389227675,0.0059879944232890114,0.006176045131184971,0.017447619239910006,-0.012177500372231642,0.00120733969092357,0.005716285767834117,-0.005939968017621977,0.0,0.0005449442550660155,-0.011443744742707151,-0.004078135620730672,0.004588253562054279,-0.0023352870475190635,0.012775097945536329,-0.0005342350215675751,-0.001156028829024991,0.005811410480963675,0.00854537464914995,0.00426302398932088,0.007831663744577666,0.004004081048580854
2020-10-26,-0.020729845319045648,-0.030993511957046138,-0.02585041496268836,-0.017567629681072616,-0.01251069511657743,-0.02719366989107974,-0.013867970461987289,-0.022066219364087036,-0.02843608244415663,-0.032703851965614095,-0.05446619854411894,-0.01465150998575504,-0.02392230204354351,-0.026806452025937233,-0.01911556900812761,-0.031096594732502814,-0.02941239396179096,-0.0024810446853752444,-0.03805550361343624,-0.028691293033964893,-0.02189604123252098,-0.01892256628944078,-0.029708837400492683
2020-10-27,0.007408900160517984,-0.0056445517812886425,-0.010125626672845889,-0.007899396540835935,-0.005023844398712729,-0.024972166167270493,-0.011311414116666252,-0.01965792705690439,-0.012301486434707187,-0.04238760180305823,0.020737351979298158,-0.030564546183045493,-0.020313642097083084,-0.011053259422023731,-0.027310061464204116,0.00503467633952015,0.011019613300746078,0.022049464736170865,-0.0012427921217387228,-0.015633001414705694,-0.030000748573351554,0.004609366474132459,0.007158833844765011
2020-10-28,-0.046228259406960626,-0.02365146056705747,-0.03710734287872208,-0.021715385908385176,-0.02601553164992043,-0.017201687028441826,-0.014842367153710345,-0.02510901536218879,-0.029847347124504098,-0.02329172722126116,-0.04796824433422675,-0.039575767871590006,-0.030876851293565433,-0.03796504367060494,-0.05506324497432635,-0.03162066781039885,-0.015258941615216015,-0.048661815312497136,-0.03401050505078529,-0.017899625222113413,-0.017112916039217163,0.007706232458702278,-0.0325124657361322
2020-10-29,0.032936798237073406,0.017441625542982342,0.013883579068733942,0.03448071809619302,0.0055224370412645385,0.04161799818213874,0.020087912062623392,0.03666597262843885,0.023683106312307745,0.008578592312909139,0.03615884097044875,0.014589917862207313,0.019535081608028637,0.013507833938578795,0.04154021996345647,0.06526570813563848,0.012728285538408768,0.028814942236996988,0.02919691127799595,0.025462468609568356,0.023081359777024968,0.019789028599142444,0.043788114413342516
2020-10-30,-0.005971807881864244,-0.006666599991280386,-0.0019149514169027881,-0.01015737803620309,-0.00246571253724881,0.0309933490848866,0.014769297637762024,-0.01863358376708346,-0.016432364468105032,-0.017920292004661165,-0.008009285515511722,-0.0025263457330717554,-0.0020529956050270304,0.002274257909244737,-0.05207042129661421,0.01043291973711269,0.010929167747474544,0.04143206426510626,-0.003754731237789022,-0.002526406095046174,0.012646366246250151,-0.005938475965604151,0.009338004605049521
2020-11-02,0.03894418432586377,0.040268441942694855,0.037829357362257676,0.023918063355751418,0.013482895733977429,0.01666045960275153,0.015160879166481456,0.033755387600644005,0.051219828428223035,0.028651023311483836,0.05190311541557757,0.02347547342729661,0.029714175376712726,0.03739704766879548,0.05054791036975881,0.01742021327221721,0.05729709143168549,0.03007626184093959,0.0232410620339063,0.02952214265249431,0.042090460043438416,0.03098923621712868,0.03175930811832184
2020-11-03,0.008054799593267159,0.026728298274882434,0.00819735797109944,0.024770708517154016,0.03935717034599717,-0.037406498702733715,-0.016427917757667942,0.013775353301810345,0.01902982493319727,0.019909941453690294,0.029057123222821835,0.02055806451067488,0.03263047910817374,0.024105021086709533,0.01321114166240922,0.019078251303346505,-0.12116559957375983,0.029970586758713447,0.024145845464296434,0.045643499217164596,0.012428014143364807,0.0011138760387570112,0.004817906828793905
2020-11-04,-0.04292190654429595,-0.004488127498367911,0.0008648408186382461,-0.012602397469508864,0.003839920205080727,-0.013323414296756764,-0.0045552069522800664,-0.02432471867369157,-0.04678823308036495,-0.0037380337898424987,-0.041023204496011156,-0.020610232874383794,-0.03073928641714707,0.005126409112961694,-0.0452923951371661,-0.08111246535565286,-0.02559611622661606,-0.023848851415848582,-0.061938233745211346,-0.03918873999256023,-0.029592339747970597,0.019575224536900082,-0.09190211744106647
2020-11-05,0.12918795808844097,0.03787156129290392,0.04856712238086658,0.025526371735964615,0.0324092063914343,0.02550647075191348,0.03538768670338621,0.03490341642238515,0.05425167280891485,0.023607135428364234,0.04555602965527994,0.02409069829421373,0.03992000564381648,0.06149841604614936,0.06684851670098002,0.02541778990551058,0.025074409574727063,0.04256324009143575,0.03940379914389358,0.034791404301572015,0.04103578999878521,0.008052395061603157,0.008140073535975345
2020-11-06,0.06369653352072291,0.0008687883361269133,0.01114253996653436,0.008296921493084142,0.0030874000784044675,-0.0003658161839057428,-0.007071212942754146,-0.009469601674067296,-0.015111531735330086,0.01512068963949309,0.015940158072152766,0.009391111847450784,-0.008530795411453629,0.0022424105897251856,-0.020751870150761076,-0.015487588350195591,-0.016307417227951926,0.004273877715199825,-0.007786859405978563,0.005467481339546554,0.0036164697780729504,0.008604946482842601,-0.02022245233497122
2020-11-09,0.04018871302679172,0.0451388403353401,0.01939896700354593,0.027586848470046776,-0.04596770074601442,0.05964140404220064,0.027893006433593603,0.03421705484228399,0.08065556862878087,0.08781780887806856,0.03504185167158713,0.035187898192101,0.018713929137180507,0.029282412081593545,0.09247260149404579,0.020493387221894643,0.006512640199292097,-0.03125895873435913,0.04832702136026934,0.02905625409867807,0.026407034828271447,-0.061595059295759036,0.007350358361778886
2020-11-10,0.01028023034078207,-0.014949968338035635,-0.008635379954244682,-0.010830318887161905,0.021510197212513127,0.03971006930539844,0.04590066741538612,0.0016212859648665479,0.025709926477540668,-0.021530652176142806,0.0015157720672922537,0.0005338413441546841,0.030827565274420765,0.017038605049356947,0.02494022340854074,0.017557581905130126,0.03647060065715069,-0.01696722253412042,0.020094822764052056,0.02484433547426912,0.006696819024563094,0.045819057733138324,0.03198676688065549
2020-11-11,0.005426758918524621,0.005902132081492484,-0.09397667610117422,0.007166592928189663,0.008738476174003251,0.01461283480959108,0.0110404544213758,-0.023477921946546187,-0.023381967679659388,-0.01130834217385368,-0.014631288182569202,-0.028815448459618254,-0.003072500184094551,-0.009235301572974364,-0.051738750961721425,-0.0001129244673491181,0.0017026488417017926,0.011403861862180564,-0.018733225320896718,-0.015776602589839817,-0.0011906179307060727,0.007018126003269787,0.01157010159741323
2020-11-12,0.0005907135780118811,-0.03185254066815013,-0.05529875704961651,-0.027408226475629904,-0.016803950396959255,-0.013420524883235752,-0.03945221833382573,-0.0054717343938944785,-0.022409733719103042,-0.030262827973898343,-0.0005121237655903998,0.006135828661425924,-0.03246324016718416,-0.017525691791948628,-0.03654728324171774,-0.02037659083035548,-0.016430309166674206,-0.009294599502323031,-0.02361744431592916,-0.007975648376388866,-0.01948797464104679,-0.012160115511472336,-0.018356442705785625
2020-11-13,0.032366790251815436,0.020779238663059196,-0.005427473398550542,0.013277369337123313,0.004777014661876411,0.03518771324886849,0.02709657776365426,0.027509308443494307,0.018221039419958895,0.02432655257949845,0.03176184400138582,0.02093365367933031,0.02818974801098939,0.0078019019511543775,0.03093859082113881,0.013700470947228371,0.03801808959739761,0.010612083119109217,0.041322161534583346,0.024276963224179715,0.02109103335579854,0.0125051456043066,-0.007623892427609302
2020-11-16,0.05257995439940255,0.03053454984154591,0.009739520803534019,0.020189978549931986,0.022292885841179277,0.048883271535458794,0.03943361045214977,0.029044198884655925,0.037714019162421675,0.023749215070032026,0.04270146781550377,0.02308985459916757,0.04322379290955625,-0.006224225288769647,0.0395357712578881,0.02676632363048359,0.04217556630095087,-0.0006086823855087076,0.05110370455428792,0.03393610204008146,0.010152314436971954,0.007462702911274377,0.0278262199892374
2020-11-17,-0.0075241112428733326,-0.01810713353074289,-0.0005626685820705468,-0.02070789169214915,0.0039268399087548644,-0.005555790175698183,-0.010953713120610553,-0.004099500616824514,0.010198419472460252,-0.005202135038165578,0.001428532333543231,-0.002178544180459596,0.002602298596800612,-0.012996226608978367,0.017070245042351884,-0.0069317154695951455,0.00958430178194547,-0.01735949530125558,-0.008103373969149619,0.0090800105965394,-0.006931281444833459,-0.0008475526998137362,-0.00657383491735164
2020-11-18,-0.01101989197451958,-0.00754407676524349,0.0052947683744262175,-0.013449919560582724,-0.005970509957840209,0.007138637179617602,-0.008914181514864894,-0.015991282360615755,0.015051580122406483,-0.013331991025714807,-0.015216234554117025,-0.01851329687155656,-0.010580966450609353,-0.007297471456079063,0.014439203820546975,0.00011083071384976328,0.012131208722671705,-0.046025006291411485,-0.017452565741775006,-0.027216535374046558,-0.0032807643329790803,-0.010217565921869731,0.0019211987916682993
2020-11-19,-0.005847869900237668,0.00675702090716257,0.00993632051904747,-0.002713003718973428,0.013980952163827443,-0.009244850875052446,0.007358678960041276,-0.001609051687746721,0.0007232643882590928,0.007114192098770733,0.01931430620377883,-0.00391493537373111,-0.006658972402623697,0.0110666318577759,0.00036490317952342366,0.00070549695890465,0.020323141316485716,-0.0024366736515233356,-0.0017007764640976086,-0.01584637522566057,0.002941413490208822,0.00707551348763924,-0.004971015458006378
2020-11-20,0.0166134922429495,0.000838734228080007,0.00044406335849966894,0.003196330350929033,-0.006740856440874077,0.041990356061522904,0.005411046952038978,0.008058114858052079,-0.011022639178926097,-0.001280265124969815,0.006631940616081078,0.000982283041605303,0.004062829985826966,-0.003951327275709793,-0.007053153760307351,-0.01465363442156642,0.0015319334679195773,0.0039081861121166295,-0.005299826847212308,0.0,-0.001256806052930215,-0.006175125961087047,-0.005138956625436397
2020-11-23,0.04824428852068019,-0.0204875845135295,0.017672452696014807,-0.00013589598936813996,-0.018611827859174368,0.06925372653550976,0.01695403617076585,0.01662684087738442,0.022108308535984555,0.015475299330518055,0.031058647671598605,-0.006960548752377171,0.011733975772622696,0.00027757641470937955,0.04311062193751214,0.004856570030191243,0.04742479643326458,-0.04817514797139222,0.02131281553246689,0.012865867294004518,0.012164353537915007,0.013669835587535317,-0.003873753927395307
2020-11-24,0.023870058130159633,0.01987880647066964,0.03182422955907982,0.03783580522251606,0.007019880624848929,0.07900613902798614,0.029372928857413383,0.03538275135152902,0.03199872015990879,0.025196403784349064,0.05476961113151724,0.034597608849396444,0.03719238217128007,0.015943595193200544,0.0666901057141438,0.03008746272608498,0.12852962351594988,-0.030845406212567483,0.051239222799166484,0.023807737220840286,0.021757092101757802,0.0015799124275610588,0.043787723015620506
2020-11-25,-0.018432034639547235,-0.01779646488288822,-0.020773235725443207,-0.009799822368879108,0.001977169478567964,-0.012419337960668853,-0.008225965248507827,-0.014428977778402574,-0.022518705877993872,-0.005836413670997853,0.018606687685954082,-0.02371252438221061,-0.015422881346193185,-0.011008589559398319,-0.016731033578274657,-0.008147784858091756,-0.026315710908667134,0.016001545232552594,-0.02906768631510237,-0.021174018052471433,-0.008382178459791945,-0.005494388794396787,-0.006278547244152666
2020-11-27,0.021747405704317213,-0.009490898908356749,-0.0010427521427257558,-0.008313655237980666,0.0006230115597474217,0.015719481767224153,-0.004406477421866173,-0.0007740155633763068,-0.005921282268753991,0.03109670038795742,-0.0008496816026364318,0.004181777562087596,-0.007440916311005741,0.016144059921785026,-0.00475740966020799,-0.006124809213442273,0.0048738510408314895,0.012114841111187769,0.005293862805084926,0.007742048644714616,0.00743014857140456,0.0062360427132606144,-0.011734321854195429
2020-11-30,-0.012276767592727889,-0.013066168311607118,0.008314540596581432,-0.0063871705095058795,-0.0020789356204239384,-0.03791590342578022,-0.0023433339250843455,-0.01704384195668196,-0.043140940874387246,-0.011832343187503702,-0.005527234444606677,-0.006822296451563736,-0.023870878283154595,-0.003923159607080229,-0.03141360034234253,-0.01778540703079501,-0.031746164937142995,0.00581379509969171,-0.02487751099332336,-0.020863148547895727,-0.006834197283844934,0.016063796371478256,-0.018829824957431796
2020-12-01,-0.0006617488865160448,0.017652293519619278,0.010851785245434176,0.020373776021891166,0.008436597598878937,0.00536207983337933,-0.0002609820041045152,0.001418697203289243,0.009809622050254374,0.008417853597912472,0.010688212157352162,-0.0042815571099449334,0.007478053958605235,0.009671543036540609,0.007755594130964383,0.037043923873666174,-0.009107638892650205,0.023631689868658157,0.022905209027966666,0.014923120350206043,0.015943469467595284,-0.005845139080423722,0.02649514322634383
2020-12-02,-0.0046368705290364964,-0.005203959873852582,-0.03284121472835544,-0.00599654122250981,-0.029125960293185038,0.009332901614789169,-0.0010442005339661442,0.006768664743912911,-0.00616483048167038,-0.02178374608670719,0.01861270992759767,0.007973092137037119,0.00020057848540466772,-0.026894277220780416,0.0018655237836666672,-0.007296648328526278,-0.02164866487245032,-0.004152128965865365,0.003094811272830178,0.00030318591705524867,-0.013412822348078945,-0.03714707207598644,-0.017509659541023015
2020-12-03,-0.026099345174649846,-0.002615635374092151,-0.024207696147126367,-0.0064307289665931355,-0.014468130624028075,0.007397898992580698,-0.001567619873445003,0.0035957530502470636,0.007518606002388406,0.002783531517803528,0.012873828097398121,0.0011556621127568611,-0.03249094095172189,-0.0191234758378801,-0.0033750988562835094,0.02812116925951047,-0.0004709404546789919,-0.0075051599059438034,-0.005444751297380979,-0.0033338289071201954,-0.011420359485837306,-0.01061985037444102,0.026483854167907328
2020-12-04,0.05693854989131397,0.008741414241241197,0.024359213131244672,0.027824117154651606,0.016407646478853177,0.03776543767784135,0.011515309433244303,0.028508985774476026,0.027052317472203713,0.026666763223259116,0.027470194310692753,0.029829421566331282,0.01305968745977304,0.01795287203434981,0.04239165620023044,0.013480580711628276,0.07300983708921671,-0.0011761894534327855,0.02956211462428282,0.012391571432073922,0.010314524298361105,-0.003022290515803716,0.012934591808272389
2020-12-07,0.00560283702072506,-0.016464359368581483,-0.016730312104249023,0.0009086361180172808,0.01423102165351664,-0.0328528912645254,-0.01837004086081806,-0.008936273476174539,-0.03342417989556834,-0.01272117950213203,-0.019153833969200895,-0.009396644642917895,-0.004092756996385005,-0.0033516281171788176,-0.024086779757021115,0.0,-0.03204565009098426,0.03364718314508264,-0.008507830563593832,0.013216085256330334,-0.013816327400083206,0.005907358250612393,-0.002458247594147811
2020-12-08,0.028214120357017203,0.016739972288153826,-0.0035289700831820925,0.007329358298379773,0.004083668486363212,0.006532261812006723,0.012651321617006994,0.021090739596885566,0.02518342214143643,0.00749760457646742,-0.004475310265632748,0.004525481847015511,0.008629503579092201,-0.002161906332595498,0.008954209045928252,-0.0074051566648740685,0.014965934872619435,0.0011393895444453683,0.010725987517535618,0.015860742235923153,-0.0001377696257507388,0.012928025184434588,-0.011158167791291307
2020-12-09,-0.00972516210870289,0.006065982352360777,0.008723835161509319,-0.009078767576097047,-0.02638440148395682,0.014018837157599995,0.015356807065360911,0.011376030770594125,0.002016392729975891,0.006639688605131422,-0.00040848470543508597,-0.0018193826934481683,0.009167251901392559,0.007623077677753942,0.007395671516881475,-0.019977102710220684,0.001340565671472893,-0.02487388044985095,-0.0019454545185679795,-0.005472107424058792,0.0035200017803613814,0.0019186320414901203,-0.01869151022571469
2020-12-10,-0.0051705987419892185,-0.006890627867924937,-0.006467664729314149,-0.020142928737697408,-0.0010711118849408008,0.0012798965297255993,-0.006921148577096914,-0.014799593928497168,-0.004208152211494065,-0.012483518891221568,0.016353030034384597,-0.022825867075195405,-0.018167116545981576,-0.0007564419851204818,-0.0037272281126468076,-0.03766458211859558,-0.007139919232780789,-0.006713658984517146,0.012050259035268018,-0.00557511336512273,-0.014168632369675915,-0.0011379385073093662,-0.028148080188198588
2020-12-11,-0.019656334268242648,-0.007805983586413379,-0.005431464245639006,-0.005238753279885433,-0.007291599337103327,0.006647793323092177,-0.009034290596553363,-0.0025538878788575747,-0.007899764707896773,-0.008203254121007975,-0.010056452526410742,-0.013766810199963064,-0.0002056747474463716,-0.006176649816194035,0.003287477869904798,0.0017242695593457924,-0.0008985443891207368,-0.005238289646353755,-0.00822979869497642,0.00014754480840539763,-0.0027907786503967857,-0.0016807615148737298,0.00813027270579636
2020-12-14,-0.029426478778827647,-0.014860157137915664,-0.007330935396986371,-0.008266151914387843,-0.02462707259405461,-0.013969872771416703,0.009637453659480322,-0.009638456128981732,-0.017407393451159603,-0.01707666591437451,-0.032913302807039524,-0.01612035542248713,-0.0127494479215009,-0.007217269066786991,-0.015819067760325933,-0.028069049932656798,0.020242807703566568,-0.022252408354680342,-0.017302295852467897,-0.028765260788955138,-0.008185784017955777,0.0003339010814356058,-0.024769884315481994
2020-12-15,0.025042792134723157,0.02395758485474353,0.017370355745124133,0.014855372329668715,0.01926889056609249,-0.012107322056679193,0.011867843405285905,0.03451941744272369,0.020165849098398025,0.027419300040956163,0.02100834466082957,0.015377675665563029,0.02374466987072732,0.016397400981936983,0.02192864846561715,0.026415356240413246,0.018959468218182174,0.025712311389897824,0.016349271143814237,0.01906117546636721,0.01664787235985954,0.004854902426210783,0.014766833510746702
2020-12-16,-0.015658993915745212,-0.012131877229310861,-0.004111037456668742,-0.00218592023285491,-0.017492195177066794,-0.014863003476321857,-0.003569490029240341,0.005144834453572278,-0.005542288044212862,-0.013186755045435983,0.0037037712753575924,0.010727505349339417,0.0032554911431847966,-0.006079511334960652,0.000786440169572522,-0.01624375634804398,-0.021202854458789444,0.020325041048189663,-0.0022980283453302164,0.010582296611967301,-0.008534572100441618,0.00020772736454022223,0.0018187609269799676
2020-12-17,0.01252014860868389,0.014035125003375892,-0.0011158915426362492,0.010487939284242298,0.017140474255913585,-0.006352494251724461,0.015353357262954281,0.016233137414905174,0.0,0.0027271080237911693,0.013530184882203589,0.013021821158338165,0.00892326102738128,0.02598618015072951,0.011450587144890223,0.013346949913726647,0.021220135367954196,0.023240401530348676,-0.01754055903375007,0.0002949141531347621,0.009797472649454742,0.005204247726114719,0.013435858924699673
2020-12-18,0.010328962660787644,0.008650847327380973,0.0035369170873846834,0.004795274733484289,0.0022826982865096213,0.0026637847613160126,-0.006804691692998133,0.026478386145795785,0.03399587460690223,-0.009201662060400517,-0.00364067664044454,0.006251058220609673,0.004623099933745767,0.004052642468805656,0.009211866594185603,0.03996518123666104,0.012554141586155643,-0.018494524900594,-0.027412138185680446,0.0015596472329564293,0.007900686994038786,0.0027261367791260316,0.040705294333099884
2020-12-21,0.022462049094132297,-0.016295257907750882,-0.018771971176619995,-0.0057529679891804575,0.005857393003741551,-0.0026567078633942254,0.003552280794552498,-0.012336980465529557,-0.010420346890323784,-0.01267254895841452,0.009338031195992524,0.0,-0.010004085141441466,-0.013583142014930827,-0.00593864334674965,-0.002460705660126461,-0.010688435459492718,0.003636507395331501,0.0038937947181378885,-0.008082455515309062,0.0046074254197332465,0.0012909559481140143,-0.004682536006580751
2020-12-22,0.029925400742017105,0.002615459355560956,-0.0018146778592954549,-0.0021040931401836716,-0.002587939394051997,-0.03516260274779048,-0.014411897815237773,-0.0004263568537633544,-0.007443687525304332,-0.0027804064534981965,-0.024537314842549507,0.005862330479408762,-0.0016165226190075765,-0.002793324395769292,-0.006416751263307097,-0.00859706593064491,-0.05488336019027429,-0.021574428297641557,-0.019394386027443367,0.0002987777663221447,-0.009582737596345092,0.010834372046805818,-0.008786821911500153
2020-12-23,0.024885503435035927,0.005217360924945069,0.008484358202361708,0.006259766987678939,-0.009514500570964035,0.015184930333084212,0.0051304285894571144,-0.01760804517039183,0.0014632315482949743,-0.008782037247125452,0.025154539702960443,-0.038535236210662016,0.0030360842309551384,0.00647043837156458,0.009130566289305087,0.0017929146549020558,0.010059374807926957,0.006227891582712974,-0.009794413770653598,0.014348575874960634,-0.005736127016154335,-0.017122094652438635,-0.003908128753918438
2020-12-24,-0.001801095614038073,0.0069203460304001485,0.007887337406096595,0.004518220224977387,0.007968312602578465,0.001087967859635608,0.008167594654096222,0.005348471210693262,0.0007308305225013356,0.013125850630014924,-0.0028158562445365076,0.002733250472980675,0.004238593545993874,0.005958306931865831,-0.000220575862039607,0.004601886305631853,-0.005885087828967905,0.01170942733103697,-0.0024729624600036137,0.0027262804516408057,0.00785461236604057,0.013044317465285449,0.00357383673422329
2020-12-28,0.0005347577883210164,-0.004295349065515097,0.0009315209314186834,0.003520462129265267,-0.010504456562614228,0.010595102992506211,-0.029113775382652918,-0.01294053775225279,-0.00912606398847704,-0.006570452180892805,-0.006453956269977357,-0.007541372478979458,-0.0074360761518366125,0.013249079673920416,-0.00011092408943891297,0.013233924843051748,-0.015937781617060165,-0.010912535507554444,-0.006292677922048351,0.0049961547766950165,-0.012620760947731013,-0.006213460086474165,0.0205975007641388
2020-12-29,-0.02337711736159076,0.0008627931556619561,0.0004842044334674167,-0.011172796737439428,0.009521890375559172,-0.006720733289890646,-0.010691044313604015,0.009613949047885706,0.0007371182880773208,-0.0010713630748029335,0.004465975064972483,0.016570569813959768,-0.008503599121618688,-0.002307265307698203,-0.012251404266296784,-0.016541472307449512,0.0032390419121499647,-0.00150477779350211,-0.0005759248953504104,-0.008115071690344866,-0.0018858375314371179,0.001714205161768012,-0.023260946052692466
2020-12-30,0.020995720468640844,0.012069213532661216,0.008819308523151603,0.012941279495766178,0.006721474477895617,0.02760499443070863,0.01317872746490023,0.014283504014532378,0.020982819658832863,0.003590301577172994,0.07235230397674264,0.0019812465926347667,0.013681845077116339,0.009058514993911082,0.0176555927569233,0.025029255580884868,0.022140300358566734,0.011050011527521164,0.02447987588364997,0.013267351077246081,0.0022393051979099354,-0.004735983000497046,0.025916363041030177
2020-12-31,-0.011855903363597653,0.002555393588136612,0.012826020012901118,0.005966761056849013,0.0034461370083884724,0.01948913920912787,0.007284155665342906,0.011522131237741595,0.0005408214736555284,0.005203506001624891,-0.01922353710638025,-0.02175109486041915,0.0016115208337597053,0.00664706887448463,0.006478594832732165,0.010785050852494038,0.038357439211475386,-0.008279605666983048,0.0047224162298427075,0.0032007731744574386,0.006982156060333589,0.010699509093747395,0.012561953506210033
2021-01-04,0.03463923261238544,-0.03313544254834844,-0.01837335878658064,-0.02069506814265576,-0.03670343629109829,-0.004650046687797893,-0.009555843681278153,-0.01110947469059742,-0.026306435804560935,-0.009474825539221632,0.04304374199848704,-0.03454597218943356,-0.024738480130682472,-0.0178361471471018,-0.025856317462494838,-0.02172779649768275,0.02868317474606119,0.054433283277737665,-0.01278429849577678,-0.015662410721449915,-0.020177571380427084,-0.015566509131671236,-0.012001817961080574
2021-01-05,0.06748344348975199,0.007029984078284812,0.052908000451491244,0.002172459057694587,0.009581303707125732,0.039969058005596914,0.01225560545330473,0.049203568058256764,0.03256867970778221,0.010498670002635713,0.045320687458367814,0.027693275231396974,0.02577861841511009,0.015687170140406215,0.03415852689144816,0.011050950705030926,0.03717788449355286,0.004433693019886276,0.02970844977610909,0.010313220030862214,0.02144228575312268,-0.004989662500219816,0.007097518785064372
2021-01-06,0.07469475628538103,0.02792310509706475,0.026842426778180384,0.03823173606857533,0.01158677565230426,0.06563509253692623,0.05795991512323484,0.053808688543194316,0.04713257817432348,0.040958531038927104,0.0630948293337652,0.045652361779147554,0.06232413824941552,0.0328299561651717,0.0479745714815063,0.07758090188782152,0.06109962181258388,0.028535258081588744,0.05455896881272837,0.053736722886940536,0.031799967562692766,0.003458894616104713,0.08938127733010282
2021-01-07,0.05082801278789395,-0.00848894368685904,-0.01613964022074621,0.031192679356064623,-0.010799705907456048,0.0016392282607158304,0.017774125613585046,0.0402572718191605,0.0013691603000403063,0.0013751543562607882,0.03348816831280921,0.050743992601592014,-0.014572463603910513,-0.0028726901656670467,0.007233754358040523,0.017048918345165642,0.033013495920710456,-0.0015326810589330053,-0.014556348892331705,0.0029751369318127274,0.01275790485602557,0.017692280436457652,0.007775742656419782
2021-01-08,0.0005436661741129445,-0.015410955648301194,0.0015774476660144199,-0.03822551038473365,-0.0012127465276550176,0.009118473547828243,0.03468906594962862,0.011251149764452295,-0.005127397356039176,-0.01767502034202162,-0.0006416908346069672,0.0029496075503887553,-0.011330580981335991,-0.0011820756301527124,-0.007386899827186322,0.008478741920171062,-0.003716160632302179,-0.0360760889760543,-0.0030252879733545512,-0.001172654525459671,-0.01677415804296678,-0.00865163493535026,0.0050611261000641505
2021-01-11,-0.03699110473427247,0.0034783576562051888,-0.00913390547674453,0.029282190096229455,-0.00011056465668990434,-0.001158312587983601,0.008555061536720254,0.02677589219706178,0.011166527670644966,-0.003111758803546083,-0.02664532517486018,0.028991938822427565,0.012043217802322426,-0.010614207556847277,0.002377369777550653,-0.0011917957999486584,-0.0014918317443639584,-0.013377699404592325,0.013923515735851932,0.0072525463564276915,0.007754706298131575,0.008466414116761856,0.0010441775816192322
2021-01-12,0.029386968819807624,0.0077991326638082725,-0.00024762876464135,0.012953664287172595,-0.0035335698646207225,0.06100648754446336,0.022008218793651446,0.028340119507762385,0.037036988167206575,0.009363976426750797,0.022097765630123556,0.02882794415767198,0.010173055967029887,-0.003401329686437471,0.022994074959056254,0.015319489694370914,0.06313040883679188,0.00871656746538596,0.022887286787252492,0.009600044766060467,0.012244967749161395,0.005742095616988907,0.019631958966497498
2021-01-13,-0.014136936139186318,-0.017197204881336914,0.026885033487899168,-0.0030589883594693834,0.009419368570943831,-0.009838304120746488,-0.010094049309880226,-0.03323292296918068,-0.016546715540031953,-0.027651732950761843,-0.013875592160221495,-0.035402475711507675,-0.03477123032047347,0.004162926324675631,-0.020864562731430003,-0.03106613422432647,-0.01264935679707524,-0.006721176537200835,-0.023924267875895078,-0.024315588101889607,0.004825472964937738,-0.014908887523380376,-0.02767736569625079
2021-01-14,0.013617169205269342,-0.003499571749566832,-0.015206281661954368,-0.007058255514980627,-0.012734728495329195,0.00022111050655171383,0.001812608074273081,-0.01054038938270807,-0.00633015112252544,-0.020879856303535282,0.04679312354378884,-0.01300178200070412,-0.016141897027475927,-0.015089531731407257,0.017809194054927424,-0.007212573378798548,0.028469670006873615,0.020299679561468498,-0.0005289703809501223,-0.004524878403841859,-0.0017103926208517084,-0.012854818380651278,-0.006064498358786086
2021-01-15,-0.012227976722823053,-0.029850692033963067,0.0023054189166418215,-0.015144079860881177,0.0054487466523864825,0.00573940778923987,-0.010404740389181932,-0.003268119638074607,-0.039228709783932225,-0.00781407795634459,-0.051266034229668245,-0.018509392405046565,0.005402363615753636,-0.021237200700578773,-0.040052437779199535,0.0024766168649275055,-0.00899642535044709,-0.023211708876238135,-0.021347918356402484,-0.00328688075862571,-0.02444819356301353,0.009418841612912399,0.0018678206080553483
2021-01-19,0.028366809746894095,-0.009049660079343158,-0.00435641456901581,0.0027613230501213337,0.0,-0.012510984083914378,-0.005028431856964777,0.02574692762424058,0.004187753146167816,0.024386626954288504,0.044810472063728124,0.022256137058966674,0.0025870733804591595,0.003680936225360032,-0.011484825255096975,0.011265672634277468,0.0024440592417298568,-0.00016156261794231241,0.0073915156772277335,-0.01999570286608765,-0.020264882540813045,8.251073935072739e-05,-0.01280166430273566
2021-01-20,-0.027314331407563786,0.02557065493706867,0.003150379421169802,-0.0024405804883040894,0.020349439697212368,-0.019115146506410663,0.0029861339551384702,-0.0020130129601845237,0.01772379574841576,0.011440002071281263,-0.023336305591651563,-0.0021604685347090813,0.012107909186462651,-0.006331059151669094,0.005969320592259297,0.0097718034478127,-0.007314601750258776,0.027000727185605644,-0.0021476058114515695,0.005655892977734389,-0.0033782461522343654,0.014622526575964523,0.01107915760064726
2021-01-21,-0.02097775994261286,0.0017810833380524915,-0.013784046339969214,0.0024465514941443,-0.010405467895369114,-0.015182485807072377,-0.04603757763599836,-0.03926903794811132,-0.017244165473691897,-0.020011019828271137,-0.030028901192040824,-0.033977554026000445,0.013139931081412648,-0.016317046669716895,-0.018648298375593453,0.0,-0.00315771200561199,-0.019049161343009158,-0.0240314267533569,0.0005693092882830264,-0.0070566689300243235,0.0001763787017021734,-0.010957754907082395
2021-01-22,-0.0153051958694842,-0.014222256997709404,0.0035030090989249807,-0.019340140288229057,-0.006133762426319245,-0.0013806382102177217,0.009844366049430286,0.0013583551304801045,-0.0010427281986645776,-0.007569830763202834,0.014979887456117336,-0.001637688943124549,-0.0005809535725784798,-0.006793018346835655,-0.012308616282788454,-0.0012904549886627592,-0.0028160080247761066,-0.00898721689289117,0.0066149817938798705,-0.0010674058159516608,-0.039782332521289265,-0.005676638335624262,-0.0030844999102407344
2021-01-25,0.018478829291979304,-0.01082095000147465,-0.01614948642515568,-0.0047868057850046775,-0.009697907707458597,0.0016127891714772247,-0.018069953980260234,0.003206408606828637,-0.004695373844739836,-0.005320478333431522,-0.04952449102616707,0.004489801141141392,0.00387376923619831,0.006521449252088418,-0.016396573001283055,-0.005167774705981176,0.01200139343504425,-0.0017815194207749796,-0.004746053681994655,0.003703953506671631,0.02017118949565555,0.002881580668557593,-0.009850296516704216
2021-01-26,-0.00870436439562261,0.02187827967378686,-0.0036915506568599987,-0.003591356677512425,-0.011796120341656446,-0.03427616366329467,-0.044067828591358826,-0.018684739437398457,-0.026035498140593027,-0.00913530065414414,-0.06797789884331118,-0.021920177491192905,-0.0034726889277187922,0.010785482923148404,-0.02322740698603387,-0.04840902270583647,-0.044994920875075506,-0.002595614027154247,-0.031548009597171967,-0.007663806343787494,0.002916019290908123,-0.014490178287635769,-0.040239724021093104
2021-01-27,-0.03723337535472948,-0.01338087519909037,-0.02881386694280097,-0.043122809486822566,-0.039076550606230054,-0.026203062682551903,-0.020009947505217895,-0.024176617177806947,-0.024219361183962285,-0.009363497800951581,-0.04516843632101564,-0.024960363731901802,-0.023814274032750826,-0.05057681181960061,-0.020821732589170083,-0.027636724418406144,-0.025200628975522332,-0.04212741215643401,-0.02784100724561911,-0.02838965750460376,-0.007517147296936311,-0.008429584068004203,-0.029701055265168752
2021-01-28,-0.014687812671317246,0.010849935826793944,0.021779120240606797,0.037936318739077324,0.034337428719992236,0.03228951257098789,0.04135453899239061,0.041335028943877195,-0.000184012082159013,0.017987455881881775,0.07754954305658668,0.03677638024924934,-0.005355012589507213,0.027294319096256014,0.01382770401738287,0.013719798379956183,0.01948302553344572,0.014263484269468885,-0.019481745787714777,-0.030617446065018927,-0.005787743089621378,-0.007651074409766867,0.020064510496357935
2021-01-29,-0.02229960202020731,-0.02146704684473666,-0.03298763878034072,-0.022292671853287427,-0.0027192856114072184,-0.019431249420173047,-0.010672702415814084,-0.02058651698379299,-0.04560483421011441,-0.031217508067478694,-0.03166630476688481,-0.022952362495990197,0.0031902647828814246,-0.016590490042232342,-0.017077380253076258,-0.005157369322436267,-0.04593929326774859,-0.002176492332260249,-0.03179030161536456,0.0208791439977849,-0.03183852646960306,-0.028439109429549192,0.0012084372451364178
2021-02-01,0.022808216163443085,-0.004570372441385917,0.008209522453395346,0.014515501274996678,0.01590531686057517,0.03842426307163982,0.021324674877699623,-0.07942117481907873,0.016377268057039762,0.019167572856687354,0.04905251039420677,0.15812411394444803,-0.01033595458444203,0.020497093662034338,0.011543958654526731,0.029400290104837357,0.034668878820497184,0.004698310233157255,0.00595122726027264,0.0014131288870380398,0.028728375039968057,0.00910691402520225,0.019176359972100432
2021-02-02,0.017310795782566224,0.0036731965569876124,0.018591067012685647,0.019142792194806635,0.012189849334427016,0.010007020584909432,0.019159905691980228,0.045255960266863404,0.03526071270542319,0.008875924334134755,-0.0031880833198585368,-0.045485921510004745,0.010845750996423487,0.007267556949865028,0.024092180132054608,-0.00412372301979691,0.015264475667168709,-0.004175174272175064,0.02957984456137419,0.006758116156057925,0.014071431550426006,0.017819461002059,-0.00046006427656075655
2021-02-03,-0.043545058918127544,0.007319045338699981,0.009673125524708892,0.06679942842493425,0.004971731139783886,-0.013824873334486343,0.008917670877595985,-0.019751621844510847,0.013550759099638654,-0.006229799846258488,0.0376689355641715,0.03252036849785944,0.0057619195481670715,-0.008404353604533066,0.004390014721160629,0.0008146800821826616,0.012467813562991203,-0.012074470443227181,0.023578251674709394,0.0005903267383084998,-0.004411842864877502,-0.012947811026512879,0.00276386451416899
2021-02-04,-0.043118358024235914,0.015440802174652823,-0.07194500967143547,0.020131074654391234,-0.022647110508893675,0.008644738250036976,0.019111457110314367,0.02722157926199098,0.017885989492200993,-0.004019686780634135,0.020548013088973693,-0.010368869419623006,-0.0764520263304379,-0.0037982736607919954,0.018715446263452895,0.001051648520984605,-0.005794891596047402,-0.02121877329582189,0.006968797784424607,-0.02440298728491963,-0.004646031245301718,0.012804054455735736,0.005251476699265956
2021-02-05,0.01465468496240363,0.025939036010401928,-0.013829491747289868,0.019615728604226668,0.005511506005662303,-0.0006948065485192778,0.02906716983085178,-0.014808926011425694,0.015974567147357233,0.022341880281994353,0.06476476276537713,0.0009453057515851349,0.005989163911964024,0.03286813678159484,0.025962720327809885,0.008164075496889911,0.007285795818661178,0.02844242113206419,0.018454267881354625,0.00733028720140072,0.006103919462844276,0.008813013788240065,-0.001371497696975088
2021-02-08,0.02793175733950659,0.0,0.0019357143863785176,0.010399149935903962,0.0036919361838188003,0.01923978197381815,-0.006606099963905487,-0.0010548079421527357,0.001921903787399648,0.02006767482122762,0.012291260451572139,0.0014953437121110191,0.017223366687096897,-0.00011656389648539989,0.02423346223194578,0.011122174550615815,0.052079515373452345,0.018887102933573763,0.013590026527092958,-0.0020256267243070614,0.0007851676812522523,0.01036882276852169,0.00810751464264503
2021-02-09,-0.01776443541659678,-0.02005229510562867,0.0031541106242332084,-0.013437114829385255,-0.010365486344652064,0.00045480934623887137,-0.004127277932418627,-0.0302269556638054,-0.0130776781799119,-0.006864797742396234,-0.003113112280933361,0.0055008732342523015,0.0054345841645981885,-0.0066837972052200545,-0.008480230516293763,0.016649758397756065,-0.038157360804053964,-0.0067858103010527415,0.018249550330746267,-0.008193708923770249,-0.020895958137022164,-0.015193429200543895,0.009534902156246305
2021-02-10,-0.016636301305182455,0.016903799930971797,-0.003380016593533597,0.012113301973027513,0.012614218648611786,-0.017049510470626972,-0.008980244042531282,-0.04287473532918762,0.0189045917162729,0.0004173342548963177,-0.02435987447384147,0.05955467442531903,0.006237036706561838,-0.011344962948968251,0.008024665776480866,0.03294963023389119,-0.00321670533771512,-0.005165764925331162,0.0051209017083631014,0.014021537561258013,0.004880288798670751,-0.0009676575636053952,0.023064353056500675
2021-02-11,0.02435125007859229,-0.011373762741311522,0.016207806072677133,-0.007272460588461982,-0.01534912486180584,-0.0018501507652260996,0.011617028198799062,0.009101157279943317,0.0,0.0034780878586482267,-0.008002472973208219,0.008851628053476501,-0.004752157014275005,0.0015430818334469798,-0.006808480492324298,0.008101256196048068,-0.0014339853443541273,-0.022110598402310555,-0.002001592458839463,-0.019582941149699717,0.000724929635891769,0.00978501376596963,0.005149266317589829
2021-02-12,0.029965653116529545,0.017699343516200727,0.011098770020188775,0.022323324818679158,0.012989771709294606,0.034997801786333715,0.01906302424342088,0.007187287321469338,0.008323132733609295,0.01608114874311961,0.0077443532882175425,-0.019814344994503297,0.020967772655562378,-0.0016989561840211609,0.013921253139631107,0.03851711442162831,0.050987331027883664,0.009592523742770753,0.02716504168472489,0.015323536533725646,0.003549103761394168,0.002446941115868073,0.02773983083482401
2021-02-16,-0.014820277452276098,-0.021738989223990757,0.0006908117407120606,0.0106079905721983,0.005575782029264564,0.019837622519415454,0.02050941010953311,-0.00671629554013109,0.010318193340734805,-0.040794921421337005,0.05347433531201684,0.02110992399019307,0.00020310023497227547,-0.010052237473761716,0.01924284749165439,-0.01565762173787999,0.04714729424460984,-0.01934189649137219,0.017749489716435196,-0.0010512641597969496,-0.008661306600091012,-0.018902980822272375,-0.012462362627597035
2021-02-17,-0.029161440678433626,0.004444073957889927,-0.0027614735469682072,-0.020267224427576447,-0.003548731833791563,-0.003978578908955477,-0.006625364174073556,-0.014086520372107225,-0.0035744810309000785,-0.01005162292028472,0.03799381146587555,0.005698126126472136,-0.0036363050091503535,-0.0034380592572321733,-0.001837320738743653,-0.0010748230872659192,-0.007177765406891856,-0.014013660059458699,-0.005929731406048244,0.002856424528664414,-0.005460339523736812,0.019761721734691484,-0.0035083712907773013
2021-02-18,-0.10166988533681343,0.010619945576352263,0.010153329364507302,-0.016582705830654576,0.005675503055745157,-0.026409399293017333,-0.017341215195278425,-0.01643067754102079,-0.016740456152488203,0.004837467487133873,-0.0002926374368206197,0.0020338211586725663,-0.013608176116260196,0.0026073600330638325,-0.02954703047543017,-0.00046124519678014675,-0.0913573312256668,0.00649219254207245,-0.008771803433010539,-0.005546561164339603,0.00169041044242757,0.007430000602679954,-0.007783529355102514
2021-02-19,0.10398681475111804,0.0,0.004683093349185707,0.016456745151548713,0.0012173603536389521,0.04308165872095171,0.02873312381341564,0.01380013703896843,0.04916582193868835,-0.008198484986332244,0.09812512328307732,0.011236045580016008,0.02320248105568168,0.0038013143079562717,0.05583661119091765,0.034415239299303346,0.0517179073460976,-0.012029052129785445,0.02725666676797922,0.01055185347492582,0.0027882179539027163,-0.013553405107825878,0.023409229170388457
2021-02-22,0.0020487569565166286,0.0,0.006063427735426785,-0.017672575417424174,-0.026635879596498935,0.02425731690718913,0.026611019061351993,-0.005588357796614707,0.03460836637711262,-0.007401037607671412,0.015737646688085416,0.00759852934871974,0.009193156463056962,0.0007574891059114464,0.026940829919789744,-0.0244990271239498,0.021320554736715902,0.014469447891717113,0.03152992030651869,0.0017901943337643722,-0.016243890019284724,-0.011549327914597174,-0.014539443049126133
2021-02-23,-0.011949556644591741,0.006016576988893574,-0.0080985144247665,0.019905842500645754,-0.017713119760606744,-0.0025604177000888573,-0.0053555352326815076,-0.010230715514637834,-0.005761722828713567,0.022368821049666865,-0.006040288930908799,-0.011667687990207898,0.015586958020552322,0.030150762360809047,0.0007772680498554507,0.023498735533812987,-0.005723969418888308,-0.011306008433327963,0.01653578171981085,-0.0058070836900880884,0.003867710244766176,-0.01699065051345583,0.024692830128832943
2021-02-24,0.040615707954916536,0.003517888096767896,-0.0002659161685332201,0.02719916014256607,-0.0028897632398263706,0.03978619447566678,-0.00043096650839502537,0.043528912979353906,0.025273685881022523,0.023820865909715883,0.0010570998784231733,-0.005542730276270391,0.012557506075858038,-0.015581489203848498,0.04203891029305806,0.035019780614235385,0.0877073705857978,0.004222487037271794,0.03565572801231931,-0.0008238766697789002,0.0142255166641585,-0.02090180391089891,0.04915942886034541
2021-02-25,-0.04611560675287063,-0.006134919905966263,-0.010939674450370696,-0.00886339552435167,0.0,-0.04011524382969078,-0.022624302613307834,-0.026925123711087906,-0.026035771952704012,-0.019566316863693145,-0.058326869988560404,-0.01100243749450902,-0.007677498223652157,-0.02988881741999838,-0.027205682659045105,-0.03239634260286128,-0.041718522248420875,-0.0168187729055298,-0.02411557004991083,0.0010494288022540044,-0.014025989713754239,-0.012990523685344812,-0.033706360208680786
2021-02-26,0.02430272004091294,-0.03527327149649029,-0.018281187053746928,-0.02073530217542996,-0.00836154982031867,-0.029575902956129663,-0.0017686466005898405,0.012527286225365586,-0.03325209683808683,-0.012266358399814381,-0.04960765127472344,-0.00819740182872919,-0.015076450660789664,-0.011052584435499058,-0.012643015497989296,0.0033657864334839527,-0.04483428230309372,-0.0310048294286559,-0.02747533455624862,-0.011604659184762167,-0.0011112982857238718,0.013134217683416827,-0.005479224196843435
2021-03-01,-0.027097487468599746,0.03199279014107126,0.021790289077879166,0.01860619696791832,0.012999046390156144,0.013692963223431054,0.0248059992052716,0.0456483642338561,0.03759908674253665,0.008884247294314473,0.029195222051978442,0.02686144333195828,0.04249776642370762,0.02955741806770762,0.031526028461876354,0.03173337956303568,0.04455764749535751,0.004965188207890936,0.028418873811133283,0.02931399575541427,0.022474644238839936,0.01984314721034619,0.02976220138182062
2021-03-02,0.00503461925731763,0.012399985841835548,0.018415656796725077,-0.0047228429674803785,-0.0017339585175033534,0.0023961903011584518,-0.010590105772479652,-0.007480030807357485,0.019337049444908994,0.0015147703921534195,0.008022937060699897,-0.01437305396589228,0.00985283477603538,0.010020296898269443,0.014670056662702935,-0.031563068006976946,0.016932663284949134,0.03934089693608844,0.004713764168447598,0.0038265513182322852,0.021182096123333105,-0.005995737377846311,-0.017562272120056455
2021-03-03,-0.043715964989884615,0.0034996846001029702,-0.013759326318978471,0.00796527841569139,-0.02026642394591882,0.01977835284021001,-0.009611133560879948,0.02192407403128538,-0.00765198980877535,-0.015221688215246054,-0.005116752647931988,-0.03951870176458827,0.018175275435224014,-0.025432135903953323,-0.0008340813211306086,0.0018124302988076213,0.012187403427351917,-0.016355696101737816,0.007927257163116153,0.0007330473675080107,-0.00816913763896887,-0.023880742069301353,0.007813267428400605
2021-03-04,-0.037346986868135756,-0.017436875009308794,-0.022527981402550967,-0.03491738456018678,-0.013002078319630739,-0.02962496777422241,-0.032862758084808874,-0.02574432056976228,-0.016867316655765685,-0.018001020482769192,-0.06571424918835789,-0.006376659350996294,-0.02198449641989686,-0.00434095313951588,-0.015212039885029616,-0.02218267625955317,-0.06305430285837932,0.0016265867347964313,-0.030497424081683655,-0.016848396162856827,-0.012820294003772381,-0.020275721123680146,-0.025020299078077346
2021-03-05,0.01674779016464023,0.030168753723668784,0.02881892513246087,0.029502197594442725,-0.015449466432617465,0.03492220101346977,0.02257680002251994,0.018854824903370204,0.027941164534957208,0.01632683515314226,0.07094820471864072,0.021621247149893996,0.040345947420422856,0.009045652359439105,0.02635115610633787,0.00021216191362394277,0.016908788674089736,0.023818345648559447,0.04172182947265801,0.005513510198002836,0.034680102214203146,0.024455736067623413,0.008554446606685584
2021-03-08,-0.02217109646799542,0.012919914428854096,0.011598567806998972,0.032549138009289935,0.004622551542490472,0.0522071314250534,0.0013385189283545706,0.015804590239334004,0.008424785463079454,0.017699842658886356,-0.016847696318895045,-0.018621075613476146,0.028624269028836746,0.024390167800323548,0.008063726742126187,0.01306892871100973,0.020951462612105676,-0.006168734917343488,0.05483173151087639,0.02578718212147546,0.024472339730275294,0.018380923177774733,0.010034429166926095
2021-03-09,0.036107700663102094,-0.0008506244652271011,0.00236082149012673,-0.0042065877271189045,0.044436465642152756,-0.02924541090634447,-0.004232106029795624,0.005851080480633097,-0.018600269485363308,0.013658721121234008,-0.016555472792300074,0.0006096467900080782,-0.0163375580208468,0.03413756890126396,-0.01461955189815256,-0.0038910197011394754,0.0026055002354157253,0.015251164438852216,-0.007684407563587903,0.011341768294677701,-0.00020531604874640674,0.026056967853832935,-0.007569626279457231
2021-03-10,0.044796749401317726,0.01531959923950832,0.015363687373879609,-0.01108272383303166,-0.012056822874554562,0.02493209910462646,0.05121926757046613,0.013881435483891202,0.0293928525252245,0.011609499916596322,0.017719965659296122,0.03030986991803397,-0.00310271346531954,0.01257915000716281,0.01614248912636307,0.024218917478150193,0.07407435142697061,0.016244676960100124,0.024293922623957576,0.005928575139043657,0.016499175760433582,8.492345175770133e-05,0.02097493832660624
2021-03-11,0.061615019985216124,-0.016764619037546113,0.003939567078361739,-0.0053813474731380095,-0.019830768856835213,0.024528678804359938,-0.0029786133306788365,0.002607701713190247,0.0035888429387236354,-0.011845034970675128,0.08734789778864815,0.00428713580209239,-0.012999231063675176,0.006512713632949696,0.005509900138730428,-0.0002347712198452756,0.011796622582945782,0.004640719238781843,0.005484923592660618,-0.006177497610434957,-0.01623137150907239,-0.0029739751130724024,0.003443419161711203
2021-03-12,-0.02474092513396542,0.0034101778819983775,0.002090287892536624,0.008422580743793873,0.013288499260535769,-0.025326497909290424,0.0008534761447718253,0.0022109875484135344,0.00031057309932203125,0.001492454519360642,-0.0013342547531524085,-0.007580614303202893,0.0020405223417501173,0.004226135609080028,-0.007032147590584903,0.008950172442206084,-0.007473800354032001,0.009238717237711525,0.02845353799196637,-0.012521812115474873,-0.00527136754535662,0.005866521106676625,5.832148359474765e-05
2021-03-15,0.00985507449761891,-0.000849731902836659,-0.0010980352100858903,0.017810799838351654,0.008979289017903014,0.032886806920501055,-0.0014925253354363122,-0.004541939414256957,-0.02238090322527242,0.005274440707045969,-0.01229299182087118,0.014461232494869858,-0.010551298485495852,0.001862288951810731,-0.010116839081962592,-0.0003493444168702897,0.031325290729437905,0.04119334917266193,-0.0037270217729994393,-0.018073176416116832,-0.0017205831712975295,0.012483567909349125,0.0031985938388476853
2021-03-16,-0.02184722017576357,-0.022109015175147295,0.00567855318017485,-0.018911963120218922,-0.017564649438959523,-0.03871843896258276,-0.014093539975440605,-0.00026053516543278477,0.004451393329748532,-0.011236391116130173,-0.053300736374800484,-0.0008039826157136831,-0.00748398882612622,0.006654192182633523,-0.021090697680348658,-0.017543677572378846,-0.035338745155856,0.006512538308942384,-0.008489251613145843,-0.009202947136857542,-0.0017236664491081521,0.00011146037298725986,-0.022783825327794993
2021-03-17,0.003540259350896635,0.012174076515196308,-0.01398852086711977,0.003323778808178801,-0.004529244045115011,0.02392154920943179,0.023608439627529343,0.02203648231777877,0.04479275164262542,-0.017703738069918984,0.032008849575171805,0.008560321077382582,0.02092368758371488,-0.0045791643257326875,0.031890818188410774,0.0068703316973932615,0.025733828613407006,0.018602191744239382,0.019300412055210714,0.010337415195368127,0.012154568253228915,-0.0065405597114583935,0.00041565586002412225
2021-03-18,-0.021743409633029676,-0.024055130288323068,-0.006059216714157323,0.002428991792486457,-0.010655856942437092,-0.03454476218908831,-0.00634809308435591,-0.00012736297035231825,-0.019542495712211227,0.0017688075890394117,-0.01910798628020982,-0.0012336211185390855,-0.004431187879979426,-0.006121156597424404,-0.005702793175146548,-0.0006174271744647797,-0.011806199108127524,-0.011274948627302717,0.002277942262366217,-0.006598713565387215,0.022107337234449798,-0.0031304224099312217,-0.0034398602539637
2021-03-19,-0.006687661754074425,-0.005281786135282851,0.023677813296805406,-0.011345581880704447,-0.01670093721944521,-0.0037230204028078084,0.0023425361683584445,-0.01620521545502085,-0.012515229934326633,-0.009401116194009518,-0.01214004670541402,-0.0026872840626789296,-0.006305456827174538,0.0045539401256502465,-0.012303330222431241,-0.022749385884289874,-0.005077692550113921,-0.005300366875864215,0.013068133812090599,-0.02216578476588693,-0.01588798698910643,-0.005463923284610317,-0.016542652347225406
2021-03-22,0.004290777463723527,0.009734676402993303,0.012417997545903559,0.005125138949866326,0.037784523822599114,-0.02698751760238305,0.004886411209503505,0.00596637121906296,-0.0062590821070552805,0.002360570459122302,0.0005711068503608807,-7.246213419875858e-05,-0.017730606105484492,0.0046075790444921605,-0.00721195220450721,-0.03083806604822903,-0.028820114615645043,-0.016793329513437816,-0.024817620303367316,-0.004350663298794077,0.003527370581096756,0.019808922535598184,-0.019543907018162554
2021-03-23,-0.037331789931027926,-0.003505555943242533,-0.014812175800189453,-0.02006304188120267,0.011978174119046114,-0.0443780737450048,-0.030655206426696835,-0.028881101579169566,-0.043457644354143454,-0.000768842149364124,-0.0802626014123895,-0.009468557731354577,-0.020710755815936732,-0.00917301487431621,-0.0541507975262524,-0.016903761257803795,-0.05533243570432578,-0.01264561871377834,-0.029331573883017215,-0.01165194149315718,-0.0031769961186469686,0.007914074616853783,-0.022401842462926647
2021-03-24,0.0010920805874807815,-0.005277139675894271,0.012086498280888147,0.0016400311781861188,0.0002343964229742923,-0.0008933621327381625,0.007415058717149314,0.018056415754457822,0.021234738358922423,0.00264546787985509,-0.01832299142263505,0.0031619045469459817,0.012805519420709288,0.007055394262339254,0.01865141576752083,0.01855378443282496,-0.011452663728358292,0.0041583046973143745,0.02903257617486843,0.0074458072103289474,0.004679093900196385,-0.0024658752250842353,0.013509278704084915
2021-03-25,0.01568584957482888,0.02387262445259508,-0.002661795242938969,0.02535308326613528,-0.015231237884242632,0.009832513645892105,0.012773616141203537,0.0065205890978579095,0.01934223731558915,0.0016787486520997152,-0.01581760753913497,0.02764241782014465,0.040996273736004785,0.013381859462168633,0.024674340242589965,0.03407293671893208,0.01853675455411108,-0.00811645246724213,0.04822240370918052,0.030025442467109142,0.028212683993634746,0.020796917596037856,0.03139182473886648
2021-03-26,0.009870485095160975,0.017271153740469947,0.035885512709470824,0.011288864154809897,0.0004757372075978594,0.022350166552747908,0.024155525984917325,0.016714287686894425,0.011859438035223713,0.0216463992014726,0.059466360823180686,0.007962107730738799,0.01417015303259328,0.029336231742694174,0.008791417439960147,0.02403732156074012,0.012349725704780434,0.02705395921064735,0.08898660708335271,0.01293102731177509,0.01627928725387573,0.02679881646951565,0.02868549047484903
2021-03-29,-0.026529365573602304,0.0016977670957658564,-0.011315607672992889,-0.006262208449654971,0.012011033724283138,-0.004978458903521776,-0.0029221223806005225,-0.0047151898135739945,-0.0014063471920230386,0.005625085920392792,-0.026092203082818455,0.005622089734349522,-0.010524474860582722,-0.0014214171874050718,-0.01269311994735789,-0.0015822705767793988,0.004815535409337102,0.010731735568900502,-0.006935691748893191,0.0023610914931986304,0.0045212826994982525,-0.0035703923687701034,0.0032877854339810053
2021-03-30,-0.006966752818559185,-0.005084414711936103,-0.0047888906604992565,0.014740571035994687,-0.006698015531791945,-0.011746664856494116,-0.017375109280147627,0.002816952983908605,0.011111076385074137,0.002191026557813114,0.018068423840099213,-0.011039303747259477,0.00861890809354482,-0.006192112396218419,0.007675130248240958,0.0085997191799847,0.0012779839883452215,-0.0366794238468543,0.02610258323745218,-0.002871021188626588,-0.017554043979902234,-0.013340963255895844,0.0077821439961553995
2021-03-31,0.0049520970590037905,-0.005110993772196926,0.0008180783685660664,-0.008262375834403035,0.002484309623431047,-0.0011006172703219574,-0.006817123276923298,-0.013278800906691979,-0.010369905399578938,-0.004325776452697827,0.007650043828932196,-0.0010018637062430003,-0.016908841511296346,0.003151316406060589,-0.009330401443061964,-0.022727773811234253,0.008615055107112468,0.00651295438032129,-0.0014928476060385165,-0.007161278300139684,-0.016558480435414746,-0.011002126041152915,-0.02020545051137712
2021-04-01,0.03168884312529774,-0.001712131629110769,0.012653588153272999,0.024067872930713552,0.018054963793844747,0.011679303156069798,0.002573957436553753,0.010998708765643128,0.010321997302674024,0.012986584373564591,0.02520478765310452,-0.005444062205863243,0.004068682556622738,0.0024986968959421763,0.01441608007287476,-0.005777165428866082,-0.011072371674698767,0.02555162634568453,-0.004858468683219597,0.008105312993043068,0.011313869235504592,0.015230076694403127,-0.01398507590994158
2021-04-05,-0.003449906428434346,0.019725381764791994,0.016181465906543124,0.015313080760604336,0.006955274330956884,-0.010673463932535543,0.006418719326563016,-0.006399488779894491,-0.00015465316985496802,0.009361382465164825,0.04739341160677801,0.0010806227171316074,0.007552055013638759,0.016236581422331087,-0.012695318594117988,0.030340474202040335,-0.005758183578684961,0.011001552510369494,0.007886636267802283,0.013940993096194454,0.010528890654533107,0.024624594175377768,0.023438878738552216
2021-04-06,0.017773593120596454,0.007569396638753334,-0.0051471206329885,0.007122604715515957,0.012892558462905601,0.004183267646647559,0.014880918068871374,-0.007471364937542746,0.0001546770911573514,0.008908792074363792,-0.009898384372941882,0.013884708496337161,0.009140786853350846,-0.0045194637979762975,0.00556583182876258,0.00014517049779438906,-0.003861160144576603,0.004960810544303307,-0.008321695691320019,0.014549871389419877,6.496557714341655e-05,0.011918566379864659,0.001996690935758938
2021-04-07,-0.06010839284508718,-0.02921528834770848,-0.01919986789910111,-0.008891877670426873,-0.016592641114165585,0.010304880679067763,-0.02073742661368927,-0.018819059851513886,-0.009442642183217664,-0.027939871710482733,-0.029419837824597894,-0.01724283220217082,-0.004710102606976019,-0.009714513140765102,-0.011356360265739829,-0.019967312936382986,-0.005167797563052856,-0.012579763183856008,-0.00037586037758663426,-0.010110584336628703,-0.03646545702094339,-0.02799750391112521,-0.010080531579240937
2021-04-08,0.017188722217717167,-0.0051591640640630265,0.0021948811600214224,0.007187820325576633,0.012712356327467145,-0.012152660047837105,0.0038502862306384333,-0.0031745564400286197,-0.012501877570330722,0.006102523019368755,0.011477085272516563,-0.0008658849742770869,-0.005824461730947639,0.0030210911922881056,-0.005791352982508657,0.013315749015095024,0.007792313339219481,-0.0033866574399015192,-0.0026313914472435584,-0.013110886832430113,0.0005408596054299331,0.0070718317182068,0.008525515199413691
2021-04-09,0.007867772654557514,0.013828916047155193,0.00441523335076921,0.026879141658539663,0.025447788071971233,0.010764252309056976,0.004261706260658471,0.006634893098731887,-0.000791411523700547,0.016067042702668344,-0.009601374552798303,0.013729956085741346,0.005858584834111502,0.009212842635755392,0.01048524388812866,0.012760586264296103,0.013852934867193634,-0.00469250626187423,0.008668574514788974,0.011743851545723327,0.016345899338880976,0.007140602529517093,0.012796910032894626
2021-04-12,0.002647358826899815,-0.0008527148090551329,-0.005204675600771536,-0.002992965150056426,0.0093479086399344,-0.011736173976539921,-0.0006367406845868562,0.004482103594930065,0.010294795441862181,0.0013673183291531554,-0.010869631412348424,0.001497024427139504,0.018201617965166283,0.0022121360037055116,0.012394396859284562,0.0075423496574844595,0.009532864060101787,-0.014631681770096105,0.0029890025306504864,0.009140916373006958,0.006113988449097274,0.009048461582602085,0.010549044848940481
2021-04-13,0.005889876040776176,0.005119547167405258,0.007883126160827425,-0.014755394727577364,0.0006618269293694468,-0.00593848075195047,-0.004882869896341457,-0.00013144923355357108,-0.007524675792564994,-0.008191751479177611,0.0017823801550662655,0.002135391726761693,-0.011798291847212483,0.0030135037452805324,-0.007592197330244521,-0.014799655285873126,0.015108459770567073,0.02705809395824077,-0.027940107448628515,-0.012796728711450767,-0.0021136620289169405,-0.0007374824441161998,-0.009808029822101494
2021-04-14,0.029277161101065596,-0.0033952797681694458,-0.007821468537582699,0.005215902554512208,-0.014213643687120303,0.04469064158467706,0.007467143171204116,0.0049875828327572425,0.014689472453073726,0.002064834084071876,0.07888870850084473,0.0011361913256981993,0.006693052130870347,-0.004331759710626493,0.022664346166839655,0.010829920139207028,0.03348853203103941,-0.006425562350248493,0.009964486276123896,0.0017480448849636065,-0.0013241196018097812,-0.00916826822554917,0.008341131415365188
2021-04-15,-0.015824654054571452,0.012776590914989727,0.015094853393297969,0.019522370504082565,0.012071260121073957,0.0031765045596043873,0.006353386194224209,0.006921781995931964,0.005137176301934554,0.006914396642606624,0.04186159366349118,0.0066692752359163165,0.018329053785883342,0.010244114680562744,0.001495879863149474,0.0021025738937530125,-0.006000606245883722,0.04737237685255935,-0.002023739742851638,0.0144661543804665,0.020547669120422718,0.008194481695262379,0.003848930353591573
2021-04-16,0.010099200962011556,0.00504609637946607,0.001148904088468905,0.0007558892807342232,0.005080150685730311,-0.0012665604337632752,-0.00042072605564125176,-0.0010375689182845482,0.0017036402005794482,0.014779286677975456,0.008194624247673143,0.006836250921662623,0.012352130020134577,0.006910341397491582,0.004201928742078254,0.01043256475715082,0.009960709199373863,0.009725464547756246,0.007604570294549973,0.005804585648820471,0.08728948095702638,0.03803379402112306,0.005264393268823442
2021-04-19,0.03597990981857491,-0.0075312253036462495,-0.010713663318407396,0.0,-0.0012086764183596443,-0.008455048308025459,0.00042090314055931444,-0.0006491103282630917,-0.002009983095494272,-0.012726799699451452,-0.021237530960503737,0.000420066945483466,-0.0033118743687191587,-0.005207343486001381,-0.003254366902487371,-0.0027021605611701194,-0.02181699323430175,-0.008561357461535746,-0.0007547281068637224,0.005414473407113762,0.008183548210996872,-0.004945254055469195,0.006091207029621071
2021-04-20,-0.05701571573495268,0.0,0.0004923864816728241,-0.0028200188402015547,0.01529129081742564,-0.014496056377847233,-0.01178467308606057,-0.023905439646020876,-0.032068220033629635,0.0024056479229841443,-0.03884287899752725,-0.007696725356836409,-0.013466264055428834,-0.009048559076725748,-0.02388084431640125,-0.017140935560893578,-0.015887593721151783,0.015265970169993759,-0.011958541092271235,-0.0021967370136906084,0.0013040023885793062,0.006174558220470194,-0.012617461989407608
2021-04-21,0.030500617945666608,0.006745428190394254,0.014374032982584328,0.006009030527169168,0.006609813341745374,0.03201415268844521,0.028109141277484984,0.03141212346148525,0.03745183105508376,0.014218646137447832,0.0005575288367636322,0.014384600056427832,0.008863695158284557,0.021445471775877634,0.03325693030188703,0.02124144314263754,0.03632398920571012,0.0148846104741307,0.021531018220058318,0.010226481501574236,0.027041309242255895,0.0139204180665502,0.016388762800323864
2021-04-22,0.01796814772634492,-0.02428827917037535,-0.013477548849718524,0.00386483248045999,-0.0022605690260535383,-0.011737647241680804,-0.004142373379768749,-0.025035370503741827,-0.060012143822292585,-0.01093849079388387,-0.0323119226091958,-0.009523289839375226,-0.01809890884326104,-0.011199650083430601,-0.05660372569147243,-0.009575886089688068,-0.00958627997237127,-0.01676159978038283,-0.05100989212761542,-0.010966346200486976,-0.011580531377574088,-0.004539503392146593,-0.00710389089919139
2021-04-23,0.03485228998723633,0.006867106116637212,0.01952678472316105,0.010800164214891383,0.013917423604592027,0.003605590032749406,0.011439247735917313,0.01667751413518892,0.019366503911330435,0.023698779834019357,0.05181344523468967,0.014387134560879034,0.016106032274116444,0.010045123331791972,0.023627699733894447,0.006483986471604197,0.026920554495083238,0.00030447851091919276,0.022867339947113985,0.011656538117595483,0.01801118440305194,0.015533716361034733,0.0026122321586254937
2021-04-26,0.0579296213553786,0.0008527148090551329,-0.0004133480623784713,-0.006776886588042763,-0.011491796626517559,0.02430258548261821,0.004934971444027214,0.0015623173721595052,0.0014490803583324663,0.00013209958640647557,0.06869168752049193,-0.00027689074569592353,0.0024659476630455313,-0.007133159987280924,0.005075933449409931,0.018955467424584205,0.024447333177115782,-0.006694997876480313,0.03559031929232925,0.005761771224360057,-0.008702872198217082,-0.01598983013241051,0.016480778684583974
2021-04-27,-0.004807357459591599,-0.005962811884777319,-0.0013440266378645926,0.017182091446103165,0.0,0.01072824508786585,0.005934324916090139,0.0019497846714553457,0.0072346708326445075,-0.037035532233637314,-0.009218967952616897,-0.013218078137351208,0.0029863362433117935,0.0023831050300391343,-0.00028600609023499146,0.00036392007534491455,0.02213952912211692,-0.01639095823386738,0.0011169492335925124,0.011316529648989215,-0.005198419773531415,-0.00018564311544111423,0.007688482943526642
2021-04-28,-0.002061780366707233,0.0017137700166693914,-0.0006900858447341784,0.035105753771839554,-0.016684816609784492,0.011635184384599206,0.0006101179805662049,-0.00038914557737412814,0.010534695870906274,0.016757821787396265,0.01705881076354432,0.008345648469176181,0.00998444386503028,-0.010578721351397036,0.013821269139977277,-0.0067957058046073104,0.01715912171648659,-0.00015573729683593385,0.01102979043745922,0.004144268029659948,0.0018576087222808013,-0.0019666836603486892,-0.010063004507625206
2021-04-29,-0.010507823360422552,0.017108722180294356,0.00935773312442656,0.015703982920500792,0.02222208679152149,0.0014124588191408716,0.007521982859975962,0.01129136587770474,0.011846325270079117,0.012068247417381661,-0.024142304511628465,0.0024341827260321303,0.007630809007733275,0.007662031491828758,0.010624563790835984,0.010980837884166261,0.0038714404861193152,-0.029439349945864834,0.010174178479702478,0.03191862504384435,0.003709120817784628,0.01665690961409738,0.014745456191863848
2021-04-30,0.0032814160659548897,-0.011774841055442131,-0.013068614436327786,-0.0026080298345144692,0.0027844683496982547,-0.020149263657153083,-0.016142037517600127,-0.010395306980457986,-0.02435212571702372,-0.002803175892039933,-0.01796894257628756,-0.013598760615588179,-0.0017211210108308839,-0.01209646443732415,-0.034887116130963514,-0.016570780510963057,-0.030853980888714716,0.0016049330845584464,-0.001820394365700695,-0.01573230527406233,-0.011259245932736528,0.0015726344951252358,-0.018934582588231996
2021-05-03,-0.012963163480908313,0.0034044593051862915,0.0059275825491245104,-0.00214746620264894,-0.004058132496648992,0.02015241591091721,0.019893515900901715,0.015173046859145556,0.03280011660574056,0.012627280723186196,0.02651854407107379,0.013715967650490102,0.016207049792503536,0.010005639912683106,0.03981121543292665,0.0040780918199117,-0.004263959254098948,0.03284723163014758,0.041818408748370395,0.012326575096375914,0.010336420479711395,0.014751593779126049,0.008078889038052317
2021-05-04,-0.02337508160413715,0.05428331262953989,0.0002756898555664744,0.004632276012963121,0.0041819446600122046,0.00020140363907250602,0.001206330930193289,0.0155854457715634,0.025871432646726422,0.0089885802716263,0.013174647295093989,0.00957542919757648,0.024431354614629086,-0.019743906300182856,0.013349497025179069,0.053220910185534986,-0.01998268172093831,-0.006825865488095606,0.04620801174749922,0.01612336390880631,0.03317711258399503,0.020114144401433887,0.053038816281995915
2021-05-05,0.031089971572749286,-0.012067434828393342,0.007992502631486209,0.005682390885054955,-0.008328970239665168,0.00927056287676753,-0.04237790445125933,0.017861372919803165,0.027937188091763376,-0.00458528923201873,0.059153813177213355,-0.005704606593551764,0.0056310972900630585,0.030424231566299254,0.024974712050802372,0.002677882699134715,0.01689481820456762,0.012808428820074047,0.03535563530576247,0.001909857314079444,0.0016223252442923997,-0.0007758841370476555,0.0015329839247741894
2021-05-06,-0.08555148253233602,0.01710075493080576,0.0036230018584100243,0.020517021017451453,-0.024873416226207867,0.04173323892034708,0.015310485180468847,0.005931863259732495,0.01425002085690008,0.002456761968150145,0.012758461739454052,0.012718863511209655,0.016798358870943275,0.016425856559388663,0.01865413781882852,-0.004994278390509921,0.01575492319752625,0.03161663423336325,0.030809138978571182,0.007031587614061419,0.005864724912362673,0.007448477703790424,0.009023568536385751
2021-05-07,0.06457275307413712,-0.0032025135067794697,-0.010556913188155992,0.0050374660247858305,0.001545926912011053,0.056162398381465195,0.009295560086567622,0.0178133717995812,0.0,-0.0003065018292470745,0.04516290960573821,-0.0004096616451036983,-0.0016196490724341706,0.00853607751546881,-0.0006132905722829873,0.01535316030803413,0.04342906964368254,0.006577824578032354,0.03208275262248139,-0.0005219727642233885,-0.00033417320871820255,0.006447217172151687,0.0026150386482302057
2021-05-10,-0.019911548115435496,0.0,0.010256558246066971,0.0005415924884393242,-0.00915112030816656,-0.008166984465669436,-0.03827269545038203,-0.014122234540922318,-0.0044903766306088055,-0.015190647101155141,-0.027973529462175795,-0.025537656464987624,0.007138183431342648,0.006958359287031701,-0.0054358031341864566,-0.007639738926350836,-0.040270236218858724,0.015149033396169242,0.025719099971478032,0.00914045644849204,-0.0012257429940124576,0.004943827698246972,-0.004955414738352926
2021-05-11,0.0063959023890654,-0.00401596306601093,0.02456282208968541,-0.01435152750677815,0.0081230422212899,-0.005123385260280777,0.0021282183057607096,0.014079516230871114,-0.0023277720272031344,0.001511564948711186,0.048198587957224204,-0.028239274837424833,0.00966500185121788,-0.007973654835570443,-0.008022046305021013,0.00466178433419806,-0.008166761777616105,0.006291276712081739,0.006712479481023381,0.0018766256590914132,-0.0015619424518117375,-0.009734956992214716,0.0035646947471059676
2021-05-12,-0.03675996672819348,-0.020161344250751445,-0.025204384338923136,-0.015796515576858572,-0.030573876589387594,-0.008092787776217358,-0.04056066674682457,-0.030423674122511457,-0.014146113199972166,-0.034886673850587635,-0.0457591368290613,-0.024444663134678857,-0.027760072020718507,-0.015504896839560911,-0.021949291492120437,-0.024314515251502078,0.0008515786958900318,-0.013376030988813903,-0.05873688219531381,-0.021246563165877586,-0.028716534620162326,-0.02099089569887269,-0.0171332956612672
2021-05-13,0.019986945090226582,0.018929793529340655,0.022581308601762995,0.025540976943130733,0.007172902368828948,-0.006675300434618614,0.019311729027915447,0.01631171959447264,0.007100653661313183,0.018579763723459264,-0.018245550565591406,0.024835586220166794,0.025927238991585666,0.013504136690406066,0.004360921649535721,0.01766434173314302,-0.016169895090657804,0.015620292464268548,0.05010946538777783,0.0230270582091332,0.02410098516255821,0.021333972361277764,0.010044440694031875
2021-05-14,0.038810301686483584,-0.0008074598769668428,0.004236620814139114,-0.006260450706988552,0.007234730779998699,0.02008622441712893,0.008710864778370908,0.019848215204345765,0.02570501385642454,0.011648772664108353,0.007624409117320541,0.018464012202517255,0.002079233711759887,0.010807349257932142,0.03193422338712093,0.009346644480110688,0.052191570138692134,0.02655282304830031,0.01696420683443245,-0.005159599373364854,0.005954021963742395,0.000979344270017224,0.005945963084801109
2021-05-17,-0.036749937211476236,-0.006467322045873081,0.0019930563147618763,0.008673297775215083,-0.005274926617167441,0.004968761398265631,-0.0021591498056869884,0.024747541946421592,0.015466101601697035,-0.010800667376142825,0.0446913512092153,0.010905688487464094,0.02314448506824318,-0.0009629202554642946,0.012360802628373913,-0.005079797045312362,0.015620817760471528,0.04593608155349971,0.03716733120719007,0.005705144869883272,0.004801723390303048,-0.006501471948935689,0.010095235490454657
2021-05-18,0.009886682122953738,-0.008136653773497593,-0.0066965480270090305,-0.022175946920246714,-0.017826930047587286,-0.0007323605730411575,-0.009519488889971561,-0.002227534637096129,-0.019461395676121596,-0.016738923847962606,-0.012449234123272479,-0.005113993917915782,-0.010608279624289785,-0.009571932211080214,-0.018877685515009457,-0.009307205352767967,-0.0159203254816932,0.00513496011600556,-0.026806102938670695,-0.018822874733139594,-0.015558967382894862,-0.003729272437183906,-0.01579424081383851
2021-05-19,-0.01487290036172173,-0.014766385884929623,-0.004539011802638271,-0.00018514667601399193,-0.014129750566206689,-0.029686754546650373,-0.020969796680557873,-0.010221905076343574,-0.014094413236044101,-0.02110774840495655,-0.06669712660516658,-0.0007041083589476305,-0.008041759010734784,-0.006476832862823856,-0.025860570480690903,-0.023647857128754945,-0.031532842714288245,-0.009679680673734703,-0.018749326988345638,-0.009460609882885662,-0.004572246757315601,-0.006709788867996891,-0.02688635526780414
2021-05-20,0.00643386733508633,-0.0016651706084493956,-0.00405697518387671,0.004490424260558568,0.017012191428174894,-0.01643028996315088,-0.015394958667178993,-0.0018994937752604413,-0.004230542254625824,0.004828290320971984,0.012279203027147467,-0.017897423407095436,-0.0006358106875715697,0.006958168254294295,-0.00516438000137065,-0.004893627583372306,-0.010475690007401783,0.002579572376205208,-0.003939807204936585,-0.009152956738434637,0.0064076203823904,0.006661320135751936,-0.0011892138638702754
2021-05-21,0.010063692134514968,-0.0008339740132398132,0.003804479902744795,-0.0017051309143628623,-0.005728520650580604,0.004800122568858534,0.01291625535129115,0.0004757972351294715,0.008350295613668068,-0.0005599188178050385,-0.00849118716641728,0.008322637629729623,0.0104978771478077,0.0014759826098080797,0.006375258737123968,0.001602630490847412,0.014592435936819692,-0.004333060105533915,0.009888272679167365,0.0051541187715602454,0.005465366023299056,0.0019109051105814512,-0.0014075786256195766
2021-05-24,6.264768862074277e-05,-0.003338847209588325,0.004627668306451671,0.010109856125835703,0.003802305044245502,0.013376624815265581,0.010067177107962788,0.013552208766911322,0.010460907390663854,0.004947840044866814,0.017127509121710238,0.009392030591313771,0.013694286800806976,0.00904272124977279,0.009954487074535834,0.010812288710242646,0.006768402595023204,0.007479918280450137,0.012043570972047668,0.008923919124774304,0.006276479674070412,0.006498855462896191,0.001084199226490501
2021-05-25,-0.009837308246268495,-0.008628103222969141,0.004940478499395384,-0.008409093249440613,-0.014234309524333133,-0.02338314104121153,-0.012181493700372359,-0.021815791491035186,-0.007333095469248763,-0.0017183782066030329,-0.021409561667177557,-0.0016916798607926609,-0.012733110683504023,-6.613788373610596e-05,-0.015322286413878672,-0.011433667114635337,-0.026050804880360823,-0.011879279631982431,-0.03202393113227875,-0.015247829831727344,-0.0026173193778374904,0.0021756116837947648,-0.012183729245473618
2021-05-26,0.026452124637978525,0.005119506782641725,-0.012124175521163516,-0.0011980570690249825,-0.042273261105476356,0.003862013726794178,0.004035862753883679,0.0017987671235093483,0.007676681608628888,0.0006048445938282576,0.015732472949822274,0.0005650759176769604,0.004487435736601153,-0.004912972723412956,0.009555005491428403,0.016258670618576998,0.01955740930541161,-0.00013661055111535703,0.007996008759874496,-0.003082940038666271,-0.001954447387679914,0.00017509154218231515,0.008277316222790043
2021-05-27,0.03921093449982305,0.008488995567662139,0.0029588924175354414,0.00890585014680001,0.004985320194180298,0.01615674325888916,0.008932623536973328,0.01765763790402719,-0.0030491197925376357,0.005440310801876125,0.030735528227860964,0.008044875014754815,0.0069455231261230654,0.0033692890150844867,0.023616355490360785,0.007143718875275429,0.0152329110945717,-0.001366231328835954,0.001982981272525608,0.00443757440853898,0.01141274091481237,0.00045506871279954453,0.010732202909757849
2021-05-28,-0.008780210135022948,-0.006734047944902621,0.004626622922183632,0.008644120445344017,-0.004121178741913201,0.006435733712128355,0.007082669793599061,-0.0015344836791243432,-0.0034958196570805677,-0.005318386145100162,0.0030524138111434063,-0.008190734426254065,-0.0108166174484996,-0.0005989434589285247,-0.008277671467467385,-0.017746412418938484,0.004167273445095487,0.005335890320970815,0.01474528433413691,-0.004953692076655414,-0.005918563349220807,-0.00783844404377998,-0.01191154749016543
2021-06-01,0.026035241554743793,0.007627113245019634,0.009610952631401659,0.012326547368119334,0.0007302881385569115,0.03799142194607441,0.010329995781792833,0.009930002701371343,0.029085106638352398,0.00013943592118881298,0.03487839197213294,0.0045174015239775045,0.0115689187441399,0.005522682704651061,0.03773755030667747,0.00011007660291473265,0.03901492008862295,0.006396350122550576,0.07996854216045923,0.007668924501633034,0.005731103525277392,-0.002433096613332131,0.0016363328197681604
2021-06-02,-0.006241833462369617,-0.002522988252343761,0.01031271166657266,-0.01428818691772371,-0.0049868262387450235,-0.012320987785900739,-0.0067439460041880395,-0.00936411809414095,-0.02073546840067364,-0.0006973830361483024,-0.019678887574148707,0.009556447229033926,-0.009399900631626101,-0.004382458157951241,-0.008556571172002148,-0.018724742583430154,-0.004669658840340318,-0.0095370372990492,-0.051562115599155356,-0.022364373919260272,-0.0022681841288356708,-0.0015205627179241121,-0.017046204797751985
2021-06-03,-0.012854732642405109,0.006745069597078102,-0.005071055328591867,-0.0005925695673233422,0.019068927599329433,0.009355957554484817,0.007008479944326629,0.008743779458824763,0.024075573073012446,-0.005163889953940126,-0.03391797015170239,-0.0066817144841765375,0.015182442868793444,-0.005201857984360347,0.01717443036048638,0.007509297088282851,0.0024130462423488375,-0.022558336611260166,0.01942307319054537,-0.002458313277536428,0.003604366604295972,0.0005663072879182884,0.013851328957537712
2021-06-04,0.03193160352184998,0.017588040443993203,0.0021372850416587763,0.00488037753656223,-0.009955859994922434,0.006179412520040506,-0.00043497046703244724,0.0023428123589079863,-0.0033991335285786795,0.007528850083590832,-0.00334368953312969,0.0020322321383627884,0.007166222045797088,0.005161952001831116,-0.004540267736547254,-0.021665099298225687,-0.036105917068582016,0.005488424916639367,0.015970786990088026,0.004654659788562832,0.007403790481010253,0.002229188522843595,-0.01852551731776797
2021-06-07,-0.015903871445537288,-0.0041151603363249745,-0.0096798078650836,-0.0177015430397649,-0.014296048025042252,0.0034322583625592262,-0.0006526518183768149,-0.007011930712611525,-0.016058158489779872,-0.01160319427188472,-0.011262657705720769,0.0012584761447376192,-0.014230386716112653,-0.02761266309203081,-0.030464922919555937,0.005685493886120607,-0.0033295601181977386,0.0008398021436539782,-0.01296175394897614,-0.016625596039748114,-0.01288887224142643,-0.008438835248463894,-0.009131453367482556
2021-06-08,0.03062424402767605,-0.001652882292692226,-0.007256348959513659,0.008548007535575275,-0.009464151745442018,0.00018016458510583533,-0.0006532537749018852,-0.0014121940990946547,0.0020218356196977094,-0.0026295753666225608,0.0029083910426956905,0.011384333955327897,0.0065901917227970674,0.0031551221573222765,0.009763926493572717,0.02300934580938052,-0.0038979624083370634,-0.0220950591508714,0.02440152273631324,-0.00034658159686262735,-0.005056168877100364,0.0006765139820104071,0.005844011818903816
2021-06-09,-0.009317825415967929,-0.0008278503600289699,-0.007576111207488911,-0.0006871285621610213,0.0038467969875832786,-0.0010800256174281486,-0.008932435957525464,-0.008014093436422898,-0.007783002962556296,0.0016948764221429435,-0.01643308872721705,0.015744868098245934,-0.013561804962353707,-0.006906151922572379,-0.015031558387676447,-0.007764354218353531,-0.023197012191373934,0.0008581826610829513,-0.021911054357171333,-0.008872121420410828,-0.010945428077486774,-0.014377189954376979,-0.0021230663915310366
2021-06-10,-0.03563629587808126,0.0,0.004204082210511162,-0.004722290493029968,-0.005438923181700361,-0.03171180445315258,-0.02044434863567879,-0.016157675998009213,-0.01234745086678768,0.0037602303569472806,-0.013759138047962138,0.004486899227413188,-0.0071114414478375965,-0.0005164904143597493,-0.014814793970566953,-0.025201910109351577,-0.014592444538025995,0.015287809474054948,-0.01180536679974764,-0.0025879861751576527,0.001580991559903433,0.0032496212028889637,-0.030903533995553012
2021-06-11,0.014304527614816598,0.014084460872026527,0.006195541130544768,0.010410595453752114,0.013298401794761272,0.001116602824343671,-0.00044856016533967313,-0.003381446826497103,0.00014702931810828268,0.004401425843646889,0.017688071342479628,0.00020326021308370024,0.013051176662797204,0.003065672079057169,-0.002898739145486995,0.007513007906220892,0.0043554925380830944,-0.010554457596937628,0.0026339494250346984,0.008624678502759275,0.0007891999806828309,-0.00403090750052304,0.006585646445066207
2021-06-14,-0.010812122891424747,-0.007352936422709844,-0.004426805721949534,-0.02639629776415975,-0.0050286303557749434,-0.020632052241002397,-0.013022055543132738,-0.011874404962536111,-0.015293944959928085,-0.00364433266775821,-0.03353734041475864,-6.766050050011074e-05,-0.02120966981245198,-0.0010645585811556169,-0.01408204034847671,-0.015226316889671354,-0.04220856871727796,-0.006826846825295663,-0.03640118265903158,-0.02793155914198442,-0.01211071054394497,-0.010768390586409549,-0.014405062535250424
2021-06-15,-0.013722205302960533,-0.011522725744391615,0.006552433600707452,0.0051976945777898464,0.003574743716343143,0.015183214138425827,0.007961852581384932,0.00012279671580595064,0.00388285172365177,0.00787836214912474,-0.04761902785810801,-0.0036546265166622627,0.014285644283610788,0.0,0.0025802914585180137,-0.002994281515824815,-0.0021128850361471496,-0.010740365272662866,-0.007691538142901688,0.007777637983943153,0.005530905237933759,-0.007816772825565588,0.0019213988524784398
2021-06-16,-0.004517159402621207,-0.015820177648993572,-0.003454279132285243,-0.0166765877222389,-0.011300880665020996,-0.020751545472815325,-0.013766512902946726,-0.016797434605386852,-0.0242488251669728,-0.020891627804936475,-0.014361727158883286,0.0002721296900520809,-0.015192378471479917,-0.004640754324183094,-0.016544254869964914,-0.009472319795813089,-0.012401830734984243,-0.00912006469889548,-0.01942704442622456,-0.00943250495440906,-0.00924318651923517,-0.011560411095469347,-0.009763883524662509
2021-06-17,-0.008530970988976927,-0.02368852054993764,-0.003166044199155116,-0.011937945775016723,-0.006833134789551165,-0.04543724221483303,-0.004348274565091792,-0.030053751734271605,-0.03125487388906245,-0.0037540333896786127,-0.05153819280622418,-0.009914070196791247,-0.032138777852907086,-0.008011971677590712,-0.042803845287007425,-0.01886353609331126,-0.0704441540486963,-0.06983192325714749,-0.046927885846963835,-0.03469918248049486,-0.02037531154847283,0.0027935114461519195,-0.02541392984811519
2021-06-18,-0.03600410129276099,-0.01559790972992181,-0.021365041288484043,-0.014767638471827271,-0.009381703699644861,-0.023999935893326496,-0.01838634455118182,-0.017356789785823556,-0.024551388158900345,-0.022085537792324916,-0.005405357535712585,-0.006515374136696228,-0.01660298869171073,-0.018172819272523788,-0.020210830171001115,-0.003565810516851009,-0.014167987817900629,-0.01649123715408074,-0.023412441150899244,-0.00792157358690504,-0.01776103229812309,-0.003974206780672063,-0.0012648033054089014
2021-06-21,0.02177618020982064,0.009683169339306463,0.013187863884603912,0.021363687979179202,0.00972318153058871,0.05368830486863474,0.01638965233652767,0.011644673887752699,0.018231729788873663,0.023315843860444385,0.02345553870039696,0.024506498432874224,0.0305588444162761,0.022374112145091773,0.024414458114332627,0.020607121009485807,0.030748656185169754,0.012935293118020219,0.030530959946253766,0.019435011406228275,0.02093753466483439,0.018421916487049383,0.018692833217974547
2021-06-22,0.0010534902369314647,0.006102795793843319,0.004889260754473046,0.0007622790097721044,0.021511064596968943,-0.0017500593314212498,0.0018427950691590755,-0.006207924036615298,0.006179706689842801,0.0015728737408975402,0.019843350345571498,0.004649111629977387,0.000327835045874858,0.007006261146324633,0.001654054400505034,0.0072174609394966005,0.007782278291823541,-0.00804045903080719,-0.0018775942514345223,-7.395592945258489e-05,-0.0007576903185910755,0.0013181266903434796,0.005682536779645364
2021-06-23,0.012934441869974167,-0.004332686034765554,-0.024093345244455056,-0.00676055200466974,-0.0023264022847007126,-0.004675698417244467,0.0018395910048685238,-0.007938462028268645,-0.005511651048512589,-0.009756063857146668,0.01890938136048015,-0.004359351357507424,-0.0044220311612039875,-0.019252980345288218,0.00359312431287262,0.01491148525891206,-0.0028959652865996333,-0.004132287128742029,0.003030952583249258,-0.00532084317824677,-0.01061153722409125,-0.007642956059408013,0.002531090604147801
2021-06-24,0.014052795461219292,0.002611164983684411,-0.003094402113289929,-0.0038348164370397564,0.006626833460695369,-0.005480398579296164,0.01790226752175683,0.0022298808620113686,-0.0006335935591638142,0.0008169709155874116,0.009145048059037597,0.005010631476876082,-0.00016429868982881235,0.0012993859874803615,-0.00841864538045034,0.02606890755757396,0.007744471497660221,-0.005745169120370153,0.01990206044911713,-0.005943308404894321,-0.001001756611985094,-0.00475355682670231,0.032700800777417216
2021-06-25,0.004820174720113535,0.0078122350266640606,-0.004794369275573085,0.0040902733301821925,0.009508491022808041,0.010234149069295206,-0.004284182238300738,0.0018327524133938677,0.0028521352458950044,-0.0036497419013702403,-0.007463242979773521,0.003638561699346843,-0.0016454333824245104,-7.032606588519563e-05,-0.005367760396434829,0.0008635812128983122,-0.0009605936322706343,0.006099485713223718,-0.012157727171313581,0.010911585817931835,-0.013626741181031798,0.014477089974021418,0.00972167690831749
2021-06-28,0.013671462521209987,-0.005167926734156891,0.0017677164727711858,0.003498104821681114,-0.01135111327694982,-0.04578226792008522,0.004075984025776025,0.007577423273924522,-0.006161971266934518,0.003663111312215861,-0.013426009840600606,-0.001140938535875602,0.0004943765091334207,0.01606408580199581,-0.002256557811105897,-0.0031174394920294723,-0.02467958612173793,-0.00047865241261546565,-0.01634066929840916,0.0024398481602077027,0.0073559646208862794,-0.0054746669089161815,-0.0034908336393071338
2021-06-29,-0.008932504759510018,-0.007791945305739012,-0.002629232323500985,0.0014805814478300316,-0.002931699194686055,0.004287387499263495,-0.0013529942529143524,0.00012993768655666926,0.0012716595765942529,-0.0007204824141404664,0.014425549358270562,-0.0002020826120285868,-0.0003294494171947049,0.002347567051450783,0.005506872283651543,-0.016278117875127784,0.012159187041014707,-0.0011173199332062955,-0.0007921732690939765,-0.0038350739533375977,0.0007125304963961909,0.0010643059152162238,-0.016328597324293592
2021-06-30,0.005491489626364698,0.0,0.003103139893398499,0.0025272959068869394,-0.007472635858620791,0.045944278948744754,0.0015808445315137476,0.0036301145098098786,0.004763612673368334,-0.01018774653384602,-0.004293114257941877,0.00430254327148849,0.010215794672377765,-0.0043740585065868975,0.006063567935056469,-0.001447312907654985,0.036038933095860815,0.01278375497786488,0.013737720763552064,0.002591345620427621,0.007178329114947202,-0.0012098959543429544,-0.00017216194371194593
2021-07-01,0.021191961311866736,0.008725601744654199,0.0038933479050404785,0.00014264270609398721,0.01690940420124165,0.018853199874405924,0.006087828147176566,0.01537253116501791,0.0034765244080483537,0.015584850495924396,-0.0005391600140832731,-6.716371710879798e-05,0.0027727908980226257,0.006019162947614953,0.00563828478443118,0.0019895575776547325,-0.0037604936880891726,-0.008204520843055674,0.007505662828738879,0.008270246522839697,0.001295921678899692,0.010607750999672705,-0.0013789036605427185
2021-07-02,-0.00802200448169721,-0.0017300077276188874,0.006821314446003868,-0.0017595406109004452,-0.006796962023307596,-0.01583345530240199,-0.0026893694208314223,0.002417455547659486,0.0001575852259461108,0.007744561864574173,0.0013482406558220639,0.004016426428303133,-0.002602255249262053,0.0031632621333672617,0.001546548752702881,-0.008283630566385813,-0.011009868453976446,0.007954133707228639,-0.0013454168883448858,0.0008059176605466067,0.003941644584126047,-0.0004358398131245611,-0.016395157554117135
2021-07-06,-0.012247079285331974,-0.008665714933482227,-0.01392889106527706,-0.016103046078023597,0.002933032796258228,-0.03392140952554379,-0.00921336655926186,-0.021703265137296368,-0.024878020396488676,-0.006261961849262199,-0.03069472636653514,-0.013867632936349628,-0.015329755314526183,-0.01117390584159439,-0.03397373762113631,-0.003003243701550584,-0.036577600530192766,0.00836501959484548,-0.04113124022762671,-0.006805704376848132,-0.00966852303612964,-0.006249606224706827,0.0002924516126570076
2021-07-07,0.008780169704859953,0.009615629877451903,0.01419541652400147,0.014478029017909178,0.009138213247347204,0.005016116603993259,-0.01610356070467589,0.008692118194601584,0.005167128269788934,0.008354049432335309,0.005833401502699287,0.00601714106514728,0.017224749830793584,0.013968717260020469,0.0030974294398968816,0.021518387857657473,0.008913778561861374,-0.004069687053190885,0.03392754456584246,0.013999456956648615,0.01946627686079161,0.014296059860152033,0.01993782452824222
2021-07-08,-0.012526233810460585,-0.013852813482070236,-0.011795963678029708,-0.0096893355780161,0.029823989264208484,-0.008784193217531988,-0.011064976035374041,-0.014533556687578941,-0.013494169774030396,-0.006627686712972758,-0.0419775457813929,-0.006720586162242137,-0.0014656742859694427,-0.018938031211764295,-0.013844711384144115,-0.01342548173323932,0.0062172581270476535,-0.013672636253397874,-0.020796389647133817,-0.010826946366957024,-0.019326864653232856,-0.015572350091811016,-0.009000364447041886
2021-07-09,0.045262101022573775,0.010535492087047738,0.01499936948593783,0.01383255648683046,-0.00586236609706392,0.020342306432636015,0.012820570708282242,0.02427550832264802,0.027194392856948246,0.01396350869931573,0.05217670463092117,-0.0006765467683320647,0.014838038925876429,0.01993083756417624,0.03757206359023302,0.018960317750877476,0.03382132792436687,0.019438975996773245,0.037033080511341465,0.01836493418121843,0.014440459048290721,0.01146163123554289,0.011916486032274909
2021-07-12,0.06825814499343097,0.0,-0.002126070258689494,0.0003805270558721041,-0.0003540108572325229,-0.0011842370850216888,0.00805502695705318,0.011977644767055429,0.002219435984564644,0.0030551311054287655,0.0008217509613184237,0.005958114788584767,-0.00016104323315957458,-0.0006493414909399808,-0.004672481762207692,-0.007459825207377313,0.0022018790125000187,-0.01234757634824224,0.00607225782137899,0.0020194953206893462,0.003908991305966891,0.006335504701129757,-0.0010860041432044776
2021-07-13,-0.01402726460869308,0.00434397899090988,-0.0075243466572042506,-0.010502136513833915,-0.005309150897416681,-0.016403292872995134,-0.01712324191939152,-0.004280968923371153,-0.008225272064224187,-0.0030926136307805052,-0.0218998513474149,-0.021065859667737774,-0.01269486712610901,-0.009571941331998235,-0.0021515543209513766,-0.009092339159271656,-0.017890782230814528,0.002848595790956976,-0.025163974721698623,-0.010222180497189148,-0.012436371906853982,0.00028750376068265027,-0.006924714567320689
2021-07-14,-0.012658235609826152,-0.0017300077276188874,-0.002492483608797502,-0.0008164185382799616,0.0033213300829242343,-0.003616584337395312,-0.008826733936899367,0.0054375340961347884,-0.006060601160667978,0.004700358139494432,-0.03183300391518873,-0.005087752039770965,0.00016297459103564726,0.004728915471894135,-0.0059787108661112365,0.01045410289245452,-0.006711261374010458,-0.00015781354528376923,-0.0023084766365262244,-0.0024002745596168884,0.000882826680948412,-0.004027922881851276,0.014003577035534454
2021-07-15,0.01813464998015779,0.002599680193649645,-0.0001390942454200239,-0.0008654291161906968,0.0041374120065713615,-0.011090866301916247,-0.00585908924414702,0.0005031130542876294,-0.00657901907778069,0.003929669244285838,-0.0037655545357153652,-0.0049064114615585686,-0.025386442690397915,0.0032980937106148467,-0.004140962315173913,0.0026145762314764287,-0.017696405083745148,0.0020518301588483556,0.003575916309106697,-0.003208130779884133,0.008172136035049515,0.007907858448051419,0.003978084100158874
2021-07-16,-0.02782099650004599,-0.011236184640469826,-0.008885670668985601,-0.022033003175773613,0.009536412346622836,-0.03833615060428197,-0.014379874625477074,-0.04198636482108631,-0.030689770002973127,0.003215575965229034,-0.03460318648817773,-0.004027761939346286,-0.012690230268529112,-0.006779585717164194,-0.04811894161494645,-0.014412931849717592,-0.030789459266969854,-0.0277210152084707,-0.035422204162709914,-0.01316547619555719,-0.007464493574081854,0.011787347940128257,-0.007415281712261801
2021-07-19,-0.01428079086854006,-0.01660816282309807,-0.012047513704874113,-0.021890005495074583,-0.023323955527854157,-0.025233189909254716,-0.021047535323421074,-0.04461347458562814,-0.03699364914226844,-0.022947005871568837,-0.024096203102003444,-0.023079231192385308,-0.022999888740609986,-0.018616203555502753,-0.04004590607846148,-0.03342912806764786,-0.02703602648086645,-0.016847574824617295,-0.021729854182792496,-0.02023415403891471,-0.02614594389541225,0.0018409801432206496,-0.0262332063965125
2021-07-20,0.051493779819900665,0.0008888394161110647,0.013647723964340663,0.009605995198519901,0.008000097578825471,0.021318271142795497,0.019545507786849825,0.012361257199348774,0.014362264643488887,0.01835134386894066,0.01697527944064192,0.026265390422112622,0.008308733034248617,0.02002317373870066,0.029364065831791963,0.021339879743938805,0.03160799567785055,-0.004119196453049256,0.016437151132326244,0.0029501180702691254,-0.04380057654239988,-0.005973010581420635,0.021024689218476
2021-07-21,0.015861117522534718,0.008881027906769479,0.0026925643116613163,0.011656267694681421,-0.020374418048363707,0.020234426287105256,0.011502289394823784,0.015737059784670215,0.018935506444028638,0.001260648108681428,0.051592970943108885,0.008275608209598495,0.0037767271049566897,0.013190104093204313,0.021894578927207364,0.015908379911002468,0.02525255047806474,-0.0013234926489162913,0.015078799938579968,0.0018102916272710878,0.008076290681129583,0.0020976496881792706,0.011529100852598173
2021-07-22,0.013352802747806036,0.0008804068592498382,0.00606849725898817,-0.010881864618236703,-0.011728973389470987,-0.014196320604860202,0.0014217471188850972,-0.005743380987030977,0.012556637391354819,0.0021910968601397407,0.004329186117492334,0.007380578811574834,-0.010432592006021646,0.0034669229049004713,-0.011124605436575563,-0.005021197721563508,-0.0098520710205392,-0.0024851759954724884,0.010225794415143152,-0.009787705391638646,0.0045690039844203945,-0.0009932762575983745,-0.0017011876557847527
2021-07-23,-0.012502365835793783,-0.006156730993249537,0.006344507786670395,0.006819984682217672,-0.02116729334059131,0.0019061698992510756,-0.003312318243756218,-0.0029553159799143858,-0.006117776629489757,0.013725129375727452,0.011206942316645652,0.015610807338620747,0.0038024475447608896,0.01216011854911403,0.006145630014567027,0.01565274013940554,-0.00995031403129476,-0.0016607403964844503,0.005114820993086688,0.016043309918520876,0.015077940130943768,0.015698687378564946,0.011871854709919472
2021-07-26,0.023587832957223887,0.016814275103610443,-0.004030684084836644,0.015080083728512994,0.01462491272318478,0.007820455840984675,0.005222109683269194,0.0057934084562139,0.03160869013389056,0.005736457293798125,0.04148892614662891,0.003168761056074887,0.0061980913571964,-0.0011376296075369385,0.020292129855853158,-0.010021581118896616,0.01742031566629243,0.004657984965320328,0.036361898706618545,0.007034341890267415,0.012398608278304302,-0.0017134603407655824,-0.0120692610057066
2021-07-27,-0.03002466033857598,0.0034811802593137653,-0.0007607495831439826,-0.0012175914861352055,-0.0006157611909763938,-0.00650160846153125,0.00425037829843844,-0.00870704077294604,-0.0009674947118872845,0.0075753437987988725,-0.00818532420673268,0.002419434473903692,0.005133520908586986,0.0012732910220303317,0.004972164791495093,0.0017864380678977998,-0.01382934615584186,0.015399794678185641,0.0063418522401641475,0.02615730122110671,0.0012123373628931677,0.007846406063392708,0.0038070935208536216
2021-07-28,0.02936669325390917,0.004336529738146355,-0.0037035559504162707,0.024091707987194733,0.0006161405864377745,0.007388629987851614,0.006818601257334134,0.003378500190772238,-0.001291405874742968,-0.007563392211506148,0.00907819807826038,-0.004625842476837394,-0.004085634086633649,-0.006659310799704943,-0.0008080905219467471,0.040108458288729,0.018030155659480185,0.009132504664048247,0.010367902838626541,0.006155361114774882,-0.010838833089478417,-0.000625463051145525,0.035774906845185805
2021-07-29,0.042562147539277895,0.00518131528376542,0.0063926609003834844,-0.0013810267047457137,-0.0019710197573159505,-0.001886018896810726,0.009341308584270402,0.015415689012723499,0.011798763261769318,0.005749710515874362,0.04880055608039102,0.0044451747480600545,-0.007863242600198994,0.008725074290941492,0.015864941389952092,-0.00021752746412895263,0.02099035349097811,0.013574749499055239,0.040744444967145466,0.009212701112422117,-0.003000237091296376,0.006433561734065396,-0.0020221115027948544
2021-07-30,0.01587598515330968,-0.006872895161516457,0.004694786317505084,0.004673526245258408,-0.0016048873961007626,-0.007978128628542414,-0.010180070952745313,-0.0005326254718527323,-0.007028740436886727,0.0019966160216597917,-0.009618059133952861,0.010125681980730494,-0.00482438165502419,0.02651526756312461,-0.011936515091768851,-0.011105751816140375,0.0032123798482575072,0.0015942084842244242,0.0055098029418079175,0.00912860203034227,0.004052929443095543,0.005667326476543444,-0.014347512786756167
2021-08-02,0.004174025177285934,-0.00345984431984081,-0.00790298009582835,-0.0019936225719832112,0.006305688952621402,-0.0273018059815211,-0.007012883885422316,-0.0053298066480147455,-0.015122228334948362,-0.012498268796198309,-0.03884489280507142,-0.00697039130226762,-0.004328311824494113,-0.02332549432091746,-0.004328904346516338,-0.0012935616202088829,-0.04194683980941227,-0.013371485789661519,-0.018650098001440574,-0.015759858557729767,-0.001345349581542865,0.0018553779191998743,-0.002277740432699127
2021-08-03,0.0003866310496507541,0.01302053481906884,0.006649876404515309,0.017644793678077475,-0.01167215548254541,0.010661595793084233,0.013888754308856832,-0.0034829646060747788,0.016497937944064844,0.005915467620045467,0.000546008712031032,0.0034762951296287703,0.020865964510962343,0.008993464497391468,0.013144865945321937,-0.000827005840989381,0.047459829263231335,0.01080992244657275,0.04496472379450833,0.00674960067084629,0.014268110995634853,0.015125289167039924,0.007071897073931188
2021-08-04,-0.0006764993120392804,-0.00599820696280573,-0.010252612258123017,-0.0056550519380595965,-0.017528732829589444,-0.030139702499250798,-0.018574175882092536,-0.0017474340523607745,-0.01992599558293462,-0.007111454083407298,-0.02701982139239678,-0.015455501696378104,-0.016862545331263412,0.008913086696544337,-0.031936279137396384,0.010123470185672057,-0.02329293047503911,-0.012609703147703266,-0.016593234061603845,-0.010555629228565344,-0.01098856239393442,0.0008444014197013239,-0.006580097349795144
2021-08-05,0.056952328491892246,0.006896594066406747,0.0036499702859031924,-0.004041945277067138,0.022143601005898406,0.0031073495506159787,-0.019635999185453223,-0.0006732457077318621,0.0001637380550179035,0.0017445487388256797,0.005610372016906728,0.001962235990227823,-0.005197556144589832,-0.002584778261189302,-0.0034023422740186993,-0.009885159865987592,0.002940502220670105,-0.009860968868731113,-0.03231645455578147,-0.0013696414395848455,-0.0052498131936100645,-0.0019238960547495187,-0.010352829120361506
2021-08-06,0.03700476186490542,0.004280583368690749,0.007273392903829778,0.006229088143167472,0.055211690794864765,0.022128795211610486,0.08011600899379379,0.02506379577630513,0.016393479405872657,0.006737512988319816,0.02817319872723978,0.020123909790881633,0.00818543806173766,0.0034115914138821424,0.028757594492589078,0.011169754255148545,0.025732723404228608,-0.02334700001774892,0.02758344873257834,0.014653009797327643,0.007855135892408605,0.004362809502590492,0.018897969362416944
2021-08-09,0.020598987300145755,0.007672630173339634,-0.051819267180500006,0.0067066595511366955,0.024753771433277505,0.019051754948306243,0.009383532107614556,-0.0069672715369548666,-0.0029031161137702544,-0.0050078789032003135,-0.010852174221595345,0.01767512410050953,0.012782718742306853,-0.008532865946905277,0.0019108248918888737,0.0072823452817567524,0.03397906464040101,-0.01638242920399846,0.03326613753024654,0.01472550427754249,0.004033326457814734,0.0015491538801408744,0.011425974470775646
2021-08-10,0.033062699286454666,0.01099845089765683,0.007688237208560267,0.011088097355216098,0.01694321562211254,0.015934013840206873,0.009960040683705706,0.022372229356909523,0.021028697980113975,0.002333459693700135,0.04827218279145473,0.01704325580798738,0.016885641880370006,-0.0048804736648141445,0.04034508642382684,0.024018588891473014,0.033476821113344046,-0.013426279685945564,0.09575054388121806,0.009955183111798549,0.018624322207787314,-0.004505702317716187,0.022430643522906912
2021-08-11,-0.012718192544693308,0.019247032947057763,0.0030947659264484173,0.0021653086565076585,0.007992644536982674,0.010246632432489688,0.0024106878959553324,0.01385447398302464,0.017743996109091942,0.007167290358064182,0.013343670880999747,0.00275028656956966,0.007379969565956879,0.01497770964770928,0.021994959538697456,0.03239281442475894,0.014264297695802286,0.020844225901173852,0.039119562467242464,0.010759421382827927,0.01691005756470787,0.021143606876518506,0.03240146909758934
2021-08-12,0.0023306031002476857,-0.010673370231200074,-0.00401786723176123,-0.006804358994792925,-0.0010051455640250895,0.014903705324529115,0.010087605841471614,-0.003831224376079634,-0.0035801840089901837,-0.004804532992140342,-0.008778676464535673,-0.004401234139845944,-0.0023308502783229157,0.0011755973376945672,-0.00887276550329863,-0.003790907135005961,-0.006445841732885205,-0.015356151435437448,0.020534466684461794,-0.0010302915303636029,0.0011750056436965473,0.004564759972588428,-0.0054289190726739545
2021-08-13,-0.005580236271282457,0.008298703753883974,0.007672379825345743,-0.0022682420045827545,-0.00860792670375854,-0.007182376445268757,-0.0015195557310624386,-0.011794898199995685,-0.004999143513075732,0.009154199162402454,-0.007554231158366176,0.0042282825369248656,-0.0031478092195460494,0.008934733091089164,0.0006664392047670553,-0.008998614887062883,-0.010321802018776194,0.008397611770107227,0.007425859843137372,0.006599681731702445,-0.0035802384541592236,0.006420530359761756,-0.01336050741493644
2021-08-16,-0.039622859337159255,0.0057611593408122275,0.006470330964660542,0.019347532261960954,0.004397869765993212,-0.04113286387525328,-0.017830011939103607,-0.004670479041505415,-0.00580975638564607,-0.0013538490568593131,-0.03307070852057192,-0.007591443219202132,0.004390319983720081,0.006302728577293859,-0.015703665592512905,-0.011960342298356519,-0.03247898891847423,0.0006797783551542036,-0.014979988274412603,-0.0022535230318265764,-0.0022969149373835984,0.006870773277041886,-0.010538005625098101
2021-08-17,-0.041832713588897286,-0.009819746552561681,-0.0004973643133360239,-0.01329077217958785,0.0035926776793671067,-0.017676159799651425,-0.0022139344537526195,-0.018639142696979638,-0.015950388134090332,4.5123873415819915e-05,-0.057817431379029616,-0.004692757961181071,-0.009078440658279008,0.0005459575672686068,-0.01585780029909667,-0.00905914485982895,-0.039112940950106534,-0.0003396958123822458,-0.037898228267119194,-0.002875071353284353,-0.016530077309135582,-0.00922821582629707,-0.011844865330134291
2021-08-18,0.005913760010629376,0.0033058463343478284,-0.03290541095651178,-0.005351311517116097,0.01476668613958143,0.004388697947717235,-0.025072156931216227,-0.018329301170388224,-0.006901263581506001,-0.008857001170616496,-0.023912368182879007,-0.021442847757336292,-0.006616977853656225,-0.005168305714133625,-0.01503247041812017,-0.005617792655660314,-0.009294827624224067,-0.033129419057164156,0.010036056564702411,-0.0042560926831962664,-0.012485808687095368,-0.01249537953300206,-0.005022090872606855
2021-08-19,-0.0201165564962843,0.021416751065956863,-0.0027924707064316268,-0.0006955735107383454,0.019732982383813935,-0.053091504215321494,-0.03163418893476355,-0.013394282741665542,-0.021493116478132457,0.005334227065872055,-0.043093545471522665,-0.013926499879464371,-0.006661053899793212,0.004066132698652858,-0.029725668530104166,-0.006209007264378119,-0.043351635660193066,-0.006852901438999859,-0.027655920183237814,0.0002758782617378053,-0.020484775651357645,0.00692083507315755,-0.005209176160182127
2021-08-20,0.029669482934654656,0.031451536863292384,-0.014554929747563894,0.013041414925679673,0.02302721554818765,0.026072989826841253,-0.01433593578995429,-0.0009599929501378224,0.005615084022821293,0.007074687342669028,0.011721225885978681,0.0024094837504686772,0.010316440578207686,0.008612648162661385,0.009664072381843303,0.0055506136194312106,0.0388907553763016,-0.0030077440730991167,-0.008600808524569348,0.02212413620629916,-0.00012405756270905677,0.014604609387266487,0.0004361257275546926
2021-08-23,0.037600261590112316,-0.008600532245228831,0.011404261013320482,-0.001053799530190691,0.002325323320205186,0.007420867671561027,0.00023856874866412525,0.011942162778227239,0.019215293911377218,0.0020716765659523073,0.042682882759394136,0.003204922791237852,-0.005105806738068153,-0.003250382038640476,0.01863333477253426,0.009226797620579541,0.01757815616424474,0.02537693754556436,0.029290418646624294,-0.008901129450557321,0.007695893606493254,-0.0076205751264427635,0.008452129032436861
2021-08-24,0.005527637584070932,-0.004731832406526526,0.00011106387484338676,0.0047693948136993125,-0.0035850076048618007,0.006919498081783715,0.014302463135917654,0.013971870303140399,0.01933593574509751,-0.0008538084001176172,0.02953207645123168,0.006988952182186203,0.007697798961034508,-0.0011185894377716554,0.024690306084022007,0.0021665162719830544,0.03294959763802763,-0.005191984256701976,0.028540367212007478,0.005919547403389291,0.003202723558821452,-0.005283615071292713,0.007731964958636484
2021-08-25,0.02168414585500833,0.014262987285028617,-0.004990346640092791,0.02213711657795936,0.0015871462168504102,0.012414019655977215,0.028907492977924498,0.0037456949894423275,0.009642757834830817,0.00787121071740704,-0.002839718259273538,0.0025116869862431557,0.00950605814901695,0.0011840128073026257,0.004584930081088956,0.01795507785929873,0.0015481883872221491,-0.0099165165282451,-0.026693636617255545,0.014000553267152549,0.003131236895876688,-0.0012536184153689733,0.017223866990981884
2021-08-26,-0.014818249831426877,-0.011718718001940909,-0.0027862909266013203,0.00334925357224769,-0.0036976166301063706,-0.025180526453513097,0.004796534614933234,-0.009729728186575026,-0.0034444103691371186,-0.004730633557198827,-0.01623503921480063,-0.004219762710690467,-0.0067262118687607675,-0.004890582677574362,-0.017382028013071205,-0.003911058921570509,-0.018243680690416597,-0.004920055695403214,-0.015838698327393375,-0.0034683827648056553,-0.013709447415700016,-0.001519437331385376,-0.01081332252793954
2021-08-27,0.02579105664367143,0.010276891245676323,0.00029798148169524197,0.0064531512203331864,0.0006364648704753062,0.015947903401368757,0.0043193757139856626,0.011440552908705826,0.027179836870326213,0.0088334306523834,0.05877266671265913,0.0052970845929758426,0.017944989365457742,0.010342936082496701,0.028182935342515147,-0.0005977973127806457,0.028346510649696732,0.027547373324198876,0.015161879554057789,0.013319490106223242,0.004281615946452488,0.00198469777519672,0.002239512140272515
2021-08-30,0.0013943250825445563,0.0007823516089988658,0.006331476992943896,0.002122704727295144,0.01398725905491438,-0.009285742183603563,-0.009506851919710457,-0.01650061129539937,-0.01082239703754706,0.002177908223003344,0.0019139785931692188,-0.004149456761607717,-0.012639251267335339,0.0032112737500453736,-0.009136635494329304,-0.004189052371437296,-0.010719804084272977,-0.011686000812603736,0.009929091436329252,-0.0015852488228604855,-0.0008034107733798646,0.008056340398306272,-0.01016232242842774
2021-08-31,-0.0010125991689839964,0.004691290806821069,-0.0025536237286160057,-0.0024344306652902548,0.004922124297089603,0.013612698592774253,0.0047991877208606315,0.0014886259630062515,-0.01688028826825605,-0.0005321872028400954,-0.006822722985086904,0.001984115534132247,0.012127097425635336,-0.003042439966037924,-0.015597562387823838,-0.002302874623942297,-0.0037150885937741185,0.008346682112983617,-0.02875076195738413,0.0036390394788872182,-0.01335687086546189,-0.005371411776334489,-0.0005912040916410399
2021-09-01,0.01039111555379324,-0.01245151468475092,-0.0006309868140642605,0.003327658090824359,0.007295012767270848,-0.009686855590414822,0.009324427568222937,-0.007835749934234082,-0.005723348399196526,-0.001730618847626042,-0.013740644754626774,-0.006864362803454038,-0.00416011978351194,-0.002256845211809577,-0.025411175628995752,-0.0001572415295927332,-0.009188538914952415,-0.0018972291051222445,-0.011058186551917482,0.014765882042194756,-0.01128197731989855,0.007376282972988202,-0.00043006569091175173
2021-09-02,0.020192309449824863,0.004728103456581367,0.0024506252846678844,0.005439238580503325,0.011690217668714364,0.02178705500758582,0.012167715105910526,0.006399481420704456,0.0012790783643386039,0.008667736895734857,0.010588139766542604,0.0064468298910960176,0.0076870156890549435,0.008791009653972504,-0.005214550128387785,-0.004617271302457704,0.019490743038264258,0.014340022778568384,-0.008429567812526684,-0.004092518392095568,0.00557863281864357,0.009120713564225946,-0.015335243147620692
2021-09-03,-0.008892243311673487,-0.005490201433067665,-0.006370393453338008,-0.0072130354170109046,-0.004192739595395123,-0.011531744512332853,0.0,-0.02475971600816751,-0.007984688285864405,-0.007844146678654629,-0.0035840936784385935,-0.0034341704104502435,-0.006301851237293876,-0.006781558325261283,-0.016034297736149172,-0.013045805917335507,-0.008633949801211571,0.016351710051232926,-0.010669523507127132,-0.00560956418294134,-0.018723033427317404,-0.004114195271949561,-0.014699131224877537
2021-09-07,-0.012734616311133706,-0.027224827918474248,-0.004398262523108487,-0.008195592521060058,-0.00462091349843885,0.0162887553698976,-0.013134256120009513,-0.009156196463409039,-0.004024397617911846,0.008883588514363883,0.006087336914221808,-0.00556610685667025,-0.02036038684482444,0.007051230894603355,-0.011386402869949408,-0.012230516534974645,0.0,-0.02329495413129412,0.006225198966706147,-0.00557544216534267,-0.03379148071111704,-0.014930397868329504,-0.01808003684429982
2021-09-08,0.0020938874842684196,0.008183285055867628,0.0023586381746025786,0.004645217466214824,-0.002579222802160386,-0.03422115541657722,-0.004286245588649318,-0.011201492370150778,-0.0190723149862565,0.010830210820566677,-0.05473074210952822,0.006330322404792144,-0.003918409900892095,-0.012831069090921132,-0.023246049555235238,-0.005001342045498514,-0.03172642517133717,-0.002944590247145218,-0.022481687824482677,0.0005275674707239109,0.0041223287371841,-0.020307659732102912,-0.005930543523296583
2021-09-09,0.01726019977188331,-0.015421998896593458,-0.0022786915964084775,8.909239371646116e-05,-0.012619046916114929,0.018165299177682392,-0.012686955891648366,-0.004531373842180719,-0.0067556066039762275,-0.009102772845191787,0.012801773894351554,-0.001191934365611269,0.0018812854202276963,0.0035622063021634176,-0.009195039749414824,-0.0007062450617353333,0.014134324798022568,-0.004343345694147405,0.003476820937348357,0.00019771891132425168,0.023440642823143287,0.0020559299926830032,0.0
2021-09-10,-0.009202617241879874,0.01401484283804355,0.0032944618407537707,-0.002534114740483373,-0.006599720900312245,0.005286363425565099,-0.003671239098585577,0.0027027117096400932,0.002156647500071829,-0.0073406073875443845,0.019247668116364025,-0.021545787473745248,-0.003926006928379189,-0.007227255406709432,0.013975143249473465,0.004622158381374364,0.006651861200384079,-0.0055835757020200605,-0.0028429986258438067,0.0007252145513798602,-0.009899264897701432,0.011234628676252134,0.009602279806189662
2021-09-13,-0.04992341894927621,0.0,0.0055971688845399825,-0.004679840217873599,-0.008119628057276396,0.01687134843808935,-0.0064488051100473065,0.00255365214418668,0.005131509564030079,-0.003993363655155235,-0.005355130786910189,0.0,0.00428443295604608,0.009857049120733485,0.016689879694734122,-0.0039783099451872195,0.01101317720781192,0.0008771883333336117,-0.027171332311973773,-0.0009222255662637568,-0.003397988863441337,0.004756235116516905,0.00135056318592075
2021-09-14,0.005848050752223832,0.0016259323137954862,-0.0023749409250621856,-0.006716556639907556,-0.014990430321250803,-0.006248610823957668,-0.020398877435047424,-0.031130667573935678,-0.017621972381068662,-0.0040097331082803445,-0.014168255607001079,-0.026018066911421278,-0.014505133262355585,-0.004976036944311479,-0.006248492703146091,-0.017227537209782207,-0.0028010058227062595,0.002805156508808082,-0.0274725204430204,-0.015927797157184398,-0.01429401989196677,-0.010626529470494028,-0.012364357276070215
2021-09-15,0.015230043831791162,0.006493489965300636,0.0023805946968336045,0.003200839392498267,0.006044136535325206,0.05030348734887635,0.01680088749203068,0.022491490879286147,0.009220458771462381,0.0012078203396945764,0.05605081398477174,0.003895645029407646,0.0032898388849820215,0.008302767376274112,0.010231338031638781,-0.0010783734015380464,0.04993735112230757,0.00891585043393417,0.032297335131301175,-0.01510672406129554,0.002527717748118663,0.0018404387476040895,-0.004267741627110744
2021-09-16,-0.01001767898982342,-0.021774098968737166,-0.011428688844596913,-0.004943169473025755,-0.004935083001628704,0.011973669331631243,-0.009076007938440656,0.008998679617442829,-0.012126116004951948,-0.00116163254210766,-0.066412835795159,-0.008246212419176557,-0.0013804699030397494,-0.00461018376574962,-0.00970601795797632,-0.01992832929849575,0.0032699603965371526,-0.0395077333571614,0.00173341924967918,-0.01595434950718022,-0.006104509234120203,-0.004642773112488174,-0.01400181648031662
2021-09-17,-0.01902687847536666,-0.023083284813466,-0.017228590046309722,-0.030484060036888527,-0.004205065087725224,0.001631704552672586,-0.016674620684976604,-0.024490183458906523,-0.028922223736369324,-0.023393154301696195,-0.03644327983560425,-0.0552683010129551,-0.02177690354250117,-0.012009493783107339,-0.018323078826084194,-0.03208242623920554,-0.0041478162303940636,-0.003788509677276175,-0.04489168488581208,-0.018718319697246688,-0.020361600324105278,-0.014361040734513053,-0.015359505094373116
2021-09-20,-0.050121454339282834,-0.005907033562668196,-0.013940186173176383,-0.010480540876094624,0.00422282233047877,-0.020977607319829117,-0.009075387596880646,-0.01422160676336437,-0.027186015296008836,-0.0057249278864035524,-0.05688337353599349,-0.0017749674288153328,-0.012720777198124256,-0.022986287614261136,-0.02419923419746195,-0.0005542162811591478,-0.04314217976118828,-0.021912434766678146,-0.07636594012191489,-0.009218521772903943,-0.00293059991083644,-0.006706666768134584,-0.0027078193646797866
2021-09-21,0.004687410440368467,-0.007640338096856714,-0.003059661796374291,-0.008944103307717222,-0.002371982035997089,0.019138930972643964,-0.0021692419890235737,-0.008538136741440772,-0.011570015990193583,0.003777052190942376,-0.022136728371244252,-0.017707860734752612,-0.011810889279547987,0.009099863596050639,-0.00022292701193871167,0.004816987457715971,0.00808452041665042,0.009257818376101623,-0.0069157197813151106,-0.012167225710479346,-0.004442166469837638,-0.004832749966617866,0.012630969469291875
2021-09-22,0.031363945139586624,0.004277275131632008,0.002136732024315746,0.013584824358708447,0.004538959786755337,0.029189436549808878,0.013043163912785927,0.013659816202070019,0.013866404018900935,0.013537876003276272,0.03543318410881957,0.00022619820056268836,0.016479155708303272,0.003606992635892814,0.014794137595830259,0.01763573453853784,0.02344245672992895,0.002567951908782451,0.01008223796743235,0.019707510304492137,-0.002746465705003698,0.00561365922222401,0.015679858344662456
2021-09-23,0.026289857800689376,0.006814125474932986,0.009575772693291906,0.023993638496587977,0.003227753078863582,0.060888658410328755,0.011206591902974683,0.009228226332349765,0.020070959403884814,0.01376423838665608,0.017427223497402222,0.008117277476438423,0.017281723384042103,0.014082179351926793,0.023128333454715877,0.016359155900151245,0.05394802514544894,-0.010978817977408961,0.02284417872845146,0.013855071458027224,0.008674129984727497,0.007740137345550346,0.025595497089318853
2021-09-24,-0.012000955222701282,-0.0025380235103569238,-0.003264053545416812,-0.007185031698961675,-0.010187851660514058,0.02523812831292549,-0.0023578254048074454,-0.009433840367238266,-0.010795648243621225,-0.0005805269200217511,0.004048492553716532,-0.0018808933336109668,-0.0022769703802144603,-0.00035424366977498956,-0.0025710038087622955,-0.014017507298390908,0.02545027256692789,-0.0033302962198060726,0.015291568381187615,-0.0057465346010532325,0.014059302275751806,-0.008326207617546655,-0.014828532350504076
2021-09-27,-0.018330269457988657,0.0067853947279288285,0.00905384490556127,0.0005992082100614304,-0.01603453540587707,0.02279384727573852,0.02718016917573851,0.02725261809399182,0.050695283372388156,-0.02453397432918647,0.05179901544630261,-0.007916691869446879,0.006319036010757451,-0.0033842416741129977,0.03200865361541583,0.014871990871674567,0.027328767991792846,0.0005570394591962735,0.029726595934658873,0.012405365895424847,-0.0028263509657232566,-0.014359524244932365,0.012325412831931892
2021-09-28,-0.02609702858337426,-0.01432166099730603,0.0015270064614487655,-0.020960959994505757,-0.012222120554797655,0.009805645370208893,-0.009663982777291413,-0.015118917933211962,-0.003853257457300363,-0.02501379359879674,-0.010026424309834692,0.010183331204349555,-0.005407294559498288,-0.03001203370705241,0.0029139453450335306,0.003312357279098288,-0.007600523570146622,0.012615949747360133,-0.00962262734949959,-0.011139372344598053,-0.013971711130580045,-0.027780405553949228,-0.006901266613071555
2021-09-29,0.01164274722408698,0.0025640540279761037,-0.00796743517857823,0.001505662749946124,0.00033462367835701556,-0.0021186892294192683,-0.004182056100310305,0.0014479906984263824,-0.010763516555512775,-0.0005639327349867829,-0.013702642986092473,0.008651280450187704,0.0024553317873903246,-0.002633846936389239,-0.005188602301845369,-0.01007261631095191,-0.0019146541560597363,-0.015939911736339907,-0.026581615632159994,-0.0045762046510431365,-0.002327056371845826,0.009441137815395573,-0.018305295480662398
2021-09-30,0.0,-0.011935178454573037,-0.010088193386234234,-0.026451846901420217,0.0025629542739440403,-0.012384823799488687,-0.018198787667387584,-0.01677529044506665,-0.021421416949358285,-0.019181958742328864,-0.017517718624757705,-0.0026849701251305813,-0.02169350467439002,-0.01925519591409186,-0.020968307414645948,-0.03425685221097785,-0.02110171553788509,0.010984727188320553,-0.013027368358882851,-0.02786860487936038,-0.018799359204312416,-0.008963078312751338,-0.02647309929031938
2021-10-01,-0.0003654486668653867,0.008628020893805655,0.005153880115688514,0.011775833618117515,-0.0013339012414544937,0.09530628664052365,0.033745212113540424,0.016767428232981274,0.01772076308894155,0.024110935766488817,0.009529845900003275,0.05518974694332068,0.00576825478900278,0.015236088810254289,0.02109777919319611,0.03608659929135927,0.0582307567872733,-0.013627790037357035,-0.008528822571517547,0.01244179292644465,0.006992447700817639,0.018982502954189684,0.022345824930906533
2021-10-04,-0.01681213148199523,-0.005132327780241419,-0.005593628531415318,-0.008156550802107088,-0.0003341022556213602,-0.0065424083479417305,-0.021839409583011227,0.01518877914223049,-0.005804011434237255,-0.005991110223092733,-0.003958623414890616,-0.021970115945979085,0.010702235788217607,-0.010743589816678334,-0.012104882655696536,-0.014604288331290016,0.012433737630579866,0.020724272321554382,-0.008909164661867086,0.0017968279709061896,0.0,0.0008768891151476055,-0.00838443248654741
2021-10-05,0.033362862178117014,0.014617118191256884,0.004023588653943699,0.01457134349063316,0.01859304384712268,-0.005103963082961127,0.021386802119344406,0.011256725173418136,0.014766393800467181,0.00946459989817705,-0.015591600127503269,-0.018333315839751285,0.009474325946842388,0.01079233322435691,0.021759843698256898,-0.0020924270918384336,0.006532557872080291,-0.015364784825032007,0.019838773699656365,0.016642843920499528,0.01277691847032858,0.02120678120003827,-0.01288691579543444
2021-10-06,-8.992082097347698e-05,-0.004237319102359027,0.014512623663057278,-0.003128354177541093,0.010492761808290174,-0.00959781973652718,-0.03359376113748669,-0.01648581481986955,-0.03282556402563719,0.010448516520439766,-0.01521746373911903,0.015058547965884683,-0.00570496294943168,-0.0059766029769756646,-0.009924488217865735,0.02642845093906021,-0.004153417643761759,0.013003665773928086,-0.02745687499206928,-0.003598580052927902,0.0061706266582381986,0.008649311411382588,0.032076792654654795
2021-10-07,-0.0003147148264924793,0.007659680724037665,0.009971053440578581,0.014359697390947002,-0.005840654366407794,0.013534107391758754,0.011666267225539428,0.01060184021086874,0.023617669454576218,-0.0006924016461592464,0.08230858772970828,0.00538150980620089,0.004257143076910719,0.010505037269107342,0.022867029485351464,0.009235739191165937,0.03076122387793645,0.0014673795246007426,0.030836396196648685,0.010339129313039708,0.025417042347937624,-0.00037382921633988264,0.011046871248252543
2021-10-08,-0.03256873091454349,-0.010979908474967104,0.007898325667853312,-0.03075045869547166,-0.005549063995288761,0.006594038198909802,0.006825435736268037,-0.0017015125156678579,0.0034182447581871944,-0.006513665148519254,-0.005536309556489094,-0.0015190013187430518,0.002395942243133664,-0.009927672032294388,-0.00010195858154871118,-0.007792491576227301,0.02175012338114124,-0.005493548429244988,-0.00990395267148203,-0.024812645745028505,0.0017283493958784035,-0.012800285434026337,-0.006793406813290437
2021-10-11,-0.004184804943258125,-0.007685678511348382,0.012432735582973864,-0.00367549262860567,-0.00503290163415171,0.01768748072542148,-0.007480347653440855,-0.009371940450593752,-0.008175635390168967,-0.013437877603028392,0.03222984086358527,0.0141988719217494,0.02500429694248285,-0.004558067345930117,-0.005512910545875438,-0.020430362869109264,0.03762354728020778,-0.0020253660820176433,0.006634730857125737,-0.007475011748259708,0.007429684469194564,-0.005861988235058346,-0.020291728383150853
2021-10-12,0.01265412579530345,0.0017210818527571004,0.013656911482940792,-0.0016020802055802807,-0.005277976634532999,-0.019954934269371227,-0.012011270503161864,-0.007740834931274421,-0.008414929359997547,-0.0001886799037467135,-0.017598621355668476,0.02457161450218104,-0.00017916660026107145,0.0032900044932162587,-0.005646336558655096,-0.0037662350255637245,-0.011211822125757998,0.010701030358313046,0.009936926191442597,0.010428097531934855,0.0061900320737819925,0.012382851520761795,-0.006108836279067664
2021-10-13,0.03130898906179769,0.0025773556065440406,0.02209977902747462,-0.001264105498082868,0.0035371106327248825,-0.009031107193374077,0.006913103334514448,0.006356304874030938,-0.014374963087003478,0.005373953025393341,0.0349610659970232,0.0063439510488727535,-0.008252824607830389,0.017511118656813096,-0.005987970115093111,-0.0005727443448593217,-0.017370235260184552,0.029025301476033327,0.007429951967157011,-0.016412433240749813,0.012303569415607285,-0.0065783067091462755,-0.002048918438936842
2021-10-14,0.034293123594427044,0.02056558745385728,0.03430045713879615,0.011245472257358058,0.013659554735149904,0.00314822216597177,0.026751748388621266,0.029428637154814696,0.03215608880219367,0.028508637531031722,0.03874651208592028,0.027502482166973152,0.009587885290337939,0.02584810378167446,0.021292012770562252,0.04094912360025549,0.01620427394887236,0.024835919757935532,0.008869781411385613,0.013625713475132306,0.02715274015630209,0.007863701566814818,0.034021393519094945
2021-10-15,-0.011066381868618524,0.003358514098181109,0.016425476830665753,0.009724210900471375,-0.007824223934134955,-0.02543765102076756,0.0032277957780031397,0.005020134303364232,0.00374542323282534,0.003920640546674958,0.0406679832440664,-0.004989230681423762,-0.04533270063353856,-0.0017162027923934842,0.007830671447357274,0.006909549099077372,0.001932812257899652,-0.012809601294349493,0.005433247535283847,-0.0388179587981462,0.008937866765758029,0.014270151088839222,0.0036875959504540923
2021-10-18,0.03558143478998255,-0.0033472722371822305,-0.0005466681808787843,-0.0010967107839641166,-0.013033937454071443,0.033389755517749364,-0.005285944180015267,-0.003052241599927008,-0.00016960351223871406,-0.006902360631019122,-0.002588028925376906,-0.013958413678568315,-0.007694982226417402,-0.0008762087862204115,-0.006861672339523506,0.02214518284758804,0.009645211623036998,-0.011397524026126815,0.007368688066136997,0.0030661044150537275,-0.01809118330721493,0.003238881315110076,0.02040343806133782
2021-10-19,-0.004052141562581935,0.009236119470553028,0.006665589200115285,0.008400277238662657,0.00588145909998028,-0.00672462873909907,0.00808710676339941,0.005427810640193265,0.004071259850624953,0.003841055595829479,0.00804372818112542,0.010239003052282092,-0.015320653011143603,0.008799354487099231,0.001930671059487743,-0.008853338504787978,-0.0011939929063256027,0.010819581912925536,0.007510070098085908,-0.00939455459377847,0.009783937859251024,0.0031277949754235923,-0.0037111336648378845
2021-10-20,-0.003305644809708741,0.001663726115477937,-0.0026823739079193665,0.016045023964544214,0.021403476697374968,-0.002311794545205803,0.011459841360880851,0.014119867608578085,0.011826282048294834,0.005056130920773505,0.0020588745092311456,-0.008434518846571315,0.0282365802401654,0.001738234935831473,0.008619490353471315,0.03033250618661576,0.015542924807821379,0.0029829780144496887,0.01800584111149739,0.020171454954170054,0.009374382737469267,0.012069085130136825,0.03246778410977291
2021-10-21,-0.004294948336746374,-0.0008302778846723813,0.0006469727778177781,0.007919179355682981,0.00496866550203201,-0.007116644253327253,-0.032177717989183896,-0.013923272839407419,-0.010519266970612007,0.00752339035741012,-0.013100020346331842,0.000548718360037892,-0.006911852684212572,0.0002892730684254108,-0.029157192979573643,-0.0002881493312478778,-0.0070637557132798845,0.00034975520964475315,-0.029383872532341093,-0.005828251490208491,0.02848605050905717,0.016231528623037672,-0.006784636504290731
2021-10-22,-0.011316976341304574,0.010806165861046324,-0.009051294297382495,0.005222549847609725,-0.008920959789635141,-0.005334429313515354,0.0009365997425976325,-0.0017998117165667349,-0.014512146544372606,-0.0038233571627593887,-0.019521359638255298,-0.003634053451848307,-0.0024456993988595244,0.009122735469621723,0.00859572310416934,-0.0009432685123762496,-0.003794225400324369,0.007520208392552963,0.0025473055565312652,-0.0056401528878969875,-0.019878638904458956,-0.0005214098113525134,0.0038491366386692594
2021-10-25,0.03425337984785504,-0.006578849813808074,0.009236882828826731,0.0023906615436595224,-0.05129586848752532,-0.009049789496851313,-0.0053799151590757655,-0.0024959119324047263,0.005307952620348555,0.0004965264951508619,0.044332394919463836,0.007019048975893005,-0.0009427727228629168,0.00805362207183058,0.0022589762928368895,0.032675282795912475,0.009997481917492168,0.005207172188416598,0.0692856429200921,-0.0005225025136952333,-0.010202765670395575,0.010110045806767554,0.030838123732725542
2021-10-26,-0.01369839799163075,-0.005794889279844173,0.0015651766288187208,-0.028070576476976083,0.018975811626990247,-0.009978054613213216,0.004468230515807914,0.0,0.0,0.039357385953116,-0.012455364002271763,0.011958760442504435,0.0011326473192134756,0.0002841824228427825,0.0003071927265927421,-0.007542188668352989,-0.013198365839580783,-0.0036260403350781845,0.01836957414582807,0.015755675470626063,0.011244904473758366,0.02034105356887106,-0.00911591163400527
2021-10-27,-0.01867407029591539,0.0016655195752810492,0.0015966293924987163,-0.017555702781787086,0.02591421729514365,-0.030747923860946713,-0.014048148366894275,-0.038648779332971506,-0.0461590435791297,-0.03986464269597323,-0.04761888764084221,0.0011477153459780176,-0.05392153551621559,0.006945028591597957,-0.032670798015366986,-0.019497667689354903,-0.01695717864414492,-0.0027729176905472164,-0.02898681357058519,-0.004631484148832521,-0.0021620557383273953,0.004303560036875487,-0.02167843398794278
2021-10-28,0.06239488532481596,0.009974790744936124,0.022350090260249145,0.03415312380156155,0.0039364956387144545,0.014628032785942713,0.022084996309804428,0.008821646657685589,0.01017848141201827,-0.00045232078126788977,0.029729267338747256,0.001483603490352703,-0.009764884816587993,-0.003166216972675606,0.020010310673641785,0.02721825908552966,0.01724968462793597,-0.04553375583665642,0.01099816176554036,0.025111116978046244,0.009039204100364184,0.012729281976974427,0.020753346067507783
2021-10-29,0.017302366027887928,-0.0065842652876179075,-0.005407266430930147,0.011287221791163926,-0.0035945348360851836,-0.01337501720066614,0.002555970988084022,-0.00229385791859793,-0.010606230922418747,0.005520402831427074,-0.009973427459490813,-0.006936553544753754,-0.00040261085641901673,0.003899890687216301,-0.03653710585688008,-0.0020067918495886294,-0.007164572158859905,-0.01675148392000536,0.020660092387521756,-0.010302489901805822,-0.014787351003782923,-0.014965089241111729,0.006618747929276747
2021-11-01,0.021559474600757023,-0.010770680813775413,-0.006070566446941372,0.006981504911210745,0.015522769554632498,0.013908441105566105,-0.0032447180910492035,0.023419676282704138,0.026264144045825333,0.0013501231799974978,0.016171611380464856,-0.022855236989364203,-0.011475664931318907,0.011810536287348405,0.015729384942929636,-0.006185804851555066,-0.002646586170078069,0.005555362351407522,-0.02176444677491629,-0.013977003710040181,-0.009590677489888288,-0.020593139298360708,-0.010309653742789693
2021-11-02,0.016219129372243124,0.011725593518557842,0.0003018543720094691,-0.013957374717022297,0.003552096315323272,-0.020489747512764667,-0.003952620191700618,0.08788450941196202,0.017931960908136535,0.019728522315391572,0.005739648383089602,0.0022207991192653154,-0.00305508740349969,0.01424278761088793,0.000954470720327727,0.043748770775902335,-0.09213674152478801,0.007550813387455113,-0.01831170032270768,-0.012845959883172053,0.01798403927585368,0.008707457660666718,0.036405119067188574
2021-11-03,0.007422538838294912,0.01821187177584549,0.013587428638582422,0.0049035217579234125,0.009546496790994619,0.0301366042226483,0.0459852368070468,0.03432685800844837,0.009919353310072099,0.005420743781520576,-0.008300858070626083,0.006163566053090985,0.019611911205714705,0.002564424626850137,-0.00847734718308868,0.0015461478129974449,0.04888418685472473,0.007494145873643054,0.02825956273431296,0.012489463694149716,0.005682936107483272,0.0046996130312984,-5.113300729253645e-05
2021-11-04,0.04088575159655483,-0.011382163567133619,-0.0030452890217091966,0.005109468722958255,-0.028049637545821793,0.006711278270363996,0.057799476784160086,-0.0079849179247381,-0.03183737306979373,-0.00017533104229405794,-0.03217346411756972,-0.023539120700959648,-0.023241608712272543,0.009408966597611812,-0.026611079558282902,0.012275987535485644,-0.017223988782388178,-0.004898629921144759,0.01405897129409528,-0.007238826585671987,0.002702209432748681,0.013778237944346738,-0.005230734430485606
2021-11-05,-0.0005500962935320874,-0.0016447326006003848,0.026891551961464977,0.03695884011052275,-0.01082197150388009,0.011965861976123371,0.004219468732109544,0.01119340096232313,0.019940525794085895,0.011310941220704418,0.001080853818296701,0.012194143018430248,0.0024612638537955256,0.0014780567429972802,0.02075106104326041,-0.0019606672179488527,-0.037371145133603956,0.0275298439696976,0.003577780987965351,0.007291609280785982,-0.0009797372661702886,0.0013810494713011323,0.01072266876475636
2021-11-08,0.022054048025551554,0.0049424073288535375,0.010636713153174604,0.00026498978571409815,0.005857123004539888,0.05641877164142661,-0.022268974894874116,-0.010945279265011876,0.00445884742870617,0.0007801276506547161,0.06452475004506497,0.02736792233794083,0.009617373400411466,0.016687276135140428,0.0032267465056010636,0.030752812223429515,0.009906454102971196,-0.0030163998294051586,0.03600709196884577,-0.007460382935009835,-0.0038017789083003573,0.005548009864418724,0.049474786045315744
2021-11-09,-0.014181865502650215,0.009016329380651777,0.003966587057526505,0.0028700605595839424,0.002856630104704383,0.01087329669522763,0.028147781493375046,0.018863148715090983,0.003756294168779206,0.0003898992118904765,-0.005833164723829998,0.037890445457246624,-0.0012162069794131591,0.003229331384254186,-0.004931810529487546,-0.0071294545485239835,-0.005567431656378852,0.009966099555823504,-0.024431996675002843,-0.0013396568360671823,-0.0026563709660909485,0.010131225626949014,9.70002386808666e-05
2021-11-10,-0.03212333658025579,0.0024371561591787216,0.0013700029976695394,-0.0199884843278324,-0.0003287787940536857,-0.003954489398183769,-0.0006285698094624648,-0.01295976733489912,-0.0005104524174579517,0.010521712100007186,-0.04285688868190207,-0.012996034971643033,0.00852294317171931,-0.005906140714193042,0.00021557995525767204,-0.020688942840661473,-0.03812309672709113,0.02502205909407418,-0.026807915560768558,0.009389784751461905,-0.004459428946774202,0.0017279217931598367,-0.026727416722916675
2021-11-11,0.02468504801110738,0.0016205823407429154,-0.011932446964073806,-0.0033246166543329236,0.004493060128394566,0.013180862198621357,0.000209486790175184,0.012629888683045598,0.015656890231672937,-0.003899170982161637,0.0900850014180854,-0.005822978514746224,0.009054326825991499,-0.002852073877065653,0.020036391689093547,0.0018392170077312642,0.020232810362493803,0.011689945567677329,0.02727445820131469,-0.0025838337226775643,-0.007590508303693122,0.0042820529771616656,-0.005092915179416235
2021-11-12,0.01501951439776783,0.0016180395874221265,-0.0016744358198501619,0.015055465661371947,0.02083788201108061,0.016850371595281466,0.02117854789778617,-0.003210627389919951,0.006367684584746236,0.013765156115519872,0.008068436713959848,0.01550751678957285,-0.008191533948030183,0.004051662195193817,0.007392654646535046,0.013405922713942697,0.015756497402157787,-0.0020391602979789036,-0.009967360315616847,-7.41135097811485e-05,0.013353691345456165,0.016564315794928453,0.01515599081100616
2021-11-15,-0.018487400659348507,0.0008079503517792741,-0.020000055501133596,-0.002664593751315003,0.02468742096080634,0.015177316505476268,-0.0067762637776837,-0.024157762951728223,-0.002331294480484969,-0.0008909234205422001,-0.008973722934622619,-0.0014421663988303246,0.0034500204659788647,-0.008931209975577725,-0.0017822483198367545,-0.002192812540292466,0.013372725234718885,0.004086579402527768,-0.020313514191571236,-0.0019986774309130872,0.00798062966355273,0.004375671156590322,0.00014874926204266892
2021-11-16,0.004349698243185207,-0.006456882000732578,-0.00757080812373534,0.002804989598306218,0.010429876001478267,-0.0010677071992951648,0.001240483757151356,-0.014980390530621612,-0.017690359741950656,-0.008621580133094553,-0.030837361035177646,0.003872546284858114,-0.0036400092837847176,-0.0031135897124054956,-0.023314358595447837,0.007930717363762163,-0.020849945311377627,-0.01407493418172212,0.0158238647022495,-0.0019286732903668335,0.01172262744180319,0.01739534723967151,0.005001391520936371
2021-11-17,0.003376212770229259,-0.012997688542667363,-0.0066667747113381415,-0.010212238301143706,-0.018786292725381126,-0.003054579331939755,-0.001651680666457045,0.021910196594089992,-0.008834111932547684,-0.00445530008663042,-0.018434157961072506,-0.0007843828423398369,-0.006900862444505607,-0.004474808911762995,-0.010860095720330198,0.0038155015564800276,-0.01913772807091485,-0.0032680609590307608,-0.023187098169883957,0.000222971771160152,-0.0032758147609632804,-0.016182542054287485,-0.004533009651797926
2021-11-18,0.004645416801980495,-0.010699441174245483,-0.01085162743963708,-0.014085708709921985,-0.00883639909080336,0.03507966259151307,0.006618150707661696,0.0029006869292649284,-0.006170870366335013,-0.006497511743778328,-0.0020584448494807006,-0.018190492005465964,-0.007357483755064731,-0.0014481987455511325,-0.007935712083483204,-0.007814782289544575,0.011816730690363153,-0.013459789875806871,0.023737501958094098,-0.014711159631319748,-0.011868575043410656,-0.005622213335654269,-0.017027358230278122
2021-11-19,0.02464859611490433,-0.00998349807404153,0.005063335838091376,-0.005733061037267895,0.015707783756947258,-0.03522253970973843,-0.01767001132285162,0.006287716238363661,-0.011038524859147913,0.017238365792018984,-0.01314740621128907,-0.0001332956452324563,-0.02038307263377681,0.0035951158828513297,-0.02038126808506424,-0.006710204758928029,-0.0154806444468496,-0.010844956365962943,0.010295337165751706,0.003619212771547753,-0.00930089803318368,0.004565325331844283,-0.012286430983737273
2021-11-22,0.008421456303161934,0.005042086699878157,-0.0007389738434001591,0.0020593499043977115,-0.007732389892971647,-0.002761396257258353,-0.005438056630160171,-0.009997384254517128,0.025287924912432924,-0.0013628572231433322,-0.014106657222166086,-0.004998848394087818,0.018074925130871167,-0.007375229185728638,0.037919429652698566,-0.00033524754378588817,0.00441374302638553,-0.013085569035000022,0.06043422183913316,0.009392491431539307,0.002797910444999774,-0.007343713866523105,0.010247223425927876
2021-11-23,-0.030444139907220835,-0.005912108806727434,0.004974702598672609,0.01132581576174374,-0.008951249825664087,0.0035378032308956975,0.007360688765830181,0.003660747985659185,0.0066337488550221035,-0.004732483527826403,0.024907164842385532,-0.01138810522222966,-0.0026838509729436577,0.0015466514767759065,0.007005019773672183,0.009873021719290387,0.009337958995358164,-0.005733800945604162,-0.002423229071416122,0.0026795849882830236,-0.005332280260834654,-0.007034385452616365,0.009235017580645266
2021-11-24,-0.0024712145976858446,-0.00934567422364041,-0.003879662894800906,-0.011740701127429753,-0.0052066065427990305,-0.0015325532325221047,-0.006889520622753387,-0.01018753633715419,-0.00929376992095643,-0.008910531216441697,-0.0007755636808431943,-0.0007451022661382201,-0.015731645442138342,-0.009084039826917523,-0.020119717514163304,0.003678284211134697,-0.010884465704367186,-0.00036051793726621373,-0.03007218228856323,-0.019153752178496686,-0.01040934397925175,0.0016181651942031028,0.009500239293052548
2021-11-26,-0.027797858472000114,-0.010291726349588415,-0.014101410834288619,-0.022389968863852916,0.0115359320271049,-0.03592266737626304,-0.015555750067081209,-0.022109277049111586,-0.01756783064757006,-0.02213091428766245,-0.03648126280198438,-0.019665182095083278,-0.0004204294053342661,-0.02041252523277015,-0.010947642175916816,-0.01900881325213133,-0.028335563558587462,0.00847301733785466,-0.015631579021783804,0.010975091469067388,-0.01990395593347416,-0.014389114323897445,-0.02199226474308147
2021-11-29,0.03387645269394701,0.003466137049063178,-0.007798657321730906,0.007385039179218511,0.0011615269015159413,0.002547705869619943,-0.005125106494662579,0.004956954979573158,-0.0007028775579109858,0.004066446614262587,0.019871153099912275,0.01812278318798577,-0.006522184838320011,0.0005301961206145567,-0.0030189848546188225,0.008242355404212587,0.02010208140399894,-0.009652943218422916,-0.016757412584369136,0.0009730654586750376,0.01131066563811145,0.03396223773024043,0.009622935277805666
2021-11-30,-0.03407167353727336,-0.022452529638659402,-0.013420527580350838,-0.04552012907471148,-0.012260759248253983,-0.037642921672929486,-0.03412753858077977,-0.03997914902002908,-0.033943076273381556,-0.02500538029376087,-0.023696487532703148,-0.03410564619574419,-0.03600177485607858,-0.008106123935804677,-0.022877545622851048,-0.03404105480608843,-0.05023575038295591,-0.008664589228098873,-0.05184256803720311,-0.023260905896097417,-0.02027176295634081,-0.009094138780679883,-0.038675669343316454
2021-12-01,-0.024916419823238445,-0.0053002078484315485,-0.008697251662488914,-0.011508347709594524,-0.027180114894322593,-0.05446449317715929,-0.007555654086894847,-0.0022986829136495412,-0.039504653009541424,-0.005282722385612448,-0.022923625131927805,-0.004712844695020646,-0.008567832320227842,0.00047173752343554476,-0.029610987626629504,-0.005600952371384915,-0.01537606987714113,-0.019118693912869245,-0.014774995164131055,-0.008270066270428256,-0.004475773027748042,-0.0008753818185458506,-0.013880328059881042
2021-12-02,0.005926437641725846,0.019538194704410428,0.008738535728878727,0.03191756206416363,0.02936971830607682,0.035084825747178305,0.034258935490004916,0.020192481373127347,0.007960594774176544,0.019745536558140486,0.02401330309792815,-0.007066821362887721,0.01661865858350864,0.021340777170954617,0.012182022457234654,0.031551568349240444,0.030339320823630445,-0.011137782552272713,0.027414112941847923,0.018608566939604554,0.03616116832915295,0.026348332287638332,0.03614160257462884
2021-12-03,-0.037950900726866355,-0.014808432447195763,0.004140107352832878,-0.016827493225819334,-0.0037403390228472055,-0.001517836732473743,-0.00324740148392344,0.0026569451419391488,-0.0020687044248308695,-0.017004133811002853,-0.014555223824151309,0.001921681404866371,0.012423748054856576,-0.010185311025254107,0.0209164662151049,-0.013384499767957858,-0.006639692632176453,0.026281061645892834,0.027333853224365656,0.009778592172212663,0.008551674892607108,0.008037040895724434,-0.022675292061365204
2021-12-06,-0.011651411162280967,0.022988444619503445,0.014794684784409373,0.026013489430093406,-0.005899418429159975,-0.004897901749714495,0.023023429097582815,0.012056102571568195,0.015263059682161018,0.03966847570769261,0.022155367031205575,0.01605444103264797,0.012917075035577597,0.013501836172998827,0.01774051274123467,0.01721461750090847,0.0017434764704378214,0.021218390788031227,-0.0023531942652761373,0.022370968457641194,0.025188488822446065,-0.003708915195611673,0.032450359372017124
2021-12-07,0.04421825057123563,0.0017286168767542964,0.010379134535990708,0.01990453987859886,0.008308199345153922,0.01866950031658865,0.01380024868842411,0.015054262553670705,0.01818851848334102,0.005096026724308533,0.03746319815722021,0.014542349071075877,-0.008501467374493532,0.01729063834708544,0.01338269848485063,0.017958571039214277,0.04061478482922132,0.010030361748039507,0.03419831040030785,-0.006094771717086278,0.011251057222403604,0.0018759874448186498,0.011033535215337231
2021-12-08,0.01968949187813296,0.0025882834680153177,-0.0008783783233811127,0.0013938233305510472,0.005243551301861604,0.0013330659146160162,0.007539544426631961,0.0092854612931077,0.0009115162776180963,0.006673639809834819,-0.0012895702821064114,0.021018702670561717,-0.005358786045242314,0.007681862143621876,0.004328005499800502,0.015347999605855644,0.0041822975041474475,0.009312361010333614,-0.01052556984215558,-0.02312339015357978,-0.008780083441552677,0.0013166930938117716,0.003804534879901622
2021-12-09,-0.027093278586158398,-0.005163537052936817,-0.008421643117714095,-0.01837510129903186,-0.01405185152009436,-0.026289704150413984,-0.0016629166828213693,0.004855696947529964,-0.00946999941356641,-0.008394409833734628,-0.006456703795566399,-0.004589512649230243,-0.004957215962235417,-0.003211368657249025,-0.006077306967830265,-0.004797952740783984,-0.008051096752788478,-0.0026614852155050217,0.0007092222768938505,-0.02276326791206984,-0.004671904884813505,0.004821526207051452,0.003989690684166769
2021-12-10,0.020973131606904616,0.003460308956336755,0.007401388470430259,0.005105364491586828,0.009501413464632291,0.04528369342627503,-0.0014575592764017875,0.01780252222676304,0.005331822568297451,0.007206535237140432,-0.0025996775424438345,-0.0024413667937183137,-0.00606440198087399,0.005660563730019996,-0.00044457256696861513,0.02827103939489839,0.028267508627434434,-0.0019567894555777565,0.0028344434843221578,-0.00812583068011874,-0.004145201402182552,0.007531772012147719,0.02056409313720664
2021-12-13,-0.05352445357164759,0.006034512534308867,0.0074830920311501625,-0.009405975658716814,0.0017112306726065896,0.0008172958185568291,-0.027731373790992997,-0.030110104629929135,-0.024871884751678452,-0.00025913005012201396,-0.019285736077025994,-0.004214342134259752,-0.0010897131123448478,0.000568862856012986,-0.02513648991909101,-0.010105340939843832,-0.023680363471056287,0.019072948592485428,0.020669685817738648,0.018335216454808734,-0.003427624575854993,-0.001327671619362758,-0.007738622770450121
2021-12-14,-0.019975943151400388,0.0,0.0021506107505557814,-0.010967114318137017,-0.014306998151802808,0.016661299156111697,-0.006862700314071213,0.0001290920150360808,0.010502463114602234,-0.011061232514337216,0.008769682169609938,-0.005392231913217471,-0.006544585323064345,0.0009276015962342843,0.017227911137429608,0.002092245340709953,-0.0016722149613926929,-0.017491515224902554,0.024837592347192405,0.0008427793846634835,-0.0021496594598361396,-0.009364290988146062,0.0013243177625645863
2021-12-15,-0.01656896362195348,0.023993096234327105,0.023071673504957646,0.012240743907098839,-0.004982725827640144,0.02120812778272807,-0.00475042222991795,0.009015780256211636,0.0029695559145301864,0.0013105517945142253,-0.018703866884125397,-0.004804007448786063,0.014492875623975277,0.02050838582276482,-0.02377754681295341,0.01124284160065514,0.015917163716956395,-0.03453814473819672,-0.08613408927994981,0.008726891997634878,0.02092801741167083,0.008402683672323885,0.01038519247512193
2021-12-16,-0.03542179828694003,0.007531418049311345,-0.006326074953938443,0.0,0.005225345054118646,0.011799981823525041,0.01930988276922796,0.004723242421023732,0.010362443980904912,0.002923507351027421,0.027651031050198727,0.006206482027938387,0.017532524540729844,-0.003954722432447988,0.02378221129194813,-0.0008395830916692049,0.0024740700912009306,0.08795856180674133,0.052485598189486726,0.020717909449730065,0.020860913312299,0.007550851008820247,-0.004412009012430107
2021-12-17,-0.004547206650514224,-0.020763979933236976,-0.015899753897921642,-0.018874313612123772,0.004873246760114025,0.0077746921974037875,-0.01915693927166573,-0.0279508259282486,-0.009157390673084187,-0.01914285063432164,-0.007314586681634649,-0.010143333577449787,-0.024888412352036537,-0.01817589056484359,-0.015149991325021928,-0.009128647996647365,-0.00027440081038609954,0.004068023399381726,0.03599675416540027,-0.02599262767953181,-0.0279354406668596,-0.02242621247135368,-0.002970376197226954
2021-12-20,-0.05107212924557836,-0.016115511186717058,-0.011128315373820974,-0.021798866930803573,-0.030067936334090106,-0.010337787857436997,-0.028645838547414426,-0.016991282874842084,-0.010905600541516458,-0.006342627556586988,-0.015263334487532365,-0.014816893095752959,-0.02770494315044536,-0.010514403416552298,-0.009799434082848113,-0.03251981701103723,-0.025233137415921147,-0.008946846501678984,-0.058220474267522526,-0.0074598446792583095,-0.023755739664033215,-0.013952380716031998,-0.02911019109434021
2021-12-21,0.027598191522673732,0.012069108700090148,0.0025079296463972334,0.028955182179592587,-0.00011103769883591408,0.06937968466845468,0.023682009890610978,0.01701892860679477,0.012894869622778637,0.006561706511146959,0.047033942550778196,0.002811180278166514,0.016827354467228384,0.007780475664436182,0.016340589456749655,0.018879140186153442,0.05036595934919785,-0.009027393686908303,0.012507902699583573,0.012939781714515819,0.020226364472750946,-0.00357496528982415,0.017959630756414935
2021-12-22,0.004818186282465664,-0.011073306904727964,0.004767701241275457,-0.0052341176175983994,0.0004444714131632832,0.04577931115202727,0.0024006984805178266,0.006667606355469369,0.0005534415196488673,0.0059427677130206025,0.024502251974414024,-0.0032939592046282717,-0.00110320997133051,0.007389761681016793,-0.003396672482480434,0.012972775843530737,0.03723561000410269,0.005500155309109189,0.009953829751710774,0.0019889630091292076,0.011041335489175852,0.012646102520556424,0.016506043083108102
2021-12-23,0.011854527875865495,0.004306820204336148,0.007806908195470363,0.006372008041876542,-0.0003332732531536875,0.007946578265284332,0.011103735035608464,0.020000219944402486,0.016780328148598755,0.006215883747552109,0.02466370583649624,0.006117165453944695,0.012591048170913277,0.011390847609418442,0.028743319701301617,0.003098312742581877,0.011879887840487102,0.017606833477554762,0.005807808559278316,0.0023664311128088755,0.007964496321865688,-0.0010038242267541575,0.0032572659924108294
2021-12-27,0.022817068982001087,0.012864221131215547,0.009149840005340693,0.019331194408950703,0.02133325352121962,0.021576470684288918,0.012273919441433634,0.01616974732801313,0.013238905855471605,0.015028038503833496,0.02090923451938087,0.020449898866133243,0.01068972338626839,0.012530425275446788,0.012368716873591756,0.003500781334534464,0.02092912763200916,0.010918984225941397,0.020559871268409857,0.012947428869414024,0.016042088506831975,0.021189207727179138,0.0054759727764301935
2021-12-28,-0.0012871009140708045,0.00423388540925318,0.005856376174392164,0.010776683752465877,0.025892061769747565,0.006228025968433082,0.007870527283345474,0.008019090024137476,0.01360318078194811,0.010618755500740207,0.0,0.015357106452985603,0.007338263987496374,0.0010776136775341172,0.011454254163395738,0.0019835806862604777,-0.0035000212946141307,0.0018276302572821645,-0.01885989032870017,0.0036090387214591235,0.008542535315146038,0.008247927938301203,0.0065062924918311005
2021-12-29,-0.0011598767771315854,0.007588323491664273,0.004638353122025096,0.010801246058365521,0.009862272004915518,-0.007535075579390593,-0.0006332018219685764,0.0017403737622347926,0.007593028973568172,0.0064492464411598505,-0.00023817479621091042,0.010512862724477712,0.0010715008262400794,0.004683155691496799,-0.0005394001458097764,0.005142695462577063,0.0025085966226885414,0.005473535447483524,0.0038445418420156585,0.008465567689011966,0.00011674558352048336,0.008495792961875859,0.0006222294133058082
2021-12-30,0.007827119410162231,0.0008369054097179252,-0.004944369365867285,-0.008428953013137397,0.002310293577768352,-0.02548813705622932,-0.0048574537223690095,-0.0057081288195599544,-0.004907127489811591,-0.006917211236165621,-0.008575752382218194,-0.0028861151646327743,-0.0008561008097958123,-0.0030980338947277364,-0.005287140956355851,-0.00842173705351601,-0.018768519556941365,0.016001637812590674,-0.0047207085686877814,0.0004457665390524834,-0.0007004904914810206,-0.002845881334442857,-0.010240416181677814
2021-12-31,-0.002475002897730616,0.004180622353043173,0.006183939241313663,0.00599222792614551,0.008590579376215102,-0.015303086544602662,0.0033956254856730705,0.008112130293344011,-0.0010566753508727267,0.00247846757937098,0.002643116460781636,0.014068354568844699,0.0064263082920597014,0.00609887673711329,0.0005424446525601478,0.0057534327358959025,0.002040604459069506,0.006981421608989846,0.0026352381421441695,0.010990114321865807,0.007890168163421585,0.0051373700745485085,0.0036261327689803835
2022-01-03,0.012405304429439212,-0.010824284756969504,-0.02777227591292064,-0.026596512314167486,-0.031266034758072214,-0.002684610935146048,-0.008037096090933393,-0.0014856427350716794,0.0026446137491791255,-0.02029083799186371,-0.005990785256841047,-0.01015602419765238,-0.0040442523512725925,-0.022486527558298386,0.01008326368884127,-0.003427632702891592,0.02290610067485077,-0.016768647158216243,-0.009724082939619683,-0.011311369003167204,-0.010670189273782937,-0.037028473468784684,0.0015413849803684876
2022-01-04,0.024971485758223055,0.015993261387842184,0.012203940343288311,0.024239981052031068,-0.03484890793113382,0.007649749810712425,0.018550101430565347,0.023307853259108446,0.02707936905052688,0.016011801280997107,0.016152437777288364,0.003755412099270883,0.03590548849072572,0.01822011390706657,0.040790301549235464,0.0056945292135761605,0.007713531130710827,-0.009019404789374241,0.03565103142067483,0.02540687935056285,0.003810028992970782,-0.010025930443385955,0.012650505050505023
2022-01-05,-0.0286090393149655,0.0016569284444820642,0.016097384809651283,-0.008984884789127956,0.015665065026239766,-0.030366701573237953,-0.011094815732294872,-0.009086570455192011,-0.00102744187498216,-0.0011987958254474629,-0.011150850831158632,-0.03180134431776793,0.004538796983964755,0.004639947475783224,-0.0071165674540160095,-0.009829749252536102,-0.03703695875035673,-0.0016548694155957833,0.048261709090585025,0.006882660721155398,0.010802686261203842,0.0018765895243171293,-0.009737460385835228
2022-01-06,-0.009591018683746566,-0.008271258837947437,-0.020444239861613922,0.0001402224795865603,0.001531182817139598,0.00391477580272892,0.013971297586609088,0.0024451418478192988,-0.0018849015488947574,-0.011876738262281417,-0.02759088650364805,-0.007590355206982369,-0.007188359973611336,-0.02424836932283503,0.004466457723125705,-0.00018307411849483035,0.010512804753574079,-0.027515362375155394,-0.04986967926741459,-0.014462528293803345,-0.01432678162918044,-0.008295044357203074,0.007051263728043322
2022-01-07,0.011312126289282798,0.010842259454309167,-0.0020467305794118484,-0.003597864370859072,-0.011467602879744021,-0.001444382533926425,0.010855843807161092,0.014636204784558515,0.014766335154595467,-0.0025602032105545014,0.033308631052176185,-0.012863100327744403,0.010963901650229646,-0.005118337606156986,0.009410613393004974,-0.018051235775279006,0.019537979159242713,0.012953854249301733,-0.01852479510266447,0.0064246440130726334,-0.017055419112070536,-0.03099874303717054,-0.009669167361989306
2022-01-10,-0.038344158523981986,0.0024753398519550274,-0.007767139625110997,-0.02710559876007257,-0.006297890537096951,-0.024153743260312943,-0.021271986362970563,-0.01466552374036656,-0.011844360575530288,-0.017531778125191022,-0.006208614108776045,-0.009720467376640896,-0.006138619729620265,-0.0025278157480821406,0.001946599808821059,-0.030172356043128623,-0.0034842355572060058,0.0168265683733424,-0.022544695809124438,-0.01363784146856728,-0.009063225109174344,0.0002473812895311678,-0.037706832572552806
2022-01-11,0.05815727516330571,-0.003292197104811545,0.008268627473049017,0.020389283391749835,-0.0010004584718347198,0.025048116576162016,0.021523465119088092,0.012931593709234912,0.013356318586328797,0.0034538284335172698,0.032917192673399986,0.03961894564499091,-0.0010293900406026513,0.0029813175488868637,0.015643951201329998,0.007399308081352585,0.007992041418660278,0.007943014532221016,-0.009118419009677803,-0.000441307766163912,0.015764784330730253,0.003711773857120848,0.001799178333244722
2022-01-12,0.0037472332225783056,0.0024774638191829013,0.007427596669636216,0.00543245068241105,0.012131464930862368,-0.01821872369315647,0.009295276095230065,0.008310376547500109,0.001351595922878257,-0.0005736449480796546,0.05024422358077518,-0.0004793167334653514,-0.0006183289919921009,0.014446016752627688,0.005637870187341409,0.007726611243748405,0.038404245029690864,0.010014725926398294,0.035005618090302226,-0.014053676402388193,-0.0021323503561112567,-0.008967863534578902,0.012173347442821392
2022-01-13,-0.02422514484806859,0.011532019754427303,-0.018215331583918193,-0.006248626760378739,0.0008796563845603345,-0.03416764873654832,0.0008187777855315215,0.0034639372703531013,0.011474897559142105,-0.01417263859147555,-0.014888997172285645,-0.0014373408202903448,0.016704333665024107,-0.02308885188072829,0.014816589665018975,-0.027640346885791978,-0.0071578755576499065,-0.0032509569212625378,-0.017433999008375056,0.02350768461280528,0.00219643002329728,-0.013059793601033265,-0.01877958368575372
2022-01-14,-0.006631923348340174,0.007328946546193205,-0.00999010553475721,-0.011488924761283825,-0.004724332853389801,0.013113691663910076,-0.006135112252562913,0.011427153257142164,0.013346736877966503,-0.032470566266102785,-0.005639574352852894,-0.0006165858033424509,0.004056974670020308,-0.01433702707211404,0.014205146576665495,-0.020102602709010098,0.038932735658499196,-0.001630780056342429,-0.016855804364965254,0.0011665898284021203,-0.022627772171260552,-0.02813608106048915,-0.034359736217961734
2022-01-18,-0.03153997748836701,-0.007275623887630478,-0.01630362862537582,-0.010570083457379531,-0.011480255498477865,0.02724230189359611,-0.009464708695464896,-0.014122737461358392,-0.008890467183431228,-0.012174265772052828,0.004764095253500633,-0.03134677074865433,-0.0038382661867814027,-0.02273069839123798,-0.01779976554794127,-0.015274554648895378,0.008790160343344677,0.0004902668158897061,-0.03717735290457769,-0.02155692264870801,-0.007333103994502377,-0.007261638409103988,-0.00853134758025098
2022-01-19,-0.029209090765801582,0.010586449234379458,-0.0035936176280451093,-0.002997155456580969,0.02456722148249213,-0.01978000647319611,-0.01911120732640581,-0.02614287525622372,-0.005979952383887488,0.00656063459683498,-0.004741506266004336,-0.013029192410199286,0.0008108462199623023,0.0032072182830797935,-0.0009902406041760736,-0.015436034856063707,-0.03829413219636291,0.06040801860119349,-0.02296184267311341,0.020617612135332752,-0.013676163761737858,-0.007935267672389168,-0.012435174303827456
2022-01-20,-0.011561917090261553,-0.022562633636456275,0.004937447527217476,-0.015466533590643095,-0.01318807736144434,-0.03886383797385384,-0.014400527782622352,-0.029419195004739218,-0.03392371386548432,-0.007588620202677698,-0.02019061914332787,0.01162286979858429,-0.023910653615023758,-0.0015827749158510152,-0.045697899023756205,0.0027924630063049793,-0.033619331311966594,-0.01709004403672809,-0.03750583309495403,-0.013856420893807342,-0.011451421521308403,-0.020178510279049156,0.0
2022-01-21,-0.02026245451916353,-0.014839313944855492,-0.01571532008509746,-0.011326819553351353,-0.024409152065813955,0.026438531983636215,-0.02363567237605735,-0.021596040529417104,-0.01885497492830357,-0.08481488435508644,-0.05093751997159013,-0.012127868256962215,-0.018268651836061633,-0.0172844424942733,-0.02202124473803657,-0.023374753108891366,-0.03010104227435728,-0.011748086126919799,-0.07265301984950479,-0.00517678238630348,-0.031058540280687108,-0.01615963198102066,-0.011688404313751954
2022-01-24,-0.0039012489762303426,-0.0025103103190704523,0.00120358765855344,-0.001942514419277619,-0.012453180113127793,0.03575765222599325,0.013864416104273358,-0.004130696070571482,-0.0017631631743015852,-0.012711972897238688,-0.025128224607005478,-0.019168429474476834,0.019877329078168637,0.00012652893852727054,-0.0080724336681669,0.0036882431741773747,-0.005087934473039901,-0.00015857837918464845,0.024287940535116626,0.01523943136763517,0.001874190176542223,0.01936149850183999,0.01489071548059484
2022-01-25,-0.02788789033812078,-0.010906011250682357,-0.01195148770520782,-0.02340667665367946,-0.009515131505233643,0.0453479969337891,-0.00043396379693594334,-0.004147743069644494,0.009890698515599095,-0.019313638448694936,-0.008258164776313248,-0.018957709225346453,-0.010159609654003976,-0.008128841839483592,-0.0019271132982073835,-0.04117696868864695,0.033751198540202365,0.003328956159936336,-0.011751003906169788,-0.011276136724370667,-0.006708156475226157,-0.01427049095589572,-0.027967511071001372
2022-01-26,-0.00189320402040849,-0.002544541405738121,-0.010807748017806484,-0.0020955362939938382,0.0019677053688282875,-0.05121747239094687,-0.000868652843309281,-0.0011713219561988453,0.0006995222039818394,-0.01927063984714439,-0.030280146205695857,-0.005968979711196587,-0.009006924445552178,-0.014860118178124382,-0.001931403835762957,0.0012231512701863512,-0.013851394736588585,-0.02528038173064784,-0.012209329491472576,-0.012071662982009013,-0.0032472737350521808,-0.005131407121715337,0.0008173694108997154
2022-01-27,-0.0009238683064582975,0.0034012943248515892,-0.002025823285304762,0.005633645879485227,0.08571093379417927,0.008554338870202072,0.018039432520307708,-0.0032580379431352835,0.05173010287753388,-0.009338822726058127,-0.03460820700144218,-0.009532097118986615,-0.01944655970030107,0.007833531090715828,0.03031291557914373,0.012569222040531347,-0.009530835786352165,-0.016696311318949664,0.03976769736114805,0.07563731932699347,-0.0006512621288208287,-0.03272411057379476,-0.0024501055913356273
2022-01-28,0.003894205760291314,0.01186446432944921,0.006452820553496386,0.0159391050712403,-0.005213338916208676,0.03977763391470024,0.013236522422314323,-0.0054906417717126565,-0.0023263599883204256,0.014003847968824257,-0.028571716590871654,-0.00947264297910011,0.01702947007648503,0.011530498360498687,0.002399550134202011,0.026381330936018577,0.007090337500715416,-0.013188400867359507,0.031527801109675346,0.014356392844052213,0.00938783572825197,0.01599745191864388,0.028437205874211058
2022-01-31,0.07035832015869503,0.005862593420229212,0.016172427453259308,0.02967398351796091,0.03850273365205048,-0.03136411666047345,0.013063690233644731,0.00696702003130012,-0.005163260811753112,0.018056066216134647,0.03274167649114346,0.00925697159940686,0.022679103737982986,0.011875245235140053,0.006765099324164137,0.01643047594157543,0.00452603717155875,0.021884498436221422,0.016133935249623477,0.03490216806996993,0.008848411342958995,-0.004136051309908462,0.010030866209554512
2022-02-01,0.020204837049805358,0.01582014577238744,0.008896893363443459,0.0047222765158672075,-0.005458287185508559,0.08116748128649842,-0.00311949770330211,0.016840928238713637,0.03482355368881396,0.011665462676750726,0.048361125470421484,0.016525385107380997,-0.004144869140293772,0.008566509321575877,0.028946607219993536,0.003700639233623848,0.09111391728034057,0.002615759697061737,0.05976337353464811,-0.007767482739473808,0.00736249566466296,0.02296571994611618,0.005727512513682864
2022-02-02,-0.016474377916071647,-0.005737732749487745,-0.0009835689489833266,-0.027569247618881576,-0.02184949098472544,0.0013429547087449034,0.004172401689448657,0.016176624673339468,-0.0024267516224764085,0.004278183134763802,0.009482141078623663,-0.005220178627273864,-0.007076077784454848,0.0027381253142171325,0.008138153913645363,-0.009192143722164148,0.013306025929203047,0.012717923708148726,0.042062179434526836,-0.014719702813167701,0.0017157653659967131,0.004196612491786045,-0.0074190799764499715
2022-02-03,-0.029030561619296624,-0.030502794287986967,-0.01220321712256811,-0.037718025427583846,-0.014186001672387483,-0.012875549586830126,0.008311046969054381,-0.018066977462146916,-0.0072982865922847084,-0.016833059986290255,-0.030210454573788348,-0.03305840325020082,-0.0031438364705068667,-0.03254865100452642,-0.003288520908484749,-0.03635937838260528,-0.02784729952468734,-0.004990983887271039,0.002411043681980418,0.006247501017353052,-0.005583018612493551,-0.022050521739799156,-0.024318264522558697
2022-02-04,0.0044638565333920965,-0.017007049079577508,-0.06337250891983337,-0.01977954483893729,0.0060139673377672676,0.019836955494287656,0.035441884324356465,-0.021358727884067452,-0.009965647281060641,-0.009300207724640686,0.005759095333151221,-0.014652248574997473,-0.01619039136788447,-0.04432305608899123,0.002099705875545199,-0.0022794146025113537,0.02072668239508424,-0.014077847471982485,-0.008819689794827834,-0.010190496126291304,-0.023924557277567038,-0.021193168696337916,-0.007121386433137644
2022-02-07,0.017405865881028548,-0.006055225970351796,-0.03306966780460119,-0.0414133024403226,-0.013556863772543504,-0.03463894912601306,-0.013930299885063002,-0.009072098324998668,-0.01138621311908683,-0.004213796703905759,0.012493386999157696,0.00684494896420107,-0.0027779890693049314,-0.005067706122193982,-0.007383793458058618,0.002418996840549026,0.014373707809185676,0.040046183767084687,-0.0012579710076983108,0.011727159113833263,-0.001046396777787617,-0.008909323613385367,-0.00880223712475181
2022-02-08,0.031440498321026134,0.011314072790955976,-0.006171914303645609,0.015815094874870317,0.011254153511458531,0.01062668349507101,0.016548817420602102,0.0631551662898795,0.019696390484891912,-0.0005889711664803787,0.04447299218447265,0.00742357816642869,0.010286723852662272,0.007555804870123417,0.018295044226704027,0.01729477254955114,0.010571420484444927,0.0029981029366688006,0.04004650079671124,0.014219198385288623,0.009291244063736936,0.001611654609229518,0.017487130138083673
2022-02-09,0.04296623109992259,0.013769515628699436,0.02590885859689429,0.02435703368827058,0.006420570208010901,-0.002594794105799658,0.023228009091502688,0.016972733373523674,0.014732442903593324,0.0255116442005221,0.07211434031451591,0.02854516492571646,0.0004246886043597353,0.018211643637037866,0.012734348810779395,0.009883849835583991,-0.0035610622139861103,-0.006450567902042903,0.039024057247244226,0.0037211401656880305,0.017763589005279856,0.024850792760534812,0.017348056674388657
2022-02-10,-0.0016496851358221987,-0.013582491302434052,-0.026912456377107707,-0.011067932349626886,-0.014673127756505866,0.009857767682403873,-0.011447373920385306,-0.014234996866250293,-0.016777063006629178,-0.020852791828745554,0.008034631740523546,0.028657206678225133,-0.011662337451197824,0.015452843109979186,-0.00487370866696657,0.009891681284012632,0.02568663016774808,-0.04148863854226725,0.012574978565917272,-0.015556765944323092,-0.020255778341234043,-0.023340994646276148,0.0005823266627638102
2022-02-11,-0.02181837700491429,-0.002581601551398749,-0.0316586795536804,-0.017403780537645797,-0.0024819537383423684,0.04040129076145216,0.0019629381654007183,-0.013071179865739802,0.0022970515793376833,-0.015639335385898456,-0.025278979942106594,-0.018768349512512494,-0.001072676797728711,-0.045717971471092245,-0.0031343792150562155,-0.020183876936350265,0.020688175984001633,0.055014185307321606,-0.026153479451254125,-0.006186818516980885,-0.025421230232365866,-0.024398910704139243,-0.010267579314286235
2022-02-14,-0.013902454863314762,-0.0017256339168424395,-0.0036826538589790347,-0.00931934827301828,-0.0017308533209873245,-0.06514899305022903,-0.0029381674170811944,0.0005046960873396067,-0.004256118352592542,-0.008187888776881036,-0.00817730490391344,-0.01666166236128841,-0.007088143402682934,-0.00413948474584358,-0.015918267224765192,-0.026587385061315305,-0.04800484525122728,0.007673187551300087,-0.008951974097504922,-0.005209682064166166,-0.004202837558297978,-0.009593725047045809,-0.01663116732694503
2022-02-15,0.06021591128199888,0.0207432348244192,0.017824187567161864,0.015348206488944527,-0.004768033372970715,0.010635349212263945,-0.00019662842539325265,0.029626796510687115,0.01693265053823856,0.0018590117286070296,0.028739369696818784,0.027733586331095017,0.010815865945465575,0.028585000716861986,0.016874574901833084,0.043246234852561516,0.021514910386116526,-0.016628102587344484,0.03604598759363675,0.007141574640181725,0.015877226775759867,0.00403032129297487,0.028386610119488065
2022-02-16,0.019097871921613052,-0.0033868126076501692,-0.010047258541734494,0.0005419468094189916,0.002177767770755956,0.030462324640534666,0.011200329044939616,0.005510020389793979,0.003556219720658227,-0.002401073493270456,0.013281677040373197,0.016412767130821404,-0.0034240755208782003,0.006393198813660295,0.0128634733286066,0.015713813739403282,0.015577074666021096,0.015802761241239915,0.00888307025464563,0.002836656287574124,0.0015166676218780761,0.0039028510006653416,0.013801526507715822
2022-02-17,-0.1991058142739046,0.0016992434673996915,-0.01927935795114233,-0.010668061276464913,-0.012168715328206403,0.02378371398683199,-0.0036918565335555265,-0.029103869630616952,-0.014658540748612614,-0.024232906361180695,-0.023502871737216546,-0.012947276998082846,0.0002821193832480695,-0.015995811289060136,-0.021328325391842484,-0.015445237810748247,-0.005832854505417817,0.05398272662803749,-0.014022494462496704,0.0002693600163354848,-0.014740900303586657,-0.0198437631740479,-0.021437475923026472
2022-02-18,-0.031773311021671136,0.00763354193350585,0.005652352633999325,-0.010016112043307879,-0.0034095756688068413,-0.03832491473356392,-0.011117549414981998,-0.012040494020019499,-0.009481702919545865,0.0014576458834401063,-0.00439733647907703,-0.006706084986161209,0.013443220488282392,0.01301130963389907,-0.01099549552202883,-0.003506060050837423,-0.022164024777143188,-0.0011809202143379105,0.01645440709737489,-0.0004038138338402497,0.003958395153830452,0.003180923455073481,-0.012259553467391493
2022-02-22,0.005713918273725582,-0.005102057065069832,-0.015952343840045957,-0.0132692045707955,-0.006290581372007886,0.007642870326742601,-0.0005918957984892836,-0.010283195882929475,-0.004786396625811151,-0.010803911691063095,-0.015341434393357889,-0.007789834077750024,0.003637029671882397,-0.03060834123882794,-0.0028044818105918967,-0.009356971999437191,-0.018000375717251327,-0.007388757071990826,-0.034328385322190846,0.003973771090915124,-0.019847429973022912,-0.02421022824105623,-0.012141877061581097
2022-02-23,-0.05134223467755339,-0.005982665217477701,-0.01444706293121023,-0.01977935173276213,-0.016437302787796093,0.00880431818329197,-0.004933829275985402,-0.03732687509520116,-0.005472580205891364,-0.020655432820467223,0.0023604897941948977,-0.0026169543375134108,-0.03837141227250307,-0.008515529995244409,-0.011048646017456587,-0.03864990671384971,0.0228560043153887,0.01607863168325596,-0.006149415647948797,-0.025492986165331688,-0.04131724665374403,-0.008333801556385634,-0.04239021025930778
2022-02-24,0.012087933332221912,-0.012897923013271861,0.0019600177106342542,-0.0037726598866402172,-0.008017288164936298,0.054779378677050294,-0.00733830812126679,0.006928802050193417,-0.020843688609236466,0.016641624199654093,0.029674983714527592,0.017167674212716255,-0.020394547271776586,-0.020062360578668947,-0.040625665948556655,0.010071390940865177,0.003318671644974014,-0.022417283499279295,0.024749859766729276,0.005025307784647826,-0.020624632902951467,-0.001773326834146105,0.010553136457902124
2022-02-25,0.04207386801493529,0.027874458656094392,0.02232820501991961,0.034656943634287396,0.03437713609429305,0.011965304402300925,0.035763939899378094,0.037613076659198885,0.028093677030745612,0.02478131050111254,0.059926950125915424,0.028596703360974862,0.02783442789741364,0.042909877289190046,0.03747627950174626,0.04508634465645822,0.09217193442223137,0.017685342562879125,0.0756823644028013,0.024864393083659175,0.024544608192307082,0.03456678355328302,0.035732351631276194
2022-02-28,0.02052629543241613,-0.014406433987852352,-0.016973138778585306,-0.0228484780954884,-0.010257100525370433,0.02125808301319676,0.006383153569276212,-0.008966338772778415,-0.011567437369614963,-0.022407297755965394,0.013163558726029034,-0.047004950931053835,-0.041611572162031596,-0.014286225340269687,-0.00785693791683062,-0.01480128507761258,0.05855039003404383,-0.02503668139114712,0.012072064393702009,-0.016240565229703186,-0.05414979146917509,-0.015489857812775898,-0.008903303649032024
2022-03-01,-0.04824159199041478,-0.03181443637604031,-0.024418235145548306,-0.04888315987117464,-0.032315530584798746,0.01428730607989559,-0.031904713977157884,-0.022618653441284664,-0.03103812626208413,-0.03262222433625861,0.020447287111327483,-0.03451120044386058,-0.051918525219583844,-0.03642048723576541,-0.03918559779744901,-0.037822923770429395,-0.01068097153147829,0.04244722482615626,-0.004710246873705803,-0.027651750045161516,-0.05207943201150478,-0.028883174956455426,-0.03863306536555133
2022-03-02,0.025101919249430393,0.014209493765942716,0.012145976294447802,0.030250474665879823,0.015315475875451234,0.028415281149365645,0.01846334735496602,0.01957169190878605,0.036233203420967586,0.013723662810883885,0.005218080873380826,0.010201638759093523,0.01793090888488691,0.027038404998098953,0.046991843230718144,0.030598501091643415,0.03870000604873258,0.01130275813931747,0.053511253745628595,0.02906648737264872,0.018023517688861235,0.01835384730860734,0.021841493961088032
2022-03-03,-0.025062506792839723,-0.006129518849882887,-0.006299918378415925,-0.0036632496664246172,0.022343206609780175,0.028456659011348195,0.00428861604596209,-0.0027241049449419075,0.007939334977442591,-0.010008775356450061,0.019310703071657276,-0.020736896511208802,0.00523687807959794,-0.009614132652758012,0.020550254020264003,-0.001302233828025412,0.03534236360587095,0.012752339324325845,-0.0034777192114665567,0.009302027694057191,-0.005668477970865005,-0.00837732000322211,-0.005217498849511726
2022-03-04,-0.03896330231919576,-0.0052861910158020775,-0.014793521145563648,-0.022000458669749312,0.0006656190680720542,0.04764667057052674,-0.000776348019470019,-0.0325137544278189,-0.014077483335869556,-0.017589895179779047,0.02077819565558703,-0.02778878354362213,-0.000473680338670901,-0.020806604701913978,-0.015807238010217883,-0.002129243226877242,0.07491905167241542,0.05093423839914246,0.008652401221194816,0.00645850443449647,-0.03201869542779756,0.0017437815264180756,-0.0012406696708751053
2022-03-07,-0.03897921155585338,-0.04428699868922792,-0.030337549646652806,-0.05376197250520032,-0.005654043680541454,0.04865748227308453,-0.005050649089965442,-0.07151497390250083,-0.014448310059350988,-0.05698666311258371,-0.05907017147915594,-0.05959492606447325,-0.02914020633342873,-0.03709621201906077,-0.02419441481111595,-0.039847585716717204,0.021895315891930833,0.048061258575343935,-0.04916387338939554,-0.02967734296453639,-0.07624041763293465,-0.060118217901314774,-0.03907396490019899
2022-03-08,0.05026437187049915,0.013901491245862596,-0.012325007395019849,0.0021439098716449223,-0.021184233326688062,-0.025185608359229783,-0.02225707620890749,-0.0037643414238256456,-0.0024148043386273965,-0.011354190042617507,-0.010180191528238347,0.030738513199828343,0.015373490719203131,0.0016607186006727392,0.012871887891659384,0.002166739408407503,-0.04824993438768954,-0.003083189888794191,-0.045033906687589664,-0.030102624672294298,0.02829678486713516,-0.012759805219238363,0.0045246686439905925
2022-03-09,0.035354744041640185,0.013711328342155493,0.03761954932513345,0.04329211016168144,-0.01571904452050521,-0.010077125952458021,0.028953872377627254,0.053480407243005734,0.033886642029970826,0.052893666362822556,0.0068564796720569365,0.009272479158213942,0.013458309544160052,0.07858093143400313,0.024687530517534695,0.03506395114949279,-0.00807680665721111,-0.014144588205395991,0.03215288094013813,0.04865034147091696,0.03643640053798136,0.007754687418152217,0.03404498127098643
2022-03-10,0.006626445753516785,-0.017132763765259296,0.002643106951291996,-0.012967435921792392,0.00752209162767814,0.05317297862666992,0.039976650417087756,-0.005655675259218396,0.01387965059522811,-0.015392166605171065,0.015322543180379622,0.003393617429122253,-0.003082692221577421,-0.02784652639872931,0.013927196383725082,-0.006560915374181242,0.07744279029142387,0.017243502894445095,0.027305786823287104,0.009211171445900002,-0.006883575873676273,-0.017210762190802975,-0.007863324480897882
2022-03-11,-0.019164469864055178,0.0,-0.03611597418456447,-0.007760216677199838,-0.017229648276592124,-0.012339453697530423,0.0011197645687528457,0.00568784385699872,0.00461819480915282,-0.022341071108896382,-0.016348595305529123,-0.0254889605706613,0.009276785254514808,-0.009595167014360695,0.036996361170677616,-0.0002428037567179242,-0.004341598908591093,-0.0050465979907843295,0.01265347816721385,0.004966238633833386,-0.007921432200723388,-0.016670006313975416,-0.0003419351854281327
2022-03-14,-0.04584327804478516,0.035780155509354206,-0.0050599605086151245,0.021862323268651895,0.033660643234422194,-0.011660453716479946,0.010437805768584552,-0.010346118204693555,-0.010343131357623547,0.04225062313630379,-0.05135308307766295,-0.013797129654994356,0.002592686012548917,0.016383984711806132,0.004253928362262904,0.012699664923880638,-0.06169249258006937,-0.04096772283104766,-0.02366002407129575,0.014655101149759764,0.014305830787717966,0.0172952737635379,0.014829836725124945
2022-03-15,0.03210616379568032,-0.004428980566379415,0.019975377077716017,0.0072318127750024,0.02611952494696812,-0.0007371663505991721,0.014388607602690007,0.0018122132848448214,-0.023390863115638094,0.01690621306628537,-0.005391155043234619,0.03407440310938359,0.015279837727658396,0.030628299995762998,-0.050255104619172486,0.01299297622327189,0.00567976780464674,-0.0050174556231668,0.026277981172226017,0.009408443444286041,0.011644160745491572,0.02024161844604433,0.022987648564281926
2022-03-16,0.051113093760738915,0.01957313175832498,0.008848976342542114,0.017770687411878594,-0.0038566340019257073,-0.07063076742843588,-0.004182494125767766,0.032976118528108334,0.013079596174203179,0.017518544116896573,0.04832886546829962,0.03735044130196963,0.022458785039063622,0.03546412437358493,0.022199573746559675,-0.003600675475042836,-0.014718466691280518,-0.010358648098456547,-0.0030254397463169713,0.01962596954963325,0.03647556420617004,0.008001870877321515,-0.004010668470232237
2022-03-17,0.028895985255161127,0.013088920121352876,0.017586700159480717,0.005761205495907085,0.012942374291125436,0.04593929387839424,0.018809428749789525,0.02114757700053116,0.05365523156441143,0.0053290470943754276,0.04674715280032182,0.012642153311144266,0.018342383879618396,0.015893245282938562,0.033419149993425545,0.010498362933331506,0.06131670692475466,0.009640874719606618,-0.001332272550172653,0.005922455963997875,0.006334671886704335,0.012848812589372427,0.009874381646172381
2022-03-18,0.009523067427549714,0.005167809683127356,0.013651245648636401,0.0002337844532562805,0.015616581354772396,0.03296832230964086,0.001075249463970751,0.011871959548032773,-0.007160935023531101,-0.0030870345667296517,-0.010495920883700105,0.02030650244264165,0.0008891174751022302,0.007402400541244525,-0.017080776002169618,0.006917814052984417,0.016039316684775873,0.008866128470151002,0.009115947030138294,0.0013436599599307986,0.017485000235598402,0.016200617800350203,0.0021847629993010376
2022-03-21,0.002219436337755454,-0.017994630568727743,0.010920728959046055,-0.0020450873533648384,0.006236356932378673,0.06362214140330957,0.019695720727109345,0.0005212308316993042,0.01522676644558163,-0.0024542999361073514,0.02974226409268388,-0.01982500355697403,-0.005553999764722817,-0.0030805300991337825,0.024504720495850396,-0.008192549892316547,0.08247425446530321,0.031639165995779095,0.04839887988661684,-0.0008944606201011229,-0.015427966642686308,-0.022700923838929077,-0.006213573822068552
2022-03-22,0.03483017206499306,-0.0008727566843189649,0.009991398849934274,0.00046812603037293954,0.006518671775396445,-0.012930603481226433,-0.008252783873623493,0.003648358446287192,0.0033154155656756057,0.032978061576728335,0.00706929407476764,0.007821765026341465,0.0073724343982730645,0.0046027312995848835,-0.0034307059032792075,0.003738036327887384,-0.022619073495638964,-0.0035389324310755033,0.008756672813743593,-0.018358564098655328,0.012024066555392565,0.017695742794457292,-0.0015353938998320382
2022-03-23,0.012694201295553986,-0.020087247905043015,-0.005495922046541701,-0.03658173981554347,-0.02951487071403147,0.03589972151959775,0.01646591104440076,-0.014150504363149796,-0.0039338331603988586,-0.01480004335811902,-0.0010027517582399392,-0.011210479875238821,-0.010201538767863338,-0.015474586455733408,-0.0037291164509668517,-0.021849010003116898,0.0342568242841963,0.03787973309849879,0.021805505104741885,-0.0041705499180538785,-0.013184169572056703,-0.010113075269719496,-0.025872106078857815
2022-03-24,0.02852909662605252,0.005347610517911772,0.030479513891643384,0.013487555176453725,0.016847129537081118,0.027126374595859648,0.018812109143736988,0.0047405673819871375,0.012480198829464273,0.014504231948288426,0.032924969089076495,0.021062949290237887,0.013667769880447489,0.034949734558977985,0.028313477175234025,0.022070603211089557,0.009421475932727574,-0.008617101027087903,0.04336020273689489,0.0009161639702313096,0.00598095224389561,0.009247487131489152,0.01973602426590615
2022-03-25,0.01601676489132231,0.00531925082676965,0.01711972130449735,0.037884780985822486,0.013770679868842617,0.02932331266316157,0.022226040299010208,0.0103541308332471,0.009517855813091947,0.007545677119499716,0.00932944638663602,0.011876669578994026,0.023873052686768315,0.002200807672871896,0.005133724045870647,0.02615266871763522,0.040396611926399206,0.009203670464538849,0.026706683885665328,0.02072435254656102,-0.0003860509774561427,-0.018885415169305197,0.021400125735970388
2022-03-28,-0.014891140155800175,0.000881738104644203,0.007097797876597589,0.0020792180943733918,-0.010081488991252163,-0.040175424454640174,-0.012711281496512905,-0.009729015499824634,-0.00911898922149279,0.0039982186466942515,-0.031966060391617535,0.006641067617114027,-0.0043179414696580265,0.01223574800383731,-0.020986271098356046,0.008732281703708766,-0.0472382000588385,-0.010259784127809368,-0.023918463754716957,-0.006084727160669989,0.0006952511962476926,0.021899611086940718,0.0139678084827759
2022-03-29,0.037977029197284295,0.01938309523884052,0.01622948251649503,0.031124132666823456,-0.025621792042109903,-0.05079899722713632,-0.016940408883799662,0.02174483573521324,0.0012479803829241742,0.024677201062652143,-0.003580917064757494,0.029149787614737965,0.01235895215300209,0.011467648183191459,-0.005311585922933126,0.018018169517688865,-0.05178773066504294,0.0052470740649346315,-0.021774487385367358,0.007797644936452741,0.04893864218198285,0.034998830922444046,0.021570767224248444
2022-03-30,0.003011497378351047,-0.0034570900350714417,0.003249652150101756,-0.011570851754282963,0.006601265095067088,0.012327197038415116,0.005858940359548592,-0.018717986842343826,0.00109047877813917,-0.012588732155425553,0.013775314433966956,-0.02198843964612307,-0.006425386176507786,-0.0022060212689494207,0.0014303400471287198,-0.03529933195702317,0.01660196218140797,0.0179499992876766,-0.003533302920696202,0.0030691437759970963,-0.021708684818713242,-0.024445814778934816,-0.022003842330386658
2022-03-31,-0.008962544010462925,-0.017346081150605097,-0.006479875279747138,-0.016173642065209215,-0.016285946489451364,0.020295035253862892,-0.015247444040856428,-0.03867262818187167,-0.008403536737212614,-0.02128607637893898,-0.020480546826773693,0.0009144470084556655,-0.005173530802704884,-0.01900990489323451,-0.020948623989493265,-0.013760190854456567,0.014957234592752444,-0.00637806664215701,-0.005485859770372525,-0.0048449952603307755,-0.014066806498552964,-0.013398555076889807,-0.01827694246603495
2022-04-01,0.017047173927625447,0.018534880251702024,-0.003681456818182549,0.006150371151474765,-0.008666689162158958,-0.03172930003352281,0.014091759051667596,0.015901249439950638,0.007219212680543707,0.021578920881672792,0.024527680292311116,0.022843291272914623,0.0032501832930365016,0.010331147548303443,0.005057300105646645,0.000441879480285845,-0.009322982912660205,0.041913318208116834,0.004103319497494429,-0.0022420290868022663,0.022430874145201063,0.022394039112747732,0.002612793476539199
2022-04-04,0.004979679621682109,-0.005199323344836193,0.014699418122839925,-0.00268486919108335,0.006949261092665582,0.019540968305964634,0.006519056225470221,0.0017390620130757206,-0.002648827415279831,-0.0016631850552997207,-0.0011774239957255128,-0.025980872668697752,-0.008639110599601652,-0.003997354783266238,-0.007934582564805281,-0.00023375618569876355,0.01700049348575461,-0.018482781196913933,0.001742049538424828,-0.003851892605560403,-0.004775860272577037,0.01500709877318318,-0.004017681197499234
2022-04-05,-0.038665629383076605,0.0,-0.0038393465455475173,0.004811607864939171,-0.001113159898152527,0.010124082426596237,-0.006647233302649047,-0.025107017711059942,-0.008123665759916188,0.0006664534655713705,-0.03555994885745084,-0.01100583814254874,-0.0026144308620853485,0.0010266948734636294,-0.005559942933143103,-0.00976708316616548,0.011193778671471977,-0.017107819117518575,-0.004815363441071474,-0.0069607078312092785,-0.007197820568151325,-0.004130842659240352,-0.005941818593748871
2022-04-06,-0.02682942647772235,0.0017422216333116136,-0.006277828199386271,-0.006384756210056297,-0.015266362598348127,-0.0036975875405219627,-0.003946385283101317,-0.038629830138309784,-0.028666124770353907,0.005993642167150481,-0.020981825517281116,-0.03013914665743178,-0.0019662189057730872,-0.020884469771571323,-0.02216774157141732,-0.020146155526961085,0.021254892344003684,-0.004007006818508407,-0.01552416323757877,-0.010578880523675616,0.013065501710152194,0.01806447412768275,-0.018371445542483378
2022-04-07,0.0017969475882797514,0.0026086621043124314,0.0050780956148406275,-0.0031557600190286195,-0.0072421446951400625,0.0275416660001091,0.00757960222525389,-0.0066970408877147225,-0.0068103128524424905,0.012963861857291592,0.008739214067056578,0.0031873204925303433,-0.006784666424156871,0.009522121154939445,0.005115829912530012,-0.010548242880626835,0.033675274570173164,0.01873285660560109,0.03017238750163176,-0.007542956544499768,7.458285863659597e-05,0.004569116724028044,-0.016368717887281337
2022-04-08,-0.004012216150133696,0.016478623007855075,-0.0006763879758722169,0.011856614872741478,-0.0035337353764498536,0.028514482866320634,0.019661560323348537,-0.012480376653967729,0.0070203628483469505,-0.0036487726926824893,0.010107181267335452,-0.012946722449620696,0.029087664971028993,-0.000723115911047012,0.013273543991612291,0.006439522266562525,0.0327181131402805,0.013451794337464351,-0.0009936466898108343,0.013482619252682015,-0.012075935005007254,-0.0002651733530859568,0.004770937600569569
2022-04-11,-0.023696772907688346,0.0008534773013630925,-0.0054539075468610365,-0.0012512921207773475,0.007206689894797114,-0.010720004496069246,0.0018443154903049486,-0.005229690361365669,0.004377523811912143,-0.013173062458964102,-0.025525982470654518,0.011265932935649703,-0.0006421602914363778,-0.002108089969922289,-0.0013788522427726768,-0.005591740448508187,0.0006770222309397944,-0.009498425122895782,0.013531238759169728,0.010238799914883634,-0.0058857192166387184,-0.010085169211786038,-0.004182962996336359
2022-04-12,-0.004757279822659721,-0.005967609109322924,-0.008205432898223619,-0.011903444253882012,-0.019761414060110893,0.025875952830547666,0.014727897658358913,-0.00029208192369634123,0.021146041791921144,-0.006701899591307958,0.0058675403490300315,-0.009867208810903305,-0.0006430749363526278,-0.009932091781828967,0.021106464527148816,-0.008759332108560391,0.021241965655873107,0.014261133162997597,0.029057707881883887,0.013298005550720804,-0.023073882496841724,-0.01589420891343374,-0.0038032186466961937
2022-04-13,0.036484249738805596,0.0034304050128008967,0.008636700036660727,-0.005648727422093547,0.019001113152434135,-0.007375687765865724,0.0052779752317204665,0.007449731813145677,0.014226936592240724,0.004684157078929996,0.033019899391058205,0.025476104187592385,0.008790829888500218,0.016719821661842493,0.02308521554276277,0.0008725327013654471,-0.005696703125581792,0.021818386706504267,0.038094668358224615,0.016691258336995585,0.01460618241455891,0.005643037812661289,0.005527326741523897
2022-04-14,-0.0075763432664546215,-0.0025642338906998186,-0.012324100643475333,-0.03489655604990494,-0.009096003781653761,-0.005504097250609852,0.0009844820193045667,-0.0039148510040799556,0.02072955111149266,-0.01981456291734629,-0.004855222594436048,-0.017006270803314405,0.008076642153303837,-0.00228679300380652,0.01567222538840851,-0.005858492852572006,0.013324150543575053,0.005575081325606579,0.01280386601211303,0.021492415443848945,-0.01776535044728067,-0.021284835199626206,-0.009633429273017802
2022-04-18,-0.005785093922332951,-0.011996420379151829,-0.003402794858063163,-0.01387500978113676,-0.01193360228661533,0.01494331201924659,-0.000983513767684574,-0.0014556362857348626,0.005954816790535444,-0.008833586230041712,0.03212030615325867,-0.02152592237137152,0.0006323754079171628,-0.003076772772397929,0.012734680924502584,-0.0064417626627499835,0.027613517903437135,0.0076679301168463,0.03030512673888297,-0.013679297450644001,-0.013876852470450785,-0.026611242639867694,-0.004463115032236176
2022-04-19,0.040444605899445873,0.019947955843007348,0.014512207788184517,0.029541174603527676,0.017651991736823858,-0.0275379806575079,0.0031173404243518554,0.0097669028685341,0.01775996368163324,0.032677996585146474,-0.002560612401425799,0.014747848416556852,0.025073867905909264,0.0019210957320008326,0.015236077390847536,0.01994662711478279,-0.0021753406306673773,-0.02996961952299615,0.008806238152620383,0.01959072944523932,0.024903020508534324,0.024698490876409185,0.018506848845661228
2022-04-20,-0.004400693786312471,0.021258475834048163,-0.0033257656765550703,0.012127892099815796,0.015633953530781453,-0.008037405261213881,0.0029442023404302464,0.01862265387576323,0.007307825456705386,0.008298604142491062,-0.014612953901966597,0.004897912213643885,0.015621744827722273,0.025836923068458528,0.00488231476389589,0.02515554294322664,-0.028340531996350116,-0.003258445362629203,-0.015014871348511427,0.018482515655552367,0.0158902352660093,0.0033297354142418634,0.030585144595467018
2022-04-21,-0.045812400850034796,-0.006660950556177325,0.009648611395586926,0.008534102603825255,-0.0041574552228259565,-0.06387799491165358,-0.018101942514939906,-0.01261322525339581,0.029167952793917706,-0.012290073311782779,-0.09919846946055522,-0.0023970899865896067,0.0056667287515215214,-0.006127999801358253,0.0,-0.011081996709688124,-0.09383657060102546,-0.06695745462114266,0.037459351236227345,-0.0056297411314851775,0.011009823483207004,-0.00584755413733451,-0.006899220583947652
2022-04-22,-0.031847161479400476,-0.029337987115698683,-0.03273085428720468,-0.029674463306137322,-0.024596465244151045,-0.024355694005143702,-0.04201961297098933,-0.03416120542078793,-0.014530216496944193,-0.02677483592832608,-0.06763050753330302,-0.0019221974813157239,-0.03964566990762941,-0.04516454814765658,-0.040306019612321276,-0.05328181449871261,-0.027526920327698767,-0.03296144146961988,-0.08280637007947889,-0.02921163621130074,-0.0022531102174032647,-0.026588645209312145,-0.056734888090398616
2022-04-25,-0.010865219865188402,0.006044993667489118,-0.0006586706044048318,0.00758576786792986,-0.005668146932239715,-0.025686103656319625,-0.006587999445694215,0.007579460872517929,-0.006277473818252832,0.002340130454802525,-0.006203685448258778,-0.012358691651310538,-0.004819697799724132,0.013786785580208516,-0.013687260775327337,0.01682532985225693,-0.04732672677067684,-0.02563063820152811,-0.015461250034045637,0.0068866209041449356,-0.026420804684049726,0.012657106699732301,0.02881700526848152
2022-04-26,-0.05391503585654589,-0.003433514674147431,-0.02937080303356354,0.03278191784293538,-0.05898083791801134,0.005823069783011503,-0.01169283241946828,-0.024041509545176476,-0.010283501740739553,-0.040658341641583884,-0.03529446448394047,-0.02640758709613078,-0.009897229953713671,-0.03331331225510914,-0.009029381186688723,-0.029268608690019016,0.0009432993750482233,-0.006610473972625819,-0.009649074273301972,-0.017560885758890588,-0.026596612584081525,0.09414555034278838,-0.03130500505945466
2022-04-27,0.02380682779333876,0.03531426225147327,0.011119408512700879,0.040810760761924136,0.0014833685445561073,0.022210635332431394,0.010418512965672644,0.000302178180989765,0.0011873731849545432,0.012287045732247925,0.03758109799373899,0.028626137955495068,0.007231344115773197,0.011563932048736847,0.010166820929102816,0.005396462255488954,0.018533064994454396,0.0,0.0124816283846656,0.013860764072419762,0.029467984979120176,0.029517006375339605,0.009325268957830923
2022-04-28,0.01576246143884452,0.009983633714787166,0.009359799322406825,0.012353164653002846,0.023701148381461534,0.014725480591368578,0.010485944572245387,0.02100025464762001,0.005337277938177065,0.02797012222019757,0.003598108329733618,0.015578181366005861,0.0025337350662344438,0.026543984344680638,0.007405929927305266,0.03899124133296805,0.007247263530868464,0.015943465675712476,0.010440541283438076,0.007423404589960381,0.009567028030548208,0.006907990161499233,0.03364531654833747
2022-04-29,-0.012444875725291182,-0.023064346718352335,-0.026655037476550625,-0.016179284733189525,-0.021343639916855173,-0.017353196228878764,-0.0022483863593466547,-0.0244152594094299,-0.01931864635353353,-0.0340542039206676,-0.030832055807444747,-0.030917920379813557,-0.0252740056027827,-0.010247876325734429,-0.0006594835565962853,-0.031815499328301744,-0.044396760761407195,-0.005867829582027584,-0.0365386414280362,-0.010316206479401235,-0.021857049555423003,-0.022572717174604406,-0.03142559106350762
2022-05-02,-0.007312278319625998,-0.01349079435532552,0.005682185682551966,-0.007475179833637768,-0.006407180524412359,-0.004027731752891728,-0.006066972822646788,-0.0004553198974694972,0.008421087343717604,-0.02196754865928452,-0.00912453876622299,0.0022257770963876045,0.005834120115726593,0.0042629584283102595,0.018673968249441897,0.0032182008366348214,-0.0003203592183399495,-0.007412701972584812,-0.03094718706830979,-0.006824937327212566,0.02343932740385557,-0.02247627737986224,-0.0015673145297813162
2022-05-03,0.029777322811748386,0.023076955908572394,0.01571792997200716,0.010711482054374333,0.013268860444612063,0.04375781171746729,-0.0013950976369504486,0.007283702347053556,0.01625393262380115,0.004588876421264043,-0.0007466456668581145,0.002714595542820497,0.0058005825647120535,0.002298740209246697,0.02694178744266562,0.03129258427244053,0.08701936364565976,-0.0009680753003539211,0.014467434759580122,0.010120465971844128,0.016947912509922336,0.0021950970131343617,0.028543241574515044
2022-05-04,0.09309058980151308,0.09607356752818652,0.035089992207441245,0.023403474351555653,0.018480201622436132,0.013609918271228594,0.03283255261229767,0.03615556828093913,0.03609718341513268,0.04501751649845542,0.02864273596613831,0.03765372629436592,0.03566823445862344,0.02620904388486278,0.04579889898420486,0.03026071696094168,-0.01046744302768332,0.0159194884772369,0.015575874291143155,0.02424394525304363,0.031003420246529245,0.048854818512070075,0.04804157302697898
2022-05-05,0.0976007027744552,-0.03658548011013296,-0.046506987591941495,-0.03311584539864165,-0.07714477041108792,-0.017053611967429716,-0.01859989711144261,-0.03838336281467314,-0.030307460723565716,-0.041295238488105124,-0.04019393234818136,-0.02956755568494085,-0.007836694636294328,-0.029884422689346546,-0.039396691496057956,-0.056757553325030186,-0.03560774252336418,-0.01430708176912976,-0.08872077563946079,-0.01545809835083567,-0.042012192972102125,-0.019750105938834195,-0.04503044353958341
2022-05-06,0.02498937584448413,0.013449499323821223,-0.000678041608802582,-0.010765829733737964,-0.06367212424912205,-0.004686464439731974,-0.039627866594917904,-0.010885859022519928,-0.00788675906812153,-0.00893865951993944,-0.04439938550916778,-0.0048881246453977845,0.0010394193354787973,-0.01263557166017637,-0.010858862672700753,-0.02847210776281306,-0.010505219684945,0.007326449746128505,-0.030322530925442015,-0.0035572015406573065,-0.023105766370171588,-0.01289035304019015,-0.04065938658871471
2022-05-09,-0.08568128053562774,-0.015612976016222802,-0.011025327386429029,-0.005244039638976683,-0.033653354303209704,-0.08956121397190075,-0.04772153736630491,-0.01666167410071917,-0.01913730342720288,-0.008414169731627341,-0.06230199820207705,-0.02177630958475929,-0.007267602087304814,-0.02718212683452237,-0.032843253701028585,-0.0381787492638368,-0.12786885464532038,-0.0542060877259094,-0.047747917635819204,-0.010401842716300957,-0.0062527416187139195,0.013131867729121005,-0.04079355504168669
2022-05-10,-0.000947539079900972,-0.003964904317734552,-0.010891129839294633,-0.026472629940951897,-0.00575611999652248,0.027178636415354118,-0.00489833128733741,-0.0157001883399307,-0.012306882387473905,-0.021061067478762574,0.015484043058096031,0.05029691617783216,0.0008367924446011088,-0.0029640944813886794,-0.009287255828281604,-0.013973248140074168,0.03186535632261589,-0.00943143597161411,-0.0038451814694887565,-0.0034830080288861254,-0.016517314935135752,-0.03827114514848551,-0.008653089713984152
2022-05-11,-0.037935255575208715,-0.003980993198432592,0.009580378295045655,0.0,-0.02619753124725277,0.02399578522462087,0.014767026175472653,0.0009476516554549619,0.014891640093135816,-0.0006857709467132933,-0.004435665215524853,0.019920565255413303,-0.0037618300816164574,0.0035744823129011394,0.016949379997592384,-0.0200523137924995,0.03157531267436142,0.002197178953609269,-0.027483982675295393,-0.00867569103994037,-0.005918020175678218,-0.006382106006020738,-0.02129475693497418
2022-05-12,0.001971671381248097,0.004796255113485026,-0.006354845695841438,0.004134065039943291,0.029429314465770018,0.0318024048772767,0.011036207028839451,-0.0020510394817244704,0.0037431476886278237,-0.003245286147941062,-0.043720544758199864,0.004140528454941617,-0.0018879682936923103,0.0029621019260837045,-0.015270045380233577,0.018690055994164068,-0.012108922696777769,-0.04487003912923515,-0.0105582013644141,-0.014606856006076696,-0.007884234626201025,0.03729168553212481,0.044338814392694825
2022-05-13,0.07200760313965304,0.015910693535411635,0.00993916854539001,0.010670095468363616,0.0070744845610413165,0.057314479886375835,0.026272111909926066,0.014070970631958835,0.007756426450852505,0.014148985613170018,0.02038470107756707,0.028242443505476444,0.00441375621013762,0.02465628200564729,0.009077121134198007,0.016088172960813107,0.06043572916949924,-0.0015301046710937127,-0.006819659592488869,-0.007092107543306803,-0.007784429509580693,-0.004407569809693479,0.01762477494912318
2022-05-16,-0.010925693836603134,0.013312432271460173,-0.003380338196860899,-0.004704883781914915,0.028100431811059368,0.030329333122617763,0.019289781555353436,-0.00015576747982815053,0.006216503875895896,-0.016358911700084855,0.0031390220619751386,-0.03177973288223723,0.0020921697961786556,0.002170087810292154,0.006465428197388601,-0.028331979608636093,0.012682585402163715,0.003065030884147335,-0.032635907760027005,0.0009008420638745296,-0.015446361390474617,-0.007170749486457018,-0.04695867363011674
2022-05-17,0.057042900187645795,0.030139240569269976,0.028593557603403985,0.026978504504358014,0.022172633151354537,0.013456796686518668,0.018924657120970023,0.03555271185296727,0.02927359828107745,0.02259304536141915,0.07083955514686546,0.014613976307920495,0.02693683044531192,0.03015108172014269,0.037147440333349824,0.03537329216183993,0.040583434262896345,0.0007638834133463224,0.04442583853280979,0.020573559212270442,0.032041281709718206,-0.007775424702260669,0.029663272535785268
2022-05-18,-0.013585256164169723,-0.04501117990603798,-0.021329053279498966,-0.05433608839858062,-0.028512719369619743,-0.06307056784230758,-0.00902623302867267,-0.03207326668321375,-0.015149449274064586,-0.04130328752823842,-0.06110528474151855,-0.022182715039989476,-0.017283396829649522,-0.027292074968702673,-0.009784437970385751,-0.03249243188698281,-0.06383296305858743,-0.024732678960121546,-0.04709359434423277,-0.04863300313368535,-0.03836586292177091,-0.03565301448137548,-0.026382824116232384
2022-05-19,0.013136779214198535,0.018067625634433426,-0.0010661994039556921,-0.003858295818703561,-0.021204895553118108,-0.012400156596117484,0.03345600193906506,0.0006218159815072344,-0.0021768371738579706,0.00921807144986686,0.039049059412973985,0.01622686963813802,-0.010552516709452231,0.002031461093265241,-0.01160380771175551,0.002099014204152594,-0.004556798172665744,0.034909181807524,0.01283777419328902,-0.00350936263914714,0.02601203344797942,0.0011964269133459826,-0.0013704325073565782
2022-05-20,-0.01104225886507293,-0.002315007095368582,0.014388065459680632,-0.0197831215068206,-0.010330028508641842,-0.04544127508777618,0.0038983913285883798,-0.00730719014960346,-0.009453183958931355,0.011671553001414647,-0.011165402394052393,-0.0006205588351565483,-0.007109876642528046,0.014419255331346692,-0.010639173685355385,0.009579770913101582,-0.0526399906382915,0.016336614679840933,-0.006130397062975912,-0.009502123091427395,-0.024374206799242404,-0.005474817150258993,-0.0017466880157334108
2022-05-23,0.027491189590262533,0.009280772443567065,0.00151521996679449,0.013373781987872535,0.02652911821635273,0.05532941206369868,0.028363833121713977,0.02537223630612573,-0.009102846425436684,0.009655774141292373,0.056182605577457245,0.0013963265900391875,0.013900569851123423,0.01662534097679469,-0.010753680245458086,0.01723811491093885,0.05263138887519281,0.003571954535778854,0.05284670785577994,0.02602963987149476,0.026152929783452628,0.005117307092802115,0.024245411664744365
2022-05-24,0.0008642637226894401,0.0023202352996756215,-0.004748889628564568,-0.023215484994202895,-0.009885430832429987,-0.009595294038201474,0.01937283102797349,-0.012677616572797978,-0.006223096884614754,-0.016332260058693704,-0.02268542984040356,-0.004414904638391781,-0.019733933547044558,0.00021831454695186991,-0.0025301785626444806,-0.024174356860763524,-0.04590127870243377,0.023579740826022766,-0.01654671512060879,-0.00797730366796301,-0.01099229108950861,-0.006248523578075593,-0.016289294929430986
2022-05-25,-0.023195670224580134,0.0007715480054613089,-0.0016890916357532593,0.015476595126649562,0.002567347262121711,0.004494648092475462,-0.001288282496503479,0.011911999766667014,0.0034291677185305236,-0.0036614975946628325,0.009338019660821262,0.008946785076906272,0.01483328160029651,-0.014477831345432346,0.024145010712332216,0.00276598524724303,0.027834875271432136,0.007534381332449547,0.03574311204770342,0.010677684029637202,0.016054349222159425,0.028992963329773414,-0.003659187505014372
2022-05-26,0.07384968518042312,0.010023051566049546,0.02567489285818869,0.02116712671831844,0.020913382755891607,-0.03838139412622965,0.01870654111217296,0.029964848786859344,0.00802365113657122,0.04042590789923772,0.017446492886964204,0.010100936664754423,0.02641972329826503,0.014183941519541277,0.022841826371494234,0.023908089173242386,-0.01437646052538577,-0.011935920879264539,0.03427640736939508,0.02002107124511454,0.023417906164403313,0.0258375372885824,0.02514815820368521
2022-05-27,0.06222316470593281,0.01603051583244497,0.033650641813263826,0.028190425455585588,0.027452742066251368,-0.010236696243785204,-0.004115919586394345,0.019689718362306152,0.02859702482883364,0.01114463731300197,0.030137779837163148,0.014962137941819442,0.012941814929301021,0.02903266349201905,0.050045086214615564,0.046101043919137163,0.01509489644565365,0.0,0.03509434517412702,0.022312948882708294,0.029532845230939797,0.016104468785894444,0.033053248347899356
2022-05-31,-0.03875682751320919,-0.015777592879984592,-0.017913301620875344,-0.0017353837129927552,-0.035903901490922485,0.031863764533614614,-0.00460969964425284,-0.007460612519341492,-0.01563859562975689,-0.012768660252524766,-0.014375790749744488,-0.005941936507858792,-0.01744082801396296,-0.015016701832559987,-0.024171559537601306,-0.02711835920890837,0.046783680399922645,-0.012516216244997325,-0.03833317548049675,-0.016385409740306667,-0.02722433169850802,-0.03007046600994545,-0.02851922857946243
2022-06-01,-0.07795104534179909,0.006870231447222874,-0.010765305396141955,0.00295558728567924,0.005360516005925575,-0.033005779822955605,-0.004630983662525789,-0.006337352672687979,0.001912337616988502,-0.0063451539903423,0.014329339204325775,-7.555315284279995e-05,-0.02063994686983428,-0.015615540362451386,0.0005251448352212584,-0.006806519079810447,-0.060960079756226526,-0.00044594935258679413,-0.013211488247450442,0.0012084220874979401,-0.008854463369511345,-0.010371577452252367,-0.002001671951035955
2022-06-02,0.04651839954902881,0.019712038153300027,0.03835552782389118,0.025596541006423834,0.017398948793389435,0.020939958588868324,0.0033690156569479157,0.02076540500966262,-0.00014687683307090804,0.06299514687743657,0.05247257726807164,0.012484658794665648,0.0010540546778394777,0.04628821731325816,0.008223134526226694,0.030438411917992347,0.02402447770672933,0.022595793690866284,0.00703847008824221,0.01409784917640744,0.027279037363524106,0.01594657922875964,0.023945808877042785
2022-06-03,-0.0021091821434243707,-0.004461061848738734,-0.0022937264220949105,-0.0010141603559373769,0.015032285350747632,-0.016921442478051496,-0.00863434080601222,-0.02760839163792672,-0.01571215423920358,-0.015421982523016964,-0.009348102011543236,-0.00926677239168927,-0.008631744224874116,-0.0038418122908331354,-0.013411594353925693,-0.004865460227777341,-0.006821846754204608,-0.014101041535303893,-0.022183475876728087,-0.0035694690230454462,-0.025855737477857077,-0.002263504574405939,-0.015075973965052447
2022-06-06,0.02803497362526186,0.007468349105367089,0.020533545408986553,0.015170538208145956,0.002309581136319183,-0.01616938239239274,-0.004516015889590164,0.01120754747154229,0.0005969011010977798,-0.003754367055640362,0.03508346870884327,0.0001510383173088936,0.0036101780314925502,0.010876562969513559,0.022625340558699136,0.006162325339317931,-0.0021778556409352,0.0005898932916965638,0.005904866537002729,0.010809243465066176,0.013310855699107282,0.02287275495021257,0.004760581544435372
2022-06-07,0.00038787035433407446,-0.00074137622025372,0.012973259200423692,0.008943993055861466,0.005422051248499926,-0.020252291877119855,0.010693222133029145,0.004433136966673024,0.004472895880466288,0.0052408893447568605,0.014258756203819667,0.014556188306512396,0.014176773856788172,0.0007455455458538207,0.02248952015212291,0.010581789969889899,-0.03995977303441245,0.007663022296849453,0.03328943788076133,0.009077706602811375,0.01297867656033147,0.007999221850762961,0.015234214228742715
2022-06-08,-0.016557666225568535,-0.009643700339432515,-0.03224793099269174,-0.015582156167110006,-0.02008855726770642,-0.027705613282122177,-0.006091580699116195,-0.004854908664194024,-0.0019298683622394064,-0.03350741895865239,-0.027425476026477713,-0.011894207218735242,-0.01356131909922964,-0.021324897358252493,-0.020659045092791373,-0.04168451887438773,-0.006645480532258441,-0.017695337002619937,-0.02930175733308993,-0.016512754078487957,-0.013744130155830758,-0.033005210023528964,-0.03698240747618187
2022-06-09,-0.045197003869191565,-0.01348343244086192,0.004913187811918851,-0.02707089740358537,-0.031095526678226904,-0.010574194518023772,-0.014838843580209815,-0.022471924377840846,-0.020523335694076494,-0.001696930930408791,-0.039810142184017905,-0.015949523537881927,-0.021150802795739998,-0.030158195827475143,-0.01600274603280938,-0.01166859494249295,-0.05528180173678998,-0.038558955686952445,-0.04774374102375478,-0.021676522130116838,-0.023777801317824587,-0.022717162402591917,-0.011839813884261252
2022-06-10,-0.020307487653602463,-0.03113130692535393,-0.02137083657236527,-0.029088767768149393,-0.02754874126161211,-0.013162211594875628,-0.050753068578568095,-0.039171252315137184,-0.060583010603201926,-0.03624568631018754,-0.007650730104216352,-0.04510707822879201,-0.027657671912152848,-0.02447501528491347,-0.05220863772909401,-0.03340646995674845,-0.005590934954682214,0.03515019733920788,-0.028222579771716938,-0.029841077532790083,-0.06524723863136062,-0.05561282840843329,-0.02936418630478277
2022-06-13,-0.06184841343508696,-0.0368338265797058,-0.02219967203690354,-0.04553258569701846,-0.015478916220436956,-0.015162179163657807,-0.030010228491831104,-0.041869985991555,-0.051559716543159495,-0.03748247400929117,-0.07560315955307662,-0.042754141076106755,-0.04133330968416815,-0.03075067857433733,-0.048552111542067955,-0.016006114402281058,-0.03616946829596024,-0.03290946716193077,-0.0657401933994356,-0.05168325743955471,-0.02243281380979345,-0.0386386578840322,-0.021618230417149498
2022-06-14,0.004995209300036718,-0.016273587151578783,-0.014297992578271801,-0.0006825925971863933,-0.013645830705866668,0.07940770322798052,0.002667134731914711,-0.00821410858450744,-0.002045102383495312,-0.016427929638895056,-0.009416119272806611,-0.01998987128618601,0.011126349837411675,-0.018949296767350576,-0.0011269688804782518,-0.00041052482779968535,0.025277252717682996,-0.02412985832240011,0.01291545620667156,0.03377328630986298,-0.01579901288631058,-0.035230845287465895,-0.012616699546556531
2022-06-15,-0.03694093652506514,0.000827383863850395,0.00029254545263190934,6.246926542918807e-05,-0.003458638659998514,-0.012654453065915172,-0.015251094392822684,-0.00033144750753444363,-0.019637958717806825,-0.0015969160238431535,0.00217282128770524,-0.006315676584219165,0.009858056329379528,0.01478249602491255,-0.01374650673750033,0.006256394818295874,0.016688851293669593,-0.006498922586755329,0.024094089451494716,0.0,0.018922103867924367,-0.0021352857948180315,0.0027143786241194956
2022-06-16,-0.060024150525816,-0.03223154390387284,-0.017510058729416023,-0.04835526852259564,-0.044665854748326184,-0.015857655638035206,-0.026832372419317463,-0.059155028863226655,-0.03466280933657495,-0.02939205299101466,-0.05501390623927516,-0.05900545692016146,-0.030419934873418653,-0.03423445556612292,-0.05117532672547165,-0.048296428795167934,-0.049804394660625584,0.03238671274320759,-0.033401806471628825,-0.03925802941276613,-0.04506253512763847,-0.04384478491588617,-0.04305052749028282
2022-06-17,0.04882028308115238,0.0008540706080997218,0.003700425177709743,0.01043644470427152,0.02527258811791011,-0.040613279606138475,-0.015173662588631731,-0.008629764432735665,-0.011728592874801547,0.021016787419631644,-0.030111779751714418,-0.011409178697170841,-0.008428993721850686,0.003313276280890287,-0.01633394618560613,0.001616720224937529,-0.006674376878464949,-0.014680704474836714,0.012614042287244054,-0.012513510544748807,0.014009270237290927,0.017538369826522127,-0.00193202599211717
2022-06-21,0.020232056457545555,0.017064806239210473,0.02135864084876027,0.002840274834751133,0.008935186912151005,0.04371295097713612,0.040398100828698214,0.010126067397348892,0.003286297605497923,0.0028347559512862386,0.006209569573091045,0.042839956112638244,-0.011097989009283937,0.027865852012249892,0.01638216135918924,-0.003327059159502821,0.019367827469310095,0.022114205461359893,-0.01517665514567379,-0.0012170843639074391,0.005271593184903001,-0.011849949918353864,0.00013850268995119208
2022-06-22,-0.0004158433800320882,-0.0050334256597664995,-4.136082185790535e-05,0.002253275673983035,-0.00045813264269267684,-0.02369668202746278,-0.035036963335867255,-0.016707441838742176,-0.047497788481696834,0.01783431215709852,-0.07963575431421765,0.02443556571375849,-0.01528161051040089,-0.001271524467360674,-0.040241186163599285,-0.0007933422190974371,-0.030050674119852627,-0.00905327208639728,-0.03937290416376715,-0.020858584273686698,0.01934920853035349,0.004769765600461051,-0.005806493611712038
2022-06-23,-0.012116235303146872,0.006745265830559788,0.0043982630277330514,-0.001348777323645467,0.003972117181075374,-0.09008789747306456,-0.046790239402759615,-0.01001594483641921,-0.02445519877409774,0.020166651775679112,-0.055874842712366646,0.012617317159462349,-0.0029100773496354426,-0.005261632950502859,-0.034616959774871114,-0.01657251024891193,-0.09574256442557727,-0.02663376919638849,-0.016691462356136055,-0.005856702611764963,0.014369294626788598,0.016681604764123392,-0.016547048938872266
2022-06-24,0.05228911240151812,0.039363451316876574,0.04139469194164924,0.06341237031343261,0.08931781963608021,0.033746931332850894,0.05163958237883359,0.05781357665900111,0.04073622281486933,0.03473968603853894,0.04802170091107283,0.04331031954122522,0.04182893330205095,0.021561306983139517,0.05609500241920817,0.04164141058208348,0.030282952505460425,0.020999096040439813,0.047340572056457475,0.03534634893419475,0.058149804664407334,0.028280540033348345,0.030894373137612563
2022-06-27,0.008140858783875382,-0.003223199615414951,-0.0234052003548475,0.009676310732023685,-0.007961814600551342,0.04200666491961025,0.01269611793340153,-0.016737762196734507,-0.01731264899018281,-0.01716240999820029,0.0009681266830412483,-0.018696975423276307,-0.0007001853693103799,-0.022986111133300513,-0.01142999692201363,-0.002970554165662942,0.0456984236781659,-0.00545329259977001,-0.009004016974259677,0.007752558940340659,0.002396416168417792,-0.017686532544755496,0.000959792151773442
2022-06-28,-0.015135555153437563,-0.0032335453057480423,-0.014907764151852132,-0.01695117400724311,-0.015065801708790905,0.011518233798870403,0.0005529783737419081,-0.004168979770373338,0.005936068908012793,-0.023007064064613836,-0.007736869364248222,-0.02056396509757219,-0.010978955114788302,-0.00965379867793481,0.0022671768432782624,-0.01927042775803378,0.011079235442014168,-0.013630099064149692,-0.018989564345331167,-0.019338078647129997,-0.016735293359502745,-0.01694836407120881,-0.01774453285260047
2022-06-29,-0.05062938264148831,0.017842578565677725,0.0025565758227765745,-0.0007313611886230476,-0.022873875034687075,-0.016511144160199387,0.004790908904427793,-0.017442855974124538,-0.01047001833290706,0.0011091534821570104,-0.015919586314048217,0.005913087276181894,0.002361878858740063,-0.0067824181756258595,-0.006333286866201715,-0.00835510461592559,-0.023133112426751756,-0.01540644015467263,-0.011352158024242609,-0.0002159806264884212,-0.01727181435790115,0.009403969519627964,-0.0006278361833897961
2022-06-30,-0.013733516918453592,-0.009561882328929738,-0.004264996807794241,-0.012987535089770685,0.0061448873565670414,-0.007409879128532082,-0.0071520251327000794,-0.01331397238837162,-0.007118204203558798,0.0018896466325453165,-0.03400458157276587,0.014823610264780074,-0.014372965834437812,-0.013314340185193174,-0.00455281891825543,-0.0034637346151411563,-0.01890317741828984,-0.037425534562685825,-0.017317554759958997,-0.010221872255824715,-0.02448605769278911,-0.006654632479325517,-0.00823548012188513
2022-07-01,-0.018327324416558488,0.008045225958323465,0.009439512602423816,0.01587698898764911,0.0314092377548143,-0.005248988332881677,-0.00036945603145266404,-0.014933853538591446,0.0015502040843911047,0.025429328138322882,-0.0020505267064986343,0.0011752585247157832,0.0035857900519535857,-0.0072688620809997495,0.0022865374903937585,-0.010660504817154526,-0.0065637381209402434,0.02513827104387123,0.011780499813604184,0.009090932360593884,0.030785558274350144,0.050556004868882454,0.0026039504201444963
2022-07-05,-0.023007429823047265,-0.0071826873746844155,-0.011452033957661256,-0.008088101409913562,-0.012688508632713758,-0.020286153512017346,-0.03732442693612548,-0.010410771439442579,-0.018572156516932448,0.002219658237186506,-0.06643837455777912,-0.0030185355801664038,-0.008813780776354196,-0.05188488282943671,-0.029089418355297214,0.015504426231710777,-0.051150899321145804,-0.023867881711452377,-0.009844782059622692,-0.011459330639376097,0.007636301357586861,0.029758141032031782,0.015161037581710168
2022-07-06,-0.010627144418392298,0.016880853769507764,-0.011459856281247127,0.016062638973409316,0.020276807622183313,0.0004787173538995937,-0.0011516136031168855,0.014765467595900139,0.00887050128120448,0.008669670539798613,0.004401937589887606,0.004457563151078592,0.006248507686314575,0.013524264500680783,0.010809282316084134,0.024214925708975876,-0.0013477137961983576,-0.004354271540381149,0.01252373738228707,0.009623789140570604,0.005388812586493152,0.002105624739744627,0.007052395707263903
2022-07-07,0.02370138374715447,0.0007904556225621917,-0.0059015980066586815,0.008628660889499207,-0.014415695236661752,0.012441496274226527,0.015564899855807557,0.025100050800382467,0.021492564325440222,-0.0031370663375125396,0.06720229044324721,-0.015406567585819264,0.028421301124594178,-0.0014949096419198948,0.03150048480372014,0.007404500003509007,0.015069972143010313,0.007064589900186435,0.04324419525286527,0.022458071233341315,-0.0025124864334368224,-0.013388787505724475,0.011190970541184786
2022-07-08,0.014433500284236844,-0.017377340717918965,-0.015308304616065693,-0.013220951865039465,-0.025560808691935333,0.016188293646655305,-0.002270768429788239,-0.01632340851279601,-0.017214927084504228,-0.020642960640376185,-0.04175200266113077,-0.008589263605103148,-0.008128135355766952,-0.0007304137615895545,-0.014198179811651945,-0.008897428977615474,0.0019941512324188615,-0.008518410527061149,-0.013394615370767915,-0.012571407784869537,-0.010327443828322735,-0.005010808906653064,-0.005906890533262099
2022-07-11,-0.02967005506240694,0.012861628367587086,0.008096128086176213,-0.007274807298248587,-0.0029147857964644253,0.003953321621877448,0.003413715656168881,-0.009920811762249904,-0.007201328309742849,-0.008611300863744398,-0.03892861004047088,-0.0030879273192443435,-0.011238477211707676,0.011290509681988192,-0.010631377236549278,0.01997110385102352,-0.0066345384386856665,-0.009602436889410315,-0.010824562574634933,-0.014162248984147974,-0.03139069581906617,0.015401446536608798,0.011406339378866592
2022-07-12,-0.0200181384602397,-0.011111198373456754,-0.009227338608195024,0.013923525004351678,-0.011107476227347313,-0.010771560537693348,-0.006614917333894854,0.011842067812363632,-0.011566175032762471,0.022752277601095994,-0.022668291859443745,0.006969522148090768,0.012786924516421827,-0.011670314831277007,-0.007163287014058883,0.0,-0.0011129044558292334,-0.014458235009114917,0.012426854104118368,0.0021767966715831033,0.016291706339439882,0.019011441752040392,0.002768530286259674
2022-07-13,0.0009193716408957275,-0.006420454918596774,-0.016987651464306697,-0.017948389261918662,-0.0010349309234176651,0.0015225133930050205,-0.011225181087796021,-0.012243584513245587,-0.014875195478466385,-0.013753260129024003,0.00532318178873048,-0.017687871531283594,-0.014730019976659903,0.004350502668604372,-0.015710636801124056,-0.012404894642539688,0.03209263816724617,0.0043148715629406365,0.004946493835139121,-0.008180913278031166,-0.0027580544821238506,-0.0034069435467117826,-0.014815703270760427
2022-07-14,0.0033672492346974447,0.0008076949060651373,-0.026360775449547624,0.006010288613641723,-0.013907146708201035,-0.05716647996699842,-0.009236184246439683,-0.024972823820993306,-0.015502325275641882,-0.012209954001091039,-0.04564467954256768,-0.015657432515190695,-0.008542898337219329,-0.02082039461147278,-0.01158667637733346,0.008169491953935903,-0.05700715167849746,-0.05499233431695594,-0.012214201661640778,-0.011386716842091249,-0.0075186918646875656,-0.005209216175400488,0.006699441923450511
2022-07-15,0.020542921229238953,0.007264078712232891,0.014505547606744829,0.018167432764038205,-0.0025507191367054594,0.04835737992367983,0.009904721254339277,0.020751633462258168,0.013292506572942564,0.009563321913656608,0.029095314491061952,0.024920399104341406,0.0033508396536203744,0.02962739344573162,0.013636357166444624,0.00877576621817,0.030913785326643017,-0.004728092927471339,0.01799391247307347,0.002657857297369448,0.01706725871938186,0.004623013441401813,0.009845338043053653
2022-07-18,0.015844634522545586,-0.012019258626736362,-0.007282444511090835,-0.010478613864246644,0.008423605023515357,-0.010881362241196069,0.0046154671324643015,-0.0043955726195044065,0.018567279820668414,-0.022361016114674115,0.0619673112018404,-0.013278140785770831,-0.011927270505261212,0.0005411543132831653,0.019825554406034396,-0.0017780283583640477,0.01532667130790033,0.0014618829295507396,0.03761800057591724,-0.011119186845854445,-0.01618150848993616,-0.009447651691349312,-0.002151790432625922
2022-07-19,0.03747296003823952,0.02433088015305418,0.028806598048107146,0.03866643789306723,0.043854664267141796,0.03922048003008993,0.028713567555937125,0.040470812809168866,0.03923098202573638,0.04014230869697433,0.03938729422449061,0.02848651717881845,0.028730075540246203,0.03110461284691457,0.033904157058719964,0.027735585775300553,0.05162955229723809,-0.002919420004301121,0.024111093476284262,0.029711808782787896,0.042293671330793536,0.01738960611751561,0.028100142741547707
2022-07-20,0.03777427897669883,-0.011876437318920186,0.007087190806451371,0.009729046291811816,0.011002775168318824,-0.015188272609409137,0.005210438964781572,0.009724187798829442,0.001906744457357945,0.010139619055321791,0.0024561270557976744,0.014018727076928306,0.007744592354969049,-0.009133833669354607,-0.003917215092687054,0.00693211672358629,-0.0008319456492903443,-0.042817811194538424,0.004435632769444142,0.0054236296980771925,0.0027555686514260103,0.008283447549866318,0.013174198650144797
2022-07-21,0.027743522400306198,0.012820329058721214,0.01277881225641364,0.015635917763561435,0.01512398245565838,-0.0032713475735199893,-0.0025917155069279385,0.011031314808309434,-0.021883986826427337,0.024717427115247048,0.011900772548847138,0.02496839443742105,0.0076852907220714695,0.01373870017717893,-0.022247113068507685,0.013339378354300768,0.0031230591768482974,-0.004205855977466921,0.09146504168229397,0.020427079556669447,0.02373009428382411,0.02829312909492465,0.012161991294800334
2022-07-22,-0.01835119657511619,-0.0031644745389952655,-0.00012792535613093126,-0.0041470277053329285,-0.015455660900495105,-0.0058610541444393816,0.002412793485509379,-0.008313068648229671,-0.010700475745302418,-0.002142608012125291,-0.03977866038828792,-0.0005721052715453867,-0.0018488915123224814,-0.00519101106907105,-0.002528284664774616,-0.01058562627775006,-0.011207921324437264,-0.013438067917224461,-0.06738261473353702,-0.0019027895801652095,0.03887769342526037,0.00943135339862522,-0.005177177266799671
2022-07-25,0.02758979259584149,0.011110971826982619,0.0027714223143044947,-0.0029664183905497854,-0.012020458600651818,0.0644973744083357,0.027031882941036756,0.013447526129124032,0.014355946845803436,-0.0013498725593450445,0.019092279204334428,0.006543391809998855,0.006251567323852125,0.008930397305690452,0.008410172679465422,0.012630070922639458,0.06024334524722108,-0.13232147190357002,0.019856557724011292,0.016313454811270667,-0.006733114678012853,0.0,0.004818483159379605
2022-07-26,-0.010853696144560665,0.012559066088669413,-0.0024661289813906473,-0.017279012010929407,0.004293702662162779,0.0013290001983956579,-0.00018011900514458556,-0.006031321617817609,-0.005428353102455485,-0.027032081318635437,-0.012725385350890517,-0.016821089019150914,-0.03865654734619828,-0.005102629374288847,-0.003998778739416675,-0.005418961187529603,-0.01682832750749197,0.034760991554495524,0.008753203591422176,-0.048502672651637546,-0.005123298447463509,-0.018223095358180008,-0.0012147050419185623
2022-07-27,0.04082619707531299,-0.0015504207600012254,0.013894459262899561,0.07236881979520349,0.03135726669668415,0.04679215907068657,0.02073554745033901,0.03033959595001723,0.018323619731984042,0.014333538029086101,0.048693231078877686,0.0022316540963591702,0.020105482197588342,0.013362756661123854,0.01399430459454254,0.022797924892755228,0.029399853798660835,-0.011486744373789937,0.03260086362031389,0.017527330188472856,0.005625134113214969,-0.08777385652015834,0.028103274613630047
2022-07-28,0.008664494291233948,0.012422330882445376,0.026650909187511118,0.026874273835878926,0.01658344837959347,-0.00718610941299358,0.006182710739244035,0.017428185750662184,0.001148608371839721,0.014504505613942564,0.018436281724180992,0.02515254620439622,0.009385010484588507,0.02231023953707134,0.0018095992442130893,0.022081551742505034,-0.006259720515893741,0.004384786676313812,0.02411057887080781,0.005957217039275875,0.027022957428176397,0.04772179923307229,0.014383358127258994
2022-07-29,0.03381001632434355,-0.006901842617148879,0.01637786195213975,0.006979100178764908,-0.0019030753706796855,0.016391874844560617,0.010358137729201022,0.01829372148195252,0.017399524077262862,0.013499600842464599,0.057660041645307025,-0.002091517107659424,-0.005811148305039482,0.01707483940299026,0.006323612419160574,0.02512718246421697,0.036614221406077174,-0.011569306757685527,0.04141096952815149,0.003210393792299593,-0.008208219086470958,-0.004525861731281222,0.014854920337104227
2022-08-01,-0.01780513619039714,0.00694980910581644,-0.003947975247637681,-0.00015772757082277433,-0.0035409743922387715,-0.010995901297525257,-0.011294502223221814,-0.016821697134349445,-0.014095051463926644,0.011381927868062025,-0.04976237098734437,0.00886727755528538,0.0011689579283644669,-0.0063910019278557995,-0.024349169627144507,0.005936282566160633,-0.02411706269098035,-0.0075089815120016334,-0.006922080878931203,-0.01258796545301255,0.00015463443285446132,0.004752957440919969,-0.002842728771539127
2022-08-02,0.016377823260003366,-0.022239157150376943,-0.012659169927826897,0.00021007628606639628,-0.01872602131846679,0.03949593372494742,-0.020386655015680266,-0.027076714028118287,-0.01734673439040002,-0.010116601976925654,-0.021681012120609355,-0.007271210986470988,-0.011209717009860731,-0.008097907640499336,-0.017021356670017695,-0.004884681321388529,0.0161511439709634,-0.0022252220329660455,-0.020168877666003948,-0.005257694549444358,-0.020570784458148084,0.0021392317838120345,-0.005337860014181017
2022-08-03,-0.017836124221060068,-0.0023531406502286245,0.006513078589902355,0.013912787289037443,0.014207655820826393,-0.012732924653523159,-0.0007174871071725653,-0.007170589043515863,-0.0011636068655248577,0.010099010378603168,-0.021820579280533603,0.018512554665941705,0.006377182518545466,0.008130489754339498,0.0021059949387438603,0.008370196332124324,0.013596289357588498,-0.009812184249968103,-0.005600071369979309,0.007530091463729294,0.012554492374377002,-0.017610043803820474,0.013843014124499842
2022-08-04,-0.019412155152499166,-0.010219971945849782,0.04891948246290889,0.0021231818533407054,-0.18582597707978654,0.021976768966893268,-0.008617889696570846,0.0072223777462512295,-0.009710717306183891,-0.0012569543194528299,0.0024398607402993377,0.003161002861223672,-0.017366932257986578,0.007265196405924046,-0.001751461905703522,0.012915448968691345,-0.02304939204887979,0.019819507626219535,0.021689465405128505,-0.010133046825859582,-0.0008576163390554559,0.015752785811917747,0.025082785023108123
2022-08-05,0.013197722518243582,-0.025417163354937045,0.019050875963045444,-0.0012400966872410102,-0.049257665902014525,0.010096127614742212,0.048533289053521944,0.005293344063438399,0.009805940017616255,-0.0019183114345476815,0.05250327130114596,-0.0015754541401475919,-0.0019104912992736756,-0.0008931174179054313,0.0012866743955275428,-0.011250784313247886,0.009862813958100736,-0.011263095131239798,0.017802489404642463,-0.018295084607217516,-0.006009644950872417,-0.02472315929561608,0.009388616194099475
2022-08-08,0.028782806604573663,0.009780006842701416,-0.0033122734002694054,0.019711448616307248,0.011000338302843415,-0.006097033276605379,0.02055250907781292,0.007642264757720119,0.012817785557156736,-0.010750888249958068,0.01156274002654345,0.007258914098853264,0.01651077799389089,-0.003278653808596821,0.004555836096464372,-0.007614026943159824,0.0017234836415920274,0.00022332894971599515,-0.0006583602580942927,0.020337200347458007,0.007301932609756978,0.014383319469433165,0.0008719328857447195
2022-08-09,-0.0007352363084569546,0.0008072734477533317,-0.01149892800093577,-0.01735171914245759,-0.03685481005642166,0.03177779912785139,0.010661911053053919,-0.011629627070660953,0.010930054654453514,-0.01013915574771862,-0.01861534956040234,-0.05898485265873521,0.0007063377371476776,-0.0010300219363875707,0.014650878496939912,0.0016705558523895103,0.03249859861201898,0.011612228486387988,0.014939216396355537,0.007030529775971628,-0.0037594962630466133,-0.03380594611163956,-0.00969954508958526
2022-08-10,0.05983806984205109,0.024999919429851802,0.02654987458436131,0.018742319385912642,0.047376201650927374,-0.002826430319776252,0.0061956059637366945,0.03581158955294783,0.025037936824826135,0.04698252415860393,0.044925289227052856,0.024307176104040318,0.021171572954853835,0.029035127105080605,0.01994052989891948,0.032587942965655925,-0.0003703819699161226,0.009713015378407075,0.02092535583069477,0.016121928116889617,0.04992496052573414,0.04897566690346111,0.0235777499880645
2022-08-11,0.024681953410430557,-0.0062942415303456345,-0.0030870126892710292,0.007348785854956574,0.005219112414881488,0.0005862839483550264,0.00550538921893251,0.02370774034149936,0.02257579822865763,0.0025191134485180733,0.008598576577577788,-0.0066641013422154005,0.008983958179622276,-0.01140906516396889,0.027078544435898744,-0.001258950390616631,0.014261872082407923,-0.009619580247528958,0.0028975830730768593,0.006233274467403627,-0.001497392213685389,0.0010256863606563638,0.006245600194088707
2022-08-12,0.059728957189505216,0.014251785051596855,0.02292221228771374,0.018665755275513174,0.029248959175926403,0.025007479525386733,0.024722078937182923,0.008362690704053932,0.012124615703316577,0.017296664879856483,-0.0015788269998628923,0.017508025324162846,0.02706692308572478,0.01856983507323906,0.010064522203956372,0.014306060286919386,0.00164354130981903,0.027593845093689895,0.006976477309155404,0.013093235591648877,0.01657421924366198,0.031230829950126715,0.014919310249483342
2022-08-15,0.008914138068106592,0.017174004469427517,0.011923896261871736,-0.006371327751960587,0.013115919575810153,-0.018082798276518153,-0.0024287464801640013,0.0,-0.010548990093788957,0.014188226537663384,-0.03542048980763701,0.0015276500343923693,-0.0004493411674391101,0.0021184894494332696,-0.019386856340549485,-0.0036477996043245975,-0.030811335972760312,-0.0131040683114092,-0.007138299632492351,-0.0041690708943058485,0.006196896013116016,0.022773125941869754,-0.0017954241422899475
2022-08-16,-0.011510707146139665,0.019953942666096847,-0.002079411294571565,0.014613693311784193,0.023900197120847455,0.0058464878972706025,0.007953230140940404,-0.00031893013816464144,0.013914169619161143,0.0026051057760050345,0.029180154865640295,-8.010013884252043e-05,0.011014013961225588,0.00025623434611943274,0.009498506542038099,0.007647598290289048,0.023137700818820273,0.002394146176456724,0.005498106620593024,0.01702467382487316,0.00601212075839519,-0.0041579569852826515,0.004957580240472437
2022-08-17,-0.011360010262413067,-0.021068352295222748,-0.020252941546748282,-0.015530072682692686,-0.007132190572604724,0.0035841292818035164,-0.0037036415103699483,-0.011646550399596833,-0.011584707681644213,-0.011693462043427805,-0.03631736693938947,-0.01340848403606898,-0.01289483115554535,-0.009061980933891656,-0.017396145950392405,-0.007132045503623563,-0.003309600481367969,-0.02497257475089676,-0.015282088929265303,-0.008713218674167855,-0.02200997861898213,-0.018730172410483803,-0.0010091062197011835
2022-08-18,0.006807923392209592,-0.02229072921970532,-0.0014925938706490394,-0.007215835565257622,0.007509988473071605,-0.011872658627744115,0.00808147036133744,0.0,0.010097517854397609,0.0024578262978021126,0.03239678677583435,-0.006754448073136743,-0.005855803312349361,0.0022943532963848323,0.015031903957989812,-0.0037133745492836656,0.009592598120621965,-0.005568104283031339,0.01473621294707228,0.0044990499642407755,-0.005291079956970646,-0.00757354296371926,-0.0023569301616138683
2022-08-19,-0.033952360004423254,-0.01886773258075447,-0.014573991597710556,-0.012280508054191452,0.0032409076903614498,0.011038490758576103,-0.01667457971502817,-0.023728659349357084,-0.00946085174041178,-0.020526879154804334,-0.024975820715118502,-0.022367963270019553,-0.012460356979361209,-0.020698123830341975,-0.02084267920024474,-0.006529741373433873,-0.022108688100648033,-0.025083990181154148,-0.030658100913072306,-0.013573380595356177,-0.011537162792415678,-0.017632570756781818,-0.011980343970773188
2022-08-22,0.021035425433114652,0.0,-0.010580210617401886,-0.013600739890178737,-0.02293628082745358,0.0206763161026271,-0.00472865770083819,-0.036706557069888346,-0.019462990277497094,-0.015426712181443869,-0.01937616305708889,-0.03410998934230047,-0.02500574057650129,-0.02620619758300624,-0.013555550494617208,-0.024236551916734017,0.034379637831023935,0.006662012699093944,-0.019975431850302816,-0.019277763930719005,-0.03569825542286531,-0.012838526491227742,-0.019867758544697023
2022-08-23,0.019332805258043262,0.008012839084490908,0.001571429311586492,-0.004527229175578906,0.009422881081718515,0.03227948735808428,0.011959447475769602,0.019052635175339505,0.022238418849835462,-0.009519133584904194,0.06463510025282582,0.0026030304030848495,0.006588184200803315,-0.005442800801876313,0.024531088072981655,-0.0015996829992434014,0.034140222570034906,0.016659090204969695,0.015139392083659775,0.005127925465704841,0.0033011322082894257,-0.013916343672532916,-0.005924426243475889
2022-08-24,0.02437440566664284,0.007154138723747039,0.0053574578544666185,0.0011886003338636986,0.003930635408848193,0.031636745574496805,0.002104697217165441,-0.0005054491803380134,-0.024811108397493342,0.00829724843718882,-0.014784621519418284,0.012981508485736093,-0.00397363943579554,-0.0035692359983979793,-0.021726778339769548,-0.0018273652256517448,0.06008748094559557,0.00561175455588514,0.0048740713918760115,-0.008290214437585819,0.0028203252941600976,0.0060903183803988625,-5.848917495043793e-05
2022-08-25,0.027094616425873852,0.019731621292914392,0.014730537759046536,0.010220933375721275,-0.013213616746724166,0.043555530864883396,0.021647626746404747,0.0210651285329313,0.028023386598122757,0.012018405692549194,0.06098339176808487,0.017172104109317576,0.029570559564431553,0.013611702128245584,0.027988368855338175,0.020248862332785444,0.020596405771933224,0.00758933918974436,0.044016552244734664,0.025721509403781484,0.032419422771172046,0.020874235363739446,0.021853514489931225
2022-08-26,-0.02543264473921225,-0.03869970966877434,-0.01635464333376746,-0.03536028851383999,-0.04595807379182926,0.008092123507929427,-0.014547761472549547,-0.04571712389320082,-0.02331398740200552,-0.033228120998540334,-0.03129699560386101,-0.04065176387999181,-0.028493412476759072,-0.03658465930911026,-0.02971032409414387,-0.029066634599116847,-0.0027446701463672563,-0.04253421781369171,-0.02565713554601201,-0.03218146646461362,-0.046307534882158996,-0.03611001712317685,-0.032994059467249315
2022-08-29,-0.011070476022097875,-0.012882494173815595,-0.005834456699083224,-0.014778987426267265,-0.015768514693434987,-0.04233222337977338,-0.0065789116538211845,0.0020754277736478866,-0.016342398952475357,-0.0019967552244920528,-0.021435199108238434,-0.010418439127985901,-0.011027566114333198,0.004401715645761861,-0.011857049403565134,0.007022331348474964,-0.023150412288687527,-0.009486544800239693,-0.006761113721661216,-0.007701166064305487,-0.0007935116966364397,-0.007170268198533836,0.0007687870234707184
2022-08-30,-0.04281129916364479,-0.0065251153222321,-0.01860386915055301,-0.00989330905405339,0.0003520065263065142,-0.06476086591623653,-0.002261303398975456,-0.014497905060712135,-0.02818225283127007,0.002789191305732297,-0.055238071116215925,-0.014774774856198047,-0.0011864675597198504,-0.009947374498828876,-0.025862171176536553,-0.02552172009362419,-0.049718092670211655,-0.014248876209304151,-0.031240784704866686,0.009283957037322654,0.014610249497261085,0.004230535575846739,-0.01459480241634048
2022-08-31,-0.017634009451576782,-0.013957448483923884,-0.013288977740968932,-0.0028778754976072074,-0.014305619283910942,-0.023962070863913887,-0.005504339939271574,-0.02556915548477745,-0.007395883805741854,-0.009432276028539577,-0.005376459101689823,-0.007902532527214956,-0.01140130653375937,-0.0062883533904155575,-0.007414399809754002,0.00928869398456511,-0.05805218161772807,-0.01990544053310217,-0.016716116073062448,-0.016025915469602192,-0.006260801872802313,-0.01234021551779596,-0.0016790102390367156
2022-09-01,-0.04105109843704402,-0.0008325781186682146,-0.009704982403682783,0.01029286571768484,-0.003404558955519832,-0.01005223531431998,-0.010092750833589959,-0.007368374198364003,-0.020392046276970333,-0.00872864835366971,-0.05101352595378017,-0.01665442905391379,-0.007448185599659651,-0.00905245980553937,-0.013734927258214125,-0.01469620369122604,-0.019120010760148465,-0.010880134070683556,-0.01910637120292913,-0.003213574189539159,-0.019215689314591722,0.0009909423909877368,-0.0016218023172818175
2022-09-02,0.011363817001860843,0.0016665437652090276,-0.013880033646354373,-0.00016166907329417946,0.003416189574328765,0.04335083729274958,0.007071236769043532,-0.00851016074952926,-0.013010527701920016,-0.0046798788589303975,0.007476000991798681,-0.0074559546239142405,-0.009199152362468377,-0.005122775507325872,-0.013193257188777063,-0.005837969676681265,0.03784999105680287,0.01857749297504019,0.0029140979143844614,-0.0027108800510425857,-0.006262987745242032,-0.002238348365575793,-0.007640392580599009
2022-09-06,0.026242681359979203,-0.01414308272436049,-0.001460344411255865,-0.006495871382192098,-0.004838011803502407,-0.036870659209453316,-0.015022671628880824,-0.009313312992445644,-0.0146016379416668,0.008599474649271022,-0.0063601958626228194,0.017620311022920276,-0.014658855400906945,-0.002772968542563703,-0.002599424630314595,-0.00305327720469617,-0.015134842762226985,0.0009598757786120071,0.028062414612556097,0.000514196827456681,-0.000565603653997826,-0.014796557912885588,-0.0032736966092029585
2022-09-07,0.046869563780731704,0.03154323217078536,0.030913683538271064,0.028006331114490024,0.055815538857022284,-0.005732610116443215,0.0248670000249418,0.03705067568631226,0.007820649328401208,0.04839580128323373,0.009245953408700158,0.031805520848550595,0.018100596336505514,0.03210074321008127,0.01154236418965393,0.03554615106179826,-0.016478498113593587,0.02891154530390816,0.008627610590986379,0.02217657154596253,0.03355163651171922,0.04496895195171491,0.03418294882011419
2022-09-08,0.043803510123566536,0.006611621583501259,0.00019702018128509025,0.0020141778371354224,0.003922184368536197,0.0012703643062810244,0.0035587516253403617,0.02079636939869034,0.008780921586214907,0.0,0.07892880800613988,0.008302423281402849,0.012420954487251334,-0.006717198785761824,0.01227003883603106,0.0027585499402347224,0.0195782868672989,0.0009447426518827129,0.028094989724646302,0.002227031399150814,-0.0006258581405180763,0.008925088027129657,0.004704957089691542
2022-09-09,0.030676238000195255,0.009031026697390754,0.01237054998676923,0.010579054021468082,0.007813858952478325,0.0119069171574544,0.0077370790407924606,0.016715828625609053,0.022469729747307765,0.010063204800260683,0.05062039650606387,0.0028907467022818434,0.0036080707595835815,0.0109893359090103,0.0197574765336892,0.010493475343253955,0.03840475443570579,0.0184004722733222,0.029694863874183408,0.0005017884095799285,0.002739476830771137,-0.0017858596207179778,0.005736780155664478
2022-09-12,-0.011319358671041835,0.006509331884192449,0.02541145346732998,0.00523436995939397,0.022922521916724614,-0.04050910372205496,-0.0065578652621006706,0.019866170525248528,0.008315081028118954,0.013090730051699362,0.0,0.022709246441781517,0.010786508742165246,0.02606015397012107,0.014026087266038934,-0.0027786297474107213,-0.06756749098408721,0.018068012313709803,-0.012817039703806654,0.01791091957115687,0.027086090097606208,0.010900818802848766,-0.002968282770410724
2022-09-13,0.0037712275729684386,-0.03476148065848561,-0.02815935977419004,-0.03842758439612215,-0.03476659941860771,0.006735002343789542,0.008694266330201872,-0.04869825965043417,-0.06008253833011823,-0.04917086090395584,-0.03481491738467479,-0.06567597826614069,-0.039838977378091944,-0.030321734804813705,-0.04981824893563669,-0.044215093282584106,0.003241596816053516,-0.02093285635135622,-0.039655396490637096,-0.03026458957165612,-0.05388355786849863,-0.04984137935302846,-0.04460019527097292
2022-09-14,0.03005830503032203,-0.016750274472459914,-0.0035145112653804933,-0.02425957633499587,-0.01997276785127,0.029355815872649238,0.018515474975622004,-0.014827926337671049,-0.016711831348963813,-0.00998196948482799,-0.032850335709649126,-0.012979805439095826,-0.020004773976047385,0.0034666739346573827,-0.025413456251418887,-0.021260068647673935,0.024520216508896242,-0.002323993725011353,-0.11307876654955396,-0.041443109616369544,-0.03478171890968451,-0.021701708268669795,-0.021019165432688114
2022-09-15,-0.06491001796529683,0.0042589064704474655,-0.026295127694586973,-0.0046061925904168355,0.004354732734893396,-0.019109391841108936,-0.02648483665631929,-0.012184203804562088,-0.0033991117250766756,-0.017188854628363726,-0.00832498169437923,-0.023800693845925314,0.0,-0.012806545350636522,-0.003923691025791709,0.015223549417922033,-0.005380390926296608,-0.01234565235866103,-0.028498226647509783,0.00461873529589929,0.0023301964129804897,-0.008766841748851895,0.012482878382707563
2022-09-16,0.0019877764908042828,-0.01102622923474983,-0.004467469866408447,-0.03339654373349488,-0.01734312514650982,-0.025019742908313547,-0.012395507828955932,-0.020859493917954497,-0.010445742993831386,-0.025771119801667353,-0.01511077741332012,-0.02855511713029213,-0.1121472120043091,0.0016257774172012684,-0.01957062557502509,-0.021514909766234047,-0.02630116011425243,0.030896207620925376,-0.001620048138809671,-0.11011428147004076,-0.02457669264069262,-0.010318477543578286,-0.017384063631603164
2022-09-19,0.033516549550269614,0.008576334734652358,0.00816622751493501,0.03385839926717327,0.0058243244571209996,0.04949815017653858,0.001141102083126011,0.02500887334689983,0.006893726040849035,0.016992522140596655,0.03954988581048924,0.004882771663147656,0.03661644399056008,0.006282113739561446,0.01140629186902542,0.016990732680496112,0.051149565088833615,0.01281188037888481,0.014861613217265646,0.05107118347876338,0.014896247687051556,0.007311879704061219,0.02239653024409405
2022-09-20,-0.03131837772607671,-0.027211013478603996,-0.018004560394601743,-0.019024751375716575,-0.030180760879115143,0.008117987092916668,-0.0003256945877737616,-0.019519094162057438,-0.013906846875746726,-0.020525469207318126,-0.02525417487220638,-0.013022455207724604,-0.04627591169057732,-0.012660400986392317,-0.008586431822371843,-0.0036332114381230074,-0.01020592144191479,-0.03320543662061093,-0.04460527117139523,-0.03779197494314068,-0.021554872351163268,-0.01949090777040441,-0.004786123833662392
2022-09-21,-0.009108351708382645,-0.019230816729075895,-0.014006337279562464,-0.01643640087120679,-0.024787392718149448,-0.025021356021271535,-0.035341986045021256,-0.020276462372437742,-0.02408341867262409,-0.030156315053804783,-0.054508690061838894,-0.023729782492710516,-0.016365276725571087,-0.017760365982809945,-0.021458066151670674,-0.016259815469271133,-0.014914384601372288,-0.009345831189564557,-0.026603311915148198,-0.010970734643185653,-0.028801703843738258,-0.02280309341021336,-0.010604837109224552
2022-09-22,-0.045188308755315876,-0.006238855813268662,-0.012175862765152257,-0.02330283050082771,-0.08664201502124491,-0.0016717002581294604,0.008948216035021384,-0.012417750233864822,-0.00466847205012777,-0.015348956436267325,0.00889669636701318,-0.006914659328488004,-0.013134763652050907,-0.00889571187212268,-0.007793954018521787,-0.004344669242038246,-0.018317800481820412,0.0023583260584745247,-0.014932117989129856,-0.01879760266293251,-0.012180149226818315,-0.027076350614168354,-0.009409564145708815
2022-09-23,-0.00992070494148567,-0.015246556087539775,-0.006079269600690718,-0.019478061531749247,-0.001828135884932136,-0.07623363839887909,-0.030789771850850967,-0.03333968068542892,-0.019432458954733334,-0.0014050792225519526,-0.05890651795269508,-0.009522911184511984,-0.020999748090478332,-0.017951757106200894,-0.027026970684989715,-0.02334482665534976,-0.07597099378334182,-0.02941145274763468,-0.027376915597462914,-0.01648244274899635,0.003573967882514406,0.01523662487098143,-0.020948811267913592
2022-09-26,-0.016403985966705892,-0.01639350590296429,-0.023495168840921732,-0.011773680538628595,-0.016890526581644028,-0.036571023320689844,-0.005352292484422927,-0.013598715919944993,-0.011617522549239756,-0.019563163742588485,-0.006746535774966977,-0.004652339773908776,-0.04018126766686303,-0.018205645160085715,-0.012041669088208473,-0.012810164996800433,-0.04162384274715247,-0.01600020916374134,-0.023425020475108083,-0.009213014756053406,-0.010238537506693679,-0.010510334296482737,-0.010794858250546713
2022-09-27,0.017545048252458173,-0.012037142414867419,-0.003196515912252229,-0.0040938560284730086,-0.01697367707853714,0.060978270673072155,-0.006075354794101373,0.0007990777005280059,0.009218824636497036,-0.015785039029026282,0.013962349272900854,-0.02368069871513956,0.004091729013296019,0.00359527009316718,0.014958380719487074,-0.015382409881530501,0.041496779017894614,-0.007883580903541687,0.018377017306808296,0.003276486420636271,-0.0009894736541946614,-0.0021052030461370386,-0.010458003076568856
2022-09-28,0.0306658089195615,0.021555703597136766,0.018243998653821647,0.022453885043192345,0.036639248097342314,0.04526976753888845,0.01955994128917471,0.0231582919135096,0.028773548957527373,0.03263197478651092,0.03684404844097622,0.013510652488200492,0.02539200049972945,0.023567116594416904,0.030294813257782716,0.027452081745520163,0.024772672621115044,0.04767787677721946,0.015481009257028777,0.02224409515940029,0.0201693205582385,0.021624385107684274,0.025009877322824003
2022-09-29,-0.04500764812964053,-0.01376135135644252,-0.01366127449231902,-0.01836063935531229,-0.03209416874974391,-0.03143402506133619,-0.02004112125014712,-0.01170718188880393,-0.01975583373804135,-0.01889332267286392,0.011126980465266945,-0.03873190161316009,-0.01895440125606096,-0.006778186766169925,-0.009138842393854096,0.008697437173304623,-0.02518152518135397,-0.010191729126976301,-0.010618195512488438,-0.013729523385961007,-0.014916055220858593,-0.024546088111842335,0.010438472703814261
2022-09-30,-0.0037674073551481335,-0.0018604140959004312,0.011254106268358655,-0.005501015955209687,0.014060826748534705,-0.008345463950495957,-0.0010489163609385121,-0.00493591699477991,-0.0052082634098301606,-0.010279498347141813,-0.029818933638944056,-0.008189662126996122,-0.012153423124040108,-7.461896460969619e-05,0.006282510814509035,-0.0009926077963050561,-0.0012396725423773347,0.006465418966977721,0.016145653915416558,-0.006019341225896313,-0.00824305332310138,-0.014866957010225001,-0.0004435196747761827
2022-10-03,0.03513072808432138,0.027959015318519853,0.02406226746079465,0.03318998208210511,0.021729948997825543,0.04207805133727449,0.03552071359698794,0.04027789925027969,0.030730463566284394,0.03261322329173666,0.07354542818105791,0.021798745571423916,0.026498435734770176,0.02310962516890447,0.039054068494229766,0.013971360850201231,0.022967244016888877,0.03997146899779436,0.06860458092988919,0.02413395209910907,0.0316195834434605,0.0470329848057045,0.01705643722220307
2022-10-04,0.03671499727402505,0.022665432372121153,0.04040625706681267,0.03384872369002401,0.024103976096494728,0.04745754854301176,0.04359573443523512,0.04367732143368408,0.029593678752712682,0.0296384476624183,0.04907991805684886,0.02995376779968817,0.021819206463867147,0.03857554620247572,0.03643559545250352,0.028629299017761234,0.05360005012909186,0.018759857553888537,0.0435582904134737,0.02730428366575066,0.043436393922367644,0.023929443785613902,0.0221947879345481
2022-10-05,-0.02459659450227325,-0.016843842904802453,-0.020809892787310047,-0.01116299312760305,0.007515757946325419,-0.023891079242907676,-0.003885917034015085,-0.00475157021573791,-0.012011727443193454,-0.01452272209697536,-0.008772104947144865,-0.0312795823394344,-0.01142832642194025,-0.009320520335930782,-0.0022202633280833384,-0.004911750031589945,-0.019197238859595345,-0.014147396042604288,-0.012237201637985251,-0.006348248586531158,0.009064290410723652,-0.009749022206114177,0.0009147548156622776
2022-10-06,0.014956895991503627,-0.0018033767324824312,-0.01733939345605706,-0.010183113904565388,-0.019630949522938757,0.03100921207868179,-0.010240438487755466,-0.023503669472286104,-0.011723868760432188,-0.017512646586328118,-0.022615441090479527,-0.023758018804354908,-0.020383432101438448,-0.01751296316276696,-0.009518967978683679,-0.011876047228527975,0.00430585565926056,0.022551162652775014,-0.00033918080494765857,-0.012522520372303059,-0.020793452825966674,-0.0027603637802054992,-0.011638485984979852
2022-10-07,-0.029935455279696876,-0.026197140150071352,-0.02866860896852852,-0.026866669472433546,-0.028434158445278634,-0.008795902696045577,-0.0009856537343980731,-0.015419367996579725,-0.024384984522205055,-0.03470781659361555,-0.029175072052437412,-0.021017740753052405,-0.019875876564991013,-0.020156445904164322,-0.018721942065288766,-0.030485196161400996,-0.004872287963581856,-0.051013543760873636,-0.02376731146775013,-0.019064794123060613,-0.028539870242590304,-0.051529310426159936,-0.02903802059139393
2022-10-10,0.020438305150310088,0.010204325914949575,0.00297750450600609,-0.0009060300760626028,0.0166942344074843,0.016507649953472203,0.0036166697757049615,-0.01203180385469138,0.010583326416232053,-0.014075634651804059,0.010708177661881813,0.006440710080940049,0.0003167868056077605,-0.005014713562330297,-0.001399026612561971,-0.0039660729123750516,0.03192314116877748,-0.007511706353071856,0.02660636012059725,0.003869503416465969,-0.03165157656491269,0.0009729239656495192,0.004380999000893171
2022-10-11,-0.018374826124374577,-0.010101249473177032,-0.00529160762277936,0.005986136801759967,-0.017433585309553523,-0.03473204736217428,-0.004750085274657367,0.0013529715275306664,-0.020722227424520456,0.008551813429283905,-0.002734269806397016,-0.02773088269072188,0.0003169046372282214,-0.003053265130138594,-0.010062622774860919,-0.0048904827804636675,-0.05940397297046396,-0.01088008401870888,0.006691025096098313,0.002365308647824582,9.023849250189286e-05,-0.0062683640021447,-0.012074899602209865
2022-10-12,-0.07890386323341358,-0.017625359968686194,-0.008174529099153727,-0.01749118402660066,0.009696633802092292,-0.002722945906399543,0.0004938486075944937,-0.004247021593565492,-0.003185362627225241,-0.015206598455760223,-0.011651575673412351,-0.019977030991975897,-0.002533270806053034,0.0021771218719450758,-0.0063048421129506815,-0.018713374389895288,0.011299326996563774,0.0021522829057762927,0.003786084819701774,-0.00786588088738982,-0.009660522240915181,-0.014669319747594,-0.01407806657713917
2022-10-13,0.018094992338503424,0.044381614253658164,0.037807460692731,0.017618930397885313,0.0,0.043686008101675666,0.03553201913581372,0.033540382321780804,0.048162631796582867,0.02625752550899163,0.023353065389351446,0.034405686852238215,0.04063483577080018,0.04002334398015561,0.03586728208490353,0.009214234977443114,0.03751008777872489,-0.006919658698392062,0.03930915117368494,0.01999662990752893,0.02306488050489519,0.020694018372077183,0.00778871448054641
2022-10-14,-0.0723827816779049,-0.019891381250210727,-0.02294208772307338,0.001022223062092431,-0.030241165740902964,-0.08399513607876952,-0.06703737040691082,-0.022697443128080974,-0.017421603875808156,-0.03251952378794398,-0.05858324233104484,-0.000911288493643525,-0.004880927677403557,-0.025207154089393113,-0.02750043380178624,-0.04937165374719654,-0.0988460872414173,-0.021143722511050234,-0.04266120312099142,-0.01796359107280221,-0.016841853141306373,-0.01935062874132143,-0.04398781496926829
2022-10-17,0.04446872305473848,0.013837431016813229,0.02077138680510271,0.017956722441776707,0.03687315897535037,0.008567692591189724,0.02775414485091865,0.02149683340704356,0.003102974831285188,0.03705282793985365,0.042691682717920676,0.022118445409178733,0.018700134680831315,0.02026600977625992,0.00668395764002927,0.040892699994571124,0.02966286836222487,0.013991272672221333,0.028472699968517423,0.01961138758776726,0.027009849017619825,0.03678770419879429,0.037658006250903986
2022-10-18,0.014675651207739948,0.019108443469808556,0.021107239162146296,0.021769917381562864,0.01869537950220823,0.01375417076523644,0.020874743625452608,0.03664033950966439,0.024745741656029052,0.023358738006355795,-0.011450354074295399,0.03390974749132458,0.009329069942082935,0.01331359490189743,0.024259718962912347,0.029673513568269305,0.05305692174820753,0.009440612285982253,0.019411940118273296,0.006555119161117062,0.03027092196868919,0.016784344573081533,0.030838309861112245
2022-10-19,0.01923151171222659,-0.01250007673634157,-0.003795912156375758,-0.011086021502311083,-0.02373822111395152,0.004189910927918872,0.0029211561073574366,-0.019394293944654084,-0.026951094199456405,-0.0158701726578222,-0.004562914558596476,-0.001510608281500181,-0.0292189562706765,-0.0026348752174167878,-0.015208488846994328,-0.021668335756531043,-0.001771444663305477,-0.03189443317133389,-0.02064909763492473,-0.019708622002850285,-0.017988750581679147,-0.025349145375498816,-0.025255122625198134
2022-10-20,-0.004366154386162169,-0.015370454078627804,-0.012963270282486228,-0.01488870704456291,-0.008786339231427243,0.037353507399084496,0.0021034823675161185,-0.006284782095395625,-0.0044317474658248646,-0.025663456665862117,0.026798314652122235,-0.014478546614878796,-0.019963177076690264,-0.005917509006825972,0.0005066503431936376,-0.029073969529594068,0.015969953657105407,0.01907343896491187,0.024858442312824414,-0.013374222328829233,-0.05434400258356831,-0.029048470512034186,-0.03624728379783315
2022-10-21,0.057245812195430235,0.03764895587210537,0.012462262690328796,0.013750485027217207,0.014224094551715138,0.02825138611039013,0.015339879702592096,0.03385426770163136,0.043178203520275016,0.02760729566028508,0.09993129674739443,0.031356234944914574,0.03666572541119972,0.02157856236137401,0.03947351885546091,0.03641989686875524,0.03046792833805889,0.02989802933030239,0.08517441405390613,0.036059132554340234,0.038557412431112326,0.032799849653621926,0.04203520656296034
2022-10-24,0.0020737783034394663,0.0,0.010899698903806154,0.015084231921340674,0.003861632054342534,-0.030176039769156726,0.007633594550859657,0.007736467239834566,0.003627018163857354,0.01727091981044948,-0.030596388764731586,0.00042500154382829614,-0.003325161885985972,-0.0353777368252548,-0.010589200092668283,0.00516946927013473,-0.011487758432948803,-0.006844336024832254,-0.005975329304148125,-0.005644008469388839,-0.005684290203916587,0.022663918537154215,0.0031527928859933496
2022-10-25,0.040137617537925774,0.015044251992012647,0.031321823879309374,0.019525595981399357,-0.019639730103921504,0.03428399349933264,0.025252568400107256,0.016961107947598197,0.01721953723325864,0.030721653195584286,0.019967846850518667,0.021782954423211986,0.014255086999298783,0.03617147476984672,0.0075041235118971095,0.05000979361992508,0.02171827425469197,0.015209264039255155,0.01306136982266426,-0.00301001122255784,0.009021684263331275,0.036088974305482635,0.04078985781412592
2022-10-26,0.0025582558479555484,0.0008719799002023798,0.0018286197432768603,-0.07779228787031878,-0.004749955898563973,-0.02200557876796827,0.01400877921403465,0.0022825288911576536,0.0029257398056987682,-0.005098314843236973,0.05273129997563508,-0.003639672828965601,-0.006578936528719326,0.023110721327364026,0.003907172772936063,-0.005589539141990563,-0.005407399677129776,0.024578557916716814,0.003736173428812828,0.0037092056585983357,-0.0012392873208005861,0.0030881248126037875,-0.005360970528386244
2022-10-27,7.103944829678355e-05,0.005226500846853277,-0.011745188635886805,0.03179346667246019,-0.008715611692819869,0.015380202027681866,0.0015182762648893178,-0.005605126646680669,-0.007709905046631826,0.006241265988673472,-0.017996137106566668,-0.003966261310048846,-0.006923324376032491,-0.005358772338899476,0.003527276613947805,-0.0014201636602836354,0.0037493761795226455,-0.016221417395348547,-0.011093500329433681,0.02483675181701228,-0.004077324082860878,0.00439143212801496,0.004027016318987053
2022-10-28,-0.0071234755493668755,0.018197398116737817,0.02160122060023628,0.018999198681229235,0.03830858751399857,-0.0118746121737624,0.0007574141396200496,0.013915738592035876,-0.0029399713512934245,0.030099207642908965,-0.01649382953662193,0.014460807821200294,0.02515907612641355,0.029120627653228537,-0.05478158115811549,0.023301011098138424,-0.007470821110889703,-0.004644553964028741,-0.011070001341069613,0.012159318304115985,0.01601983944671459,0.019743111583738537,0.022399149052221068
2022-10-31,-0.0010349809101227736,-0.01446808926779175,-0.015877925219370814,-0.01211919963363084,-0.004233803021067795,0.005488271404254563,-0.010299523070866567,-0.00625440682256595,-0.015585540525476671,-0.004436866225862701,-0.015838588203864745,0.008263731916299921,-0.006209464993060965,-0.014744730599291045,-0.019745913787212355,-0.006446784677465733,0.011478951869492215,-0.012599067128217345,-0.019552136377834373,-0.0040595165031503955,0.0001752322704475784,-0.005304376099786956,-0.012010454727844233
2022-11-01,-0.003108618707055588,0.0008637781934721644,0.006868971155360226,-0.004541450637640554,0.001417104724423135,0.01449289910132534,0.02708891916731715,0.026223642301681727,0.004064994909933617,-0.08970521282074617,0.03818250951147495,-0.02212874788328978,-0.0023801964811315246,0.0027576877780401965,0.026422360562502245,-0.0049110729781760565,0.013023469173317315,-0.01441422572066653,0.023747966047417357,0.00316092493887421,-0.001576448817615872,-0.0011109889496905279,0.006658827925136945
2022-11-02,-0.044731347345802086,-0.06471103884679319,-0.027566367593984564,-0.01943339118438847,-0.03255136455079388,-0.042950019487704494,-0.0029802089218381456,0.03134592689956883,0.0,-0.040215460582473606,-0.057446816806037915,-0.012467253302313464,-0.024157407110082407,-0.012844964365147815,-0.0034403069762494187,-0.034217505589693276,-0.0470157823110775,-0.05226543796824379,-0.0429741429601419,-0.016999679228752118,-0.034385751287090205,-0.04026134813820681,-0.011408885841798888
2022-11-03,0.030166581477911736,-0.006457560487768688,0.07688540338076777,0.012386508219437653,0.06645768040938083,0.02006381683816283,0.0010464586724965308,-0.015361657674855311,-0.00937554472997848,-0.042847697129650975,0.017736255142304147,-0.010397058736587472,-0.0009170186523839163,0.011075696070547814,-0.0049876205819268105,0.026789318697854947,-0.05877811037910796,-0.044017111187442226,0.0003884382326004854,0.022692819996136704,-0.0033612678635086546,0.006767438254857705,0.037628138971232294
2022-11-04,0.03798826355260876,0.036211488694535277,0.045602804390484364,0.04183831147477224,-0.0035276188217155946,0.0013304933427824572,-0.024037209090062017,0.03891959920829091,0.054635333192919244,0.02588502863261155,0.11501896794272892,0.01661677786307547,0.0299786392056709,0.03807123825144232,0.07518309894228792,0.016950923151987096,0.009213878079196158,0.08467835975672022,0.03719803357708007,0.026973558424640887,0.052410787649124435,-0.004419835062985045,0.006566355188222239
2022-11-07,0.005263366706235617,0.005376450261695309,0.00568698428578851,0.009051217796784305,0.003146470815025282,-0.010153920388601745,0.010249229423363149,-0.0030681438959911933,0.009585885494977964,0.02649379020998488,-0.02102892391165556,0.014235949605845954,-0.0023758867472619682,0.014760275915776111,-0.00047819509892133016,0.01684675627325216,0.01278138475419377,0.008050541560770563,0.005690445203826666,-0.015180721281174425,0.007621817950613119,0.02377075642211013,0.011813397057927055
2022-11-08,0.06813491608780664,0.0,0.0193425319637186,-0.00028384923102364734,-0.009213564482928649,0.0416067940467888,0.0174137577943827,0.07353424682021403,0.003030375910916483,0.022917696561397083,0.029318203529312692,-0.0495942860303239,-0.002083971503473503,0.0038919124778300507,0.011361045716631768,0.003150306127296165,0.059495210315698266,0.05880932729811472,0.0012655565102466237,-0.008155976630456085,0.0010314053758706532,0.018295318165020946,0.001974954230559156
2022-11-09,-0.019215130928901702,-0.017825242363107785,-0.01014146407059735,-0.031177233052459674,-0.01958833419286643,-0.03672340129841467,-0.0020836031086168827,0.01131557384807702,-0.03967752077727049,-0.005936851829894341,-0.04032739863211621,0.001859857196959247,-0.008950026388267363,-0.000857860032685398,-0.05285570681389218,-0.021487906020291048,-0.06163735436147644,-0.009599812649004003,-0.025429391105831534,-0.013156855767625708,-0.014330244310981288,-0.01517189725888346,-0.020637931555205102
2022-11-10,0.06877015215650761,0.05444633006320543,0.033770088439779355,0.07075046333114554,0.07971736073173652,0.03659470574938628,0.004633696937462295,0.0390872340725803,0.047818643888320134,0.0780661361038284,0.07992968704539294,0.04891863397759688,0.057796531634521475,0.044301088159171664,0.0481902179374365,0.07818041628812011,0.07797702324177136,0.07108248111295823,0.060730836989610015,0.042246753368033074,0.09309888092946483,0.07657680429509472,0.06588177048191834
2022-11-11,0.014371884940002966,0.0017212042966965324,-0.0039021592071222244,0.0063501990873227054,0.061869150885831115,-0.052262810770769996,-0.03630406600717784,0.01665468191810815,0.06365092908826009,0.026709694144978258,0.035101851160035835,0.046637645077912016,0.042402061821994685,0.005633954566936161,0.06074278938643185,-0.0017912334320383527,-0.013271070069683533,0.002585378022008422,-0.0019420065332457215,0.03509734381601226,0.04230424771702079,-0.0073639388999579,-0.006164400265057712
2022-11-14,-0.027752099670631414,0.012886729947670927,0.02229080469986444,-0.017842574356966234,-0.02235525398112803,0.05213828895388373,0.03026094369508603,-0.0033893861392532143,-0.022393815932470917,-0.017921372112138623,-0.0039431603239250546,-0.011736561262797318,0.0011890905253055806,0.005632195047357902,-0.021446140105742306,-0.02542864964530489,0.006251194931037096,-0.005157693782473216,0.024791102118290276,0.002162740660639262,-0.016373281424481134,-0.013320009365120788,-0.019041064625741178
2022-11-15,-0.06477005175576867,-0.0016963859749022925,-0.0011868323854454799,0.026197554916750576,-0.0009003724842565619,-0.007888113331738777,-0.00014985105352793848,0.0014170006001448243,-0.006737133086333613,-0.0007849571955467205,0.005278536841849091,-0.014593478020342832,0.008284827446116028,0.0014457323486172236,-0.021457560935513653,0.0033145847218269964,-0.009977344653193332,-0.012961948360439401,0.013009954694588766,0.003313997048844497,0.012034985186797797,0.027811061386500358,0.004224590146884699
2022-11-16,-0.03072425117298716,-0.006796914317092062,0.001969162659808621,0.006854533771791349,-0.013515795076281423,-0.03937890911880371,-0.020533563988549663,-0.021791507814313382,-0.02112403564064258,-0.01944094872587565,-0.018640069667160364,0.005208899714149506,-0.01999476756191354,0.0035180571225859048,-0.030370021860494423,0.004800062985214959,-0.04601661887889841,-0.00437720453085666,-0.01700840537442505,-0.0023813009956762388,-0.003938261378991892,0.0009143268443783104,0.005059538184781998
2022-11-17,-0.032499817141763865,0.008554325927770057,-0.006167082285757131,-0.003752223562760615,-0.006759200559410594,-0.0052579621504963425,0.001224123720599657,0.0030376674180854213,-0.007523272221595878,-0.012683460398646651,-0.02728734747915884,-0.00548680651920741,-0.0011174423765520913,-0.01015807946165903,-0.010884416538111785,-0.014640953912086974,-0.0037869720639235327,-0.01802597675861184,0.0035313991947392154,-0.003003147888934854,-0.018063359873195295,-0.012905295760082924,-0.005939081113343625
2022-11-18,-0.0016941179848458665,0.002544379246556927,0.010842144671160181,0.012752018329426962,0.013242616156184717,-0.00802662133899712,-0.0035152956145840797,0.0005769683336283027,-0.001196859495619429,0.0014197795014159187,-0.0005498999475346267,0.003984690273403091,0.0008390669043283339,0.013834500464035226,0.006235787848966057,0.016199187098774548,-0.02020817904554273,0.010297679985174168,-0.0004927104898856394,-0.0033982179814149305,0.01429027017947404,0.012357086044310073,0.017923961696230117
2022-11-21,0.02130118637581324,0.014382406886955579,-0.00023600295880932265,0.005100426811983638,0.0018150146873958661,0.01411099834027274,-0.0007670203073087967,0.005621392594937991,0.001996965162969877,0.0014180886831520745,-0.005778780869057476,0.0044772717176977395,0.011741524243627177,-0.0016126208517291962,0.011664666232730658,0.0040132238916086305,-0.006330271176959612,-0.002880412921418829,0.049355624949288135,0.01782396998866065,0.0045145152231189645,-0.003249444442288363,-0.0018445237896250744
2022-11-22,0.0007423996017521528,0.010364935728867541,0.043014757912494206,0.01120631107593506,0.0038051956236082596,0.06723738943562219,0.014428527140250447,0.019635933119227955,0.027905319430372,0.004045071416755031,0.04788267732225182,0.01124520664769424,0.014368752166708854,0.016120032269883566,0.05068441949520097,0.019287079595540657,0.03719690509033957,0.025110899717520896,0.02086686502742574,0.015075613694631063,0.02278201435148275,0.01751236661622091,0.020833236221092344
2022-11-23,0.002861643940690106,0.007506329264499234,-0.00326708986071067,0.008938804226207742,0.012996263268426844,-0.030725699100660808,-0.0043879433437648,0.009417797862201427,-0.00038790583048231575,0.007655088446389291,0.0047540759356219375,0.010919686750294089,0.002724160685407373,0.009124208512658827,0.006973138415690139,0.0018372902981247385,0.002575710435921419,0.002601345294797053,-0.015905223259069623,0.00022493045910576548,0.008106639240094582,0.026904990221007452,0.0
2022-11-25,-0.03902816095699457,0.0,0.005711480964307514,-0.003367683488911921,0.0008909953179070396,0.02172887989025707,0.008054538405307898,-0.007798163123341695,0.00019393543220758147,-0.00739696654642874,-0.023396049463374036,0.004558360027940189,-0.002445139235863869,0.004549888691797621,-0.0012660120642196127,0.006213836899894298,0.02312267860929662,-0.00864868321345491,-0.003606561359647098,-0.002849836716962595,0.002254536996127099,-0.0019200303566905275,0.005815258348088159
2022-11-28,-0.02459494392817385,-0.007450404078333639,-0.01758549456313585,-0.02406949357771826,-0.01762496824169879,-0.03885089864339375,-0.02110638297872336,-0.02666670723491349,-0.026376966681287084,-0.02329629352448004,-0.02584144607823302,-0.013712146540986403,-0.0255992367340504,-0.019510870899990818,-0.03502709314181007,-0.022253132184819502,-0.02916753028690522,-0.033369425473406156,-0.011126831007066795,-0.021583826174449428,-0.022945381785682284,-0.015870659431692746,-0.01996286568121497
2022-11-29,0.014693045655454595,0.010008335355427445,-0.007488844221194113,0.0036756016772694355,-0.007973931336139661,0.01915700526322106,0.00985676350587128,0.006374911241168624,0.02323235786574318,-0.0039182131216745075,0.036473961798697996,0.024204882628124702,0.015372038815712585,-0.01696796357198027,0.013014914582382575,-0.005203117260825119,0.009351463386195524,0.032490792852683414,-0.003660016458509663,0.019908022843539097,0.011742118279742364,-0.016248449384010377,-0.006845450202345504
2022-11-30,0.029516470062294298,0.01981847625016675,0.02640817032754561,0.02605886607086716,0.028236023561934998,0.016823394071346254,0.024248918252837592,0.015116725404777043,0.006317953815838662,0.03395224165978261,0.06105060789964978,0.033398435019881045,0.021745212257399782,0.013585684108623042,0.002003958076072898,0.026900033134902746,0.014234701049246512,0.03736898923889331,0.02013757193925758,0.02411592515894756,0.025715044804915266,0.03150232136472586,0.027346384991077555
2022-12-01,-0.009712463474990107,0.0024290727880216245,0.006061384433577954,-0.0008275881559723919,-0.004101297621205813,-0.04205581950039694,-0.013549727193685412,-0.0012767286371652142,0.0019618204398750283,0.014082303654096906,-0.005779178982122879,0.008693948809278762,0.007273423621357855,0.005815320048592643,-0.004352398708157734,-0.0030015047964054853,-0.04288501826768576,0.023172241731121757,-0.00466841511745153,0.001987214002942217,-0.0019228058557029248,0.009752014270189457,0.002727404024315039
2022-12-02,0.03265654168721732,0.009693047959383305,0.020509987902088245,-0.002950927130578873,-0.0007161157719298705,0.0072369086022925355,0.01599989545921332,0.01618882490431317,0.00939894653147344,-0.0038171414265969483,0.01642672094257258,0.011523451080428293,-0.007755959766830189,0.0002669513894728581,0.003071494570848987,0.0009578566963721613,0.00427710319887864,0.002059000986391446,0.03316573105955012,0.012191397362420586,0.017338468480371905,0.024402687710761928,0.003590510745433484
2022-12-05,-0.06701157549040049,-0.018400163947458692,-0.010896714482347858,-0.006437990845105879,-0.026160162431095868,-0.008717663601905734,-0.04382709195286061,-0.01593092199753099,-0.005819700227136182,-0.006012089105621787,-0.03381386418462984,-0.010928904485869806,-0.01563353634939857,-0.009159528010729168,-0.01684291296134033,-0.03406901212678637,-0.02271360837602976,-0.02465568446319155,-0.02068735739898031,-0.016253114172473326,-0.01973789614294663,-0.016139580808661846,-0.029757807675878767
2022-12-06,-0.02729692737820888,-0.009780023358885614,-0.009111823123232887,0.0019407988829420741,0.008279663573762752,-0.0191340881383798,-0.01087627546353298,-0.006389946916786737,-0.0039022969563261567,-0.013426455727068465,-0.01029334719148145,-0.017230273229997484,-0.0027382714492344418,-0.00825723322949068,-0.014017024820152213,-0.009284436349961123,-0.009960482509916768,-0.007373228046808067,0.013045530229600644,-0.005531720205610768,-0.018946364595277765,-0.0005126881602596223,-0.005865929556380101
2022-12-07,-0.0014730366193591582,-0.0016458854321953487,0.011150002021486305,0.004084460655060518,-0.04215323376281643,-0.009655126616916032,0.0015707761280954191,-0.003858811437114529,-0.00685607307332714,-0.003098756083628307,0.002339954989400761,0.030014318123983807,-0.007413284924243979,-0.000301659037690305,-0.007655009275066793,0.0071714438106893486,-0.007964718085711087,0.013313351295947573,-0.02078699875671919,0.002744313032914558,-0.019690889186903093,-0.009232186145572086,0.006462266935882921
2022-12-08,-0.0061333234911208345,0.02473205657863331,0.01356220006754727,-0.06539430619572606,0.02667174586136012,-0.0037803123177618803,-0.0003136002479403599,0.0021520156785157507,-0.0027613613243524515,0.008109492985815203,0.033982040286656634,-0.0037002929834715204,0.0005529083713951,0.009746527045364939,-0.0011020424133251217,0.01478025061890853,-0.006972397595232271,-0.001483374505828583,0.007009367132700728,0.005621494219626655,0.007107515133270459,0.013260551707260815,0.020714745938142487
2022-12-09,-0.010858095884690555,-0.004827028962323787,-0.017038353554386987,-0.008313922442660493,-0.0061236306498120285,-0.014379893612991412,-0.01176653321027954,-0.013743624015960854,-0.007120291819977198,0.007910578039537652,-0.03186158170727582,-0.004085486644240577,-0.002487966098837724,-0.007231674392859544,-0.0014710504466994845,-0.002152259798647971,-0.004042518109610316,-0.015280106418719241,-0.02505784565969238,-0.006251945614892396,0.0003835069235251787,-0.006170124437555047,-0.0019691379167118273
2022-12-12,0.024126150949589587,0.008892427103575296,0.01622054276895457,0.009959074784464894,0.0007467337808881869,0.00010142476565699887,-0.011112954139055109,0.014225363969162297,0.018127529158131095,0.0010642202222994612,0.007514755283544616,-0.010628196614355767,0.019955508116533238,0.011558755140035792,0.018413975930058335,0.00815234660012365,0.009613270540451246,0.0,0.006731160580740747,0.0149506779135824,0.014646129859301471,0.003954424341600982,0.009262758866746879
2022-12-13,0.009832177327826486,0.00641035313113103,0.017965335387202686,0.033091940992956426,0.004104608722293568,-0.009117716731194325,0.005618887991375443,0.014169477714501832,0.008804287247343057,0.014683347011982928,0.009774001601129179,0.010459752180709714,0.011412951353950929,0.019044874929457167,0.01398252373632225,0.024676843937397885,-0.004866615013832787,0.016163664302320413,0.009388185183860642,-0.004594221569728774,0.013225422405000131,0.01961550515146926,0.009720675355728181
2022-12-14,-0.05364443293507659,-0.006369522244268677,-0.00040012641435860363,-0.01935945486603874,0.01189151535554167,-0.04917703063988421,-0.015006297927072865,-0.017217179941037775,-0.0038788354258617597,-0.014929328327561997,0.004330008544846997,-0.014921259755717675,-0.0032238472494316994,-0.001284858622498275,-0.005230602946430296,-0.008217374222650786,-0.03444606291068786,-0.0008482860753390442,-0.010170622153923614,-0.00857153182341197,-0.009696247857945317,-0.039326396125948127,-0.0071529596990361766
2022-12-15,-0.028145397660277238,-0.017628321719952544,-0.02731259171728828,-0.0029143712124667376,-0.05159760621298648,0.016666970132532377,-0.02382500630923745,-0.026277924871985436,-0.0356307248256833,-0.0339005391804571,-0.032462790048935486,-0.020259170170730645,-0.015094419394133696,-0.03277690081902662,-0.035850864391234416,-0.03732560346905389,-0.002422524561150108,-0.032689304712824496,-0.09349023651896926,-0.01810379295488962,-0.03012752302740418,-0.018055199282769996,-0.02881907854187238
2022-12-16,0.009812763079394715,-0.01468165938814825,0.0005690058622884742,-0.011195941911795848,-0.0063890502599890375,0.0054995197368785664,-0.0074714273092549854,0.0014746000289636019,0.005451199816028041,-0.008875840640787502,0.005504822170003809,-0.003671924188300868,-0.025451401846896538,-0.003536879262138637,-0.0012392911905325654,-0.010879185060385765,0.0013246198873129167,0.012507967440214873,-0.0037283639577441186,-0.00797697038439682,-0.020190988188667935,-0.01523382941742446,-0.011769248585212888
2022-12-19,-0.03919950078898027,-0.004966884606439015,-0.008532673511994826,-0.01567284445815509,-0.013834796160845486,-0.02471860884494692,-0.024757354949730526,-0.005153885848740547,-0.009437657894652118,-0.01609536805285483,-0.026068888593279382,-0.01406256563844932,-0.019376696354461043,-0.00782705244874815,-0.003474848174569556,-0.02116466259643246,-0.018077664713688657,-0.011703444986110978,-0.01377284817845248,-0.015086476467345844,-0.0042799496676130255,-0.009814224696538476,-0.009877679343236023
2022-12-20,0.0006858256671011809,0.0024959164006439494,-0.0037614076134406815,0.010652796218515004,0.00039524916226008067,0.008951613516899659,0.010120032682621405,-0.0007401251883820681,0.006689525763887261,0.011543136303860502,0.011777092624073449,0.005114844169303634,-0.006872888815727118,0.005748453394867514,0.005604042061182923,0.002581852174339705,0.01796128234398786,0.04429841193373085,0.016773422471050292,-0.0055981908124694835,-0.006925054891794624,0.0019738646945790528,0.006612676510898252
2022-12-21,-0.003725917355038133,0.004149323344508016,0.0062391021602781205,0.014409117015242945,0.021923691629594177,-0.00021366163875635724,0.008490505155621442,0.011998172721584321,0.020338314321957762,0.01022115726646522,0.017196012249022452,0.018203239776569013,-0.0005768023996548521,-0.0007904415042593316,0.0191951675477966,0.001170505489460849,0.011248495324045038,-0.006300050748052843,0.025975672053280885,0.004222115832309692,0.019156731110604674,0.015214932639533219,-0.0035110515233781614
2022-12-22,-0.028586195290210337,-0.009917503596472144,-0.006009835343103176,-0.01171730460135656,-0.011403334773046336,-0.03881103837253019,-0.008250652287586924,-0.011270639369110658,-0.009867924008667095,-0.008662296376471201,-0.020286411732111764,-0.007016597892245069,-0.006635976802627286,-0.003072990247117713,-0.009963746653081529,-0.01733268413702682,-0.024427656991471425,0.0038039254229647046,-0.003928660214452151,-0.00794194123738845,-0.01014538331285375,-0.0037569781251576284,-0.010968412809663874
2022-12-23,0.00433674982679122,0.006677819320318967,-0.0017913072323787471,0.012862933442270075,0.009384264341941062,0.009343576689209598,0.008149452613936736,0.017468789486495995,0.013753355433824721,0.010415920226533038,0.011415108946006614,0.005711101528768747,0.008713478478095338,0.0050968429506226265,0.02025043645990876,0.007108761951182041,0.009166189014308435,0.007368468110732218,-0.00606259603959769,0.010124927998766298,0.006832955332625179,0.005677429875270423,0.006723065505625847
2022-12-27,-0.056397626411719304,0.0016584770857923647,0.0005127819615178275,0.007012388758635968,0.0030989802664542765,-0.034604445997531985,0.006399380546757927,0.0007275259361854136,0.00648838117499051,0.006295508544765793,0.020472351972194325,0.006887087937226699,0.0051829649342363115,-0.0011537600607293141,0.00745803613525986,0.002480857487260568,-0.011962708967958036,0.018808784794463795,0.003380373513531598,0.006681945722473159,-0.002367596905184066,-0.013392540523841312,0.002739678384489741
2022-12-28,-0.0005604356677880729,-0.014072942609810624,-0.008199768957914633,-0.018094248103591393,-0.02336362997046193,-0.014383493691622173,-0.018909003771075183,-0.014248305226203684,-0.023442054512550548,-0.0113440022412854,-0.02572003128026923,-0.007225288202010405,-0.01575486493446221,-0.009241716435688718,-0.019701445534230255,-0.004507568149656027,-0.026008912461057743,-0.028307737351411788,-0.01721070431945615,-0.019681812259768616,-0.017006656713561275,-0.008102934071339107,-0.009050545929073506
2022-12-29,0.01602508683570414,0.009236036210909848,0.005716184534069413,0.01306680275440364,0.02056149297615195,-0.009613179878043221,0.005969784906623143,0.011504425802808305,0.01320269740741642,0.027190586299289388,0.011351822911816578,0.02008735853909882,0.01193249391174378,0.011782193748374192,0.009744379511180679,0.008168219145397115,-0.0006905708885159845,-0.00021095473895760275,-0.0008978365084756357,0.012754836659462754,0.01713996648847904,0.016169840203173358,0.01114342295924553
2022-12-30,-0.0028050224072935226,-0.00915151250998314,-0.004938506557339295,-0.0023148853025339866,-0.00929858640086123,-0.0036253728925159656,-0.0033910328951669566,0.000729117152385772,-0.0051334247373530095,-0.014555362689184781,-0.008092215196694452,-0.0026637640267211937,-0.004026448454595211,-0.010826090975477598,0.0015679230702225766,-0.00789651223942911,0.010596558990374705,-0.003378449661908922,-0.01310274937082656,-0.005597385763821183,-0.005221414824989612,-0.01653419359802999,-0.005226114029723838
2023-01-03,-0.010882604779925531,0.0008396823483554083,-0.0054825265584247385,0.012209807188402477,0.016229779690360324,-0.038145443966776216,0.002551911454104383,0.0033510379967849335,0.012899548003580286,0.011335208076459491,-0.0021051974230451576,0.0076307507115498385,0.022523713969719195,-0.024005042832633383,0.011562305973290332,0.0006509403322851881,-0.028265078030711654,0.050423605462940335,-0.005690071041344669,0.0089906977658607,0.008748277130468551,0.008595697061872132,0.005653647880873081
2023-01-04,0.04228443950657268,0.009228287380890654,6.522869518099661e-05,0.019540515589016927,0.010005930614976233,0.0056132675612632355,0.012896629514234759,0.024252052415909997,0.025274255110318222,0.01732222228560132,0.02848112572693573,0.0238546798039323,0.04010178773136874,-0.004963390477245255,0.02274063992410169,0.0282385772288829,0.015012495006817783,0.03892699659705379,0.045322714441078826,0.013482168272203277,0.024676723538726186,0.020094448107993657,0.019704704110622195
2023-01-05,-0.022185520734886,-0.009143904799616243,-0.01555847910106567,-0.019647806831553316,0.0066678215860873635,0.01662412915100875,-0.010889583797109359,0.004820883139516008,0.011083474123410042,-0.03291907533713634,0.02153845331591242,-0.008043667927446485,-0.017105634287805427,-0.03560952668693396,0.011990796038799267,-0.028095711202887896,0.03281721201265575,-0.005824195339625193,0.0003650377835757723,-0.007033768195832346,-0.05278155430457554,-0.06728648242347246,-0.02288820173724382
2023-01-06,0.013860434036188973,0.02348997277544962,0.027698685623712027,0.028341988058842027,0.026873345617030697,0.007519658144215624,0.033367088352164176,0.022576638963450524,0.03987905426091909,0.031968482437320755,0.06124471747270177,0.02535176954526852,0.012154760823896549,0.03492780462327816,0.03646613547896238,0.03905669689371005,0.045647927863935456,0.02890089753729108,0.05020064487144693,0.01778584601206168,0.04378209937449706,0.03534589758676843,0.03362590005842869
2023-01-09,0.01064783159386784,0.0,0.004803788700026956,0.006213080130208937,0.02414331977944628,0.018836680977421416,0.0016391990335735684,0.013936549805812382,0.0047255279620086466,0.0050850422163448705,0.013008737625031852,0.012362398022686572,0.010097950659612387,0.018218616094002993,0.013762508887851688,-0.01719978125442856,0.010057605186679197,-0.00892034598769742,-0.0198706025169868,0.0021935574421989568,0.0028794175531918764,0.0008903314663335493,-0.018416308482540722
2023-01-10,-0.00044647801008113053,-0.006557551663995631,0.0032083879749023048,0.0013196063588190032,0.009357496787140374,-0.0348837175632708,0.010472912510607113,0.0059880644446317355,0.02152676142294241,0.013180587078865047,0.04389444682892929,0.041483450001493116,0.01648201631132573,0.0003417992279499682,0.0037222785739416953,-0.003390046557880888,-0.050211799286737135,0.0178095087967145,0.07152485781682949,0.0018871412584209324,0.007061493457896972,-0.008092762054878966,-0.007134148815856611
2023-01-11,0.05654311909049392,0.00495064697370684,0.0003198874542831298,0.015073695764550976,0.005705057807062097,0.012650541139535676,0.005344087749616033,0.013257821668124947,0.019656528779208315,0.013469120673810897,0.013643399955064694,-0.006035035360745344,-0.00026559159110994823,0.023569021893454112,0.011998154713247056,0.03203882147688475,0.008699541219587825,-0.012982184455158419,0.022095700372688487,0.006404169312681507,0.01779931291946313,0.04126440019918931,0.032022745951709286
2023-01-12,0.02811129119973521,0.0016420607567837475,-0.008185155180124637,0.0020252856841054268,0.01311829814453902,0.026888684523851847,0.008054154088647847,-0.0020030462504051494,0.01632503376809713,-0.005640269095263384,-0.0015496204933418412,0.0026889317149845215,0.005583485505471941,-0.0021539948816368115,0.00959266823847793,-0.009578106101177597,0.038920915160551184,0.017918515246147626,0.007831667713289914,0.017891648138076643,-0.003558252972733378,-8.187648996260677e-05,-0.008771555238422102
2023-01-13,-0.004029516603056282,-0.005737752642742011,0.0038362674550060927,0.01222934253915553,-0.0005248168522130614,0.006951859108988767,0.0022371651423094274,0.006020324839168811,0.0027341858057257085,0.006845801608723168,-0.0011086529499026998,0.005536212615146585,0.011369812924033607,0.015809693924037083,0.0006407455198313983,0.010779869944024023,-0.014048594180072982,0.017790227347598275,0.011881108594547607,-0.004192164091053385,0.005925940309128741,0.008779834812316034,0.013163239825332074
2023-01-17,0.0034678451135099486,0.0016485988370047444,-0.016120604407149797,-0.009368569430575624,-0.0028011263623213267,-0.010470646136190198,-0.0003189268557687308,-0.011569183793857296,-0.02181328095028634,-0.007964712897307158,-0.019977901657854513,0.0029250460991157023,-0.018562056892462597,-0.01230114366197077,-0.022831756631002453,-0.006415799545115175,0.020077749000146472,-0.03459080951267568,-0.015422941517382216,-0.01403231431907026,-0.013444118815336248,0.00780868208726937,-0.0034392280314143875
2023-01-18,0.0030033782150156174,-0.022221908505894783,-0.011391155844754475,-0.021859041428718973,-0.0026334722409836475,-0.015930362287177924,-0.018979320017483592,-0.015471462547675174,-0.0097560875446705,-0.018603025354693714,-0.00520962991538354,-0.016126313096543554,-0.016782172664005945,-0.017151508488147393,-0.008406919394593038,-0.0036533873494570823,-0.004021039503410928,-0.017914864596990543,-0.017920235988688415,-0.01940081450761999,-0.02174238130467754,-0.014245414353431851,-0.012050796282298326
2023-01-19,-0.01923714907876306,-0.010942806385396242,-0.009904504013185766,-0.016589281371616416,-0.0031685250270807597,0.008980294824847412,0.011542913610956385,-0.005192632449606327,-0.0042222083431102675,-0.011639745973698323,0.0050094063386378895,-0.02118569387736169,-0.007585815050920264,0.000616537798836525,-0.005835635120533533,-0.02472994676760487,-0.007224883816179251,0.018241661492655492,-0.010173905383490278,-0.0087082102917303,-0.03271229830149924,-0.040651736100427494,-0.020459097391276826
2023-01-20,0.03922875015759497,0.011063876240973158,0.015038773324665078,0.023369610734581103,0.028253567908363975,0.012765303043499987,0.00224991772874672,0.016071339244442706,0.014840763238300303,0.02880235429886424,0.02877213892450059,0.0008017242743068032,0.024569872681311278,0.012571537375720254,0.02226150759902601,0.013377875021370444,0.0276110986361231,0.01658083971751778,0.017705384544718372,0.020882973957090822,0.059870439575504086,0.04681221278624004,0.01256562755646673
2023-01-23,0.04889541935152897,0.010100846824564913,0.014192033777312485,0.007401832902839134,0.013567166244023765,-0.011101201314364095,-0.007376328055869852,0.017980069481487337,0.010445795277875813,0.009222737175826223,-0.010130064328314758,0.003025903938752794,-0.0015986389011192204,-0.0064817468072103646,0.006933797727189495,0.0035664580467138496,0.0070820112184648565,0.005436955985331338,0.002476202555688367,-0.0032456468020173324,-0.005343500426035819,0.0029757881860847935,0.003130537258485111
2023-01-24,0.014924649560812187,-0.021666682462238573,0.014964730379972924,-0.010422011865840353,-0.033378730401016465,-0.006781868750767361,0.00985455605771568,-0.0047808378891170955,0.0027568789368681568,-0.004018419028902764,-0.008008671994996996,-0.01650399113380374,-0.01921535156832954,0.006554760919095903,-0.002151936457160719,-0.0071933201779941225,0.0022751316074511863,-0.004475124515617268,0.0011697500795189164,-0.015297301535347696,0.005142124036588092,0.013493978161353004,-0.006408512851856507
2023-01-25,0.02438287223278457,0.0034072858317462096,-0.004117042833461371,-0.025329381227624514,-0.007186689678542413,-0.013892259012187491,0.009918422353148104,-0.018815117491755018,-0.005326706933021952,-0.00826453608795874,0.045974024856946016,0.008661098087257013,-0.011701034046733949,-0.006907364770557312,0.0024800066122405706,0.0028864668674619676,-0.00742893565453695,0.03184125990598985,0.017139863316634862,-0.006767799674061048,-0.021531772690097095,-0.009103532418543447,0.0020753166791269706
2023-01-26,0.03125719340913591,0.004244426954089553,0.014613113352086149,0.016478687174894535,0.006885612806054597,0.015998239969635453,0.0,0.0027201341856990524,0.003973139954907445,-0.0036087523237586794,-0.02551436825227349,-0.01055435385830239,0.02505525205126724,0.009651816127300039,0.020329378780405527,0.004548044682954,0.022453525324245494,-0.01742617184042794,0.08393414490442153,0.0733259398812054,-0.0035114748582907307,-0.08915773194631171,0.0047573132132257
2023-01-27,0.008122969788327161,0.01014353952368241,-0.007769765177782384,-0.0036675935052062902,0.010520748613932485,-0.02373673317324365,0.011088309922379525,-0.0024414973500269666,0.014625009490596641,0.0031608652434305107,-0.013861366469061998,0.011118839311774709,0.023636918117460715,-0.014597233752710825,0.00727394703881834,-0.0033811519286021108,0.006709944197091033,-0.014963928791092207,-0.017371374791017913,-0.0015150542552146984,-0.0027409228778689787,0.01546250894424861,-0.005681676026193072
2023-01-30,-0.03457341630100219,-0.014225728221987533,-0.0007956322795252824,-0.009709123329731839,-0.003296853309315173,-0.004574267325925474,-0.02036682280538149,-0.012236564211427603,-0.017297010006724345,-0.012275999157955741,-0.018741725083392113,-0.005542813670396218,-0.008396969266208698,0.0010161248370661458,-0.011407829107569656,-0.0012936281034044983,-0.02039994235336562,-0.010877599073986333,-0.0029963776154526833,0.0020227931705680824,0.0023558195865456266,0.010239002170033595,-0.0006724331275240747
2023-01-31,0.03481882572510919,0.02376898086431023,0.021057492476314277,0.020524568761341122,0.013927606818560978,0.024184201738566946,0.030705315081035023,0.017894228236431386,0.02415869009373872,0.02904429828320798,0.014552141828877652,0.011057937200924961,0.10664218397039193,0.01818293158059614,0.023608035981469655,0.035322423835672634,0.021443290070746635,0.003602398188237599,0.015928606351030217,0.028913594687183464,0.02107317487927629,0.02473148988576801,0.02774959781373365
2023-02-01,0.015810763091856694,0.0008292385428960714,-0.007425550497441091,0.01171887912318037,0.0034339870010995366,0.0068475235302769555,0.00046564157330775124,0.0025691497271709274,0.014658877788272129,0.005812643451157173,0.004258111619363625,0.009336852954026753,-0.023194672690928453,0.0004230372856812714,0.004964262204501857,0.00659000250812225,0.006459595157878084,0.02380509986003987,0.03526198082309384,-0.0038544169314743693,0.01281249952253205,0.028023205868526135,0.0030545485944604156
2023-02-02,0.0148654995517008,0.010770551328099787,-0.07113468973995585,-0.016174585521381513,0.041923446079986215,-0.0029315194601285954,-0.03846157162461661,0.005395330872091764,-0.004483604206826586,0.023053029037487294,-0.024548036191876732,0.028103130746909066,0.016646411682851303,0.0029299014424331027,-0.008336159046117508,0.022706464143839256,0.019855382452991677,-0.032478391727207345,0.009715355941835702,0.02068238388841781,0.018331999612046346,0.008757447079238867,0.019740557070578202
2023-02-03,-0.010063747012100555,-0.013934367481769017,-0.03546503759033237,-0.03903281928268909,-0.0315324700978481,0.010584518244566077,-0.008064546088894398,-0.020928363482916046,0.0008340569533660247,-0.03784856813753612,-0.012582995073652126,-0.028877370583458406,-0.004093461475779048,-0.025447964877097995,0.01857645033998745,-0.025929796005600192,-0.008062916831927391,-0.049208365208459504,-0.00028269206702535854,-0.004617766791357503,-0.027523573420937364,-0.014754430373881466,-0.0213313528543837
2023-02-06,-0.03627757786830155,-0.008312598459975562,-0.00698197142977619,-0.014679769068094095,-0.004748068766487812,0.0006982117741611837,-0.013008140055971729,-0.008495587366962765,0.001499988528112839,-0.010437622115228029,-0.004865640632963686,-0.005029700291514172,-0.01982605047147179,-0.002286970980725278,0.0065204262493090415,-0.010343060529502623,-0.005947847343120927,-0.04513546494582987,-0.03827235110714999,-0.012671319871596753,-0.009867428877837314,0.005377964435268279,-0.010516404557379677
2023-02-07,0.00914003858486323,-0.0033529420405953303,0.007207637788894994,0.028341120682286114,-0.018572246996329755,-0.02023488260117301,0.00016460656577388377,0.07504161715255542,0.006989566960362126,0.0039553801368894526,0.017229329962026307,0.0017736033115385297,-0.006413593230312209,0.044167741958540896,0.015892428422556115,0.004371113479088917,-0.0017947941589375738,0.023529562012605476,-0.015835725806695233,0.005540538404388062,0.014137719620570088,-0.01888659551080174,0.01415270936599633
2023-02-08,-0.04005898794007756,-0.05298575297813235,0.007612315973531958,-0.0004903546473022935,-0.029860918165812378,-0.0015430896098402869,0.01927215185112341,-0.011441090616392757,-0.011568497933220123,-0.007025988197671418,-0.01533530268979566,-0.0046032636833955864,-0.020853744113113803,-0.008513097270184344,-0.014448032131620048,-0.006304698699151623,-0.0007992428314919087,-0.007594342367913232,-0.005204013938624241,-0.010949981939105347,-0.006779922861926746,-0.012288290791559575,0.005375474818259285
2023-02-09,-0.0028341779556388946,-0.003552451394293721,-0.0012183784420818355,-0.014168125335821458,-0.015211356162777245,0.03185925150765656,0.011635361132080746,-0.014824410097915686,-0.01220505860539045,-0.03604024291759267,-0.0018596095117205946,-0.1874778572056034,-0.02712988905076763,-0.005026080192516713,-0.0027298699541840055,-0.008310135508001748,-0.0001999493518124451,-0.01592572718887353,-0.01635508860275736,-0.012058507314541167,-0.011658286813597596,-0.01698432948075934,-0.0003239287957177428
2023-02-10,0.003365643260764495,0.00980402827400595,0.003241607451891948,0.002653326276402357,-0.007632172488544642,0.04251145408277934,0.02987222530813849,0.0006597576648392778,0.012525114466427345,0.00171520583611251,-0.013507101155693979,0.037872235536980936,0.006775956749001111,-0.0015936486893213253,0.008414717622793777,-0.005661829438668886,0.02599997000159915,0.008406809527093273,0.0031786786729390837,-0.001284856836884507,-0.020409925546232888,-0.004405926912902092,-0.00518657650060339
2023-02-13,0.006112941004901673,0.010591427155089983,-0.0038915804368020446,0.021500661395445375,0.023988137109898666,-0.040225432969796526,-0.03102217354053549,0.007387001192645348,0.008358459597770596,0.01280637418452657,-0.0059018230903652436,0.01529227802734634,0.014496702830383512,0.006083408392153711,0.01548184548396514,0.014833181121383321,-0.020857497184583518,0.006669587691982892,0.02132729945526668,0.01543739650757936,0.019884572912083787,0.01123688025895997,0.010481820358268168
2023-02-14,0.0028526165539204396,-0.004366999587390619,-0.01817223385230493,-0.005666826887475884,0.018061573428141964,-0.010641696883482599,-0.004642342201399696,0.0011785920024738328,-0.009283810195817144,0.07106638791445241,0.020659993030414103,-0.002493195490805733,-0.0010205004686065777,-0.00017970434653291623,-0.008711974592543137,-0.0007012239075073756,-0.005176250118727133,-0.02670814408742883,0.021776773743624744,0.003871118670185858,0.008078418350398353,-0.004848017457306786,-0.002579852403575833
2023-02-15,0.007720791901852486,0.009649227890865752,0.010550864398093829,0.007544555621812332,0.03600919666197333,-0.006079997496051148,-0.0011255868552096926,-0.0015696060781276167,0.0,0.03503793476598549,-0.015588353757664541,0.00853905479084327,0.003320304086773973,-0.004401292721999739,-0.00019957739727161083,0.07467690933139459,-0.007004252324363747,-0.015103113825947645,-0.00689016204997539,-0.0002103934357248205,0.009708460389610707,0.003017848820832114,0.053184425978411554
2023-02-16,0.047032605401307936,-0.008688308824202351,-0.013112291075562998,-0.019285860373800756,-0.02695818659301874,0.003529013498386746,0.010304165233907536,-0.011396334694438237,-0.018072231177129194,-0.011954920524725021,0.010635645867637988,-0.008260277858055831,-0.0045599177345138076,-0.02715505645961991,-0.013585254785847378,-0.03623294601589688,0.015719397537944158,-0.009719540710333985,-0.0015286451989511285,-0.007854257258685493,-0.00973764111613673,-0.023726529709725663,-0.05157320806817378
2023-02-17,-0.09666694887107385,0.0008765600935498608,-0.0036337011391408547,0.0024719281012175465,0.002613740877229098,-0.03469697879519851,-0.014979992270179432,-0.005167530650647123,-0.009372950021190207,0.002592618275494063,-0.02385400048118358,0.004685035709507179,-0.009575403008885708,-0.006120850611872064,-0.014480931558204957,0.007453973166102523,-0.01091262118292391,-0.009378223534472707,-0.010304953623365476,-0.0033220254992787357,0.005884728685283447,0.003742316561523573,0.001510551110551539
2023-02-21,-0.06220697411397247,-0.029772452333024724,-0.007864951021668398,-0.019177930599365678,-0.008515863871375373,0.01372199406969532,-0.028312611528251375,-0.028236488252227243,-0.022191607018654858,-0.02598371404871813,0.022041219353468477,-0.028600901071715534,-0.05644100091647308,0.00945518613206131,-0.024455095228137602,-0.032231862567824066,-0.019859623629903345,-0.005504140068181562,-0.026953060343491098,-0.04850697685321015,-0.028558392907727104,-0.020879169969467037,-0.027632690996355902
2023-02-22,0.018556834667682987,0.005415329051112527,0.0028106714327620352,0.01927378000678792,0.008764181803589288,0.0229995693587306,0.031301979426825444,-0.0006854357230388075,0.0029910868729838835,0.006637946333961198,-0.020393910849724306,0.017281716556969418,0.0047077793583480965,0.016853581400860573,-0.0005269303935322434,0.0042812250292232346,0.027425221619770124,-0.020810300139909033,-0.00042796001510259085,0.00409934023539793,0.019572174631173445,-0.0026430566339872286,0.0020497076506702516
2023-02-23,0.03002638231955168,0.014362789748001203,0.0051383951366898994,-0.003891587574197608,-0.0006949620317003857,0.010304265302516935,0.0009687651149157261,-0.0009599453929615143,0.0031570680424779507,-0.0027632513537921843,-0.028714859533737425,-0.0053482264062891804,0.007442091290813968,0.005636043876728891,-0.002529317435289835,0.004788979491151757,0.025896385591590576,0.000678357715363509,-0.0011013040860656798,0.01989255102022347,-0.0038859273896906243,0.0018865681736233153,0.009287424410969303
2023-02-24,-0.01705717897644421,-0.0017700204275008513,0.004504581919945183,-0.0004951025527051289,-0.011476281077910211,-0.007997094159609364,-0.005161447849469369,0.0010982884705470486,0.01049145780722438,-0.0013856036894093204,-0.01724590703517881,-0.01106981899922932,-0.0016414586968813705,0.04751552708056317,0.02155325540200681,-0.0024521033538440484,0.0001942466942890242,-0.016267478965034554,-0.004654280781597908,0.002911699623856512,0.01201550692284381,-0.006136507597614527,0.005860814305155726
2023-02-27,0.030057501390831076,0.004432649462771554,0.01580197099878866,0.0012109805314506339,-0.013192698335610542,-0.00350500231250217,0.006971675483900652,0.006477419454332667,-0.0017518362505450913,0.007441268915135968,0.00551549534795015,0.00778229161131061,0.002466236270296518,-0.009146680716640931,-0.009101413626580235,-0.005910251248798737,0.029120569798094964,-0.004593670191005095,0.01076716467590244,-0.006749034356911543,0.01464773017834431,0.003890070863892703,-0.011163142951187921
2023-02-28,-0.01054374126286195,-0.005978570973109831,0.001961859247915365,0.00590787056891684,0.005545605457007552,0.007034564253718623,0.005325899908094511,0.0,0.003685116055454074,-0.0024412760405174705,0.02144094044664646,-0.014069383481960851,-0.005194057335113356,0.01129237746842815,0.001878697126313833,-0.00019425866394939817,0.003395724427738722,0.006230016018888396,0.019235482276908078,-0.0010958692660041347,0.003419234193195342,-0.002658255644784502,-0.0037448072268786436
2023-03-01,-0.006567016991644192,0.0008979911369624283,0.008042313638674914,-0.005873172625218137,-0.027575106623270562,-0.008615405394173603,-0.0022475586046502016,0.008763478634399524,0.014335575112521814,-0.005333409417435653,0.04954830160995782,-0.01673823932167573,0.008243748955112151,0.004822364657987466,0.015522359479098746,-0.0064748129084256645,0.023966442535478638,0.01123583490630442,0.0197088285477951,0.014482155978667643,0.008859715460264095,-0.010571726486491628,-0.005196167520454598
2023-03-02,-0.00894543525049496,0.00538104539598061,0.013008254924692597,0.0024846496315928945,0.02451516726888614,0.02031699677177312,0.022526215034933905,0.01683176841747369,0.007238989481025193,0.021511194710453818,-0.0041859746018850785,0.015058852052215688,0.02262234511153749,0.004856538862016535,0.002154313539226349,0.016585736371439452,0.05049775274937551,-0.0036281007435023938,0.029518442664324684,0.016654471441434282,0.012084440080853076,0.022875964318724185,0.009334903810594763
2023-03-03,0.035905411076686544,0.0017840267381099562,0.009417049688723811,0.009693233860404549,0.019107221884958614,-0.008287369792422061,0.0023602151791115578,-0.0034708637209412974,-0.002053497732162901,0.009078018042540048,0.021251763306120885,0.008170335067676504,0.006663010200989916,0.030220130929541344,0.007668416250385723,0.007744926220484949,0.0024561796649473777,0.01729630206958821,0.014734386172597924,0.009432077844300224,0.019430366059379978,0.01928372506211562,0.006897868219299497
2023-03-06,-0.009561539438823208,-0.016028467976646366,-0.005631651678600691,-0.016145918346357035,-0.017347099421987977,-0.0017409074410511538,-0.007064284001779941,-0.024782168398338578,-0.02074765143076729,-0.014687873239936478,-0.022867618071794382,-0.02111334612643123,-0.030447440979764706,-0.011948602981764367,-0.01830531186992901,-0.015370977041920031,-0.016100724418094958,-0.010738204145946617,-0.015865850195501685,-0.032176545545195556,-0.027790139084071352,-0.016948363564542324,-0.014687356287888864
2023-03-07,-0.031102922413694056,-0.011764792273440294,-0.005901696626734676,-0.014414884084651636,-0.02228964698332847,-0.032786886820719174,-0.004426828243987213,-0.022939834843269447,-0.02293813356854768,-0.01975137779026881,-0.06061307872099675,-0.029738687260745023,-0.009011316306310246,-0.010920257645464893,-0.024931589177024205,-0.008555352896195245,-0.0368197876250459,-0.03889649956644403,-0.024666878578292195,-0.003556972706208361,-0.02042785115401735,-0.01768602465781699,-0.014238955004191145
2023-03-08,0.017476998871227556,0.0027474030678504846,-0.004633053437589574,0.002306480958032653,0.012401963928599491,0.012982450703872939,-0.012228112989487894,0.013637113216118824,0.008243709589188297,0.012165688271668085,0.009965071141186277,-0.01212508271142032,0.014604481430083638,0.0021459524617815084,0.007949966723166169,0.018042986558596263,0.0035088783282233305,0.0014252656452982126,0.012148821660572517,0.005828177575730731,0.00229176225401706,-0.002131508512001057,0.009535813534755633
2023-03-09,-0.06515294247857373,-0.009132272823461185,-0.020549083613703112,-0.017847012102874427,-0.0147722230452626,-0.03749861140402766,-0.036655941999539476,-0.017753306361678933,-0.02061841844496859,-0.013083991832497754,-0.03379385188613271,-0.021820666665206767,-0.016838758534328258,-0.025302983396195633,-0.028352310497716027,-0.025236558991401647,-0.033124687483711446,-0.009961877436466926,-0.03139253816192111,-0.0178896003605149,-0.02903747100384979,-0.01290733098440755,-0.027107095452681862
2023-03-10,-0.049081429573061386,-0.01013834730415164,-0.009891178004186152,-0.024343070412239487,-0.03931240048979279,-0.0325482186116165,-0.01718956755569534,-0.006777577434274651,-0.02214160157339584,0.002664394347247079,-0.03293322597800408,-0.016614475412682683,-0.01878442598113561,-0.012661698311646985,-0.02446217813487861,-0.03718354993862838,-0.06585468964812458,0.01006211499277665,-0.053440402707092494,-0.02345114718030994,-0.010989048030922821,-0.01422716408173419,-0.027460217453917024
2023-03-13,-0.009505546480958471,0.0009310063668850344,-0.0009955807750361423,0.004451416634946748,-0.0022839372281310277,-0.04116242493430422,-0.004584981970800928,-0.01549625234774532,-0.027468532725835493,-0.0017080300062413123,-0.007128017433863043,-0.012405648625827048,-0.018862841479294734,-0.015972987371590586,-0.024176421153183525,-0.021201210119987324,-0.030562343508339085,0.07020869579509137,-0.02171477819984413,-0.0130647466515319,-0.01023810812833803,-0.002335336079662631,-0.019552245905854027
2023-03-14,0.010628168562168083,0.013023252223386406,0.017473649568217064,0.0158598810937276,0.010683052701623286,-0.00837314663087585,0.005117762190275377,0.015162680479469781,-0.0020991045408634834,0.017680610846440015,0.011433506466880683,0.0074174230515897666,0.016929729638008206,0.022727879606067036,0.0070291880812487495,0.010755388004230815,-0.015846006631380027,-0.0055406019969056475,0.005211605415860632,0.014756127728901669,0.03568284228367813,0.01587074806160582,0.009217826101813209
2023-03-15,-0.048633477978669015,-0.013774010214485877,-0.03098996277171262,-0.017219302237913348,-0.016610249737812666,-0.02854848601429505,-0.03513219993997019,-0.03499298803922557,-0.03461469296774822,-0.008468783888947673,-0.06650925229538995,-0.017693864331653097,-0.027088074068638446,-0.03361175438833697,-0.036960662287297996,-0.036072170927821556,-0.03950195650543464,0.02763508963385153,-0.07315694249030458,-0.02169785618415443,-0.02887896184410721,-0.002027742230725438,-0.028057860252614808
2023-03-16,0.002850797613039413,0.004655461107002878,0.009421074655157069,0.0028617197453990606,0.00038396068439405795,0.008002199672990207,0.0019347578793091902,0.020341889587477402,0.008518057312755678,-0.0028890944346624536,0.016615234648363897,0.011967839589689167,0.0055106612579127745,0.022240304555117163,0.010456336559898194,0.018480522113487385,-0.004246721482024984,-0.007156791509708271,0.004212631716712156,0.005214053785013606,0.008929353295938025,0.01754802748940576,0.020883192807802597
2023-03-17,-0.028516877883049796,-0.008341084253787212,-0.01755738399956497,-0.030516690588891726,-0.012279259309471158,-0.02915415593712578,-0.006144647194162189,-0.024126081915161524,-0.017481738282750903,-0.02639002703476201,0.0036011255689323285,-0.011348624426143705,-0.017594444516590313,-0.023057052260392674,-0.004233383205565211,-0.03206329669172392,-0.032772266831947894,0.05220622802479613,-0.008939677191187378,-0.01432226455967922,-0.03208217746502018,-0.0137508588971742,-0.031225544877335754
2023-03-20,0.02259099512259155,0.02056060591698028,0.016269867766238066,0.018682012153413696,0.005050513696098546,0.023121474143808607,0.017841380820492914,0.020429512681934714,0.024789827159666267,0.014540450252046977,0.03367369387400654,0.013532919268742338,0.02260704168182559,0.025174861119806824,0.029050633788089586,0.013256554642208096,0.012067818173827627,-0.007265837148046961,0.026020159145527577,0.04853919019851172,0.023022178664754867,0.010261204844699057,0.01397349830283856
2023-03-21,0.045637965194527785,0.006410381986722724,-0.0014325896417725081,0.016511357057302112,0.017974369555001424,0.02921335573087691,0.01544593075117584,0.010735577624589432,0.01560700448074237,0.009597639257348023,0.0216289445916118,0.009299425438950903,0.011771507766414224,0.0073490507409368355,0.015377562580545678,0.031737511223133286,0.0403575876898048,-0.025512407447098928,0.02860623257476269,-0.004045004394302332,0.010294483126367826,0.005693484255863801,0.017578046470673403
2023-03-22,-0.03059253943255713,-0.016378581052673646,-0.012374178954214887,-0.00997778988312703,0.0,-0.04686056712121767,-0.018287331868069967,-0.0210992938265665,-0.013061923677485376,-0.013815865640981806,-0.010977574946493651,-0.019253574903359105,-0.023836468568868563,-0.00629940899828163,-0.019326529483856714,-0.020288803551771872,-0.030857247781344355,0.0008581857743847898,-0.02991470651175887,-0.016847112145593313,-0.023617664307189923,-0.04284411213673556,-0.014626023964544821
2023-03-23,-0.0021748595684008,0.002775189202906203,-0.030577881805855744,-0.006035607164670775,-0.002658029351488733,-0.01671571253069115,-0.010967965265017865,0.0023458861901786143,0.0052550856691182535,0.009189678913720689,-0.0013214650651135473,0.015689521881099955,-0.008430290101944626,0.006427751768832257,-0.011870492843941816,0.015501418739194417,-0.022515523798319004,0.024657256590032484,0.0030498906957687755,0.002753955485419679,-0.0008090131102348463,-0.010788419214044054,0.004825655213519298
2023-03-24,0.009970225890597595,0.008302781714281782,0.0027346214126384716,0.0006485607321931042,0.008376157522760774,-0.00999998701614635,0.0005280328100005782,0.003510689000672196,0.0025168724775594953,0.021141189063190957,0.00582167486538987,0.009100789866942183,0.010847068599707077,0.010019737306165455,0.009680390832641494,0.010136179578237536,-0.013727190671958267,0.015902876141862476,0.004391701604801401,0.015791897237898755,0.015626280882430565,0.01061894963538701,0.010334037330082424
2023-03-27,0.005004980729299335,0.0036595423458798404,0.009414551574523644,0.013609024299156669,-0.006041032437663407,0.008080690178251304,0.015130345932661937,0.0049562269969225525,0.004248926907375994,-0.0009355719582047062,-0.000789164771886397,0.06348647089764103,0.0005801961155120772,0.006816741748048694,0.011089359852415104,0.006620637289158626,0.020995447521088506,-0.0070030375408789425,0.004373038216354486,-0.006759145062397609,0.004464287771667408,0.012542588844238312,-0.0024067507799244714
2023-03-28,-0.003289593471560548,0.005469508525939304,0.012398715313834963,0.0030224107969891723,0.012345471432718913,0.0058687544913635925,0.006932321313885881,0.009283580078238929,0.017499790642363067,-0.00018725019345899874,0.01026819131805401,-0.006025519476924979,0.004637643859545015,0.0007776374540666708,0.028904319294564607,0.020763177172198333,0.008548862674118807,0.009334135938583676,-0.007099974418570132,0.017164243454284245,0.0017460817048260413,-0.010330400728480793,0.013510358139680267
2023-03-29,0.02887789741333502,0.007252812587202451,0.01019950057882979,0.003534834810375198,0.011257305381773719,0.02888872401345277,0.03166939651666101,0.01796487192792995,0.013040896468216268,0.012798187709513131,0.02788641061745256,0.003704485642440636,0.011829438474246556,0.006794007697896065,0.01665547950260593,0.014851385361414948,0.03528081318638199,-0.0065763637927884755,0.01133307179591525,0.01598259148945469,0.016003760356323005,0.01700362858417237,0.01160428477087505
2023-03-30,-0.008999310833392449,0.0027001686547218906,0.012267953018735511,0.005658947166788719,0.007049989796302114,-0.005809201561340793,0.00016701814060238185,-0.002823660292963659,0.007462739090959625,0.006472347023379177,0.01926987642857969,0.012414671172196412,0.0048472602993023806,0.005175364159998308,0.014635432772591495,-0.0021068810534813354,0.001548752245356333,0.010343495659045798,0.013051077800269484,0.0066585059143107195,0.012398753910130456,0.007895241456548296,0.0008826741940517469
2023-03-31,-0.0062938656467772525,0.021543923967159095,0.033241028968103103,0.027388437474105354,0.015291012983026153,0.00848660196250517,0.006004908601418668,0.016140401941870053,0.015185265395429193,0.013779904269205945,0.01766197982927653,0.015908266706356144,0.023269039541673475,0.011094136340601857,0.010656593922108604,0.013009986540841734,0.01369891862605388,0.0036854762963602905,0.020547209088381146,0.009085487426609973,0.028883799377702912,0.03571095833595761,0.008345918250831419
2023-04-03,-0.011807823102775727,-0.007029587191124231,0.006371600825289869,-0.0031855667685761757,-0.000544338828933788,0.016277907430678473,0.011440740592334686,0.001672169861347772,0.00930326801661252,0.002960188168537936,0.007088472306480131,-0.014789058175443626,-0.0027732499066214222,0.007483681580007895,0.013952187810834182,0.0026474365687987333,0.014821253097618614,0.009179900659546325,-0.0001295159372878274,0.010588560572096117,0.048360415585642524,0.008319576312722399,0.007985521351084879
2023-04-04,-0.04056228010058738,-0.0070796785131866935,-0.013112220706772093,-0.01676378235127529,-0.015069067376964007,-0.01085906410304438,-0.009835781519501263,-0.02323003313689387,-0.01933855775624782,-0.006926790141197792,-0.02281555205682373,-0.005739484311716003,-0.016684963481534254,-0.0008376588745249158,-0.018592191185540563,-0.023735932988552477,-0.007946803187883988,0.03800279971219167,-0.06876004085453513,-0.009764729771130187,-0.012282123506612286,-0.015001726225079559,-0.023535474443984183
2023-04-05,-0.061363561033406344,0.008021335000633512,-0.0048030743025057054,0.008097144132740208,-0.019723362414670764,0.0039796285831170675,0.00529790682405662,0.0019937881270286617,0.007003219472434985,0.007460261656946132,0.001490419743839233,0.0026642206194595897,0.0031106163529455166,-0.0061209108810690305,0.008990793737504221,-0.030182823749138277,0.002165018873008462,0.01402147921039365,-0.0025030799660167302,0.010508927920989564,0.0045545311713097725,-0.0018365971016512939,-0.028425865617107693
2023-04-06,-0.010320026010595562,-0.005305003457179547,-0.006622340099182611,0.0004524766540514591,-0.010342297772850007,-0.023236848459441184,-0.015151579407375881,-0.010233060540484118,0.0003661796602201228,0.005659373151418956,-0.0007440513053547093,0.012511040423011766,0.008739729977367272,0.0027277603083668556,0.0008485301804319612,0.004539428803326251,-0.05659984568469567,-0.00038425390699725614,0.014358379311370184,0.005413572415475798,-0.006333038892254894,0.005160795648279537,0.005302874758033482
2023-04-10,0.026402513281702067,-0.014222124304415384,0.005070657689077995,0.0016959277428081343,-0.011210414546047875,0.031486236817912516,0.008194104508486566,0.00244096501495239,0.021039017429940632,-0.006465377290211016,-0.003971228426252971,0.006779804009171331,0.0030744166080223234,0.005552616833887303,0.00657134219626454,0.005582049066216843,0.02839479760754937,-0.018443749547331634,0.009001683924624748,-0.0014169535392678512,0.0019554932534795455,0.0017859560844486477,0.006548387534970779
2023-04-11,0.009458627196661018,-0.009017235864506645,0.006703669976051652,0.005475204841032033,0.006725596198517092,0.052231568375129545,0.010615212081814152,0.012462604265858213,0.006808721004416096,-0.004941095681498031,0.02491913725028727,0.008254572898769741,0.018110792130039854,-0.0008643695832742937,0.005159291363599383,0.016799726242945123,0.044310953541606635,-0.022900636408207053,0.012803074714147877,0.016246873521419847,0.0069393681195006884,0.008467729003196478,0.0033732687023744212
2023-04-12,-4.975094770798272e-05,0.0027297355416098235,0.006448813415541155,-0.0053326700868824295,-0.031303459042316684,-0.006446652736825986,0.014114703585633048,0.0021221012216969815,0.012457695977314387,-0.005389281843081406,-0.00024313271500753242,-0.003016401599918117,-0.0019154982486987437,0.003070515978421895,0.018332462214208922,-0.0004045526886020667,-0.002985284153498635,-0.004206823421982642,-0.007127486104974712,-0.00733055186341891,-0.009260304443817313,-0.0022096317871872495,0.00450247970761386
2023-04-13,0.006494607109835515,0.015426475106582904,0.0033779584284683306,0.01326255376922636,0.020098311522723566,-0.00025947493638311947,0.015050964046205095,0.006212199604915369,0.000527464070961603,0.015220625824423406,0.04832794191688805,0.026580328018737776,-0.0019194815213359195,0.007262743679076866,-0.011830044315945809,0.0077156210637570055,-0.00021371911489398432,0.026352860430202574,-0.005621284261735138,0.0015476591494261172,0.009274333351564579,0.007396536059298908,0.012790032853394973
2023-04-14,0.004876776195258392,-0.008043005237961087,-0.006698055900069,-0.008911739238085303,-0.033610390711719895,0.0005192990599529601,-0.009406811912082147,-0.011365394602115386,-0.007378722059571574,-0.014272996408883909,0.004889389325421822,-0.0036839663161262193,-0.013461534201243186,-0.006326249050656818,0.008223741195673817,0.0013477457253661118,0.005133678446723966,-0.029400099758364884,-0.004358420916937833,-0.008777690870204746,-0.006245661458717522,-0.00791394972969961,-0.0022425707908483306
2023-04-17,0.009313540539584109,0.0,-3.500564089242708e-05,0.005282698693876098,0.023586099089719204,0.012065131881415558,0.01030096605869657,0.009792792777819859,0.007079777178300661,-0.00255515582416066,-0.024096499996403065,0.017747914601849102,0.011974506400689977,0.007450976840944312,0.004336901155381101,0.012571453849774095,0.010002154431162813,-0.021203603400705706,0.010123624366173534,0.012255632655344684,0.01813294694261236,0.02237992771011199,0.01656010219514603
2023-04-18,-0.0030596460353093935,0.005405618244378907,0.0055206523703414945,0.002347838593991014,0.014059838910944089,-0.037815267567540056,0.0031861635814742773,0.00674650714663616,-0.002109157408476836,0.0020737261506564852,0.019943142452624185,-0.0030103534665952836,0.004127730215606418,0.006954458724793611,-0.0012335398121984253,-0.0003957452932910055,-0.025705792765735813,0.00804611169556857,0.02309230233503845,-6.983920892111861e-05,0.004825474021104892,-0.0027307591103514772,0.002792823776456732
2023-04-19,-0.007258678793210183,-0.007168574276483097,0.009451490315585787,0.003959742286241852,0.005584343166665784,-0.00879313721184205,-0.011434086214912598,-0.005863532522446979,-0.005988057351420495,0.0022523230324824617,-0.024906777606018005,0.005101588250022937,0.0021921486322320494,0.0012062204674863075,-0.007926020276947887,0.009477768029290123,-0.01730114960815543,-0.012280062271477266,-0.022968032873667332,-0.0035693942978540782,-0.007485654507517814,0.015299615386142218,0.006846036488924456
2023-04-20,-0.052654843798413564,-0.005415125501587736,0.006746994115908622,-0.011221483317323422,-0.011681203672857299,0.0008064775853204864,-0.00578304107136518,-0.012919870436768899,-0.013111104326220424,-0.0018826903812395601,-0.012652179845988987,-0.011601414759729534,-0.000546792468339552,0.005584253115979321,-0.013903308802467151,-0.000840757904145617,-0.013644282453788237,-0.00787378761755042,0.05500957243139748,0.0068129534699183925,0.006403256626186016,0.0007706602782937555,-0.006338513967905746
2023-04-21,-0.09997398376248523,0.003629739160819101,-0.006462428076136173,0.0005619660428326512,0.009300293529672876,-0.000268646222774227,-0.006624625951747509,-0.0056905221180382215,-0.014901320652359273,0.007605778774046668,-0.041102725052116096,0.01006066498041247,-0.013953502054336098,-0.003103369444562798,-0.012731696098523093,-0.00535752755947605,-0.017179912412238485,-0.005430287718761417,-0.014640739926699342,-0.0007673305474500403,0.00374700428822905,-0.0005561967914107235,-0.00753882163788544
2023-04-24,0.05876255383967455,0.0009042363213205284,0.009394992488527265,0.005783431743616063,0.0036474807375306284,0.002149192329682137,0.00048779469372162154,0.00944362823878575,0.009476857920382775,0.002898297024054086,-0.0032778651661033997,0.007055588517595579,0.00943384734105046,0.0049151733677648135,0.013961722650458919,0.004314659196028137,0.008626676887769413,0.008399769435077031,0.01036152399720458,0.011729445641467828,0.006902398872405291,0.012497903918311293,0.0015777157762515426
2023-04-25,-0.03968257904137362,-0.022583652923019115,-0.011455409065762479,-0.04628175762111819,-0.010328793463666441,-0.03042875936697631,-0.01593216042308343,-0.036286603499550485,-0.05217556473015472,-0.010717654568191737,-0.04502889774104801,-0.015763380821970707,-0.0464539225867292,-0.002581445557451101,-0.04351510375471146,-0.010108884554247077,-0.039613034950432,0.003748410462154572,-0.04572977166961856,-0.0726658130696004,-0.01769730328017538,-0.007482239142755365,-0.010151069121213552
2023-04-26,0.025699022899515755,-0.009241995948653381,-0.014692755846282934,-0.033425272127618255,-0.009663868473840376,-0.011198919267050855,-0.014703621467992867,-0.00911886793951322,0.0015239799518436126,-0.010468493279431779,-0.012450422439357789,-0.012038174655527367,-0.0037475722914430687,-0.0056120009182973885,-0.004395422213298361,-0.022693712625584173,-0.011483400019287382,-0.021784200409098786,-0.02331904269500107,-0.017041387972460798,-0.0198673183289787,-0.02508625113252716,-0.017799704180095133
2023-04-27,0.026490122966291718,0.018656500418332556,0.019952262192371784,0.026284008435860873,0.028688512095010443,-0.01971471194103802,0.017270336423289345,0.01974158534877768,0.01749701961187955,0.022019612201934935,0.005096686160968034,0.008688137934319995,-0.044849601925958105,0.0017533521202071078,0.007947067965477617,0.03927214858600192,-0.0023706455663881076,0.023753888562600523,0.026228605027382557,0.009236077192865233,0.009371986090882523,0.01655742557699247,0.037984077728647536
2023-04-28,-0.0029030522362675226,0.004578892527286493,0.010227123549914507,0.02962345838800018,0.008916906252412815,0.020967142041621756,0.007417220514964962,0.014847512988543476,0.016822417214611196,0.010110900242994658,0.0117426551038331,0.01848746847959526,0.0030295559833730668,0.010420132606531851,0.03602730831060108,0.014383548060151963,0.01829826540821866,-0.01802344275432921,-0.000741808905974084,0.014627562771254876,0.009573387729752358,0.020843305274408808,0.01237153590292328
2023-05-01,-0.0441605940204427,0.008204136707201437,0.006182911856201123,0.0011464487456571693,0.008461784130350924,0.005169170220168162,0.0055626955541474565,-0.004876980920660912,-0.005330804199234707,0.005600607934302726,-0.00738588808163998,-0.002475261078868196,0.0039263377180831505,0.007741376085605989,-0.011521338157720828,0.011481133146535871,0.017269695582369682,-0.00991558112029911,-0.0011472928138426264,0.021366242557374182,-0.0035649421098762346,-0.023575132659342635,0.013647603829864074
2023-05-02,-0.021831168397321354,-0.012658308052622136,-0.011985839133071385,-0.00755660726501961,-0.023680920192702737,0.029325793046172777,-0.013342015510991456,-0.06269819434856472,-0.006098734497098857,0.03258662530072365,-0.02737192283650869,-0.005893268269620555,-0.027677624630917386,-0.00609737689204537,-0.01689460653350572,0.012194847978321599,-0.005964649050915649,0.024078277670477766,-0.009796496516327413,-0.033296801573695634,-0.0011447021186326012,-0.00025860108287933947,0.009914770257454464
2023-05-03,-0.002825833145421397,-0.08333319260108651,0.004305782672932024,-0.014882405277090949,-0.0019097348664049996,-0.002835518822630445,-0.010554075747308933,-0.009687800846098105,-0.014503487051336417,-0.00539347361879039,-0.007376930969623663,-0.01955268749366912,-0.000618902201947269,-0.017673538904178443,-0.026756456799087225,-0.008874526930040871,-0.010616184673993612,-0.011860215977486877,-0.0025244895878705487,0.0007483577047535661,-0.00902583607196672,-0.0015524832159525825,-0.00362566998118119
2023-05-04,0.01584636924926497,0.019979974060236216,-0.009595113310386316,-0.015399939490371328,0.13394557997805534,-0.05118480898963895,-0.051999905712943884,-0.005279358476118157,0.006792552709112387,-0.005653719195182316,-0.030553170293537102,0.00859232120803255,-0.015789352506171306,-0.007427900644966012,0.008381824186849407,0.056247257810128515,-0.09983659645789544,0.040429788514625864,-0.04316310220546293,-0.004489156927777738,-0.02052928986677227,-0.018054654353181543,0.0649985224737919
2023-05-05,0.02305725099302469,0.0205681099694468,0.019342177668744576,0.023372133167586462,-0.011137282374670154,-0.006136761231488763,0.024085702377708795,0.022634961870358294,0.019677555796337565,0.007600513284271804,0.03549119956273872,0.014408814557841154,0.01761542496267654,0.015437806616147132,0.024049408519917437,0.021526950170314585,0.0134747244731237,-0.01396480417244561,0.017443671655441584,0.017436940644907084,0.018672002162933632,0.015395442168907536,0.017557540041883257
2023-05-08,0.034390802304500756,0.003838745096706564,-0.0037747481991703413,-0.0013949634457721682,-0.015358351859587449,-0.029580628271568044,-0.01133042921812577,-0.011295937881627083,-0.004778575110493732,-0.0048368365441628924,0.002467850813015593,0.007153940503243472,0.0009274925193003547,-0.0019104764006485642,-0.007034610365564409,-0.0032691153691263297,-0.032983832265254365,-0.008826089315899344,-0.004918701304767237,0.004875723358957806,0.004708950212352736,0.00038992056698661237,-0.003822734546172657
2023-05-09,0.04997855553788488,-0.014340333718031895,-0.05291292478387688,-0.009951098576734263,-0.011611810650489884,0.003107406143582514,-0.008508550581533658,-0.0077196176220424295,-0.008864224662880504,0.00011593132042220233,0.0027349552960729273,-0.07031105817716832,-0.008029713134600103,-0.002652628990492012,-0.0052315354332509445,0.005878578985891281,-0.017186611629540605,-0.0028990441319723947,-0.010238859712626391,-0.01970152522109858,-0.006663844756511383,-0.00684188433064814,0.0014520872942360707
2023-05-10,-0.0033819473226441854,0.007759403402403553,0.0036076478531816836,0.013989291959719541,-0.007013832332616543,0.0,0.008231333210945602,-0.0020225835764513533,-0.00409903994160199,0.012033354023168075,-0.011456372392692038,-0.03941960247127152,-0.007160507705785246,0.011516221341546506,-0.007998438574727151,0.005618309743520289,-0.007263834989925111,-0.0070612996084051805,-0.018191912438232927,-0.0005249110031291249,-0.002041664683313571,0.002834029361936663,0.015431531846701763
2023-05-11,0.02061595412723105,-0.0028873719918438567,-0.015661098310269184,-0.0011593514407669536,0.008122900919028009,-0.00899832227955466,-0.012854034219161758,-0.00436566991595877,-0.020767070758365924,-0.0040588894136990294,-0.046909509065152344,-0.016022864067586906,-0.0062716305508931924,-0.005041803245980581,-0.01954921493055961,-0.0008978286110588041,-0.025745484421210496,-0.04036803825797963,-0.0007996713533036104,-0.007052926479802379,0.002776868341298089,0.0007826892578501887,-0.006425678873775986
2023-05-12,-0.013751886368499333,-0.0057914661006984725,0.005243462721144843,0.00487500360023585,-0.01558944207780455,-0.0037436241334217746,0.0033435888927655366,-0.0014091384338942303,-0.0005731392816548109,-0.00017173924273417018,0.013028506600170298,-0.025773268015513495,0.002208867702607975,0.008963541374862105,0.005519741554787849,0.00499279917628459,-0.016689752140384928,0.001307659598568378,0.011417713131555374,0.0006046385330358284,0.006265802215642546,-0.011947268079787188,0.002822896761380589
2023-05-15,0.04065596595277432,0.0058252025638769744,0.004640077873830473,0.0008084803031098708,0.006583707344978373,0.011423500728798386,0.015432818206647214,0.029010226895372915,-0.0009560470330979287,-0.002526133549063947,0.03258058200316016,0.014429992405372127,0.0018892329870645597,-0.004131632107205685,0.009410714928649977,0.004943238553114071,0.035360870455050986,0.025032599416999313,0.010065886113362676,-0.01495245830854841,0.018320360191907303,-0.003649350249206429,0.004043363901067076
2023-05-16,0.009423473933819482,-0.013513598908886704,-0.01324788197930038,-0.029430345701049854,-0.014495421795878483,-0.035072214770605514,-0.01606195870395888,-0.009448115373724919,-0.022962006614961505,-0.006849074816032807,-0.024356669848910495,-0.03840693727111455,-0.0106851142830936,-0.0078631622575831,-0.020976491135263564,-0.005166193412002529,-0.03661209407851629,-0.04183478138626817,-0.02633818910020347,-0.026372480951636468,-0.009244197603040072,-0.019329279538528366,-0.005913195293020146
2023-05-17,0.011280140984641918,0.002935581326212855,0.002213417799613371,0.012248102255628668,-0.006457438372932223,-0.012475030869286585,-0.017728706686028217,0.009230661751120417,0.008225555290427788,0.01095265858763761,0.016170253996066197,0.014176513143510094,0.019694930235440777,-0.0024323532301898654,0.010769669528185588,0.01217506181164385,-0.0008511032546512087,-0.008200431009856568,0.02090968173137453,0.015433304698723616,0.02210578255180695,0.024345189660393007,0.00769193008948954
2023-05-18,0.010336859624355155,-0.0029269889122202075,-0.002715288826146911,0.004522624148022514,-0.005957459117904906,0.024797262418197352,0.004110025443419207,0.019664531239168337,0.007575824057120206,0.0028662096974332307,-0.003908306326135369,0.02309469846851453,-0.0021806549459312263,0.008712193781990951,0.009869849501854766,0.0011046583724143577,0.015895589479569594,-0.03307238336262597,0.004582947120280956,0.002093606806147008,0.0011235746184135031,0.02574617382145239,-0.0005089023224856826
2023-05-19,-0.02850479550781737,0.0009786474058897099,0.012560937707666087,-0.0012862924184159352,-0.00835473670793696,0.0077614098005001075,0.013881607353211978,-0.0020927538216561903,0.001542399833351249,0.0018290846021347118,0.0014011489890284334,-0.005821542733957741,-0.002185350660699803,0.00896260283200001,0.009440187117616405,0.0014221225977815166,-0.0008383824779235605,0.009013057136900926,-0.011476806091619607,0.0017022232229064738,-0.0011925519250256533,-0.0004294658632975068,0.0041240241637503505
2023-05-22,0.011511206939400997,0.003909861019574468,-0.014018568751423599,-0.00017567721271571912,-0.006593446419600024,0.012383017360025672,-0.0019308912418745106,0.004943786889686219,-0.003464920648126313,-0.013008310397036316,-0.003078571247929318,-0.0033461318182813615,-0.007196564521955273,-0.01372864510105487,-0.002310276454653648,-0.005901183187877357,0.006152475045236194,-0.007558396689190006,0.0093026075026299,-0.0029352190703397785,-0.01207867030355858,-0.009150649066923866,0.0002027327774651866
2023-05-23,0.046343875585662664,-0.0026606475732836588,-0.012727403674071103,-0.00679277115160104,0.00958696406256565,0.006712169139678981,-0.014597385191670975,0.004621140300895998,0.003669848077303861,-0.03156274323967134,-0.026389528986786703,-0.004436334634057348,0.007248730478546461,-0.03398030626086945,0.0005512744672739878,-0.02150279040331393,-0.00833803352088569,-0.019386056953175745,-0.02172051297420574,-0.008832483371812305,-0.02701144837280267,-0.015565452390238987,-0.010443069568599528
2023-05-24,-0.017772025012479653,-0.01778668046541243,-0.0024307844127736677,-0.028476989599860447,-0.019539745079183768,-0.025633241781477634,-0.013921177832796228,-0.016619454337264083,-0.012317111297868055,0.0007161799363684107,-0.04238767660264531,-0.03251819449828741,-0.015644595781710402,0.0025992601432582862,-0.013005621015591884,-0.005110209796678977,-0.014574232467495785,-0.016003936407870567,-0.02592769943704143,-0.004064848750472638,-0.02535070971427933,0.007619488725915113,-0.005635173163447971
2023-05-25,-0.034208218832208814,-0.013078381845599507,0.004725752506312908,-0.0012743699853818846,-0.007450081240107931,-0.02889290573020209,-0.0072396579464900634,0.003923281797146627,-0.018511137392758892,-0.005487442575438206,0.012646928860268636,-0.02576891749416843,-0.01248501228921084,0.0048754989485850775,-0.008710190641912252,0.009943766330435144,-0.028156864782333146,-0.027983579609918596,0.009897296053829718,-0.0006279036621611445,-0.002773371150555537,-0.009922021207233178,0.007383812131836587
2023-05-26,-0.004781026069975991,-0.0020388219409336328,0.006284208083533027,-0.009722687355070314,0.009757869680743214,-0.015815857386680787,0.005834048920523305,0.01608298731490687,-0.000595555111732482,0.0010796611108454535,0.03389814860078877,0.0,0.0003266882920713865,-0.0010657006558701942,-0.0023993972018098164,0.0,-0.008194284276892172,0.0009839401082405441,0.01076566575623028,-0.0010208864002361207,0.005186376142261917,0.011610817543414198,0.004613017198656921
2023-05-30,-0.010441868909681351,-0.00510718889740569,0.000876361754523769,0.0005525537076995768,-0.03345123317667942,-0.013365262887936713,-0.0036251493334755747,0.022010423832458104,-0.0028202336289199215,-0.006650335496570126,-0.015530379744082001,-0.0006388906644685388,-0.01567613311238325,-0.0036494433189306896,-0.0067577310245585664,-0.002330052211801825,-0.015933899656953465,-0.0068827368561718005,-0.022991268792249997,-0.006367987281837961,0.0046361851016467615,-0.0030548551813862623,0.00025498673741952693
2023-05-31,-0.04126602106667987,-0.010266905880164212,-0.017988148275471794,-0.011835900081055173,-0.012545602993082827,-0.008063125398344972,-0.0242611416920524,-0.022264115764286663,-0.014545569592536611,-0.004523519616520311,0.003213244367402668,-0.011763230850302842,-0.023224860195086183,-0.003522095849915363,-0.013606875221648496,0.0011821761989985191,-0.03589732096822906,0.013750002169462539,-0.007142118296819322,-0.018672380893001828,-0.0227763582194771,-0.002889318219348902,-0.0028053351602856935
2023-06-01,0.01038580956129298,0.008298632447065968,0.014973669793453714,-0.01172984576753322,0.00918675335448893,-0.020646975278709623,0.006917092242028744,0.0037208626807700984,0.004510036839703524,0.024659170472209446,0.032906334823585404,-0.008927492327148068,-0.009171130336922517,0.008811397221011763,0.013093542797776525,0.015978419747871175,-0.007822423069298368,0.047348897024945824,0.007344989313425643,0.006450015336231463,0.028105832545294307,0.03121462305373579,0.016879763043460505
2023-06-02,0.06556209393045398,0.025720033370846274,0.028810073309018636,0.044523819434007406,0.05442569083782067,0.04432274990306073,0.03824728356548324,0.07310182302136603,0.05326523029950159,0.02353357454581273,0.04849167317763725,0.045039226983659475,0.04148097809022344,0.014008783391372903,0.03761814562269494,0.02640929306706652,0.04320405262451987,-0.00894739630594421,0.06209133093967201,0.026035501379156,0.03407926429047925,0.025288198773711024,0.01976862659401557
2023-06-05,-0.010510695628134115,0.0030091546615580445,-0.004483351044025863,-0.001863855330277775,-0.005694275709283159,0.015100850654968356,0.005007211749906482,-0.011054176328173293,-0.00213123267650428,0.0017331560012796565,-0.004033312882411155,-0.005246490758351818,-0.0032916882093981803,0.006491459801732713,-0.0022243129651107196,0.004794325223238305,0.0048367412921592745,-0.0040390633603202275,-0.0024770537197877918,-0.007261033315203114,-0.01189294640075067,-0.004567459796539386,-0.002417103028071965
2023-06-06,0.033661552535463546,0.0,-0.0045750437370054575,0.013982303478151437,0.009237117694337105,0.044628814732211586,0.02526696753436597,-0.007405471155290222,0.02116504504588068,-0.001268775999937355,0.018898528857035135,0.015572033743799452,0.018163747636109395,-0.008461746837576611,-0.008024874617228783,0.002469631148469764,0.04091443996513311,0.001669911443647365,0.018234695615242158,0.01903272699018732,0.009425717927105115,0.002377670104725782,0.004351216747592979
2023-06-07,0.02679375902785419,0.01100000947475599,0.014075296085817257,0.0261459655347005,-0.03203364480056048,0.025633341762869577,0.008156798458833325,-0.00014046239820686424,0.024339237671137548,0.011952805100952757,-0.004504759641555722,0.004080567877832841,0.04216685140679788,0.007088711039727746,0.036404285188645025,0.012532952833413713,0.048554889099226006,-0.0021433801607938507,0.030799191839111728,0.02531455712238273,0.018890837688605444,0.001914211509097763,0.009206546449906705
2023-06-08,0.0036557729299893094,-0.0029672141222378823,0.003399296459107193,-0.03286775422549093,0.00642971177599061,-0.01549271022374099,-0.00447574911565396,-0.008306484270693248,-0.020233978204945102,0.009871699440492598,0.00718678826109187,-0.017857195764865885,-0.011826936392171361,-0.00022086861522840895,-0.019297486678699904,0.004866034049679113,-0.03721041155706628,0.0033412219777204655,-0.007368304731445008,-0.015280649363955234,-0.004793609231995455,0.010342198547094172,0.005805160944642118
2023-06-09,0.004007059724458584,-0.006944556164618754,-0.016903312574427454,-0.022436119179314207,-0.012025625616919555,0.009056044640330274,-0.024035983368390745,-0.01093124687594993,-0.019704350341173682,0.0028250573468977525,0.0013213784751537894,-0.01893428020337984,-0.0022050560304028854,-0.004003392377866288,-0.015918561389519303,0.0043722056099508855,0.004294215797189027,-0.013796456394614687,-0.00878513075620635,-0.0001526931039260715,-0.010625553487042638,-0.010236332365377465,0.0022310830677734206
2023-06-12,-0.008843584916808478,0.00199808637314014,0.0012204837397842283,0.019813002537188762,0.013693207672373253,0.002059597771533195,0.009922016597968097,0.0007177940761369239,0.0011596018297992394,0.008733397967838563,-0.0018475516683593707,-0.004984663552440427,-0.011047903601337228,0.0034649263954491527,0.00033723671006957723,-0.009595915197440297,0.01254296616128503,0.013989461388647317,0.02013054111368784,0.00030562390008204154,0.0022912328615205535,0.017237128040732408,-0.0036296001312097204
2023-06-13,0.047128839181160176,0.012961027086960675,0.02122401753907921,0.015144192009660662,0.019137067770268024,0.019674135875942245,0.012280637062422883,0.015060171911260412,0.025868782693501124,0.013629206801312854,0.05288214650376788,0.023763663645711253,0.007022115535934015,0.031076395556816072,0.018977819353585446,0.009807040760168695,0.020833127699966036,0.009514697025625019,0.03966870959118407,0.008560202532548189,0.009500352319512073,0.009309652025961013,0.008791047425629195
2023-06-14,-0.008957950818657467,0.0,0.01400738511923505,-0.006894474774249981,0.0025772963004835336,-0.023757956186735263,-0.011611539794897818,-0.011728274611189526,-0.006210042647103786,-0.009147550540094973,0.006027058032738619,-0.01756572574626436,0.007923874285207466,0.0028131602334404704,-0.004518361445083996,-0.0035102757169426235,-0.03502485384896248,-0.00801121957556139,-0.02416281300379086,0.004972742269527597,-0.00438724429606463,-0.005421063689890149,-0.001492510240404088
2023-06-15,0.019920558268490263,0.01181107410483051,0.00664748166733764,0.011849830267386618,0.0005509888931776175,0.03362837861779244,0.011397413304466308,-0.0032883847046486503,0.012686931702014848,0.013402891796729488,0.0004993203777663435,0.015325646547568406,0.0003144632045084528,0.005690267512443503,0.01594146963744203,0.008548476440539021,0.00828807821830213,0.014251607748465345,0.003584778787834697,0.009896461362595588,0.004051419025085989,0.014724413362134037,0.007474007295512841
2023-06-16,-0.011866182769852629,0.006809271279028195,0.008288596129014225,0.011947815996926625,0.07230675992779001,0.016980508049881493,-0.007801656814363622,-0.004303550308326742,-0.005983612434901198,0.0019262880919765912,-0.004740828611110248,0.010691629175840545,0.005344263305084196,-0.0030547872970275725,0.005121501052956168,-0.00677603702544205,0.015306192465728508,0.026463873119695114,0.0015214237583733858,-0.0018091923991030434,0.012812314422455229,-0.006333387998077367,-0.007801482380412783
2023-06-20,0.017750016280178693,-0.015458886170456654,-0.013200557883212283,-0.017826966428483138,-0.041588233864013,0.006734709047085952,-0.0120566249306292,-0.010229214775379192,-0.023325705195286428,-0.007910089699284306,-0.012283541413655619,-0.014187851925394623,-0.014383888741663409,-0.017612893107087912,-0.030246965426389605,0.00851015408740352,-0.029313164226102306,-0.016655285803157782,-0.012482917371527957,-0.005588329198861208,-0.007268748438487238,0.0019362521818633294,0.006608430954425426
2023-06-21,-0.007923542214022028,-0.003925493319634099,-0.0005531905817239835,0.010414092654014384,-0.009107157146290623,0.016167470344985446,0.035903711544390315,-0.004075667308219955,-0.0007705352145915834,0.0009412798459502714,0.00939080168403783,-0.013255686787662313,-0.012690404734300609,0.005343425415470726,-0.00011183680067705648,0.004045156859784349,0.020995312761179497,-0.012064805860129812,0.015917939422827265,-0.0001518254329594404,0.002112233625124693,-0.0043884589889775505,0.009056987661275828
2023-06-22,-0.01901196955926676,-0.007881478306075884,-0.003908095670494105,-0.011072389370590408,0.015498281500290867,-0.02304217858240387,-0.011610058894154673,-0.00847694235361418,-0.009444852341689236,-0.004978918629733986,-0.0012572534042730732,-0.0015515597484770938,-0.01221078123639241,0.005369018171929474,-0.013081533626433162,0.016924809308569433,-0.011549584204387231,-0.010098750004195911,0.009413909248686236,-0.0064559108261453835,-0.011029868324304415,-0.004044137470950782,0.013677129179271219
2023-06-23,-0.025752275376392242,-0.019861173623440753,-0.0060761830097944,-0.00035720609107980916,-0.009582887215830227,-0.009406099511055754,-0.011400831865165384,-0.0008843400368043763,-0.0005837498240572891,-0.009562422436004248,-0.03398797285900901,-0.025249208849405735,-0.004554222443321376,-0.005501374938173265,0.000680097699735871,0.007194468180990343,-0.02507836673658237,-0.013523082850935841,0.0029999722784470606,-0.01521287171180441,-0.013355308920729558,0.0030859763219088787,0.0045913473122700665
2023-06-26,0.022890300953982035,0.009118464160728923,0.0004541826583812636,0.007983098850008696,0.003941869137923826,-0.007653135162901448,0.013629087112458027,0.00029500910470647845,0.011487506296278704,0.01262991572102834,0.023455762162619687,0.020589893310902108,0.02418297636632194,0.0003236682168972216,0.009962381085079297,0.0009041478838447414,0.004092454692597336,0.028138399313766493,0.01027398825960546,0.01630180944755799,0.01576785198444841,0.01890384080638885,0.0015855677683502822
2023-06-27,0.008214432913631997,0.011044460482061424,0.017528426526126628,0.007151814382940769,0.02641435529811509,0.0007139974107477354,-0.011722000998706794,0.020648937426215763,0.011934587850059186,0.0028269704535597295,0.02903017744059766,-0.0023429847077665045,0.010529598903005644,0.013595674376689626,0.012106126933110195,0.02102632433618612,0.011353687966503934,-0.006783613485916051,0.0347556285364925,0.005652166898216349,0.02374535919325549,0.019784636684763823,0.02630726183057064
2023-06-28,-0.04434770524878939,-0.025819444287378257,-0.00030885975535754895,-0.028931905417872716,-0.014953915845264287,-0.02597403358539252,-0.006802622640097344,0.006791856393055795,0.007418670599109278,0.0009395800511413643,-0.029448148401346574,0.0009131101517176887,-0.009472480377572312,-0.00207605307745784,0.005980921157243024,0.0037382257134825903,-0.02331604614671423,-0.03014614740078525,0.002177115459179646,-0.01716545938867664,-0.007823787017575246,-0.0026100634895190877,0.0019962373121695798
2023-06-29,0.009124328221362221,0.009174420130492411,0.01177377739215646,0.015229380766426992,0.018711459346896886,0.03032960738218482,0.013347130014219832,0.017080675391468514,0.00528713370475975,0.01546282718261649,0.003314434883574524,0.0142077667583973,0.009881628842176582,0.01125427138953028,-0.0018717188376462524,0.008924994348862514,0.025051601664366263,0.018698523057059102,0.016935366857408374,0.01901090182225862,0.014445183793184935,0.0205843291863399,0.018020446237426047
2023-06-30,0.018768831212797155,0.008080595775765254,0.02228688594429218,0.0226801003220769,0.008664030131644518,-0.01279852778036683,-0.006932441408733392,0.00818495344611958,0.00037558610928334346,0.015281650033613037,0.01651833891804766,0.02287603629474222,0.004103646382928927,0.004984465550844419,0.012905497991870796,0.008431025445609475,0.006325577957069006,0.01692479606594688,0.003979643993215598,0.002275336205297185,0.02015572181819114,0.016188954826949153,0.002668470677066992
2023-07-03,0.027656886706519446,0.010020189723333184,-0.008212950312614042,0.00977842263940909,0.0053254139334222295,0.014549250442607242,0.012216548562332008,0.001819681839649423,0.009763383358762479,-0.000588947370418258,0.019000149772033126,0.0017591737185593814,0.00691615442831206,-0.007662409800163306,0.00849380654180476,-0.011847753954088991,0.021142946308208233,0.008907834663389957,0.009940174775100452,0.0034047567451611638,0.005191952905419184,-0.005235211282267782,-0.009315137835748222
2023-07-05,-0.0010465251768158046,-0.031746193856846516,-0.03063239702611409,-0.027957045434284122,-0.03178390663741648,-0.0044015500117140505,-0.025000105582536958,-0.024870679572955745,-0.017478546560596664,-0.015114339067563098,-0.038763595594719646,-0.014298485755574575,-0.021854631908063027,-0.028876821870259306,-0.027318796689285385,-0.014949006946897492,-0.014829493811925554,-0.020678445429502812,-0.031157519763743036,-0.019455404959434652,-0.019386963045552763,-0.020255067111376368,-0.012133915081842916
2023-07-06,-0.006331353826030117,0.007172247731492165,-0.00045143909093769974,0.0061672881610166375,-0.007059670782037952,-0.012977695712883652,0.0012378571336251198,-0.003152103091156544,-0.001324850281835932,-0.0034282774978852126,-0.03241437305901307,-0.007125500913030214,-0.000957541997511635,-0.007379377509272977,-0.00954725505588272,-0.01920346688865615,-0.009372312861352317,-0.014472263191034451,-0.0020568105815250703,0.0009227021663862356,-0.0064986318936111065,-0.005448821178006935,-0.011965811360219236
2023-07-07,0.04372287688964449,0.011190149784020997,-0.0034740533857584577,0.011669835599140699,0.02132952131969823,0.03814482697157029,0.012009841769296647,0.012073815807244648,0.006253759723061636,0.0014742547444113185,0.019255915351884534,0.007176638054036788,0.015974470405677454,-5.4725121475418526e-05,0.014346642431901424,-0.0013610348435924013,0.05361224360122652,0.016851188257834382,0.011429087024986462,0.01805620739701408,0.010603977332168446,-0.0075765240400040845,-0.0027982913219121164
2023-07-10,0.009851684918014136,-0.0231388024776098,0.01108623767520367,0.009437641746104841,-0.02488684734794744,-0.024356619695834025,-0.05602071476531034,-0.0012781379679490668,0.003201417739824075,0.001581274061723148,0.008799157552236814,0.0003818221325209148,-0.018238935264095257,0.008339884123033103,0.006961376396688035,0.00856485883276048,-0.025306110581865604,0.008759738171738363,0.0136462449368282,-0.00430202020088799,0.007698935761052406,0.0059119268076788245,0.009246661047811022
2023-07-11,-0.003210183276326606,0.016477896818952065,-0.0047237753542461736,0.021123310648475613,0.002855505889801435,0.038801965558208584,0.007949648501029305,0.01450542088652873,0.0028156543449997518,0.005280818602304116,0.018727753714245843,0.023149535174534774,0.015374933850006656,-0.0019316698725547754,0.007352247799494505,0.012343872719960736,0.02093794947850003,0.01642802631083362,0.025462681747383087,0.004396282591398792,0.01818785410715651,0.017320108243952692,0.01923502259490073
2023-07-12,0.018193735960251978,0.0020265202316962494,0.01940065317025219,0.005595537599853095,0.009610317360616127,-0.008239536556662541,-0.008987559160096414,0.01808217632319309,0.012916555297535437,0.011480366092206484,0.02543436816906275,0.014793435994537196,0.0034697975559223604,0.021153671690546938,0.01416107322061233,-0.009322909312247996,-0.01886768119238591,0.043869772876464985,0.007900777057514352,0.007018432210988523,0.007172243695337421,0.007001054192842471,-0.014891967589402921
2023-07-13,-0.0072706299744719205,0.00909983854709151,0.015972760110027462,0.010172991253331265,-0.006522159170478936,0.0239544615716345,0.010734661410982449,0.007848009980989445,0.001848161187834263,-0.002409272360806236,0.037219679082448165,-0.006982638597988866,0.0006288674585512855,0.006780583780974014,-0.004189021411070026,0.019989561032622616,0.008361266066774453,0.005750953923268298,-0.002416516127287882,0.0046461798619452654,-0.0010551927724335997,0.011739790200043121,0.013982258694175798
2023-07-14,-0.026482438973017386,-0.0050101405046636405,-0.0010703782231037406,-0.007288747400765905,-0.0014194640530232894,-0.0028397104090691627,-0.006592121532505657,-0.008060240698646082,-0.02379632381421637,0.0114315488916934,-0.023764259719804115,-0.011842960300509131,-0.013509240843816883,0.0038180812273200804,-0.018444730611563598,0.007552892326764038,-0.012161381603089771,-0.010776569134907987,-0.014710861834763556,0.0011189368302919611,-0.011682327683414706,0.002778548056779684,0.006223152476019234
2023-07-17,0.010158594987219605,-0.0050350014252686925,0.0021766217571399515,-0.009191805634252481,-0.005508109018699026,0.0025766952207504357,0.006267291711121059,-0.0004128996149508346,-0.009259151582895586,-0.004722544160921216,-0.015092476159904278,-0.007740421050862145,-0.013057231229619437,0.009324257726961216,-0.0012087344625599794,0.0012237718757122096,0.0005593831976935526,-0.008003424565812378,0.003957442284792778,-0.0016391501502605044,0.00975014525289608,0.0029585757056860285,-0.004627456342983116
2023-07-18,-0.002650863846692997,0.007085042175438705,-0.0034083645150587705,0.0031678681566944533,0.0037520831836179713,0.03273360150938176,0.009342458480455118,0.027142267679456822,0.010489938051071013,0.005544576726626671,-0.001235670835168845,0.03560630092552097,0.01193917732440819,0.0056529648610419425,-0.0011001323158669196,0.008447611634244012,0.04949664400155318,0.008067996164512259,0.022994700636680854,0.010597703663580926,0.0011242674399294383,-0.0005224654882519664,0.0008491676452033747
2023-07-19,-0.019027119615840693,0.0030149276826634264,0.001106578258346591,0.0004511627540551011,0.014595961414670455,0.025278223432020797,0.019782114943201368,0.008182499973959256,-0.0030198684406367304,-0.007051598005242687,0.006433810900625669,0.021382498793841354,0.006377505688696994,-0.024878422579805215,0.005066596357394149,-0.016731821493676247,0.013322590295455683,0.004446760575911757,-0.0242876883944263,0.003397257028607603,-0.007332989414446045,0.0011953172008338786,-0.011433440045533483
2023-07-20,-0.04046981888403278,-0.003005865216412218,0.009209967104420347,-0.0021419879915719475,0.0075437860704050674,0.009453326228046288,0.007652545722830473,0.003459321312136554,0.0043543676185295865,0.0024562194580262098,0.029997674236045047,-0.007612498513183907,0.0015844125746846682,0.01838769944115004,-0.001095998076928839,0.00838728952976564,0.01604009805013673,-0.06042501505398734,-0.0065820193710919295,0.000809440300179709,-0.0035936142026059548,-0.006268538434483939,0.001310202594428489
2023-07-21,-0.031912290504833574,0.007035014381977733,0.0046460232195004725,0.0075125461447618225,0.002786034780063895,0.0002530914049743149,-0.004768489479883842,-0.00384525458638163,0.0,0.0076168478650529,-0.030556283510655646,0.006831889234947708,0.007592479407012354,0.007704412046346976,0.0068019836050152716,-0.0003930118021647777,-0.0020703584873194014,0.01790331718101812,-0.013191100801847377,0.010074960575568559,-0.0024714136743210213,0.009011190306923211,0.0030229738394054184
2023-07-24,-0.024028937426144648,0.008982051989141482,-0.002113956020433627,-0.004260795435915954,0.006251127655759303,0.019104449384914846,0.006211181866144999,0.004791702788329744,-0.00942510095941751,0.001374337080428445,0.03669041864758538,0.01154769849433257,0.01632648337943432,0.0003900321871703749,-0.010460918702356325,0.0013541490115296373,0.025155515145611096,0.0004628060620506247,0.017212713727234874,0.009610603580939792,-0.023301043773668373,-0.0026419166735530686,0.0013495507263987516
2023-07-25,0.008111955890192979,0.006923860067306498,0.012413025041430492,-0.01660938063953632,0.021742821777815058,0.006579679904267444,-0.008289357411053744,0.0173532649259569,0.017697483155710403,0.0074962046505921975,0.03776713544772936,0.02412618581579662,0.04819277026288549,0.01650671712005458,0.032265328710122,-0.000545348486634234,0.0065773045510355566,0.008790286569916983,0.03738377340088128,0.10081480246493535,0.007815313713304795,0.029624649358344524,-0.0015723889897938381
2023-07-26,-0.011717154432847265,-0.002946989801607569,-0.009285603610599602,0.03412331752434827,0.004222168653165825,0.007030094171859513,-0.007824865009186777,-0.0022133208921802927,0.0041135940017886785,-0.009902920037447194,-0.006408670745701173,0.0005746593438089587,-0.0047155574890046514,-0.007236903823993113,0.013334510180142756,0.00028361110485386476,0.016838367469473203,-0.0036688632713544056,-0.02296387827427049,-0.013756956259374009,-0.005646102277902854,0.017900880668421548,0.005444433807792803
2023-07-27,-0.019378994293033025,0.0029557002200124582,-0.0003961632244726676,0.015834394587079803,-0.02404975319493674,-0.0020821335758247628,-0.003584852521580695,0.015398664619805436,0.023091316664310524,-0.027148534109629363,-0.002764223334189131,-0.033421420417911074,0.04826761079584374,-0.009222038675143374,0.02031803728997028,-0.029385310885299498,-0.012851932349433492,-0.030840018169382977,-0.0028418556152510766,0.01248738634004476,-0.00944024341888805,-0.013670267813263637,-0.023136182584440057
2023-07-28,0.01019656378949918,0.003929170581220109,0.0017827877687737193,0.006104378641474728,0.012407460621749689,-0.0030681779006921372,0.009893776756852546,-0.001936840809632523,0.00946491458831189,-0.0013599636132657356,0.007853828117083905,0.013426832163915048,0.009604763834182295,0.010607651958899122,0.01496075954610454,0.008563149928711544,0.007010343925274221,0.007361510076424604,0.0030280355730343267,0.002558739777084984,0.004212647572404693,0.011044774968789417,0.008704022902692454
2023-07-31,0.020331659250802714,0.003913881764685989,0.006261693192793016,-0.00319621386075597,-0.0010213061566416437,0.010464193110934605,0.00516549609065553,0.004269002129918098,0.01821134648560907,-0.0023968984220176237,0.023378696616074723,-0.007972871042153495,0.008953364696560051,0.005042380667654722,0.004981367898649891,-0.005058762521144011,0.013426110988658424,0.011786781864969953,0.018645523658125107,0.0034682403005246165,-0.010384478556286991,-0.012922964447242724,0.0014077783427475232
2023-08-01,-0.020209060020178193,-0.0243663494473636,-0.009563341883693899,0.006901676579281313,-0.010393679309308124,-0.00974673791226388,-0.008683146642623263,-0.007600295482230068,-0.012218917404015595,0.011084373847293882,-0.02015707441071335,-0.0034273010176719687,-0.0033278858028525926,-0.005196252515199062,-0.011126892183195625,0.01527587614162007,-0.013002993830172449,-0.02819205163799743,0.0052882264855249606,-0.0016303081056335822,0.011466438496573028,0.013381149361358702,0.01573702584936565
2023-08-02,-0.024520465920347068,-0.015984053898275286,-0.010217845553355476,-0.0007015352143759923,-0.01721746709278138,-0.007750958828115273,-0.0007151610252920104,-0.00856698802556366,-0.01936181056365227,-0.0014040252180409496,-0.026971259411177173,-0.023482014819984576,0.018085878816997303,-0.012505234323737624,-0.014729974196241336,-0.006044864135978267,0.01242856062398845,-0.02517371369234278,-0.019711246567227336,0.01005877399819699,-0.02597056637511863,-0.008993577745421089,-0.003973723671951812
2023-08-03,-0.01744781731008882,-0.008121800743773888,-0.058466060835764555,5.38738926239013e-05,0.03486329680150413,0.007191615857849998,-0.003756752369067251,0.009819450793833173,0.003656453253777503,-0.018495522879075077,0.011275535063635544,-0.02647566601208362,0.0008197696273031241,-0.00789518211835838,0.001141875213284127,0.006525443882700932,0.0017186956727133218,-0.005410644321846569,0.01291370310449036,0.0037507631343138836,-0.010509950962840908,-0.016025505431272347,0.013941165720077642
2023-08-04,0.0037120931430265625,0.008188304521526968,0.009261504299060475,-0.0007559486207622257,-0.021161349837720778,0.00012305224573894158,0.005925749776404476,-0.0012965010672228994,-0.00710389887099705,0.005730496473587365,-0.012543760598422882,0.004241606685462029,-0.009830744826064164,-0.007695123755970479,-0.007466374162096279,0.005226278367202131,0.010784285142146022,0.010632954443784426,-0.023401908891770296,-0.008568429586900628,0.0020672321664887416,0.001207753210012763,-0.0008400645042372368
2023-08-07,-0.016692665489373537,0.006091443048614531,0.01009016742895108,0.010052872143818892,-0.012625467245668043,-0.009231826878603244,-0.025883582239655478,0.013630975535437129,0.018528733358333938,0.010847485227106546,-0.005175004028030061,-0.00198782947807008,-0.0033092869840818384,0.01892417253061085,0.027583302528479958,0.014017752290927943,0.011154511978082704,-0.009542576238792289,0.00894102267296737,-0.005458505684339365,0.019136375067991596,0.00277817869007424,0.012035577021246135
2023-08-08,-0.005590847475161809,-0.020181658924255275,-0.013087484753364409,-0.012307323455971075,-0.014363167308414138,-0.01528141297815,-0.0071468256594166,-0.006275436653529476,-0.009185955692936676,0.00379369377548211,0.009458444346287287,-0.19367680883773386,-0.008024414553490233,-0.008286241925932858,0.0007117276464461142,-0.010708643832994968,0.0014383988741832887,-0.015809993572820646,0.003840500781200129,-0.00392040880073552,0.0004888410186625336,-0.005504437568493503,-0.008219824112823737
2023-08-09,-0.0073089078636475735,-0.0010297219506789634,0.006559977426633834,-0.005201067180759078,-0.018304694892677498,0.044158535963620515,-0.014950007189957537,-0.015595028837068425,0.009634704572544006,-0.010312604818011661,-0.006090471530775576,-0.0154368891126484,-0.0039053174297807303,-0.005815024275311664,0.009347522862020119,-0.012574168125409901,0.015565386527055969,0.0017568904392257778,-0.003119314408948859,-0.0017055301892158203,-0.022708241866219336,-0.004765223951018638,-0.01525301387816691
2023-08-10,-0.013129554297180213,0.0020616606629209056,0.0031885302578742447,0.005827314547141249,0.029145537564732704,-0.033832741537571986,-0.021735190902001822,-0.0031419881284492357,0.007922037833510753,0.00927449318550111,-0.0011784863796866496,-0.008153063081780099,-0.004480259436266731,0.007271709488378519,0.013690548977280947,0.016011857023543685,-0.020749766904653244,-0.0017538091886299956,-0.018420191895533122,0.004271001548724618,7.172403689637008e-05,0.0049718661579229995,0.00416344340906738
2023-08-11,-0.021808202351443096,-0.0030863627642691016,0.008661975286515133,0.0014619124312693632,0.009850605847740335,-0.0008756629487541856,0.0038306635147802304,0.0023640453947473272,-0.00946751280666902,-0.00345959101701121,-0.02265208203625335,0.01596581355424509,-0.0036569812887788933,-0.0013077953591115188,-0.015292882894179516,-0.007258473511126073,0.0038524706645208795,0.008784964707925225,0.0015638618102991053,-0.0053649305924453605,-0.02015066132214194,0.003152175977594096,-0.0017387435537593587
2023-08-14,-0.010400589415874295,-0.004127859180629634,0.006717872535140446,-0.003946759371083242,-0.013063990952693838,-0.017989697907546787,-0.007822810411769132,0.004847923635032947,-0.0012624074894340698,-0.001084672607687187,-0.005070087489194575,0.010891704798629886,-0.007351898866683526,0.0009167805420537967,0.0011092659691536166,0.008365354648941947,-0.025905507404412553,-0.01816365221105798,0.033149205094420875,-0.007762376701927809,0.021882309646415354,0.010631371208889018,0.00540382875690848
2023-08-15,-0.008084676452345452,-0.01761666121777028,-0.01922759528467577,-0.02122340967280123,-0.020296659135665696,-0.011657384638207091,-0.025961740313305337,-0.018776982731555703,-0.033405691613411115,-0.012489245789615522,-0.033001814191770396,-0.006002797350194045,-0.01152732813694124,-0.007300469634047402,-0.02931396331970837,-0.0063799526740400125,-0.03447425294548345,-0.025088537827315238,-0.016217140599043445,-0.02075023584288982,-0.005442906397132408,-0.00495262655665174,-0.004397512950547133
2023-08-16,-0.013638166970076582,-0.007383989458912055,0.0027356333564301227,-0.011257988297674326,-0.01801467379888877,-0.005314693314633967,-0.012635560691939052,-0.006511614689219347,-0.003923062133339039,0.002419481618553432,-0.021079154962770463,-0.019200979601342816,-0.007871643135413109,-0.004164709130374145,-0.002802082232595482,-0.009423215099111815,-0.0010201839737442597,-0.004678997999340351,-0.004549692701395824,-0.002708092739663659,-0.008857206540499596,-0.007956020853031709,-0.0054089163949875285
2023-08-17,0.006335168431603977,0.01700322812034294,-0.004966369908628865,-0.005496544146845195,0.01632725307703442,0.01446470167657643,0.008398338486687473,0.0009365369156659753,0.010127765243047593,-0.0071858286605310795,0.015637139550965795,-0.008209698975543911,0.005877173280697479,-0.0038115796226856347,0.008845813377946099,-0.04411293621544776,0.0030635708805728523,0.009663071259871314,-0.003264349946029088,-0.004141055791109571,0.003123991011791727,-0.016277526817108146,-0.04121338761029725
2023-08-18,0.003886408119118334,0.0,0.0011246275584060328,-0.0009022949608457065,-0.014981820486669295,0.015414103055590767,0.0065436652516379645,0.007617327711909594,0.0029706977110646182,-0.009061541764248005,-0.019686899114439438,0.013849044713430958,0.008179878420489617,-0.003347935199028984,0.004642163605351968,-0.002106286664823487,0.005599374773664012,-0.011898591294591143,0.002441269896676923,0.0019088290853852552,0.01057431218067828,0.007909668071062859,-0.007172019491662129
2023-08-21,0.025519437049871474,-0.012539332970696648,0.0013691797125661154,0.0029353820696567112,-0.028037426230769213,0.0010121868705168513,-0.010835206786586338,-0.007957745263649563,0.002776562274307004,0.006244879726177821,-0.0028321484382338724,0.013816939314688303,-0.013039571069780709,0.006371528377123292,0.00533926374617133,0.0032007127021240755,0.0007592226751407249,0.0013087063071477445,-0.004039192668648162,-0.01183837537353849,-0.006664978152353229,0.0008514082110833154,0.0036355983064617625
2023-08-22,0.0004785363736066195,-0.014814670563258248,-0.0004907275730040572,-0.005909997959137381,-0.009992459557294886,-0.030077230946990552,-0.016530694431745374,-0.012165540423882182,-0.007014809437792757,0.00044332567181903926,0.004131160849747628,0.037478709829833035,-0.008514557781522325,0.00026499005950131327,-0.0006127526884631695,0.008715814252686416,-0.017197645461293543,0.009150358756583765,0.0045330802847252105,-0.0011706263788491267,-0.0017319273995874962,0.00011104444838028193,0.00945558682470038
2023-08-23,0.019238948511510978,0.0064445635236412,0.0023853156456645763,0.030290978122809342,-0.0024757019643603106,-0.030618832367530713,-0.006075301964902136,0.008525980634658481,-0.007250493626105747,-0.0029356220960518042,0.009514088436131107,0.003284044780367701,0.003257361765298894,0.0020128516465645063,-0.011139411808001376,0.013590957224685507,-0.016726657900245634,0.015284972585819734,-0.008371994661610871,0.002274834807725279,-0.003685887956388356,0.006064926668964521,0.011557474126056455
2023-08-24,-0.005422826422818217,0.0032018429921436553,0.003079601299886381,-0.002417947016213784,0.0072546334361272,-0.011290396457248053,0.01161365419206195,-0.0036231999931543024,0.002621569456797923,-0.006388147169715919,-0.02190516318888458,-0.027079183411412022,-0.004132255314552857,-0.0010836195010472949,0.005374124349660114,-0.010831098781038273,0.00863656884432018,-0.003316868649250515,-0.011915544047578663,-0.005639449749323733,-0.004352604675772698,-0.010365806524375465,-0.009582598344712201
2023-08-25,-0.005242734678759131,0.0021276523571311934,0.005826420978245039,0.015589815569035492,-0.002653501487503651,0.0002720712073340792,0.00584086325288391,0.005252349334581741,0.008218312302043618,0.009001010762099027,-0.0018231148907339456,0.00994046493548173,0.005631243267914421,0.009657504136380668,0.004998522228143676,-0.0005028599761341956,0.011676050067474408,-0.019201304439965816,0.0023028487968419498,0.010097957181356199,0.008160198106897942,-0.01708588446074566,-0.0006977553166466199
2023-08-28,-0.0005271207854335991,0.011677387920074223,0.005410953592061896,0.00922107050386245,-0.0026605612908465748,0.023783484449678705,0.01982385023235067,0.011388200458769315,0.01148568328750943,0.0024931980494402595,0.01643613993140791,0.0056026368333434995,0.015325778720395977,0.0012580188487709698,0.008599996768726248,0.004231055645503634,-0.018209798372325947,0.019054998538035495,0.00931061322076654,0.012188708650235025,0.0033245829987043063,0.0065375314420550446,0.0013032310965581662
2023-08-29,0.04276513331225984,0.018887561479263182,0.013109904731673394,0.007846938981320273,0.026104962734894155,0.01500058039186758,0.007461197035659284,0.0161610249212345,0.011721659478453272,0.01171748049805732,0.03157104046529913,0.03809637780292596,0.006676340323024332,0.012510670523141476,0.014896257576182403,0.015258802486654233,0.01671895872939455,0.012294910487185451,0.02863321244634709,0.008388281925490126,0.01534257816575968,0.015392565727267549,0.016177939491248017
2023-08-30,0.004248059735739496,0.00411945074865705,0.006333683451487548,0.0015465821677655978,0.010399535720324815,0.004054537619183174,-0.0009744252450288871,0.0036501630528196216,0.0038504227209277264,0.004479740113665809,0.0,0.012474875308409406,0.003748647133128058,0.0006204567825203178,0.0013157609180205476,0.0005385204643704178,-0.002312302873284544,0.006072945822536369,-0.008502377046040177,0.0022811426061200013,0.007661389728742085,-0.0012570500483908287,-0.0016012315914220032
2023-08-31,0.0006041951416757563,-0.0010255909037860667,-0.00010155103017384093,0.003035017530043982,0.004427215435645504,0.00390776399575099,-0.011546043281245422,-0.0012988586274582659,-0.003470416568421175,-0.0003263887533216936,-0.006967073222358677,0.009312303138920841,0.0031597299590668815,-0.000129126881997621,-0.001516320642940272,0.00251520513689929,0.0005149762864760099,-0.00855141623876543,0.01080716919060043,-0.00200798399798352,-0.001971051903752241,0.005923391438330761,4.582693233801116e-05
2023-09-01,0.007800185072784016,0.004106855887399119,0.008562179314476559,0.0033973475421424926,0.00881540318225138,0.027766912113452502,0.01187881120501677,0.014046000608011422,0.013379829859945236,-0.006038964286962267,0.03958923051773988,-0.002838815747689405,0.00773213399313355,0.00815256728926017,0.022274176308216376,0.024596361104781472,0.02573985843776172,-0.0025367182902185093,0.0027889017408238015,0.003085051985682652,0.0017635248604699338,0.011408854024592907,0.021397480091755572
2023-09-05,0.0026965246194396997,-0.03067492720576903,-0.01785119101630883,-0.02204988893191917,-0.022574245501641776,0.042292782584490984,-0.0029348789160166255,-0.03308960930687188,-0.019895136988503315,-0.0033388183235438795,-0.016630479854903513,0.006832437289075788,-0.024722752764982814,-0.018796175549259053,-0.022283933855897775,-0.03434722824814107,-0.010288422725337032,-0.012207567173244227,-0.013558683764699153,-0.02701263834464629,-0.03901123923423966,-0.019030780215460452,-0.02996586212790353
2023-09-06,-0.05463149067864859,-0.008229194665991146,0.0022209447983900787,-0.003314189001842105,-0.014155052329309581,-0.018532213162420708,-0.009026550861198857,0.0075606609480194376,0.012917583547669587,-0.0025810424236639706,-0.0095587109567703,0.003675967882610376,-0.012820702404834461,0.004428916942620376,0.009623100254228634,-0.006837585092938636,-0.026758689965417193,0.0015609302707024764,-0.009633510596740003,-0.005085143436267314,0.004249988590453446,-0.001928744453740805,-0.00480957629304668
2023-09-07,-0.011905178720339915,-0.014008646793653434,-0.00422732943805515,-0.0056689304413919395,-0.03098447929343151,-0.0022212919074074966,-0.01861396680399674,-0.0052659682403630725,-0.014392553690482868,0.00033017220964182137,-0.016085263329387978,-0.02521460213963178,-0.008854566471610092,0.008687723235874412,-0.008327524980572876,-0.0021656486264116648,-0.03953891831088219,-0.0036365293101154883,0.0017792953808895007,-0.00020721738847961912,-0.0063482129527335784,0.007767392419995911,0.001672857440325748
2023-09-08,-0.016740606082597642,0.01092893704569442,0.021909632292499648,-0.0074011348584140935,0.015597565494009036,0.03574512886197789,0.0004037040642588252,-0.001985032212658777,-0.0072087880698613604,0.002091555849099036,-0.011820957991550363,-0.006791900948048379,0.03126855938080775,0.0004914812245067068,0.005463491569538403,0.0008682388197851498,0.026444779299468646,0.009645671780175391,-0.023445869988381052,0.012504250945981621,-0.0035245092371050113,0.0010695713762636228,0.0032011544017394034
2023-09-11,0.010247861087321786,0.019459571490079153,0.014371368491013392,-0.00011033495458712128,-0.001535977320808346,-0.022928040709607522,0.004638975640969045,0.00026521447010141586,-0.0007447877730533126,0.009832199821001586,0.020870544963492943,-0.00567446270200056,-0.0008664809795915218,0.006566642965494696,0.009458608838581961,0.002237125210848623,-0.014342536676108963,0.004647518159976771,-0.010731301706317531,-0.0020470070741096524,0.004790009692681396,0.008104424753830664,0.0015720930078189088
2023-09-12,-0.010573087568636619,0.0010605573275481728,-0.0021795378512818875,0.004639761743123749,-0.0024995639140021897,-0.0017110344392249344,0.03653868247948733,-0.003181815193075699,-0.0007452584084892688,-0.009409873375296418,-0.0012467498874770833,-0.0035118774993505575,-0.0028901452091798507,-0.0036728057380279733,-0.0013956118853768462,-0.0038948657719900526,0.006736821185872488,-0.002313009327136406,-0.0009191073285996776,0.004786259944202342,-0.018408614372221077,-0.017978900105857898,-0.00840295999266949
2023-09-13,0.0012474783283791258,-0.024364404055186917,0.0032765570686215106,-0.0035737657154353286,-0.01927510015263323,-0.00991671686706308,0.006972889581065234,-0.013432476538440152,-0.015103562575598084,-0.010322813542408271,-0.007987912348687787,-0.008370058631279376,-0.019999867416751083,-0.007140689068729111,-0.013375926944686922,-0.007590802433241395,-0.00455030325907213,0.01133438910102913,-0.011593653448919383,0.004082870136432604,-0.006276170200666065,-0.001004719792221831,-0.004795710631209871
2023-09-14,0.0042892368485720755,0.03474489376488554,0.009797568912189858,0.00927006339602654,0.033411886967155136,0.03820934972166046,0.011925186872218996,0.013345839395624504,0.023097413300892544,-0.014258939056043474,0.023653714765430767,0.02324896617194372,0.023661532663437956,0.01207308501195059,0.0187171748462851,0.004054858811200823,0.044366766880773234,0.006622376795934581,0.027307117108994694,0.021617985519791105,0.010451151827843841,-0.0014529679549704078,0.005754509308565359
2023-09-15,-0.006109068242980964,-0.01888792090014968,-0.013034718272598722,-0.012848043759757899,-0.017116730004414937,-0.022153338102034348,-0.001140525122171332,-0.008115167409495916,-0.003701030445145692,0.0016325371820000711,-0.0076203905991264476,-0.0007236882126386845,-0.010690572775022056,-0.004643428507740244,-0.006455493834124915,-0.02448390173133108,-0.011586023385022792,0.020496178596232317,-0.06107655125991229,-0.006633268255143765,-0.00439024737816851,-0.024023469308183665,-0.02037498366034063
2023-09-18,-0.012075746318099267,-0.007486652204872213,-0.008540045613716019,0.00797534338420891,-0.004256852131083955,-0.010231392841269948,-0.012940086026408393,0.002950791064606939,-0.008543789468684171,-0.009299778616719379,-0.00445876448427962,-0.02389567728119446,-0.0023364257088762663,-0.0011855412516863506,0.0048979887203570716,0.006845146673526203,-0.008075025960539994,0.0034714187690514375,-0.004825716657613444,0.013355345030711563,-0.009790807013066782,-0.006421310052665441,0.005223639085836451
2023-09-19,-0.008974664624116002,-0.009698331202545374,-0.0010014745766275812,0.0010989840197146439,-0.017683640554294833,0.02018203363447668,0.01291701619864316,-0.004145327823801059,-0.008992280802377906,0.0030152335058011293,-0.03408815387361752,0.006676499127478808,-0.0017564230335885833,0.005805941255831559,-0.02606184699742531,-0.012405364163499577,0.033613416053917655,-0.004447798216546506,0.022758461238216343,-0.005601166537241076,-0.0021133120995225907,0.005655154453979572,-0.008550291252518494
2023-09-20,-0.030835027302802076,0.0076171928127859445,-0.014737734929731183,0.008067888376661836,0.02789309829418607,0.0090472138441684,-0.014655502440047541,-0.006311426016412436,-0.008317426471640799,0.0069196109028675234,-0.0033488182591560056,0.0316877800355333,-0.011143649271589728,-0.028118197459614747,-0.008987777763558746,-0.004305359486722948,-0.0586890935462866,0.016381321114862013,-0.017700533682408648,-0.0051689279040306735,-0.010664770267303947,-0.006158942398090672,-0.0015724522307790645
2023-09-21,-0.03152938135817285,-0.01619885867837345,-0.026287312406065966,-0.019600353691122674,-0.030023243826353574,-0.0014345440433060075,-0.004636047205077265,-0.015405444057113638,-0.027830688333751796,-0.030586298692704017,-0.03773582971569733,-0.009538914728100312,0.012158965131785715,-0.016841885145289726,-0.01587140191006642,-0.03409297654092702,0.0016194599707917146,-0.010500755376536941,-0.024776386294265595,-0.002065078668878395,-0.019189715428296727,-0.02089985871382838,-0.03435923847371003
2023-09-22,-0.004321251940066828,-0.006585976291551332,-0.001497911780704575,0.004387177239786544,-0.017063238642387235,0.008140630746260591,-0.0021345702549377954,-0.0002744966368194435,-0.014705975185406173,-0.0006973507693522896,-0.002148536536519474,-0.010068797727764922,-0.0017580306074871377,0.001369314348323103,-0.006597576414385964,-0.00044252885542384046,-0.03530061179028754,0.005429479357874412,0.010492334222979682,0.003365533535047316,0.014342505704090236,0.0011400017088321057,-0.008549625572201514
2023-09-25,-0.00784711638186486,0.015469356239534271,0.0103614394622209,0.023166984547204672,-0.005046627091445988,0.020543879298122292,-0.002917032023319055,0.007138960582690368,0.01671640228732718,0.001104711479461784,0.001345766711778218,0.0045698073570752396,0.021720030142521107,0.009706524624582658,0.004322154989787386,0.009301574170721638,0.00865922685209397,-0.006382195843224525,0.013844309613229022,0.012008773535181483,0.0147544247865532,0.006047078434008757,0.007077945909464534
2023-09-26,-0.019414155499901997,-0.009793114272177883,-0.010047934336961495,-0.013563725611461241,-0.023128444577439677,-0.009425151080844185,-0.009362364272758272,-0.007906234305361859,-0.011939633519656212,-0.01864422679905775,-0.016935619973950322,-0.015407401744733429,-0.008043648662456881,-0.014260281077552395,-0.017214120022745805,-0.0070703075689366734,-0.019662145106601026,-0.026679606299684244,-0.02260849259000175,-0.011468688592560228,-0.02605077011344148,-0.009133160176295063,-0.003414981622686608
2023-09-27,-0.00623295987075434,-0.00769232897547345,-0.005022910046349249,-0.0027939639249091597,0.0016615803954651565,-0.019734749772657656,-0.0007874671520349263,0.00948076473419257,0.010301137536476102,-0.00645132161794737,-0.0005470178903264067,0.0014901408404712768,0.01216327884901669,0.002181972639612839,0.014311654397391349,0.006605027970644883,-0.005649655216423466,-0.05380711992912979,0.026163034215354708,0.018575851732942184,-0.004509600297258776,-0.012801804458222099,0.011174517704403142
2023-09-28,0.06007513877145909,0.015503819617120218,0.005644112145124502,0.008295451364528361,-0.0012442005245030252,0.03019783131378584,0.003152816616288856,0.014563506421308992,-0.001372680972458129,0.008339892557753359,0.02134103368095497,0.01458349912444179,0.011444683975516678,0.003978431854596565,-0.00452785056636984,0.011147781994588657,0.01818204125566303,-0.006705996020808347,0.01649483059607859,0.012443096318742741,0.01976112847165834,0.02230468836950128,0.007023701169344809
2023-09-29,-0.013689158614342833,-0.001090333529879084,-0.006032496735151827,-0.0047403143082385135,0.03342356647288791,-0.00267521706967766,0.004910551376590577,0.000670991023064671,0.012369952921564176,0.0007678001672097867,-0.0010717620552248563,-0.00014663578586837644,0.0033948390141040896,-0.003052215314143125,0.0016924013642880542,-0.0097460754500861,-0.0066964223643706244,-0.00216052427994895,-0.00893751118975239,-0.0014956605094333941,-0.005821149625335087,-0.004527558898601902,-0.014680890505843092
2023-10-02,-0.044871682484172726,-0.010917199895785434,-0.015243495875955415,-0.006295383777812913,-0.01044622614596935,-0.023676219536662657,-0.021696769184128772,-0.017026476226662757,-0.00504246303172895,-0.0147578800363517,-0.017430884230268062,-0.0322722225971982,0.0,-0.005747450949932675,-0.013199479347826393,-0.011645041417934765,-0.016292090466588305,-0.03815962511975879,-0.010041391226960794,-0.0017581551403257345,-0.0033128711421690493,-0.009409891149980032,-0.005395495371505299
2023-10-03,-0.03472706824861904,-0.014348613880764693,0.009710438001485855,-0.011128243702985263,-0.010759155980240798,-0.01696340238824301,0.005794354324995199,0.0023185390884501444,-0.005458260245839175,-0.008028824052972894,-0.008187751419161171,-0.013642648878464225,-0.009021804069738515,0.0070770333525722595,0.0036383127953838468,-0.0033276078982082957,-0.029411869333598295,-0.009285531926265689,0.007687980556483787,-0.010503666525242705,-0.005565341584132133,-0.015357216244289429,-0.004678296546243521
2023-10-04,0.010397464761203734,0.013437856935208048,0.010965409948093141,0.021281366165769366,0.011081603860441547,-0.0032810690094049466,0.0021850294655854086,0.0025854070434068177,0.0017639933652946471,0.024462505687262714,-0.013208899833491827,0.0053788564132610794,0.008250089449916675,0.01550303265471964,-0.003092136402333412,0.03603321844231866,-0.01147402929962571,0.00624818278353767,0.006155253724041465,0.010944676718905866,0.035522544993544125,0.03091216005537145,0.025201418254135577
2023-10-05,-0.02127519740493844,-0.013259675315313468,-0.01762144999491455,-0.002891227173547062,-0.031459327991158914,-0.011826280856609528,-0.012289287384648628,-0.0004071188538777859,-0.024456884569356685,-0.006898108371532263,-0.013663971025497879,-0.013451453804810498,-0.013825808396931483,-0.023110816803371237,-0.030053313141548466,0.0031748040625874108,0.011904875930728753,0.025966987465330105,-0.0031862744354136385,-0.005087149113182865,-0.014186982200245613,-0.010684071155610875,0.009364377513744193
2023-10-06,0.03102635851700608,-0.008958705551229573,0.004288119766120424,0.005525596236081398,-0.03331943981952146,-0.0017273905130648082,0.004414864650178707,0.02240328038632655,0.008423212858074791,0.006530411342576814,0.036754290291694636,-0.024016198228251184,-0.011444995585422446,0.009949923713078901,-0.0011027186235615938,0.029625108634778963,-0.009117776109272113,0.03988990734698561,0.00511419267887625,-0.006620558649125807,0.013706144211617755,0.004453903635248446,0.026334738937398905
2023-10-09,-0.02558835809099469,0.014689292172440638,0.011420835853298561,0.004950989115322324,-0.00411892758097443,0.06328015806530396,0.010789283851831533,-0.0003984456343257836,0.010541149496272828,-0.01097085375997009,0.004363343759328231,0.011589097150753291,0.01765546215308733,0.0005086910010336787,0.02605124926617708,-0.014397942661178442,0.06797274663395858,-0.004497444786736193,-0.009985392550220795,0.01445146629063876,-0.03282524318637969,-0.011889466002726112,-0.010122301222865282
2023-10-10,0.0406422186442188,0.001113603141520425,0.012804997148551767,-0.0021655450985625935,0.006748232655183983,-0.007206639310960661,-0.0013835738057060842,0.012754058996540252,0.009840586215789981,0.00864748678641658,0.012489683909828297,0.0321720126540872,0.005972948273435419,0.013993939031390568,0.010866213657301671,0.0030249234652657275,0.013896684160005224,0.02152550952513055,0.0015416737936568836,0.0058546128428482724,0.011804990954123573,0.005480231353666376,0.00356711539337784
2023-10-11,0.016781967116527463,-0.0044494576360800675,0.010350483347774553,0.011936434503944326,-0.005621720609253589,-0.016508838888218635,-0.01266821254544237,0.0024925619851470238,-0.008185442913022256,0.0036658470018382516,-0.00375412831274069,-0.0033449986622102745,0.001696336022575462,-0.0007652612720809859,-0.004470137036854505,0.020876143170973194,-0.009594360653707334,0.017429825435737678,-0.006670880097081389,-0.002069608524805977,0.017193600876877158,0.00924154702476021,0.0178199506602712
2023-10-12,0.03640777332989087,-0.02905023229355086,-0.01753253440826219,-0.01737155869531526,-0.04653196057520159,0.012381174474023426,-0.008821272564443983,-0.007197215851575067,-0.012576233570232187,-0.025036811225084277,-0.025135390686026104,-0.023493514718837427,-0.008750052409696396,-0.0025352101352799084,-0.012080124440720708,-0.014564083667013783,0.0002766487639938031,-0.008437731966582707,-0.04720373102423747,-0.017562087110191804,-0.01856336577095885,-0.025318976112220448,-0.01923066863658396
2023-10-13,-0.043442731056109185,0.0023015319332639894,-0.001154927635812708,-0.0031650119618016337,0.005245352008859561,-0.00576191164889428,0.0022248055784561682,-0.006326556254732996,-0.010348197471018117,-0.0052569871864909246,-0.017188796307896048,0.012341873372428536,0.0008544540985979676,0.0004766282960038115,0.002921773191217003,-0.009620569893903363,0.006087347192969661,0.016761122658067507,-0.003321041548528192,-0.0015169520716331597,-0.012301920640073627,-0.008551790628287925,-0.006361933291702648
2023-10-16,0.02662504362973639,0.020665707230050012,0.005815532298376391,5.471953317326417e-05,0.020644105768415688,-0.0027203392648230684,0.005247463721893553,-0.0013264242507091684,0.009249810253288526,0.010204755844122948,0.011283445394134395,0.024537038863319927,-0.003982829581890002,0.003572379839391404,0.007876550865255849,0.012834599674868663,0.0008252675781079688,0.015723949271551962,0.013191859828648678,0.007068819420885664,0.014712862433220009,0.021989306992793667,0.0179177601312559
2023-10-17,0.010433295070282567,-0.00449930627013051,0.013164889958479309,0.008593329859098775,0.01289177921752227,0.026446815082509678,0.03513344281424935,0.00504693565462877,0.010759170659383033,-0.0001202400081167232,0.017573146428820463,0.017623171888584865,0.014281617860832041,0.004878335940575518,0.014345260989536479,0.01255618325165786,0.020335325990331832,0.01048716827787266,0.0037585256239427434,0.002820734567545946,0.00843863868190442,0.0018622118464515225,0.008214290605531804
2023-10-18,-0.09788747749698568,-0.021469059273022784,-0.025850754811798438,-0.027405379668163476,-0.008997065537037385,-0.02091292036564707,-0.006400518085162621,-0.019162115202520202,-0.012812721586494269,-0.024294989305941983,-0.023848733273917677,-0.00843698491387923,-0.007040323929611847,-0.0254272660762751,-0.013086917147994148,-0.05209562560401981,-0.012119611120257057,-0.013590466809590307,-0.029754237495050462,0.0011774239475548232,-0.02791929325092135,-0.04172597601752659,-0.05144552381215273
2023-10-19,-0.05448367162396184,-0.00461890670956866,-0.009774645766249868,-0.012777631360429753,0.0,0.01109265613971444,-0.005270269989766652,-0.0032334283974125855,-0.012580084406263792,-0.011771807853773186,-0.010671145302080465,-0.008807254498159445,-0.028360719010547597,-0.0033923998494506113,-0.008127625768922009,-0.008665238194028757,-0.00654318290141187,-0.011773598628920912,-0.009372104348648103,-0.022868451578970883,-0.026921303235029614,-0.014032728308242315,-0.00515374546755587
2023-10-20,-0.04067528718519464,-0.012761013257562959,-0.007269838952240537,-0.017294773361287596,-0.022586562735160243,-0.03151241648669301,-0.013736287516597168,-0.013111754163686151,-0.009302277813738269,-0.0025569909424567605,-0.0383193578055403,-0.011445817109275058,-0.02714541112803681,-0.010212441924233095,-0.0075471890695896215,-0.002361642892658833,-0.02826552150181183,-0.016476359644925997,-0.016626014841413683,-0.03390164903104376,0.0030562404319705028,-0.004981497967964432,-0.0056241435270466544
2023-10-23,-0.017305759688822753,-0.007050428463257208,-0.014000303804486358,-0.014953897228344615,-0.02990450348649143,-0.03265840182674484,-0.02964562834847828,-0.009998587548316507,-0.015309251942904778,-0.004877312932794697,-0.010920956094310208,-0.01340643141284703,-0.02760262220140275,-0.002538424111757087,-0.02053230160288999,0.0071997290347984855,-0.04885625701726881,-0.009278474011127025,-0.006154371438936379,0.0004151147999129634,-0.00825844083524363,0.003954612307970118,0.004713449343521692
2023-10-24,0.021719762226351857,0.021301789126813464,0.00935667490065506,0.01050985420431938,0.07356373149050466,0.001121212281636863,-0.007381635293141953,0.007194270889772314,0.020729692001421718,0.006911905407435137,0.027156045447221056,0.020382940520408566,0.026226281417389696,0.005007935515486617,0.017746185995758834,0.009013966409223917,0.014251707524450818,0.00026011997061092806,0.047547722322386576,0.030372209695322283,-0.006791324932323595,-0.015336804331408493,0.013086385337466533
2023-10-25,-0.02815250576341899,-0.008111262438819877,-0.00995500518543424,-0.027387630866698487,-0.011094333487272401,0.006470792401054526,0.004544364729832884,-0.015934280273420476,-0.03452467767160139,-0.009859738070771895,-0.01685062393992187,0.00030253022600557067,-0.004209088597935784,-0.007842006282585134,-0.027462957399871923,-0.014600785681806339,-0.023419063678727925,-0.04395325785438964,-0.017462690141705095,-0.00033568433234310024,-0.011151685763786445,0.015448178912118804,-0.008676614711730979
2023-10-26,-0.0008133757425999866,0.014018490818827667,0.011585416496125989,0.014970374926762453,0.03387581488545077,-0.00754194660286045,0.0016452121201127046,0.008096236312853389,0.010096640884890595,-0.0015755677489680542,-0.0038416536479367602,0.01618762323979217,-0.007246436858350691,0.016301608299101877,0.006947527710392309,-0.03041395228118071,0.008992641761620401,0.019586552295784543,0.025656856209985035,0.011821814981428869,0.004362842898984365,-0.003771800581140905,-0.0462210578469433
2023-10-27,-0.005694727784277154,-0.002304080390557184,-0.005438358054770331,-0.0018145230772493859,0.0012766770565324492,-0.004858790169901428,-0.018271527236603746,-0.0009692967149421694,0.001874291498644709,-0.006185987846793917,-0.0011865156700684443,0.010123642870803362,0.007907465050840834,0.0005671487702385569,0.006454430938797495,0.002940818495176023,-0.016933956182983545,0.03975459881891008,-0.0013486292165671987,-0.0030537812473214743,-0.010572965941660684,-0.007067531242929914,-0.0014436248682824226
2023-10-30,-0.05229085437003733,0.023094741218490977,0.016476689644956632,0.012255143040693417,0.018061972478265576,0.01690050384263264,0.008364738921674997,0.01025641025641022,0.004780780065266832,0.010861108297435695,0.010989187605128237,-0.03817235368513261,0.007543746116425831,0.02250825571160009,0.0017690220411443747,0.015211818895449314,0.011785792607572843,-0.006928447663695936,0.005671506084584443,0.010121063095729133,0.009112072423094641,-0.002584532071162271,0.011874622048271055
2023-10-31,-0.004944745738428846,0.003385956289072345,0.006198715510777886,0.008341795474399838,0.005009379724973728,-0.017850826308094758,-0.0016590374250484707,-0.0001371476522610271,0.0,0.05397444423524789,-0.007638394997133258,0.04734908197841059,0.01018272092145489,0.008683781956619674,-0.003973322010058844,0.009479082625623025,-0.029868497716097786,-0.031782834339008414,-0.0077876517843828985,0.008899382864076433,0.007798252383652171,0.011851267478433014,0.002551076459530899
2023-11-01,-0.030130905772528194,-0.020247282811268308,0.0034341593481503896,-0.001148956697323733,-0.012461109862054287,-0.006517632219236957,-0.00830913564764979,-0.08177825715335929,-0.0026895024232912457,-0.0031597570822697874,-0.002072158254377676,-0.004242929153875363,-0.003557758262291988,0.012926479517141987,-0.0038786076342673947,0.07392293605837197,-0.005849509860232471,-0.0053376147867624235,0.001353266758238103,0.003593554248512598,0.0016291916152395558,0.0029385416544693843,0.03720295275091923
2023-11-02,0.013500438525039016,0.011481028758321132,0.021911981521411716,0.013458274919308844,0.027129436709686372,0.013373698410310553,0.03812316594576348,0.018081277099079918,0.016179309400381925,0.023383680593691114,0.03856410278042599,0.02042319871438858,0.01309153948349051,0.006613333245950814,0.02302824088280686,0.003574923513897099,0.042427811363989765,0.01851345387035308,0.022096015065898866,0.011849006220629787,0.015857500068219066,0.02683016128465221,0.01481849415564529
2023-11-03,0.02696185994150513,0.03405213275946961,0.012361007699062343,0.02854527371806803,0.048730638864559195,0.015313696199693139,0.013518841178609353,0.02260374245729646,0.015105161904488629,0.021330195536270802,0.0039990536306431235,0.04694020556254874,0.01615262143779983,0.007313887523689555,0.008047121664320533,0.004855487942344583,-0.008912494887891365,0.027924139863666042,0.006941744556395957,0.01833743006642341,0.027137416580627516,0.02278656924436917,0.004641703253424501
2023-11-06,-0.06657292009102023,-0.0054884616356492,-0.006480434886380282,-0.011752346149465964,-0.014252336230976992,-0.028939276982048234,-0.005176033193479923,-0.0018657846201693973,-0.007842347381094239,-0.0017164736202648356,0.006258602291187465,-0.00508884042161617,-0.007225425975361022,0.0012483990042215787,-0.005286011403230928,-0.0026193070495672544,-0.026379121212545598,-0.029215800048516205,0.005383769199248656,-0.006318316904930454,-0.004364443537276164,-0.0016340377482455537,-0.003080121531812696
2023-11-07,0.022183178170260165,-0.001103571566104966,-0.12646743699748308,-0.010384516283787448,-0.007724281770850938,-0.008965612538049839,-0.013808311374844173,-0.01596212734504243,-0.016416966333717586,-0.002693753787557096,-0.0370367433708646,-0.010367605140535474,-0.014555962024418223,-0.009414741741343158,-0.0119291500064167,0.005886237404641781,-0.016933437685444086,-0.032207094888224375,-0.01103647544455233,-0.00400605382367436,0.00046965964122636095,0.0059482515192008645,0.00033790326280014327
2023-11-08,-0.025386940962425664,0.0022097802848450865,0.021496359576827606,0.00778560741326495,-0.002195470777194397,0.018475913866885074,-0.013392973456213264,-0.0002921727998794754,-0.004739032717825942,0.01545952054783406,-0.013212350778589066,-0.007961930545985041,-0.008567252620990784,0.007603474975906632,0.0015363837304276373,0.016969722797517628,0.026307657713486865,-0.05128195234284383,0.010036818231330624,-0.003255761231639731,0.013614055947338333,0.01627027970573347,0.005887515318540926
2023-11-09,-0.03705563241031273,-0.00882022654040926,0.015619724477227814,-0.004422633880912574,-0.027005565211139726,0.0043787833693340605,-0.08453305536483202,-0.008478312163759494,0.0012422213305700591,-0.0056596128714284655,-0.011008456661855681,0.0073217431822993895,-0.008939320451204824,-0.003263088105480816,0.006575403493211729,-0.0017927007074627355,0.025938193097387652,-0.02386414053837216,-0.011767432682905143,-0.002818110154598319,-0.011869712708439506,-0.014408993716479856,0.0038384077928750315
2023-11-10,0.02076790962325692,0.008898715224608944,0.005568306190724792,0.012651844693821968,0.0034951657236725886,-0.009342476052887627,-0.021568037546255914,0.013415727349558981,0.02315951872262456,0.012578946183477102,0.013237169740671684,0.002795542875823509,-0.005111064221214434,0.02266082298230354,0.021448044099771968,0.00625206803355538,0.0005947909381800454,0.007363875095669048,0.00965848941801073,-0.00038522566551013604,0.011305573016536341,0.013272528126671235,0.013697376722043408
2023-11-13,-0.02385029830930352,-0.013230438952157142,-0.0016199088457864441,-0.002332118710626885,-0.004302304034860871,0.0040237981473203455,0.0399539173090806,-0.0030547292221487776,-0.004850387876156437,0.006183239345095348,-0.00742273888286793,-0.007108902881115764,-0.0199456692634018,-0.00022492587994316082,-0.000639558045110955,-0.0044284607407458765,0.025565127492960027,0.0,0.0020966827160939783,-0.01387935676485097,0.0036488046540734675,-0.007272528306631276,-0.005527666248750007
2023-11-14,0.09746917354956519,0.034637012504296294,0.012753480085379465,0.04608445287136531,0.04814809603687786,0.007551932456514976,0.021859147139762003,0.026995377642882623,0.03675873032507315,0.027150955217690065,0.05204903592503496,0.03411506401850706,0.048581214861493915,0.010031127035398546,0.027837045011927186,0.028105955646320346,0.040869572229981,0.05526300302130083,0.013338372975531199,0.02873533987123178,0.032719538587535846,0.04903672321283481,0.028742432581177813
2023-11-15,0.019151054269716417,0.009719082149481917,0.019410630101790005,0.005427083537737687,0.020219863307542996,0.004621932860183309,0.009723445556721444,0.006962189762570903,0.009402436003328685,-0.0031001642282845188,0.023599553227225734,0.004615587832501378,0.016408327068416773,-0.0025013721103607223,0.0090278707423177,-0.020836912293052623,0.038986029047416215,0.007758174572982446,0.0102596469560301,0.0032935208593110055,0.0008239595657808518,-0.005819538757779852,-0.02618466309926326
2023-11-16,-0.04008780777454424,-0.007486652204872213,-7.319234961455923e-05,0.0010582776003471572,-0.001924309277771652,-0.0038544832963122166,0.0051360619412155195,-0.003950679580872363,-0.0017464470709152025,0.010038657188300881,-0.012777729866045417,0.00864857111493933,-0.013208143234023195,0.01400377186039714,-0.010386818629594341,0.011277665215400079,-0.014205228432271677,0.005224348153859193,-0.01041089089433389,-0.018370980747465904,0.011525266640058929,0.019361538639988574,0.0066391328936386
2023-11-17,0.03907015228656774,0.009698234304503561,-0.013194575558722499,0.004176132255760523,0.009446720136662146,-0.03307948424404383,0.007451450485859823,0.008924377299210695,0.005054402325453511,-0.004213156269757601,0.01294311347363708,-0.009378191310145056,-0.0071386736954544006,-0.0012488530050394075,0.010391768836383042,0.00445639997568037,-0.017128876414262417,-0.005744077470315356,0.011746577083056708,-0.0011576896429822403,0.005252850279487964,0.003639057850813643,0.00037688526990353743
2023-11-20,0.023314148025013637,0.0,0.008000492890868571,-0.001684607112204639,0.011459174871984779,-0.006196861438165668,-0.009721149811843466,0.001965994392692405,-0.0003867841894200641,0.003417259617476409,0.018055774084258625,-0.0009468181663533359,-0.023966369048327385,0.0009562176851833915,-0.009050825939413643,-0.014824927133308186,0.0016600083304825208,0.00577726251376065,0.0018498896345615634,-0.014358502965487352,-0.0022813860950341436,0.010211673541588251,-0.00927706498652947
2023-11-21,-0.03244849536658401,-0.0005406799266003404,0.015395786484156293,-0.0008963963994701452,0.01491685346733096,-0.006365318047781843,-0.01259075735333548,-0.007146752635543874,0.000967510103492053,0.00875771303103634,0.009549776247173236,-0.003655191513338041,-0.0027624398595332833,0.008915654770971226,-0.007057514140555332,0.00643660124051415,-0.008008872651057763,0.023522859515850314,0.004712071895313086,0.002743839243325885,0.0075243736591776855,0.0018311951829603768,-0.0025668667986933347
2023-11-22,0.0036469103674421355,0.004328931587152862,-0.007490763090317154,0.0017417252257494464,-0.002976563822120082,-0.001045819279494542,0.0019453308739347808,0.0064923500128777345,-0.0063792893680088,0.0002679141850256972,-0.002973262945506372,0.018885913158913192,0.013234891687998962,-0.000704122504073923,-0.007421223533205512,0.010171475016325537,0.0025054355535316652,0.007215543823309467,-0.002471816999814247,0.004625334672057058,0.000439238085584881,0.004057959815235268,0.009817142612912333
2023-11-24,0.018010809545995432,0.008620545422926229,0.0008388210542769059,-0.00031618869050153986,0.012875352131118012,0.0255201023375089,0.006686696711166951,0.0029449983352864972,0.005252768128437113,0.0031611292943087843,-0.0013552409019135236,-0.0034669561892872736,0.00030386188300179917,0.006316529393406212,0.004481803613435309,-0.001728458325172877,0.011108132059990838,-0.002653497227848689,-0.0015246313448469273,0.005966065132736675,-0.0013904986485964166,0.004296241665187495,-0.0010382808185885883
2023-11-27,-0.06277636557251964,-0.001068073981469464,-0.01030972335716962,0.0025823991733866514,-0.0023949582755480314,-0.03139351975940119,-0.02014136568770175,-0.004194864033917667,-0.010644409127088972,0.009399769132301339,-0.006786150899755761,0.0014720508515602138,0.03613703939609114,-0.0034280197763599807,-0.011154759936702785,0.007835471163646579,-0.011260618310397486,0.0156959423629488,0.025896887861778906,0.023012579004471068,0.006156147016100233,-0.0016315190619173858,0.005527291290376768
2023-11-28,0.025914977916903448,-0.00534769303936411,-0.012036678603265294,-0.002786120265668268,-0.008125580097038565,-0.003952575945005199,-0.005029530556478035,0.0009830876367911134,0.011150281591045363,-0.0031216575247368095,0.017217961104783797,0.011090296023508639,0.004103192852392246,-0.005014640920075308,0.008917119233518012,-0.012069995051362747,0.007777482225122423,0.06259795121390432,-0.00043396896772307514,-0.0035283125505203294,0.005754055271434799,-0.007008079520054555,-0.007939913597962533
2023-11-29,-0.004277263202573933,0.020430050697343605,-0.007153472933745797,0.014022219576926176,0.0206664879827676,-0.011243315962400358,0.0,0.007190001328168938,0.006668010585023865,0.0011674975804873977,-0.0013435431291141109,-0.00581484321789838,0.04465857766749615,0.0016068553396284546,0.0009582366806564213,0.0059347981967521335,0.003859130518985232,0.005227929164040468,0.01625720874142922,0.02346015261361689,0.010646112647336503,0.0009870652373278332,0.007198240254827182
2023-11-30,-0.017101659462585683,-0.0010538166355315015,0.015273000736897302,0.011125015231136182,0.012266651620958635,0.005351143137449554,-0.0030877828123233586,0.001399961677327477,0.00818246572658965,0.016434247988240447,0.004035839461621782,0.001993951805370431,0.0321319298942766,0.00578532744389082,0.011702193688746698,0.005627764056396201,-0.014552587630277669,-0.004705322944274171,0.037794844935190586,0.038059700737993474,0.017484914463162138,0.018559021804146036,0.004137745835605333
2023-12-01,0.040323237953509894,0.008438865162152087,0.0077250947184119845,0.0035474721298263123,0.01899071938802588,0.015435857030298594,0.022123905331218552,0.012161008985533961,0.010627852132848226,0.0034945664591861103,0.051446714938478966,0.018572572779475216,0.0067678173661123164,-0.0019272877488816231,0.004206244878111498,0.00594081240999933,0.02814168194051736,0.025130817380609516,0.002588364967867296,0.010118583743078169,0.011549970057205039,0.012661547076790125,0.009692799012164688
2023-12-04,-0.04898534278720823,-0.008368246656970335,-0.0091328801176489,0.0016908502814769744,0.00585735422035194,-0.03210591802121787,-0.02121221697293374,-0.008976610630077042,-0.0038241177793723047,-0.004989619134958101,-0.04153925800672642,-0.006251624338995065,0.004570878698229697,-0.01229051712149598,-0.014764635041197183,-0.006675956272231165,-0.021409434560407448,-0.016019586228680605,-0.017663330324010018,-0.008013682475465855,-0.003341767030612508,-0.0030815910596646567,-0.003849200810277509
2023-12-05,-0.05600951598381265,-0.011603182229885656,-0.0300944534036367,-0.007703741993642321,-0.007235038699198615,-0.008665019583787514,-0.029411956154673513,-0.012262954656458547,-0.018426023362466792,-0.007522083406305113,-0.027652238389006878,-0.011533662022776947,-0.02462540020240711,-0.0065659788906919925,-0.013497703025029395,-0.010727362839722976,-0.026585301201909717,-0.016033611079605548,-0.00979672836656198,-0.018176372931464346,-0.0034931388713553835,0.005471334181657239,-0.012942177409481226
2023-12-06,0.04449960474886905,0.004268776799397411,-0.0028242566076746023,-0.00031065540536656666,0.019552185653882503,0.01475009231162172,0.0059240842684669115,-0.0035272832812088817,-0.0048886398250963525,0.0015790501989096928,-0.008750322818897316,0.003845298450701362,0.0030188414215022163,-0.009060110214176298,-0.004201614750213634,0.0026782600433401527,0.0037196236641074965,-0.005013723358481381,-0.021235523824210345,-0.006534105450391237,0.00035084662727702387,0.013109954812576152,-0.00042469777278586474
2023-12-07,0.05959415453263195,0.024442146414904276,0.002794119215167701,0.0043489425718568064,-0.002615114337447766,0.043472351251914176,0.00792752475173586,0.0012741970870673303,0.0035370033518953292,0.01114026482822017,0.0033103512001493307,0.01703873174710613,0.007387165010799945,-0.004146831427973674,-0.0027046205371011878,0.010532455204726565,0.02366016870661447,0.0010077571590585421,0.006040579242688082,0.0006699856685052907,0.01597726790784537,0.01698549019492357,0.010569571181574977
2023-12-08,0.02106095334657221,0.0010373270224286468,0.004808812185860267,-0.011753040253716485,0.005243942183283723,-0.012511533965496424,0.01460701517375207,0.0024038746904082586,-0.002937187198540858,-0.0015591093572501213,0.0489414567489177,-0.0023377401065757253,0.0005431200210110898,0.006572201431728875,0.00433938689380553,0.00872501574783957,-0.0064048014336783865,-0.016360398341710103,-0.006923433013480196,-0.0026776504078270813,-0.006897421745998056,-0.006035975421563866,0.008684954896904795
2023-12-11,-0.01132898903354107,-0.008290108660745088,0.004899902864730965,0.005372627455059842,0.0012171897889678984,-0.014106291419355044,0.01439637433789498,0.006912092867342956,0.0070701030784749985,0.006974945442367542,-0.007339601523665196,-0.0019526816176126394,0.001899946486783266,0.01736976184539185,0.0012961023537993999,0.005070395269647143,0.005885643542930641,-0.005373743348100812,0.015362014513668143,0.008054618264397684,0.012918420578437173,0.006245254830888225,0.013099922078845028
2023-12-12,0.011063774406695481,-0.013583889088314649,0.010508205181606334,-0.009390947795286486,-0.006252252541058989,-0.017355600975441865,-0.02161572978538262,-0.0065842545492775795,-0.008970427942795789,0.0028946430888114882,-0.011882572567625704,-0.002738785332405347,-0.02329966334666944,0.04526759901979949,-0.011542817632749225,0.01884394323502936,-0.031206390629972103,-0.028299252745297765,-0.00498239069089379,-0.02094424381238269,-0.003222559997105412,0.010938482748445777,0.00932083753645152
2023-12-13,0.09473185122419636,0.03177940235930343,0.007406203153377255,0.028963441257210842,0.030234240810063984,0.027774004706819122,0.016291013605944427,0.01382028389070844,0.02971290048423203,0.023090387414854252,0.04730099681436983,0.029688685376987767,0.023855488190478003,-0.04213536858408862,0.01604294484966573,0.014875356315939836,0.04860507212171328,0.05904137820041133,0.018075110088167534,0.02491640704487663,0.01444572350455009,0.029068551440625923,0.012539818892543408
2023-12-14,0.044608550025206695,-0.00308003051154937,0.005532345310355291,0.012674418385359987,0.0032229725879679982,0.00852671636193425,0.02195855471243502,0.021282318100132924,0.036307900818517425,-0.00906796665421239,0.07093635451758518,0.01854442426270153,0.020590800593194958,0.002397615981260204,0.01611182386696175,0.010741787323322427,0.017553360455931477,0.028750257114981803,0.024772174181343587,0.009531413624969787,0.011392344251893949,0.01114101828641223,0.004873111288239862
2023-12-15,0.00801945669235149,-0.011328519575213636,0.00018463749474939561,-0.00588098074535881,-0.012005273342487466,-0.008324641229951468,0.00021470039975923783,-0.0025878095985940597,0.00018434741181172498,0.0004066520162351317,-0.011198464808569342,-0.007108050565522106,-0.006371176578747417,-0.005711147729506871,0.00443954152685988,-0.006307610158779231,-0.01293805554776506,-0.006804693850043453,0.011530500114998343,-0.008067629505680629,-0.003151370616908622,0.009779107752740934,-0.0018241834125946044
2023-12-18,-0.007819886104079354,0.008333470420805567,0.0012551942776937164,0.005915771282364313,-0.016601170311223434,0.012591730602257822,0.013534097787096133,0.004915916672792564,0.00018447836782908844,0.002752080991042627,-0.0036145597772481164,-0.00703357372099489,-0.01576270801435331,0.004221921725583666,0.005051763003501408,0.000918536368815337,0.010376902802382793,0.00538307811764116,0.008100886486625436,-0.0033381569119080856,0.00047102330360404565,-0.004519589919943723,-0.0073545558145055034
2023-12-19,0.02069757993654986,0.0061981503527837045,0.004867275434647489,0.007690326429572236,-0.001218180119832657,0.014378422581305728,0.014412977194613097,0.007202079817064222,0.012350102899659543,0.00045731524213654673,0.020072654701219994,0.01176319884120125,0.0005428252017760649,0.007308925736056571,0.015078441559338351,0.005016378625358309,0.03108126641756659,0.016549039643619645,0.020893198426287007,0.0013396558813356663,0.005109182162971848,-0.003761657136871599,0.00893596578704181
2023-12-20,-0.04297320765733381,-0.01232048640671124,-0.016035434348665722,0.0030924929967532933,-0.02944757024139455,-0.006895786221074451,-0.026535822092883965,-0.011467680889780896,-0.006190612786695304,-0.010109608485239563,-0.01991459514634475,-0.004875467505371267,-0.00732480522134249,-0.013904884212270652,-0.011244113417322121,-0.009800196104533643,-0.05688084455805231,-0.015561374772210868,-0.012200703214830244,-0.011494227894950027,-0.021336327661017007,-0.009765205938453536,-0.015621609818509574
2023-12-21,0.020487090086158233,0.009355722952624657,0.01338787935238095,0.007956400406094799,0.01849180037813225,0.0264884445930047,0.015024522526338346,0.014876406487429383,0.007145247247255959,0.01057238037115149,0.021528601817083715,0.010678406304057253,-0.0002733256573693721,0.006816734245856715,0.006155459440637445,0.00913913620928275,0.009727768678140958,0.007538973650087044,0.005293482519949544,0.004306781889911626,0.009772982570649846,0.008940840731355593,0.009494452388421282
2023-12-22,0.03190087025424537,-0.0030894550371995955,0.00404830439823467,-0.005426797440887476,0.008284937905383538,0.007766448968973716,0.0035950087157259336,0.01573434995951506,0.00272880014816157,0.0036056337669938543,0.0035521714246109504,0.003107387858511945,0.0016400501394471245,0.003935036545420489,-0.003940192048273006,0.007918981579663198,-0.0033031810847649057,0.015206218179113717,0.00815303301763537,0.0026954314675355917,0.0067683293948230805,0.014140434276372016,0.007389799971422306
2023-12-26,0.015324144262578443,0.0,0.007440410313680035,0.0014880750239756324,0.00716765458752322,0.002486155234408871,0.011377925479967299,0.012974674629795624,0.01070388196077543,0.005161329256708758,0.010617955661865741,0.017100438137324536,-0.0016373647791128043,-0.0019718519082952968,0.006454360757700117,0.003988912784169241,0.005523319026920603,-0.0035661215314731765,0.001067039067789377,0.0018937369839073792,0.006319251622622923,0.004497809711126122,0.003201053311430835
2023-12-27,-0.020145649120834164,0.004131886374178828,0.0029829459915657885,0.004210094124929231,0.00520753259847484,-0.0017360330450194583,-0.0004166669051436367,0.005489687330145987,0.0,0.0037757770531368084,0.008638853110907618,0.0017227476643792983,-0.003007169452595826,0.0031224511704410762,-0.0021721087331408873,0.0025282120606193725,0.003844904240281277,0.011214365724140807,-0.002131892488131837,0.006219969211152421,0.0031398935228039715,0.0019187156985567277,0.0007533753534336718
2023-12-28,0.0007367134213536186,-0.0010286069381540974,-0.00529573107661141,0.0001480190710219098,0.0006907132650737502,-0.010557527841346448,0.002292786833726801,0.001429677478689273,-0.008615929654305354,-0.002607952555907289,-0.004166583613565145,0.005404516604239573,-0.006032361849870882,-0.0035019770552118246,-0.008085571115438173,-0.002762079149372876,-0.012038088266360325,-0.016045210586365988,-0.012067735416884773,-0.010181003380838827,0.0014651947112425123,-0.0013723497624364978,-0.0016827518111732775
2023-12-29,-0.03312599621127221,-0.007209124363540043,0.0048442728735003104,-0.0030575753456901777,-0.0074200766546673735,-0.0020086074719830593,-0.003535284743482303,-0.001427636419053302,-0.007061479765962275,-0.002614850455517237,-0.010460179397897895,-0.010751322294254129,-0.0027587744403083647,0.002293916842370569,-0.006374604572363829,0.001344744409302434,-0.010523345241922999,-0.00743401846772751,-0.006564520975910537,-0.002571530033022462,-0.005519608934651088,-0.0030048474567394567,0.00696412815443459
2024-01-02,0.016680667715232467,0.011410873351859419,-0.0012051851509103928,-0.012317055776324137,-0.00938805805079379,0.02654083870375845,0.013355683305039667,0.0075392536520419995,0.008935157041622732,-0.0007562279124480042,-0.011275567083917748,0.005557629520076768,0.010788497669953934,-0.0027512033724448326,0.0157759149426675,-0.015794358155032717,0.020990524501367958,-0.01159706561280105,0.007986757282139711,0.006015340744018216,-0.015178689763407083,-0.022411141067799956,-0.015021205180769437
2024-01-03,-0.045680568480648054,-0.015384629384107118,-0.009544086341644942,-0.014724143962379754,-0.019831506508775076,0.013356245353904228,-0.00988460351952758,-0.006321742713777945,-0.01265149031089341,-0.010494443867122838,-0.017106045412976,-0.01756323986087882,-0.005199706768785228,-0.002124167468375182,-0.0003104871442769497,-0.018389905893820613,0.004660153340357631,-0.02224411636274848,0.0064984273865273945,-0.001464170342453719,-0.011271354815123757,-0.026696235601168072,-0.01909674867544242
2024-01-04,-0.030318057915124874,0.004166596582621862,-0.002251905480450289,-0.005337395834271619,0.014323938229798383,-0.01886349078062932,-0.00998344758185965,-0.005972383933665615,-0.008054188918415917,-0.00321212831212081,0.0043508909687861586,-0.005500560000401777,0.0033012092029844897,-0.0002935456164473438,-0.004764242021445653,0.008443964011787486,-0.02537512857286095,0.002999841529131908,-0.02548541187105602,0.01234330681840512,-0.004875534787214142,-0.0033699634934669653,0.0061552367111765705
2024-01-05,-0.0007358407664906919,0.010373454294382967,-0.00037014916595623504,0.0020952757754855167,0.013062756160579836,0.0,-0.005672024829506572,0.0016978376363969705,0.011625845322422723,-0.001227874226033765,-0.0033695989450004404,0.005279685352085117,0.021936000423877333,0.0012970866076116305,0.008117260674255,0.0015017877484366782,-0.005599087186265117,0.005483709412176685,-0.008717607934303762,0.012555260085639564,0.007108000152850513,0.0030768840417298993,0.004259531256824101
2024-01-08,0.005521699353886245,0.00718692004053878,0.009957583149089455,-0.00356968610043773,-0.003833413144341602,-0.024032428586460375,-0.006761207594231378,-0.00026055735708929717,0.00474283499581829,0.0037388111409406566,0.01907758691160888,0.003376214801330546,0.010464058968620682,-0.0020287281318075445,-0.0021677541208791062,0.020213683528051085,-0.0036600498801817594,-0.002726653168645621,0.012780593060349066,0.005245830973650278,0.009935581817029249,0.009403960192343463,0.010739118591757801
2024-01-09,-0.021306265815499215,-0.004077493816833533,-0.01740978130552051,5.111578335026401e-05,-0.0017492728742354302,-0.010228632531727455,-0.010636040213916287,-0.0046956848965318265,-0.020697137059270565,-0.0002551509547317199,-0.011848332581870902,-0.0023679049593624546,0.0002654458892317191,-0.003918587109623117,-0.015414948864623246,0.0013691077741795343,-0.03390761007097198,-0.03852848362539196,-0.03264830335897695,-0.008836093348320584,-0.00787029184445498,-0.006544676869109312,-0.0025893665460320348
2024-01-10,-0.005461197738742318,-0.0010237966892699957,-0.004214874215849762,0.0034799825159979036,0.004030232085036722,-0.0038273061534738195,-0.009890266786670376,-0.00170356821327311,-0.010381942472084127,0.007451670303329383,-0.009592281162410288,0.006121159695981593,-0.0029200418536292627,-0.001992032027360202,-0.008826386017752652,0.005268344968444305,-0.015209221904105452,-0.018872759766336067,0.010472259986278987,-0.007119803872560726,0.007248878726487273,0.002991412432870044,0.01204016226199478
2024-01-11,-0.03227006098766971,0.008197131122281709,-0.008877531868270339,0.0032640062674178516,-0.011518440932544283,0.008964830496648535,-0.0004343959429106148,-0.005513046733532034,0.004870779421072058,0.003191620104201709,-0.0029162861747835667,-0.009436339624425916,0.006922140411285804,0.0001972952711057907,0.004028521817955655,-0.005220526080747745,-0.008910226636928753,-0.011330809376818629,-0.003967914727234678,0.0030733511164424687,-0.0061105419620145485,-0.0032840719054564316,-0.007739613168084913
2024-01-12,-0.02020985294353872,-0.00914645691782745,-0.0017386907402086038,0.002033264635247223,-0.0049434049854077955,-0.020182566971172045,0.0017379978476246283,-0.0030358986193086412,-0.005033545014295426,0.004545007987848626,-0.0021934199894256823,0.005891100745738731,-0.003966093088908829,0.007291398486024336,-0.0029563215816407196,-0.002915692800926406,-0.017680302666321146,0.003198445019020335,0.004161968171258135,-0.001802199659328596,-0.005737917303455853,0.01711378134550423,-0.0017828113913382904
2024-01-16,-0.0007933910062553062,-0.01743587690330961,-0.013932581027759072,-0.004768517179197906,-0.015613881145163155,-0.013214273825911671,-0.01344602888698121,-0.023964053919121264,-0.00505917739002637,0.0006032330205680836,-0.04982915008596567,-0.008847174947445358,-0.009556707871676395,-0.0055513859214391115,-0.004871589022018785,-0.00010093427010338107,-0.012507663106232525,-0.04330511597426012,0.011309126945671544,-0.006439515794394168,-0.012298478282908198,-0.008032893164608867,-0.007054922020429566
2024-01-17,-0.04168332446775447,-0.01252634795976959,-0.0011901819616657594,0.0009684385435255738,-0.015320923833401001,-0.012471999303131698,-0.014289033407135832,-0.008681743024996469,-0.011864239732731763,-0.008038598735680691,-0.016966405107535776,-0.008297720707784229,-0.010988830128900506,0.0002460549194580608,-0.013514745037333742,-0.0055058795615722245,-0.02316959373966998,-0.03554580081624947,-0.010245922528741125,-0.004967021636639868,-0.0047298234229465885,0.0026661087004591355,-0.005036514238102252
2024-01-18,-0.02245226308554693,-0.0010569711184282848,-0.00042284404466264025,0.010796001791936849,0.004027011480959741,-0.002658907762590257,-0.009589570446096207,0.003557901220623494,0.0024774992312692756,0.015295890286734837,-0.0007845526593536212,-0.006719225425001363,-0.005691268744698497,0.002704383837678792,0.006580214263292916,0.02007710607298474,0.015812793077212728,-0.0031672097063391025,-0.015675640449682282,0.0001825237196790841,0.013069453711905599,0.01824638570394077,0.01744567692655008
2024-01-19,-0.02423926053006542,0.0021165545188823742,0.0023458828253446473,0.010630213234044561,0.012397419369002627,-0.00039994823434230664,0.026795869300443975,0.004636084615731395,0.003992367322964929,-0.002943338221330194,0.014655760756645986,0.014932974158463397,0.0013629037609705907,-0.0011523964684129195,0.0008574066486854992,0.0049305457487658355,-0.0006227530531225378,-0.0011553404006181545,0.0023436510864951465,0.00048697061963709487,-0.024560013015677673,-0.007670507925306991,0.004264399255391904
2024-01-22,0.04881442785094192,-0.0010562294631807356,0.0011125298968590602,0.007377728403583861,0.01476700080070903,-0.0002666304075336079,-0.013815967552796682,0.009636270536808045,0.014201889197770656,0.005003152958130919,-0.033273167042109586,0.0030182318542841813,-0.010615128597779688,-0.0022338066478737595,0.003961875687311434,0.005064353294818469,-0.0031153196950602924,0.012145742428512074,0.021883794655079836,0.005231941501854687,0.0053042976341166614,0.011380922416901695,0.005307812563168257
2024-01-23,0.015237913936230418,0.001057346263457104,0.008852966196443601,-0.005195772339732563,0.0067435028972979705,0.014539083052197643,0.01022913510489154,0.0040328169922776436,0.006534792710241932,-0.008413300463440576,0.018409669970018694,-0.0035105233599198593,0.004401494138271511,0.0034935044632267154,0.00874587152468087,-0.015175859612684195,0.00656255794277838,0.010285741465212883,0.007627213165512181,0.007564671111427446,0.002110799197937663,-0.00656963968574098,-0.019711310638902524
2024-01-24,-0.007341471634748742,-0.016895549174208213,-0.023096681172020017,-0.012784064160555886,-0.015159505739966717,0.009334734216967622,-0.00044023795656333853,-0.1404472010529081,-0.015210447658655868,-0.012852592158384968,0.040608023280943595,-0.005536057514665793,-0.009038689235985498,-0.016205444541387393,-0.012264922005430723,-0.011292607745702288,-0.007761477155994845,-0.02601819274861339,0.005182202429119931,-0.008889573954666274,-0.009899013505951682,-0.014404409788127848,-0.013465021323880166
2024-01-25,-0.02662506328391301,0.017185914640114097,0.025237022734577952,0.009825562778284391,0.017898621037498064,0.002344775899033813,-0.003743584309770842,-0.0014020147885857037,0.03484627626603687,0.010171702502895119,-0.007049451786371064,0.04213074666708683,0.04063028270525315,0.005457523015813148,0.021087662509554184,0.020498011752063894,0.0028159337420667896,0.0014518687217861537,0.011991017625036404,0.04042192616764528,0.01247934890233049,0.009466561419179342,0.01642394312488804
2024-01-26,0.011734932437474255,0.007391638811120815,-0.006637512898606035,0.0029438254539140285,0.006506320628739015,0.007017661021992527,0.01370469206300573,0.008735184578556598,-0.016017322749126706,-0.000654417360522408,0.0038031107833638167,-0.0013354065137403115,-0.0021247017074599306,0.0014128227039535979,0.00041930730088224344,-0.006378362496306522,0.005616181880090165,-0.008118213477872671,0.002289747671111453,0.0016310355410591448,0.0017508023179937382,-0.006778304281865544,-0.004699806596623279
2024-01-29,0.028037393095359242,0.004192987928443026,-0.0029399554331008826,-0.0054228468519413875,-0.004192926376115791,0.0,0.0015262141442584642,-0.017937353490439345,0.00018500984995428738,0.0038288575805174307,0.016165804221372593,-0.0030392063974244987,-0.022624494381765614,0.003885629781482214,-0.0016767181778420959,0.02300625020080216,-0.0034128437969321856,0.012861756269420432,0.008794828849273184,-0.013142647941686625,-0.0012580329256444145,0.020672480528810322,0.03152536941866635
2024-01-30,-0.02345782063268853,-0.0020878327066624625,-0.007084705224566279,0.006653067325602224,-0.008070291894238912,-0.0011615993512672507,-0.0021773129645781264,-0.008817304601042686,0.007397784213686975,0.00747808565782937,-0.006462727450596728,-0.012315667418293041,-0.010893268862401828,0.00552272256964792,0.003988773750580821,0.0084968459492345,-0.01058532359570119,-0.004040362976674872,0.06940669040888348,-0.0037123609838680682,0.0014698388341611857,-0.0014931608119579387,0.007324541729074596
2024-01-31,-0.046297149650249336,-0.013598284811052297,-0.013768765061775157,-0.008894871866504617,-0.019278388729790152,-0.024418593168492042,-0.007636753010667685,-0.01826864323558197,-0.015972074408680093,-0.012553586875547418,-0.007005359820038248,-0.003950678956918363,-0.013491043430238991,-0.007404808114012118,-0.015995889375873262,-0.017545983009827903,-0.033669025995404334,0.0,-0.010428571416600918,-0.01886787377533572,-0.014188916676143526,-0.010564521276833605,-0.021813579180482212
2024-02-01,0.017779330422609263,0.0031811887985497833,0.015056060225514534,5.007527444478299e-05,0.071415769156284,0.017613608463767028,0.1886543649464314,0.00258896629148464,-0.0011195857065556813,0.00913137742624004,0.012345718186354215,0.01859205425632826,-0.04102728139056344,0.009436009600002793,0.00520614024630861,0.01394514243372158,0.005210094145652322,0.03187469241541052,-0.007008063977341994,-0.016518161380531304,0.0032614473117020815,0.015441312738615487,0.01924695382064856
2024-02-02,-0.02166450067035397,-0.0073994543327984275,-0.005355173697307092,-0.003008081098499593,0.0011781959540360099,-0.004164751327615623,-0.018867934116719165,0.006455598701598619,-0.0022411798969187435,-0.003499554134879679,-0.0019910285684733298,-0.011073227849437872,-0.026193086216492634,-0.003817349895503308,-0.018496976756388506,0.00853515448050679,-0.0003238845927571177,-0.03369852514800209,-0.012013727733066748,-0.010849564454327942,-0.009964546178306333,0.0029443822938057806,0.017711455107354723
2024-02-05,-0.04831522161845969,-0.018104347027479983,-0.15551778773799718,-0.014683669976201963,-0.01698045920941127,-0.005488558887483785,-0.023378668305390038,-0.01844128801367151,-0.0048671320754780645,-0.01896342380726701,-0.035411433678912974,-0.013412220840728573,-0.014644319917485271,-0.01586872493622493,0.003123025177029559,-0.021888384540570294,-0.030136110388978787,-0.030514256128256423,-0.0058892456210640765,0.007498182976962697,-0.017988453117426917,-0.017742737567948974,-0.020431782921023545
2024-02-06,0.03945565679575891,-0.004338322153618401,0.00013772939057798972,0.012758861206359828,-0.020865391246663645,0.0005258031399881791,0.005598458991810773,0.07400782270981354,0.016553895008134534,0.022500575251960253,0.038521237386885065,0.007358555910835118,0.005156059763822496,0.03726642152284776,0.014170574313461914,0.011759563699399012,0.014032657542773386,0.00899304923070221,-0.0052655884573800105,0.00276801419582573,0.0168640586326414,0.011133219700478314,0.008404227376407558
2024-02-07,0.017961430995717675,0.021786512588441553,-0.012244876317145326,0.023332083197360687,0.021659302246978873,0.00288916937395034,0.03801115748594608,0.011256355632520698,0.000925226042207683,0.01525377281907736,-0.024147437246466952,0.019437992437050244,0.021726147593068568,0.003055804026863118,0.0,0.019377355715210376,0.0006590037751230682,-0.0002974591142328453,0.02679897876898396,0.013984982181658445,-0.0037172786572391425,0.006431207469028477,0.02133173221739315
2024-02-08,-0.006258209647017954,-0.02345414124507117,0.021032547425980264,-0.0004925401076305569,0.011112959188801064,0.0019644359152297675,-0.015350480524536914,0.009326075734359618,-0.003882473092937433,-0.0005418434519590676,-0.027551108205795982,-0.022225006552609283,0.030419456460073047,-0.0067891594912092845,0.0053985962079232674,0.001773290405642003,-0.009219636962731648,-0.009212381215825682,0.00042952372508686665,0.009436927472318946,-0.00530942799458578,0.0073902596793187225,0.008117654075719516
2024-02-09,0.01268256219652919,-0.006550301663727054,-0.0003184831523449505,0.0088683447632123,0.0005072943148944908,0.020520351957220795,0.006761763479592009,0.008643833249651678,0.002041741213244519,-0.0008378133449680192,-0.019936873004309796,-0.007079892072588745,0.010604571856241973,0.013091850429251428,0.004421973280504199,0.003292800149492514,-0.005649658982044614,-0.016496577624057096,0.0013418871523289688,0.00874922010584167,0.006852808933851318,-0.00131346388635456,0.006542578183286851
2024-02-12,0.037225873082954886,0.008791256360913158,0.012509094216752281,0.009962387930215977,0.022815732181585613,0.009989456938613195,0.026865689345990207,0.011672664666933397,0.014817324823666933,0.0012825949784627255,0.008832831231697869,0.004753582902298881,0.006806520839383268,0.0004527803327962765,0.011530559039282906,0.009788716396373243,0.02239300557970747,0.023482652081393773,-0.002358583624542998,-0.0007127750870874472,0.009456828599648803,-0.0042340494934025585,0.0005415952341176755
2024-02-13,-0.06570085955910365,-0.03267976888266222,-0.022372828286042812,-0.014312465819910525,-0.011566520682322667,-0.023332392976690652,-0.025617606387480785,-0.023806127547193356,-0.029384907865863452,0.08966378960711707,-0.02732792613339119,0.002116457480132228,-0.02507035842592842,-0.008007277370490895,-0.018341991277894376,-0.00948713861243522,-0.035305721784706035,-0.04529194160583594,-0.03557237015514603,-0.020093988884673508,-0.015329954366728127,-0.01034103454667068,-0.012534825895325508
2024-02-14,0.01951888290349202,0.0078828504790176,-0.002757308097432687,0.01246007152237194,0.036442798201201665,0.01385259539534811,0.008390903508598058,0.012118505390727119,0.007521675725660204,-0.019034140140062328,0.01472972617541446,-0.013790658779996523,-0.002311388634077205,0.005165096714835338,-0.0009500386599794464,0.023157840783422978,0.0013553846738272313,0.002496808966854669,0.008803325863545375,0.0034583367288347766,0.009802508305807756,0.012434680471216764,0.01678468897008023
2024-02-15,0.027187616735151243,0.004469297999526889,0.0458045064780086,0.011047067875578964,0.003871018110985336,-0.010053862319638895,0.011094534244807885,0.011825433748440917,0.02967517221642857,-0.0023045284113123454,0.028225758245962185,0.020912342201153455,0.015638500709591607,0.024593769099952922,0.02990260924535204,-0.007081064858688979,0.019966296085694335,0.02988795738069694,0.029272047117402167,0.009068647211269987,0.021297817325085955,0.004758243433061082,0.005640978612626801
2024-02-16,0.043319057305965414,0.005561641951054241,-0.0004406985308493816,0.0007667298531734978,-0.0024102637829800377,0.011718425808495692,0.002194587946303228,0.0,0.005619103036915041,-0.005035285462019479,0.015163541074178832,0.001850975869497118,0.020815484565501752,0.006858187262479554,0.002359636801425813,0.00789703627390037,0.013603225588588064,0.010580546103862831,-0.0041855261940861865,0.006471107107697938,-0.003580692262617813,-0.010975480169753138,0.05233841585998511
2024-02-20,-0.06338203960500555,0.008849508016072871,0.00546615228691083,0.004214014775317576,-0.0033821520490265877,-0.006563579070905767,-0.008029201680551878,-0.007012242705220051,-0.013878883713475343,0.004689443367853707,-0.017769823409579888,0.010346076578225949,-0.0016756033377486323,0.01003161104100525,-0.014636444744601684,-0.012466063304258257,-0.006219279753721052,-0.00717951725958299,-0.008567609914033936,0.00970347521811421,-0.005285244655182542,0.007053203846878464,-0.014775687819328809
2024-02-21,0.03248577010875531,0.00986864601880888,4.3835316000828684e-05,0.00581751377832207,-0.0033936298210796023,0.0075137900207826736,-0.0025753523953643276,0.016036403565757196,0.019009236982366007,0.0024954285675435894,0.01887791244516146,-0.06400101711742812,-0.015506316661815678,0.00802829333266808,0.011529866777992615,0.005927182915129503,-0.004281977282060256,0.00723143547539018,0.0020110220802929124,0.011378951797678116,0.010555337805147058,0.009734281773994491,0.008155053293081194
2024-02-22,-0.003120967546201725,0.00542879012974562,0.01490571001353902,0.02602755000187118,-0.000810782983333258,0.024816729551268457,0.009037260204285857,0.0125977210999626,0.004484395599881452,0.012861290693090499,-0.004889354763568554,0.034905139704067834,-0.006910327206549938,0.017225680652537267,0.009344845051266981,0.022114403336889188,0.06582863325883292,-0.0759799324017374,0.01242131663638224,0.009677171036167609,0.005117482078812241,0.020140974183983085,0.013849933869906517
2024-02-23,0.020900196437042107,0.0010799913117802706,0.005572375748590819,-0.007993708882481854,0.020610135663556628,0.008908653235555786,0.003472715154646311,0.00042907559960148056,0.00696414473484519,0.011924268150472983,0.007499066471408522,0.01283648435343343,0.006958412111075507,0.0011855505405626854,0.009970628304548645,0.0009486966558838184,-0.022967145287955737,0.012625587888348555,0.017894433603282023,0.012759816027581694,0.006904834910780089,0.006642517200959652,0.0011287338328542784
2024-02-26,0.007210953935499198,-0.014023879078820967,-0.014734256988358063,-0.0017701099109872498,-0.00810939418570189,0.0003730274153550539,-0.001457124350118466,-0.0007149719617401962,-0.005674581795267697,-0.009265146077938047,-0.023870461222231132,-0.03814608836465638,-0.026778173895724233,-0.005853840812656275,-0.004533225740765312,0.00843844772687885,0.00508265528635965,-0.04060107945956404,0.008421393248122522,-0.007582211225950597,-0.0140611513267338,0.0014906382665813567,0.01496709926973483
2024-02-27,0.058179681115027915,-0.0072100530136967045,0.010333077220939568,-0.0009797930370427643,0.0036872283925792892,-0.008205049407953191,0.005655016907061494,-0.004434072709075365,0.003566913858455978,0.00821691285788062,0.003418501801458307,-0.038367279407605204,0.01183458850366259,-0.0003148323555008936,0.001821529246698983,0.010428148944750637,-0.013274516729304908,-0.004998369480896159,0.007985817018454355,0.004021092143069449,-0.010046332118446744,0.01615437308137202,0.009498995173001568
2024-02-28,0.02698511009038773,-0.008938665798948309,0.002934471114619086,0.0002803444037771108,0.003353998207033859,0.001504297820185796,-0.010702052905086967,0.005923204777162905,-0.008457924765487346,0.013147803506893707,-0.019654213401391396,-0.016523305727569104,0.012280695666485375,0.014388695273809926,-0.002121022239093051,0.012556250685983983,-0.010570023729056577,0.00033491198073565265,-0.004815689533712919,0.00904000731541954,-0.0030516643109435027,0.005980695781630185,-0.004780692058374947
2024-02-29,0.043843569979891805,0.021420619705592836,0.007013324166834867,0.011066363353745556,0.022357020747042933,0.010262816261162211,-0.01581466504662765,-0.006319095368141681,0.014156150654530686,-0.0007555897154105651,0.010692474964415277,0.03127971167078547,0.02137508055811832,-0.005274880745192889,0.015082310766731055,0.020508814815836773,0.008740759592753777,0.04620037000809596,0.0005724761756515928,0.027387086702934438,0.007972854145847252,0.007128262447701372,0.013534081494885664
2024-03-01,0.03590872718009397,0.003311217660162402,0.008374687020737959,0.0008774224996155322,0.004061357897281237,0.022051497863554648,0.002615849134299131,0.00534763939562799,-0.0019684437152448497,0.002979885753759959,0.003173483963486712,0.005033344738246681,-0.008767042632232047,0.0008689933222685298,0.004241328940601141,0.022496860668619556,0.015083353386343923,0.022079821150138512,-0.008320478303417533,-0.005519169857474582,-0.014689512873172328,0.009637600982872474,0.007686815732307339
2024-03-04,-0.06722698898187396,0.008800804576776455,0.010211884282331551,-0.0027222783293220365,0.0037336208745168964,-0.03199980807655001,-0.0009318308624161054,0.001150115868309598,0.02241343776578808,0.0017294991198431031,0.010282129514676663,0.0021084663628563316,0.023965507817431453,0.014224985122340161,0.022222206053444715,0.020255952249164988,-0.010749177631256934,0.05648480638712661,-0.018563136876802,0.02908036145587234,-0.0021501041066349647,0.00557849111029185,0.0015705758867372577
2024-03-05,-0.17867861793071516,0.0,0.004907613833199376,0.0039475842735527955,-0.010539385735532814,-0.00425760271748532,0.006155615495491151,-0.009190082402584232,-0.0007014938138394378,-0.01102259459726107,-0.031315159463842446,0.008942656198504206,-0.0011142406688986473,0.011764546694098765,-0.0017705470652337185,0.0016612879388520074,-0.0015980815367974133,-0.0041817975467783874,-0.0126094682012583,-0.005123098721432684,-0.0030885922365424534,-0.01133220562267756,-0.010714955557556971
2024-03-06,0.09314436258773306,0.003271497869260731,0.014692333515331946,-0.009945895912011005,0.0034460848864898974,0.02590546614366951,0.0016684872104530957,0.018550739149415074,-0.0021059587585595674,0.0005818719224659485,0.027478470668963473,0.004953199361482863,-0.0039051974914329213,0.005749030597782978,-0.01547127856305286,0.0073808963489487844,0.013535352747676255,0.008398478646592267,-0.0008118122711103792,-0.00617941123644572,0.009582749812241609,0.00963150486049913,0.00890627348213524
2024-03-07,0.025671004253754015,0.023913007498900907,0.008514922197349284,0.009905586523141219,0.017483567473212336,0.028193234613936635,0.008513731317729256,0.01294808604137132,0.0014070131420667042,0.004607669647498591,0.04378608712969978,0.02269773999082303,0.00476048950384933,0.003623663024160173,-0.008907944182061533,0.007508344785361443,0.015262346126774684,0.008030923816055191,0.009531585721651581,0.00812678831600766,0.005566563734696217,0.024280066082991603,0.014326459978403872
2024-03-08,-0.0353007829375942,-0.006369349830993576,-0.014520468787879826,-0.0018968797453086106,0.0013806997176810665,0.005483745330933543,0.003486920618569922,0.002949839038238533,-0.005795551440067159,-0.0049427350255799585,0.001004717218023643,-0.001268256923214417,0.010033676333905506,-0.005888900009165754,-0.0008078493286099997,-0.02461152043984738,-0.010648275521913497,0.000590004992079507,-0.0031651139988725374,0.0067631622515682555,-0.0012065550443135509,-0.01151850640874541,-0.01648411047491738
2024-03-11,0.05425509498163095,0.011752212065054612,0.026199158980596993,0.0011124534679922693,0.010111937039015029,0.008655605353590445,0.007498220374940967,0.010504115601956077,0.014484890546136997,0.0019689988957694027,0.014303763577054873,0.02933336652714713,0.010485448929443919,0.01498231141465145,0.017384174523907836,-0.001909952506850221,0.0018992327769487005,0.039221329475349176,-0.005381380822709447,0.008598225469273135,0.012577407204371838,-0.000880598499282903,-0.0065615304922569395
2024-03-12,-0.006573130883578138,0.0021120298005408156,-0.012381883435226282,0.003796894387691374,-0.0065219872797861456,0.0039969471642329335,0.00036304292622113543,-0.001524464308524598,0.004353286209204388,-0.0015184615439460813,-0.0014843803172240877,0.0017272107306125495,-0.013380736753032418,0.004238674847458546,-0.0012915918127779369,0.012506045295185952,-0.009162699021006637,-0.03859217856197639,-0.010442794027633706,-0.005114990355736926,-0.00835082592486247,0.0067863830551693205,0.017474882679456183
2024-03-13,0.015008474651821535,0.003161091164297858,0.00988260692702192,-0.009040960409108068,-0.0030533588182788396,-0.008547260770667475,0.0034476206489713057,0.024153073777834377,0.005027577851332232,0.007246256074192159,0.07556971532225054,0.01724113875545541,0.00442876373650547,0.0102323141251639,0.011737969283268868,0.002917832482546956,0.018813764855239334,0.014462552046448307,0.006616156226656678,-0.012317901118584995,0.004033506554620203,-0.017187212515059058,-0.000964397106508863
2024-03-14,-0.0438632486193431,-0.009453850066835523,-0.008694104413540904,0.005306402876198435,-0.009647800702940135,-0.009565303665430958,-0.0018083214630173483,0.00040671118374557835,-0.011212790023917951,-0.00155431256577232,-0.0020732540078861605,-0.01210639927324253,-0.002756006258798349,-0.0020004725891646924,-0.016812552362202915,0.0026781719621562505,-0.010015644972595661,-0.004655046455737111,-0.0109179100582939,-0.0008734981301432576,-0.020580678487698068,-0.005611328887399347,0.005235141589144954
2024-03-15,0.0187673118340399,0.005302286373203735,-0.0020804424920962683,-0.001342912857647538,-0.009123290409551954,-0.005365443285750282,-0.001992721709785039,-0.005148400456284619,-0.004884680119111473,0.008317515176103019,0.029778409206536516,0.015318548834563961,0.0044213046192331795,-0.012048044530517554,-0.0009000596421794294,-0.016932201893523624,0.014859245314309044,-0.009646225747192871,0.03509234778037085,-0.0005464356598675613,-0.00791587416542383,-0.0007763459481010537,-0.014294506776533433
2024-03-18,0.01997702458592454,-0.0063292214225028065,0.004005940347567627,-0.005609989015749495,0.01092378784478587,0.030687981840525458,-0.006897886629884109,0.0012256887913577597,-0.005259474861020519,0.008800171103123589,-0.0029141825639389385,0.011587192999368279,-0.038789643082392966,-0.004527673457649484,-0.0006004897889123617,0.0008219279624834819,0.0037383722059309843,0.015938585747596656,0.007003424618707843,-0.010551736078006524,0.008776879929719206,0.0018227633043215175,0.009593158068801122
2024-03-19,-0.03242883755320913,-0.004246016462359559,-0.015430882849219008,0.0034504283496790134,-0.0024697877664804357,0.0036053124333199627,-0.000731057573019056,0.0027203317904913593,0.0003523609820703655,-0.0034191740233109336,-0.0033722711064240185,-0.009068164337134199,0.10961672413002521,0.0013302548549467552,-0.00020019294614270766,0.009232949535629587,-0.0018622880590046798,-0.024985560629954495,0.006058962403209689,0.012487575311373789,0.018192518977885097,0.003907083512816767,-0.0015219360133792437
2024-03-20,0.03243720943072903,-0.024520357411173088,-0.011868315209134894,0.0058548277440668706,0.009749325237074391,-0.0017382300610725432,0.019388952489368227,0.01071615474138854,0.024841649060011628,0.005586327855710449,0.03789762677953368,0.010475621140441538,0.011864581512409211,0.0001285872829743795,0.02464189092464175,0.002274709365818417,0.0034206179875688747,0.022050050358436435,0.013354498845705942,0.005348154768633373,0.0046608587579599625,0.013280826139224322,0.010148146341965036
2024-03-21,0.0032944850179463803,0.014207635744669878,-0.014480081003786172,0.009978150230804506,0.004291358530612133,-0.005688274243579761,0.0008972196232561735,0.00738166530314488,-0.004125904639448064,0.0009185526952941725,0.004998872601969628,-0.0023946650413084747,0.016569306504943704,-0.001049904426149384,-0.010167284516314101,0.015423401590313413,-0.007127507748251105,0.006705458396165209,0.014883571481274727,0.004288479497053688,0.00948985383649159,0.018120669807226708,0.014168161214128228
2024-03-22,-0.032035916706400824,-0.005387802289457677,0.005180686825476011,-0.013950461357365884,0.01052914522277626,-0.02323403507190025,-0.012728494537850521,0.009059398247882822,-0.004315483384618846,0.0019665500909453737,-0.024653938743778636,-0.00288028472887647,-0.008776570757361934,0.004160431067355086,-0.0026665754283963228,-0.009511614388017176,-0.02684130480543745,-0.02200970251968848,-0.009878773585437983,-0.0015675241297743447,-0.0073117743565708215,-0.012556664882813817,-0.004463362145301519
2024-03-25,-0.020767658173515224,0.006500461386373946,0.0035910732033128667,0.008024781333511699,0.004228439356761982,-0.007769506350860045,0.010168964736589237,0.002640680841237808,-0.00502788418680955,-0.009595556682557627,0.005543127637841927,-0.012879128769631154,0.0333923447176947,-0.002861534654471809,-0.004852438799697212,-0.003804842068363401,0.00352779978044393,0.00444181967521895,0.0053487672192573665,0.0140212238373294,-0.009890621972397873,-0.002537371519690357,-0.006341965065314148
2024-03-26,0.005576657144173103,-0.010764381686233282,0.0011365097661695245,0.009663675240722203,-0.0006015956177808368,-0.014456274698220195,0.012043634937352943,-0.005267452022836738,-0.0055758467873282536,0.005108612940600166,-0.013671342095452066,-0.0069505183392784,-0.06487131351798181,0.0013919364362080522,0.00646834337988933,0.008746608432366854,-0.025247677268872337,0.0023585178970060294,-0.007264140340558112,-0.0023489842714341513,0.0047469257591699066,0.0,0.004585310017290567
2024-03-27,0.08226195767349354,0.031556068184958264,0.02215862345108932,0.022013631843670778,0.010231974745816608,0.00977871810306552,0.012433485378008147,0.012708574872980494,0.01874896425841066,0.015466762576090032,0.025709869303347066,0.0515717439571044,0.031151849859181402,-0.0028230152666918196,0.017895857913446944,0.0028847432886924818,0.049508196324525855,0.03676464921047273,0.026043681581594536,0.011077287727187635,0.019179188612005182,0.014298337303775943,-0.0039435906039430035
2024-03-28,0.022826019758018345,0.0031645184027979667,0.003895039183834381,-0.004414989077215825,0.003276764576362501,0.007262844463159279,0.011754372620024212,0.0022222796174808934,-0.003611991568879258,-0.0037108307096922477,0.024847299252290567,0.004086901252252639,-0.0093934202909155,-0.004096827289628013,-0.00650794705082125,0.0033995091497696084,0.014057990065845072,0.016737571876707102,-0.003323917963863554,0.004445604506413847,0.002490626923108419,0.0012682386314066818,0.0004766953739920865
2024-04-01,-0.01943225845718677,-0.006309071632310759,0.004746751508869718,0.001433404315841047,0.0071255707754527275,0.001442386433548437,0.00017343462023711176,0.006912671676858606,0.005696431967427085,-0.012862690287615441,0.0065931407732229275,0.004418995010857074,0.00025635112631028356,-0.0019813850143969303,-0.0020532348308853754,-0.015506356076398942,-0.0009240383844546507,0.01646192656032741,0.0106115044650823,-0.005427281424777219,-0.010489978336254757,-0.026401301179204917,-0.011835275257515487
2024-04-02,-0.020900943956334017,-0.014814757196108252,-0.014707112887351714,-0.014313167173442554,-0.006190936326736729,-0.0046799134631902994,-0.008842003628469763,-0.004792704844560958,0.017679441723549294,-0.002105940152587693,0.02218445231533095,-0.024545432409188606,-0.008455138593403522,-0.004445285481985528,0.020672246329396238,-0.0038716134392364765,-0.009867527902024942,0.009882136091654559,-0.008149929340708462,-0.006622514858244721,-0.011995809454550699,-0.012420246829109693,-0.012755215252542418
2024-04-03,0.01889619561581357,-0.013963559281727989,-0.0010006362660885948,0.003494159844631417,-0.010085928578816183,0.0032548368666061034,0.0041980138490924634,0.0037744986940777547,0.011806318706903962,0.003561235228698445,0.02542369020760571,0.014836807644671435,0.009560682818611221,0.0024492920433674126,0.016125873127746937,0.013785607077708262,0.013702882650459491,0.011959748385318436,0.008972900275212137,0.006293345475035128,0.0004937877156832027,0.0009883097502330074,0.009464634741529698
2024-04-04,-0.06013807915010738,-0.0010893748772690115,-0.010392320348375339,-0.01808814914716561,-0.0112377565143289,0.035693069254062904,-0.008012351904404191,-0.01776456912770985,-0.0021669281319596223,-0.016121857557087393,-0.008667506785806522,-0.019181217788054927,0.0056307719779269405,-0.011265537679678306,-0.013791830064270538,-0.010304998921924824,0.007066197056834866,0.013161515120619915,-0.005245989345720514,-0.005405911935457031,-0.01382895445989929,-0.013252151504198006,-0.010715176745475619
2024-04-05,0.01923709441669952,0.0043620607783649845,0.0066214279802356835,0.004467185638310722,0.007273983148398333,-0.012415986591600592,-0.0017560666306251083,-0.0029041132727862795,-0.0028399935739472637,0.014115279322731267,0.005896720720339976,-0.00620092310594067,-0.016034394615733194,0.016270770593329598,0.0036397988771135203,0.02536040933101069,0.005186142952327444,0.05116648758166198,0.009392131995490827,5.3384123613220424e-05,-0.005222928414495787,0.006032884631391067,0.01602143611845186
2024-04-08,0.06674748332049396,-0.006514578750068223,-0.004399110506249193,0.00041256271494072294,0.002106178332999198,-0.06250731456457592,0.0117854560895585,0.009929747234512565,-0.00284808210883436,-0.004215140011359586,0.010713628810168796,0.020998261555074338,-0.011639932390378527,-0.006520193335517899,-0.009066669613155942,0.003422733353600993,-0.011836285237359911,-0.006305180341776517,-0.00044760837793444974,0.016198508883082274,0.006257002051195171,0.0013561786842744006,-0.0015917012434762956
2024-04-09,-0.01921155342876002,0.02513671873879253,0.00854260359509773,0.006049527708632985,0.011259688798960665,0.016668924450502942,0.0,0.013109600474531247,0.005880385334341431,-0.004409411397684138,0.02599986209558658,0.015160606800183496,-0.0018319433008279207,-0.008079453052926677,0.008957019963454549,-0.01753754823318776,0.023034480743278296,0.006852782772772015,-0.004978229136521017,-0.004457129177739105,0.016367891194801087,0.006770770887684963,-0.015200822568206651
2024-04-10,-0.011690922535193105,-0.028784759283330463,-0.01564717263436477,-0.018221563313981615,-0.008759246799735942,-0.0028354103637077133,-0.006258635668175416,-0.014104671544609926,-0.01703696871991056,-0.016121215900958163,-0.007407344328237309,-0.0020839423957625947,0.0028839244576486234,-0.016268636169656236,-0.011741209375043415,-0.006681735292579094,-0.018913143127450183,-0.015376823967323427,-0.008505133594112868,-0.010744628025861735,-0.03143464538168661,-0.0400236164283202,-0.0039907049742198275
2024-04-11,0.020838194130348153,-0.0043906936391088225,0.001441194508495336,-0.002412714014717876,-0.006290147233726118,-0.0006180898078798069,-0.01224627860222205,0.0006564384295970616,-0.00662693821448046,-0.006302015946573314,-0.0035348003623065782,0.004292362683588458,-0.011503190276463293,0.005571848451207728,-0.005988533495110304,0.000874029703538115,-0.01835986556328595,0.0002557524998891836,-0.0042385891536178555,-0.008199378317023998,-0.0009438402681876124,-0.0038610361177123798,0.0035530066835820495
2024-04-12,-0.059320172731830656,-0.01764080627752662,-0.019978744371507706,-0.017534911502489314,-0.012509247859781025,-0.033894148638557,-0.04782161537902274,-0.032004268941295155,-0.01317137361622256,0.004258209953541092,-0.02213895403669064,-0.034192044047038794,-0.01772024729607491,-0.012339997319691154,-0.01340969700101835,-0.008186821915847076,-0.029925361103678383,-0.011005724301819675,-0.014239242241728234,-0.021902502509714927,-0.02303778150219804,-0.00522014362221479,-0.010244840638024
2024-04-15,-0.01696849637657627,0.003367060906353414,-0.0015980446993099084,0.00023666686141976534,-0.013736310755345205,-0.00038395724834638933,-0.0016740737947800177,-0.004878002017631888,-0.00641378307534024,-0.01195365547484284,0.011117982925906711,-0.012199348835020718,-0.00996203509770599,-0.005945343336902442,-0.01053880097720361,-0.004766530774308886,-0.005141353110569735,-0.0051759921593562686,-0.0026732133956187676,-0.010098708037927784,0.004389047092673071,-0.013448625943033088,-0.008790727266231424
2024-04-16,-0.053029075157974614,-0.012304133842852893,-0.014708577818353885,-0.0008993491568145551,-0.01315387478775798,-0.004099117645628425,-0.006521382183341529,-0.011846450217701254,-0.008024919698398914,0.006117594166326512,-0.01219528841508788,0.004479787269166424,-0.023388886621909633,0.002315846246689679,-0.013039858853933661,-0.006675062490902883,-0.017441782293360353,-0.008584739402500596,-0.009793368802687219,-0.004324714494246984,-0.01118373446131582,-0.01780410063704041,-0.0074095115107493115
2024-04-17,0.0024539442804254463,0.0,0.0054882830133076155,-0.010279827716920709,0.00266586586462636,0.0006431558399848658,0.003938601931718022,0.007165416923452739,-0.0007034677268740186,-0.0051274702187431576,0.008297964971065941,-0.0013257586893631323,-0.023670062057023267,0.0022658072475709723,0.005546908988273147,-0.0038978355261084507,-0.004273655801846021,0.01180773525168699,0.003487691279506544,-0.005958420594532332,0.010860725256082615,0.0057719145281955875,-0.0010830136517195887
2024-04-18,-0.022641929724213306,0.007927389626180448,0.017510112155240565,0.0020582234337733762,0.006412128794648142,0.023007687885093775,0.00803285600831849,0.006020131285533026,-0.005807869193967474,-0.0001824249574430281,0.00682469340548475,0.009052492002699086,0.005704362185986023,-0.0008058857953369136,-0.003008772934125603,-0.0097650758557557,0.005942574229541586,-0.0002593777569827038,-0.010426299306081521,-0.001456330727963806,0.0011114956165381162,-0.0025146628310824815,-0.012351881126693498
2024-04-19,0.0031304901219439962,0.00786504038661029,-0.005922160010150779,0.010604211619066772,0.009324022625743389,-0.0015074828578635069,0.015566968786436375,0.004895740151310335,0.0030093397914809916,-0.00478984933948623,-0.010964964433724522,0.004425856760068125,0.0031199013632987604,-0.0002911803834232396,0.013480653210248494,-0.01914380623205114,0.017394254399711206,0.012192063494515848,0.003092691978287876,0.009200437382561155,-0.031159973471785563,-0.011054432230428013,-0.011800628800547108
2024-04-22,0.001248486108154756,0.006689273173710264,0.01174229849356978,0.0009452219564873854,0.007390395786525339,-0.00843094363075847,0.007299355032385435,0.0002708521664722685,0.005824270381613372,0.00527110028744171,-0.013303770102854329,0.010956081869635259,-0.017246442241986015,0.0015012446572542082,-0.0014889006287447382,0.014638056431407032,-0.008387063742504641,-0.03997940485736029,0.001410920749311595,-0.0033352987729827754,0.001986236471678282,0.010785816803350778,0.009600880594092587
2024-04-23,0.017098567886983274,-0.005537256533064361,-0.0027735690253108958,-0.002077736774235839,0.0010698279374148356,-0.0032995383106794174,-0.0003623194827004905,-0.001488334951682324,-0.004386741043223563,0.0015960310854834514,-0.01961179157284887,0.006361373011334992,-0.010069080817917575,-0.004273219778544335,-0.00039762021334999176,0.01723378989444968,-0.010735286652212794,0.006673902398178555,-0.0886604668678792,-0.04690703918261141,-0.00556572650055942,-0.022311642895882056,0.019097770244055567
2024-04-24,0.009280984059167663,0.008908805120314334,0.004150482287355928,0.0051577319921924936,-0.004732823718818779,0.00904002279317151,-0.007430276974537797,0.0021682503922428875,0.004229810984725191,0.005098791483649334,0.005209369047369794,-0.003394637304261483,0.0005813287837073133,-0.0016626558058140395,0.002287360605529809,-0.004323952999949365,0.002630729302654844,0.02360095038486465,-0.010764983182877219,0.017790107657142062,0.0006901093809386083,0.004531184461090465,-0.011336504105411649
2024-04-25,-0.00251571877453427,-0.01214126020412254,0.0017045108956097454,0.022314488343968764,0.003988405646820237,0.009085229415116025,-0.0012779670956516442,-0.006219823514716061,-0.009477085750004721,-0.004484188561345248,0.02404641830650389,-0.009396307241767765,-0.026430568093392837,-0.0011028580026692936,-0.010914838768853907,0.008871019703893479,-0.006887469490523768,0.12461145228666481,0.018059707533643277,-0.015351975214076496,-0.009883587015565132,0.0035558598808160813,0.008346317146714632
2024-04-26,0.016524546776216953,0.00223434868178618,0.004253854290430903,0.008611114272466747,0.0664630785978848,0.00037518084747234504,0.004021873209982152,0.002857043257232128,0.015060186507380946,0.0059602723798948265,0.022267234295386906,0.003201380637473328,0.009248353841571522,-0.0014644307039842763,0.024578523987355938,0.013264692300402947,-0.000990835029929249,-0.015664638353700577,-0.0026154627218707427,0.009343081013341914,0.007196553552132778,0.005380552241777359,0.01044319991996745
2024-04-29,0.07571885302394055,0.008918933341502067,0.008641008887585677,-0.002922042642625633,0.013180489436261933,0.010374797787323864,0.01056076329228084,0.002577822580401179,0.008902184229220289,0.0025780518762332783,0.03782170336753232,0.013591723934830213,0.044043766003155405,0.004264599478646325,-0.004210186048262288,-0.0038842356371482367,0.020165401931248272,-0.010999112708011571,-0.0010260553081873347,0.02429864587017927,0.004456126014994233,-0.0011748677662912765,0.0008040735601764215
2024-04-30,-0.04310828483696194,-0.012154868793478601,-0.007475072061340238,-0.005082778964039636,-0.016261280163907044,-0.023011327264980785,-0.024684553668797404,-0.018944490677608727,-0.015570881631310485,0.020210091537912422,-0.047128356751762635,-0.012943061309208304,-0.010758930875045203,-0.00923455744755075,-0.017010755889912077,-0.025836421546577726,0.017174295788686456,-0.038334257050748,-0.03829037438458338,-0.022988012462162755,-0.013308947153488404,-0.021170252257655342,-0.014610978527664575
2024-05-01,-0.010888568974964152,0.09619680976022305,0.004865783632750809,0.0025314389457371522,-0.018542635461809898,-0.012662861005600101,-0.004064368869054036,0.0801379732688221,0.005799703641090614,-0.005173369524323679,-0.0006007780413503916,-0.007796969878173354,0.009731104963247361,0.003764607556549837,-0.004501376551566683,0.00645587356378563,-0.04651156106086929,-0.0014763218434376002,0.0008306693345991878,0.007052709171431637,0.015116213533590939,0.0124493603344904,0.00815111201905605
2024-05-02,0.05294114553000839,0.007143008943182316,0.026106465998529282,0.007712396467954852,-0.0042469983259972865,-0.05258446947734963,0.05694682810280205,-0.007151168805039521,-0.006989428367061956,0.0079117806412361,-0.02264068198085667,0.033575537914864784,0.015022527453879553,-0.05196333245051643,-0.0074357892356601285,-0.0015231271104996225,-0.05078512074793773,0.011581961754762116,0.010968199763405684,0.006544263584901122,0.009927513989242298,0.0036921854090485873,0.018018736699774385
2024-05-03,0.022346412519191228,0.014184341828594071,0.008945570674830927,0.009293462188443513,0.008824662549025142,0.0029783057427583692,0.0031590085826636027,-0.0010289654765359701,0.003695252509957836,0.0032634349742577395,0.03423535579351755,-0.0019582910444777557,0.013124859742997153,0.009484774940351048,0.003442067668938842,0.0018137940897762217,0.009503615852020086,-0.009500490142264617,0.019938989197912926,0.005303994055007477,0.0050660711683128135,0.02246614394797608,0.00011357449140447784
2024-05-06,0.020921167186505274,0.007992027205413033,0.0070364885277860445,0.002663091153139341,0.004519550640036618,0.00566884362502873,-0.01399589367253018,0.011072608251953886,0.005259397417859191,0.0063734732636371305,0.010703674320204026,0.023314767871737363,0.017640526819682867,0.007129304126965996,0.00625497153251553,0.014821444375724413,0.012552268048269033,0.017953713894610424,-0.01667419044097662,-0.0006807223600913126,0.0009028680237574971,0.011853575821523465,0.008205824393100913
2024-05-07,0.0058875859486009485,0.00297329128766588,0.0042406939348211825,0.007922828388904568,0.004499101589447996,0.006442019439791391,0.020582010185261623,0.009677673313291724,0.017788687726438823,0.01734019225846617,0.007844600930476675,0.06395224348850692,0.05200431379383108,0.007922750101813314,0.01714444179745178,-0.0016340021058728338,0.028925614874271144,0.00120802327754288,0.004502300621070265,0.01703093361320751,0.008794565550557687,0.01193668133040604,0.006526550981384549
2024-05-08,-0.008285658479141533,0.009881359524403832,-0.009571857192545608,0.00535959012116316,0.009825188122417838,-0.02320310312647078,-0.012169701637026797,-0.013746958569015977,0.004797783630751784,0.0013309188185768317,-0.027826453338032908,0.030743209563408813,0.011328668672998754,-0.00532554394035567,0.007195813500490811,-0.003623906806204613,-0.01037486851694247,0.0024130356237259676,-0.011583903801216211,-0.003404905506038003,-0.00581211147957994,0.0007843102709115257,-0.0015649595489988233
2024-05-09,0.02368560385353846,0.009784759270947019,0.017622972341397647,0.011283943051203948,-0.0040060039212602705,0.014197930206505172,0.01777556631824706,0.007672669499382279,0.013813132947186224,0.0015005731402226719,0.022417975096619358,-0.001748341468902903,0.014256647933750255,0.00502669695793001,-0.005382689882600267,0.010995094834547636,0.01082191281138667,0.03129519225604138,0.026914053788692716,0.010305816879969898,0.011824242747120906,0.004545786631168003,0.0103010176868501
2024-05-10,-0.029427378207654176,0.0038759781948032312,-0.00023937620534719706,-0.008917560278007941,-0.006464723607965794,-0.004576714778282476,-0.006052265896679732,-0.0005076273106404683,-0.000672894757432041,-0.0002567831144449917,0.009984290197313506,0.0012363139159712322,-0.03162638281312091,0.01053840564561015,-0.0025581725264161026,0.011985923905346585,-0.015389869490202046,-0.008169855891712707,0.0005734632181506605,-0.005433130019496635,0.007294304100502691,0.0012793162025688254,0.005098166580227215
2024-05-13,0.01458103181608883,0.0009652954819474591,-0.0011573587934202711,-0.0023935847461593607,0.0015905862869081133,0.00419203437000637,-0.003131529338064043,0.0013966840992545304,-0.0008415361045235326,-0.00757972165235643,0.008722766976293705,-0.006791741752861458,0.02436479339209785,0.0008978255902134524,-0.0004934238996691098,-0.0038987024911233403,0.001019313087913254,-0.0007061617636532347,-0.004184017896635139,0.011315525621254263,0.0030299349418683175,-0.015552030424769825,-0.007277444412806644
2024-05-14,0.030035750821473695,0.005785849966540857,-0.006792973000382063,0.002976894821112852,0.010971524698670354,0.008405637612454386,0.004362975048128881,-0.0065930554603768066,0.004885437059087394,0.0006472964108292789,0.027671014929874893,0.0011397527224572546,0.008350305498981747,-0.006141104985657675,0.001973955781676473,-0.0031577410621786983,0.02104555954703069,0.0025907154853905823,-0.006446531681100542,0.001157428195793786,-0.00265212742428822,-0.005761873573421394,-0.008663759640291424
2024-05-15,-0.05824600684574155,-0.008629017521315396,0.012230438355091744,0.0016391188627062903,0.007139872074096942,0.005915636694725945,-0.0072980823868996625,-0.0016592640943693393,-0.009890956798239703,0.004527807224659064,0.002430777432752995,-0.0012417329179382763,-0.003513314101150744,-0.0029853219905929818,-0.012312918478857404,0.010806299456743718,0.004321757449705643,0.014564159922221043,0.020797277114847912,0.0021471640444521434,-0.0025118382719095944,0.007387460490666742,0.010270556642365536
2024-05-16,0.012699132758816178,0.00193432535494642,0.021621639681272953,-0.006766696358545432,-0.0043954594546661285,0.03341356635944037,-0.01977938353558284,-0.00830986468663597,-0.006095744018841054,-0.0013735710481568297,-0.029285537467074962,0.0136772869539048,0.020397768493412904,-0.0026228773672219985,-0.003290971572240675,-0.05058096024166536,0.018537019192522264,-0.00810365023707893,-0.015776611734308443,0.002032670372845491,-0.0019252222693360022,-0.005179610383795885,-0.03881687309483195
2024-05-17,0.014938968109357464,-0.008687236999637249,0.022020046215990963,0.007658670299510284,-0.0015664633566895292,-0.014226545238199217,0.008035763262297158,0.030166255560613253,0.008347603835019868,0.0044274307432967674,0.04208279294224093,0.01901253099562661,0.0029616040632542973,0.006586064444854323,0.00970595334492197,-0.0016163112495284349,-0.005199900541722369,0.021008439187726324,-0.007553676427423661,0.00400234729846205,-0.0025226617950940833,-0.0051589962742180084,-0.003461618409881906
2024-05-20,-0.007397790174098806,-0.0194741571138074,0.013361034314362641,-0.0011047453628600934,-0.00028519692780282213,0.030700444458106713,0.005137263701570749,-0.000500576029331401,0.0008448878835047857,0.004408182256535165,0.011617352751810417,-0.008727170869515688,0.013287499863114949,0.0002079910238828031,-0.008027037044174512,0.0040465737044446115,0.0055536645336340396,0.01600350316048771,-0.006913833628169219,-0.008573302649396597,-0.0049835075018097585,-0.009538977170864382,0.004283997522623206
2024-05-21,-0.026968746366405116,0.012569057340686474,-0.005822327116398074,0.013669606612062069,0.0031387371861375524,0.00025473397663033914,-0.0015862198050990983,-0.004382313698201634,-0.005570687714883893,0.0013209478123172858,-0.009843244111238048,-0.009309839910631279,0.01724140415449571,0.005617212887807366,0.0003995666030631728,-0.0030697023614891794,0.002599172480616696,-0.009000648461962246,0.00696196751328082,0.0015973102422177643,-0.0002990741664740115,0.0017451638277949932,0.007570731252749763
2024-05-22,-0.001263422693033589,0.0,-3.786968832575344e-05,0.0003491397330050994,-0.0027022255088560154,0.013998325351523011,0.005825287517021938,-0.012198105153071848,-0.022237435817644258,-0.005531985876838008,-0.05688512060934592,-0.020020361461686287,0.00501282320709584,-0.0005746396058339265,-0.016177338881676606,-0.013865299904744832,0.028839917879889265,-0.037466088983696855,-0.0059258810917091065,-0.0030246115288131703,0.00725339130030922,-0.008839768019484606,-0.0049963853337391395
2024-05-23,-0.02790964214828795,-0.01886783708761952,-0.0062347473290627065,-0.009554058073214078,-0.02224759196710835,-0.01782111454698687,-0.0247455328930678,0.0048378082234463715,-0.011805391417102462,-0.0024390553470236,-0.0005855735062494372,-0.015322106895760745,0.060595324820926555,-0.005727081145297297,-0.011165219636207424,0.000366400363182251,-0.02236224789034147,-0.02736493552511088,0.0025129726215138426,-0.005846369781109084,-0.02731988675561814,-0.013443314044355614,-0.01228841982759099
2024-05-24,0.03773888633985134,0.006072818186160012,0.00612185865819681,8.807847268821334e-05,0.00466723544279235,-0.009583501653812831,-0.0010798619720215896,0.02774601136097332,0.01475748378219599,0.005061467662228036,0.006445159278880341,0.01767771140250085,0.0294384915645729,0.0075644752206835975,0.011496661495844496,0.009939489980035132,-0.0019328855726191696,0.018190669066473264,-0.0015157828403664642,0.019584840687449256,0.003052899189193381,0.0057737280328324925,0.007931227106668937
2024-05-28,0.0013325081693593699,-0.01106647028955765,7.5570413053061e-05,-0.009469510356508226,-0.020615389095491654,0.015481870648826224,0.002702326606349059,0.011957588506496863,0.004847699027385799,-0.023088984717101302,0.04075303525091489,-0.010505509437025662,-0.006819211637058897,-0.012971586661658874,0.0017249958442406843,-0.015263313834622094,0.00484163832790907,0.010004762100677578,-0.016815599621031962,-0.015508703433311344,-0.013848751065323905,-0.010201975776957806,-0.020327794088646045
2024-05-29,-0.03381343068655707,-0.01017275904823789,-0.01647591517132141,-0.01311683168316835,-0.013637685901266683,-0.02045477042655741,-0.024973129709682795,-0.009988984119678412,-0.017918689101021235,-0.012101337146841695,-0.016035913140352576,-0.0044150553867827735,-0.016611318197850555,-0.008699370977696574,-0.01914689142947623,-0.011397009301282068,-0.043366501014897585,-0.01792459597226137,-0.010629953219244537,-0.009727976362813306,-0.01890440382669989,-0.014251005880532297,-0.008150305787670176
2024-05-30,0.0027543560733096495,0.015416183484256774,0.000883706673730611,0.006893452998401939,0.03186065045059916,-0.0015566176074193194,0.017873663904253823,0.006767582672767336,0.00684210036857813,0.011365061836068335,-0.008717037556127183,0.008763728787771763,0.004053935019025401,0.009221478115371884,0.004957607912143391,0.005870643816500376,0.009402305470503691,0.006003852992801262,0.0004200987601590267,0.01294939127605077,0.015493556462571556,0.015533029509051222,0.008614192000505616
2024-05-31,-0.009613894540069112,0.02935221698188295,0.02380053905177748,0.01839095399945556,0.011214493638077583,0.03572376738602445,0.01267192843127396,0.008840694333752896,0.016581526621760823,0.015303917170417014,0.008029147527099934,0.006698492828651315,0.011440196260039004,0.012578187241032435,0.02178839469374827,0.00872804671724059,0.028942127001843954,0.0011935095902078086,0.013079908836884258,0.011075607582359037,0.01773542705104747,0.005793607337559292,0.006651540092292185
2024-06-03,-0.01386727064955584,0.003933100245619103,0.015785486948247218,-0.0019333112339153802,0.0062112380540100265,0.010159192143649243,-0.006614136632790868,-0.01862221219103155,-0.027069388766288838,0.0031009209174401864,-0.013085436349889568,-0.0009357609852769233,0.010201891222405779,-0.0027323741134240853,-0.026305219403790714,-0.013879622077112908,-0.010992546662997316,-0.0011920868231520831,-0.012081938771494327,-0.0033787924265674674,0.0019025376068204647,-0.005826016870949746,-0.013996963736212065
2024-06-04,-0.02134174535679778,-0.002938437968190599,-0.002251923792975008,0.0014087938124984767,-0.00803904244986986,-0.0003724084585537968,-0.030860884836153568,-0.0035965879505058806,-0.016407909857858893,0.011162506012157847,-0.04496546523902878,0.002289622947459602,-0.029198606476996014,-0.004157580184987908,-0.011204027705612463,-0.01350700972677632,-0.027459950245037557,-0.026657006366679892,-0.033750871974961294,-0.004593608310556552,0.00015181106371842112,0.0126145062183598,-0.006860002013123645
2024-06-05,0.002873853803595283,0.0029470978323571373,0.00011123855700634344,0.005869665156190029,0.01288001150481266,-0.04558450841510164,0.0067038751367198834,0.0034854370733667928,0.00979136007595538,0.015582538075911145,0.015895253215227223,0.01796286618738674,0.004070436303297953,0.00913854303211048,0.006671513545242869,0.0055414276723444456,-0.020504246211694888,0.01406366930872105,0.00316414602431081,0.003790607655534961,0.011619072832461885,0.007814630240936538,0.002874825376273371
2024-06-06,-0.00396123518685354,-0.004897199109538564,-0.002256635763129178,-0.004387501851710551,-0.002857742027157384,0.005986581386242085,0.01590823463179092,-0.004589637970615956,-0.0001794283725462531,0.005560525730264887,0.015052546857882598,-0.0014281117546998123,0.0006757030422497312,-0.0028270536038162986,0.0018935811700329097,-0.013598571668775872,0.0044936806845690125,0.03406312739609074,0.010204717171587108,0.002024994413519332,-0.01944313335353709,-0.01352893793580412,-0.010351146556562107
2024-06-07,-0.027415814645496583,-0.014763814020872679,0.03637087424446861,-0.0027763501939302992,-0.018913843204708014,0.007244451932142848,-0.03678072528009513,-0.0029906758677651357,0.0008979298008231495,-0.005529777261519597,-0.03863415001661863,0.005924411014008646,0.01755575574049395,-0.0003457382939270337,0.008609802266016597,-0.0007435244404221386,-0.026840976731748678,-0.05035281348135301,-0.014325874754750334,0.0026762678900631443,-0.016919064985877474,-0.03982759360272792,-0.003982662916848567
2024-06-10,-0.007656230375687967,-0.009990091237112142,0.009945644725040115,-0.006849603458139453,-0.0010223737701902103,0.010403087834750968,-0.022495267785826778,-0.001624745932743421,0.005741971000290391,-0.0017558455683500673,0.014816242483226327,-0.017363813549474805,-0.009289984768890425,-0.003919770826779967,-0.0052049946174926864,0.0026682423605779437,0.01697307100175216,0.023290347173042347,-0.022919380545835644,0.00452127245906131,0.00038925896512642666,0.003973313916535881,0.000888519393167142
2024-06-11,-0.0007890490357957969,0.007063595293087532,-0.005313515387973533,0.0021802270267201607,-0.007894839844541424,-0.023642857623695,-0.001353694079474832,-0.0027541973931738406,0.0017840826384400987,0.007706173418912776,-0.013199923811730185,0.0040301032266689685,0.005804883476966616,0.008055565495490136,0.008057691400868094,-0.01160515259731354,-0.016342159215856134,-0.015738536852757057,-0.011950904003849794,-0.0017352490707022161,0.008640986952937357,0.009859616830177664,-0.012792011751755261
2024-06-12,-0.011582020057630316,0.007014050876332112,0.007976869921053398,0.013230917367878847,-0.010609909676059903,-0.021090911142237267,0.005809356248373199,0.010921465665040486,0.0017809053561135268,0.004446952389424164,-0.0028374594915636653,-0.003911130000608276,-0.0031075666367730292,-0.003008222937790128,-0.004359981503726296,0.019874405084314484,-0.007423197685267446,0.008364338706152274,-0.006369450037798319,0.003911097136751973,0.0064828962099148235,0.011115136569065376,0.018312577746637748
2024-06-13,-0.03923645276887855,-0.0009950158057973058,0.00798456155901306,0.0006573625764410007,-0.013702853852293084,-0.029791521776736385,-0.006931038187080851,-0.00558801019554056,-0.0033777591051059597,-0.0006207007077305704,-0.024593392090089816,-0.017772102632508724,0.009797176429167553,0.012967281975603928,-0.0036492129826166675,0.01979246394024048,-0.017806143459524026,-0.010490570310661584,-0.002071996274842336,0.0016773732767447758,-0.004754344830896318,0.0038758690152849162,0.019388198017512792
2024-06-14,-0.040063054209695026,-0.007968226942540402,-0.03564528679986212,-0.008013728900282957,-0.0031710379446038273,0.004249815266073043,-0.007754718155800422,-0.005244773526616675,-0.01855155551860943,-0.006127417236658217,0.002500349962321735,-0.0054703284586121725,-0.010143216842167568,-0.006480084803702879,-0.02113872912522141,-0.001673307961507331,-0.01522851594880803,0.006410291340964047,0.0036985824780411125,-0.006472031088197605,-0.019030605776616638,-0.01151619844542251,-0.005158438045464786
2024-06-17,-0.02782357084881859,0.0,-0.007378278671909877,0.008210788067130936,0.006514045412764569,0.01037393822252164,0.016803266346695267,0.009540603511382972,0.0038168144766610457,0.013122116416348195,-0.01766784250550979,0.0027502510666685964,0.010692769748315012,0.008421924904778555,0.004383282209349693,0.012437239845629167,-0.009572837131793244,0.002204757724652895,0.017389677926524127,0.01291874233342738,0.007461518340014184,0.019731089759378984,0.014684981878229086
2024-06-18,-0.010831598143943522,0.0010040937732649358,0.005821843009473415,-0.005910970689363415,-0.06291392612182045,-0.006349510222762422,-0.0028824640854152594,0.003730383105801094,0.003802380801706029,0.0027203303579252935,0.00909858482971937,0.014135047007727941,0.01939606028901264,-0.0013844204319777287,0.015220778648455502,-0.026624739978045597,0.009665362068696615,0.021510720822549123,-0.011119753233148288,0.004539652402474115,-0.003196388322036725,-0.008782936010037656,-0.0028866706957710875
2024-06-20,-0.05776590730009534,-0.00902691240034148,-0.009573937704260516,-0.004580539456341404,-0.029392858793786614,0.007885573059292827,0.009250489293885833,-0.010530163551045635,-0.02218628666838618,0.0024660972445866847,0.035017924565017955,0.00031191142314446196,0.0064864769820565105,0.005931591722206031,-0.0034598405253292164,-0.032472910835179,0.02061850492658812,0.02440764443819865,0.007581994335513098,-0.0023133154596468586,0.004692525551506677,0.0038641451833509866,-0.0357966179311916
2024-06-21,0.009276186601383518,0.007085042022334287,0.003087404527947646,0.004159302414248778,0.0038060314307388765,-0.013759572156301303,0.01050203788231907,-0.0005009630452580405,-0.004058171988189585,0.00041011152900649606,0.004051984649679818,0.0021927603569282805,-0.010096508464920939,0.00027116097286583596,0.0016834021170011315,0.006753142765633768,0.0028859328345494095,-0.012847518199306296,0.004910396981971044,-0.011431738672505132,0.0010120436840197478,-0.0002987358268340401,0.005477378639639818
2024-06-24,0.01838169285929614,0.006030007855295727,-0.0073651189294337005,0.011368585015299582,0.015166531729876587,0.034058227740293656,-0.00018889999448490347,0.015658272886182933,0.011668727714357674,0.0026639937999091146,0.01654553831431871,0.019587538627028778,0.026909745359401382,0.0008806794331830403,0.02426212515826842,-0.005439968332087708,0.047122434053835205,0.00804558529933308,-0.012818818951373712,0.035073308872133335,-0.0034217128410767295,-0.002356915786086655,-0.0009280535588712668
2024-06-25,-0.037655734742239044,-0.012986894135095017,-0.014064198821573504,-0.016556324602087336,-0.0029230437555719524,-0.0021162816022647357,0.0024569013515316485,-0.007646661756574247,-0.026730020988156133,-0.014143287424772333,-0.009924634867260695,-0.020028482732597608,-0.01542691158805587,-0.004445467651526314,-0.020918742167092108,-0.011419485714161737,0.00858819359588936,-0.01643199904388093,-0.02622777324550185,-0.012383882106388078,-0.02286376718477212,-0.019530730520227024,-0.005775922509057452
2024-06-26,0.0809529944151628,-0.004048632929254392,-0.01269239733830485,-0.0073542420501618855,-0.012052129733252648,0.010339324223351376,0.01131225647343137,-0.0053443452449709605,0.0007522813455074218,-0.0021974591539498656,-0.008219775748632752,0.0030239010748567274,0.00042908403380015336,-0.006233483760715419,0.0031418366497268924,0.0012896517350957648,0.008174326082851957,-0.01073983207290996,0.02033269773680879,-0.004268839506459954,0.00023968559639642173,0.007397860312146287,-0.0010968176717750522
2024-06-27,-0.03998818598136966,-0.003048752372327712,-0.0023890200830698483,-0.0029457109033684814,0.0069239643195713185,-0.01915520851021635,0.00018643716540145405,-0.0006247339470486502,-0.00451119728526006,-0.0045709281179387995,-0.023246273336044565,-0.0048861930379469065,-0.0720874866064306,0.004105684706003698,0.000522170200841332,0.004872436410942482,-0.0027027056768924584,0.009408929909066277,0.0009705994360433845,-0.01832705604838103,-0.002794459766006785,0.00047155403005683105,0.007645830100531548
2024-06-28,-0.007790622160852023,-0.00305816378381385,-0.019082469586430784,-0.021262318823363935,-0.017354315902526896,-0.008560669775812602,0.005405451794212368,0.006376571149771415,0.0016994166484167739,-0.006470399570157048,0.005794630593213279,-0.005328151131973158,-0.002312070714956649,-0.0032028705714113315,-0.0017738934395739037,0.006520592860103536,-0.02100273320217194,0.0007170029597007854,0.025361502260240476,-0.0034389701964954167,0.00792614346736209,0.004814669244999292,0.0037132766502265824
2024-07-01,0.019786540263586394,-0.018405003931412978,-0.03488371728809714,-0.024193734120949606,-0.007830742043443362,-0.00998379607477018,-0.016129097594889452,-0.01515714824040304,-0.007917019391445734,-0.010504296679827885,-0.003909379644855937,-0.02174133779053855,0.004403260390591024,-0.022492634609466378,-0.010662834046073155,-0.017995696086026247,-0.032525917773201685,-0.005254191546859799,-0.006832060875013646,-0.013694076938483901,-0.015171807367541645,-0.008846157817883782,-0.01994524160312905
2024-07-02,-0.00359311852850297,-0.0020831343447907935,0.014797433628117584,0.008248793150109845,0.0026868257605494605,-0.03475062178480259,-0.0056528939595292815,0.0011354784763684123,0.0015198799417550646,0.0006368850066753584,0.006197088706567211,0.017178415665830116,0.0036917275474313005,0.002680952971836348,0.003064313723271761,0.005225110136100053,-0.006795283828664678,0.0014404526210864965,-0.0034395295125178027,-0.01416202956491086,0.0072591018850582945,-0.003854063367991656,0.005539213008641797
2024-07-03,0.031217900201681248,0.004175055915041526,0.007968130293178,0.007949150170621255,0.005359120269773143,-0.012282875446246067,-0.00549551994932973,-0.0021421557823776416,0.0032252988064134236,0.0008487717099536773,0.03982744418822448,0.002955353981809905,0.00091960947963865,0.006626529700707096,0.0025281068121367767,-0.002823286798729896,-0.007922372392263122,0.04171663606839204,-0.00025565558819085066,0.011661267822909327,-7.996202126936414e-05,0.008722360448518707,-0.004692590882899306
2024-07-05,-0.01738438526116448,-0.012473900412544592,-0.0013043562134313902,-0.0036435624351286444,-0.006496734678725913,0.002572823746318953,-0.0007620837108436307,-0.002525763136483783,-0.012292004503426601,0.00992158656630826,0.017176710954209806,0.0028414681200770175,-0.016536703311345713,0.006421287089228622,-0.01670694067808287,0.00641269225962926,-0.013430141928218231,0.024395764883661908,-0.01649375082521043,-0.011192698451079841,0.002882932440511965,-0.005113991562107678,0.001189031596994461
2024-07-08,0.008134243225631055,0.013684358952199549,0.00882579983691878,-0.004350983853357526,0.004694833511253993,-0.01083539815841128,-0.013730052033837592,0.006077004355300231,0.01091329117392692,0.01969008021417129,-0.007569834633981309,0.020988596384273972,0.008173755270552308,4.57900254038357e-05,0.009296785429047993,-0.012594500797933117,-0.004415165801662346,-0.008537385788823015,-0.008905453062713509,0.011150741790119323,0.014133945151610483,0.015387044715973408,-0.009172664064560965
2024-07-09,-0.08754409293587895,-0.007269063488963834,-0.0007847161307189543,-0.009762725902248914,-0.017690151669013554,0.007062707843204841,-0.0193349954749793,-0.011828413562357754,-0.02310594046265102,-0.002593702945568488,-0.006454059844392512,-0.004933754016548164,-0.014361791894863196,-0.010418808844699146,-0.013234393286497226,0.0013020763463285068,-0.005543018638105801,-0.005438637552919845,-0.01456024374741638,-0.017989550953736,-0.013700825198411426,-0.004463034199730931,0.0011572537017272566
2024-07-10,0.0710733173990361,0.019874476325524748,0.003769267716466018,0.016525769643593424,0.007305337488331176,-0.0017175780725136036,0.005914962490284781,0.013243252631774505,0.002520124194156592,0.004210401790938123,0.015550985802869066,-0.005577777792401317,0.0035253085014375074,0.008696648222543235,-0.003755513451049408,0.02722940799829998,-0.0029728756868003803,0.03577156098089995,0.020698529842833713,0.018999308617059674,0.011017188555352941,0.021611870689102197,0.02258004143542891
2024-07-11,0.010835843576540327,0.0061539672471517815,0.009152736382579185,0.006096360280428481,0.020408263549502426,0.008602205954591158,0.024500093187507677,0.014326931985123803,0.013537163743785552,0.005056036910119355,-0.001550734412088084,0.01350364205753185,0.004918035200907944,-0.0001380466749461018,0.014108923546015895,0.019500527993044692,0.04696225370255225,0.037615254848402335,0.036515583967494214,0.017254103035369006,0.024241950219329844,0.02816267673156614,0.028136650685720133
2024-07-12,-0.0008167058001504746,0.010193497530141205,0.012829298009915169,0.013037047082783637,0.00495861927862129,0.0041220745417984705,0.015879120448457407,0.0021064038118692174,0.009540040595917398,0.006625868245774047,-0.004465095459098567,0.007686801092779083,0.016779299763336697,0.013359647944659159,0.009558116908254144,-0.002213188265952848,0.010680042140075674,0.007208023868384483,0.013462412854254202,0.014608419198299138,0.0070154125659063205,0.014013988210435535,-0.008559520437789292
2024-07-15,-0.02431802679265005,-0.0070634208790207875,-0.005625343635322411,-0.00829233011803221,0.005098760436354377,0.0015572091776403507,-0.0037664422247146723,-0.00840751261573991,0.006804173567329874,-0.01734927148424581,-0.013886102251261412,-0.021562269749606622,0.011689100648399453,-0.00571810633383496,0.006206680916319485,0.003696791724841386,0.016202977478984915,-0.003367672981084646,0.02340156405533511,0.0017256239736529455,0.0019908015200711393,0.00031415129870704384,0.005504802730691871
2024-07-16,0.023248558497116933,0.02337394384263658,0.029595152334177754,0.021110272932276963,0.016200097000859115,0.03462893711313897,0.024574690799047394,0.0250623172328428,0.02684435996900758,0.013810186077231501,-0.0069418050182938895,0.019854570944386474,0.031037693973716474,0.01723038612517014,0.022059463513205646,0.03753355852120688,0.03223566318676885,0.020485782039901146,0.007703086243254109,0.028100755133882105,0.01795519954463831,0.024900278757149064,0.03509237234253981
2024-07-17,-0.026916503837216776,0.025819199691317518,0.010989349949021232,-0.0027745015694204955,-0.002898377616074921,-0.004508138677826068,0.02472330389486377,-0.003405923479388173,0.01297979215006273,-0.0076268103479324445,-0.031356076300546265,-0.013760118205460747,0.00527359527224136,0.007986895468693023,0.010024601250809173,-0.02270306960421098,0.027871014616499545,-0.0010346387108108868,-0.01288052015529828,0.00303684392412662,0.0039782500615708205,-0.0018382496696872641,-0.026673134255043363
2024-07-18,-0.013357122279222367,-0.000968045383266003,-0.014345433644919914,0.004846217807346953,-0.0033915028734210484,-0.0063125131724037775,-0.006121802219119066,-0.019284733768277218,-0.011550185437998461,-0.004315170685567082,-0.0531960172040985,-0.0014468284376680796,0.0026228735537821013,-0.0072336582528307325,-0.00557005672263744,-0.0005136717307899774,-0.025481962295392457,-0.01574497144540088,0.010182772757637348,0.005220512099012753,-0.015326104162175391,-0.0010434498797705638,0.0011335673256982481
2024-07-19,-0.01833493409501208,-0.02034881895150986,-0.013803913926333289,-0.017594575591260098,-0.010857216391548019,-0.009252939803033211,-0.007608573027287346,-0.008836269992638202,-0.015884510990476164,0.0037147842356703986,-0.0004353867341837514,-0.009832331050466325,-0.003269969413147278,-0.0028922019731610904,-0.01211962153513324,-0.008828865541415265,-0.006369365893648449,-0.01073461858002811,-0.01913419638862701,-0.007010823577263348,-0.027864272889693176,-0.011092150007431578,0.00019539893373377026
2024-07-22,0.016071270144483618,0.003956613509485285,-0.05461950081707978,0.019046085387568468,0.004423322074968761,-0.004878946842732712,-0.00018269973800211226,0.00853825830364241,0.009647414797225418,0.013077240417507907,0.0023965224809407992,0.025817977568866946,0.016841651853316097,0.0030353839895680412,0.004845561580579361,0.01548961275359928,-0.008434625862824952,0.006170314588718417,0.0051690194137570256,0.011662566657962836,0.00257740287823216,0.0015534825690202148,0.017451319278787514
2024-07-23,-0.02233605992075094,-0.00788187053978684,0.029973868253001967,-0.016147599499313214,0.02283476247261973,-0.012186415299114128,-0.00693808816556174,-0.0017429550793551796,-0.006431439750564927,0.0015019819371451248,-0.016083492627403606,0.009170472178254396,-0.012260744922892197,0.002936608308261812,-0.014260881728919261,-0.00470291940789469,-0.02449808819417043,-0.004652081614775816,-0.010958676950579838,-0.0032051406831785645,-0.01285344491588547,0.06871421436443081,-0.0017650029417708435
2024-07-24,-0.006558940463183172,0.0009930395403268122,0.016406350243208356,-0.026160754273287345,-0.010365208219539346,0.013613180233745581,-0.01047994992637813,-0.007358480339815676,-0.013871050707295884,-0.005228504668118306,-0.024077659162564324,-0.009692910557088097,0.00783967266901886,-0.008158103826020002,-0.008326406734233127,-0.04820622307726308,-0.0038368385353705348,0.013384221823417919,-0.041844590005915006,0.002385616431469062,-0.011679217744599568,-0.03622642716492741,-0.03705556620187289
2024-07-25,0.001320361977744433,0.006944552210173871,-0.005995297276155553,-0.02649093669024427,-0.00016107540257426223,0.028399610428797795,0.027127558924963324,-0.007036004774258142,-0.008814767216755226,-0.007211876811536233,0.007922002612830603,-0.009380279766689759,-0.0012965087647488494,-0.0016449845389295836,0.01385398071214361,0.01712432655124685,0.02591039554397767,-0.04192860564810197,0.014406643682779219,0.004966882887827095,0.005589237420480453,0.032286995599780655,0.01301350492416442
2024-07-26,0.019780354760294383,0.022660143653199682,0.00904715545018031,0.0221904107535269,0.019339205273515292,0.02081343293112825,0.0019898965037832284,0.01455141758559586,0.0001894831485906856,0.006484369571735815,0.010554831324694591,0.017291119663271903,0.015144876635947213,0.018870089609415608,0.0068322891290710785,0.033964524017820574,0.009215166914336548,0.022538217172198616,0.024646434088181568,0.024505774760262167,0.012783717549793128,0.018906611673981333,0.03128795051940125
2024-07-29,-0.012176866581943835,0.0038533620963114856,0.01823885968971295,-0.0038832958890466784,-0.00015804488947934736,-0.005464009331128006,0.001263757361967821,0.00910455773832819,0.0,0.010928097611603071,-0.013777705826135467,0.007284453250679501,-0.005967518900493518,-0.003168091498079728,0.0013366161729915227,0.019854319751324123,-0.012174651452288132,0.011769872787806834,-0.009198801597283701,-0.0030151028098848176,0.0014896887886641785,0.009535500138876385,0.010775306757650371
2024-07-30,0.009163400236066543,0.005758187795199765,-0.00568211991186951,0.013479934099034363,0.00015806987161481878,0.024119258237844443,0.0012621622950754752,-0.0061797046249538745,0.01570175141713981,-0.07687965219041071,-0.011942604336896978,0.0008036103998878552,-0.015437298602167693,0.00197802311368922,0.00893317703946006,0.014163203236838173,0.012324700383713694,0.0027492992980626685,0.0001254128955636702,-0.003326433280614438,-0.004149100390498761,-0.0020136718837950873,0.02067824279749164
2024-07-31,0.012539121557520572,0.004771031159065409,-0.0014381262713630827,0.004866016372870874,0.009170089416432825,-0.0005233511185226414,0.010264661641667061,0.040915291438886614,0.01452788773840652,0.007996179702087991,0.035576060254000286,-0.0016057704157500519,0.012194944944739383,0.005877822659131171,0.012212423502651504,0.014238690746800842,0.006763549905681732,0.03501379538443383,0.022015934615883692,0.010771549399015923,-0.00180791363102073,-0.002956177214211042,0.01670380974163832
2024-08-01,-0.005337854413433929,-0.0028491408053347156,0.08952054184379343,-0.012820998668915284,0.011123170486937894,-0.007723497345477837,-0.05525846020434666,-0.012425317198680008,-0.021846950463908943,0.04139751178110673,-0.03919839012181614,-0.0064334922954829565,0.003227235180975896,-0.00035285885998947997,-0.013271560690177542,-0.014257916795823888,-0.0305676506502629,0.00978191095290426,-0.04394260650506465,-0.009356030448846586,-0.008662806042544768,-0.0011971398553245471,-0.01231290392195361
2024-08-02,-0.06633041457525812,0.001904909273181321,-0.019932555863798607,-0.017145627335135805,0.0034087719618243195,-0.03403696975855963,-0.026792439356309483,-0.042826093613639094,-0.02383631976631151,-0.012653969541525423,-0.03804735085138233,-0.027316820541684383,-0.014797310982205603,0.0014558746475710205,-0.03821072533751091,-0.02844978164784917,-0.05128210554487911,-0.020988776434902157,-0.030363160602378203,-0.006616132564779886,-0.01922463636387517,-0.008933028627109985,-0.017666696730366582
2024-08-05,-0.03988969835924128,-0.021863081012394536,-0.011606442669768957,-0.03854928458081053,-0.0321185055055796,-0.0049167653413303425,-0.005234540660868259,-0.016177888052058442,-0.01922715843679923,-0.02508427820814163,-0.02620910211349503,-0.015914208887886416,-0.032868951865487106,-0.023127807114542653,-0.01938785281869737,-0.027962955266626177,-0.03140974884380232,-0.030509243220805504,-0.003508890313438373,-0.02547161326734504,-0.03296622313043196,-0.023498922487207863,-0.03345353707770915
2024-08-06,-0.04777285881981552,0.019436334376978115,0.0003232019197940694,0.016561968834552854,0.009891344889493725,0.0074115890561912146,-0.002533438883781214,0.002697769460314081,0.028817949782613095,0.010681056426983693,0.004159500821609097,0.01976520127679038,0.013504275084799788,0.004870331135192529,0.032411652238276245,-0.01361447545632577,0.017722492651580213,0.012119934498544094,-0.003720319269667538,0.02603288237379031,-0.002764072155977626,0.01483368220598913,-0.04385669149529925
2024-08-07,-0.005909919924962259,-0.009532965274358207,-0.004020679161767737,-0.013617314798127889,-0.005529192353036838,-0.0013625524157429014,-0.007815781217896611,-0.010634187949849383,-0.005906909245469105,-0.009284639538248984,-0.03703705116062239,-0.023528185339275476,-0.01665549424090229,-0.008526715438964771,-0.0075346926693804495,-0.012021800505921831,-0.014449886909074783,-0.025209997634425108,-0.031808611500692474,-0.016525010220740266,-0.0062153139542107105,-0.012815375229946024,-0.019988487988506387
2024-08-08,0.035036902732526576,0.02117401223168902,0.006379825100783831,0.0242087849568291,0.003971515664220604,0.08499318122655608,0.015163500822980902,0.016834981427922058,0.009583843639446643,0.024227987410384566,0.03846155369244664,0.014223578265562198,0.012872676957891294,0.012854950183334823,0.014339943453119286,0.001281630600730832,0.008270762721755531,0.02823276214040149,0.0031681978973150393,0.017319771725059052,0.007691087960943088,0.008831223620572537,0.021183885987349438
2024-08-09,-0.0021997260157948784,-0.004712330213202165,-0.0035099182993232336,0.0006256665022079666,-0.0142407115515365,0.00326923501837717,0.0001939959061791896,0.00012749504078235496,-0.00018971647245991097,0.003289015272163631,0.00024367421824766922,0.006907291906361301,-0.011148318176864569,-0.001162045781879839,0.006860698491566453,-0.010074402078633304,0.008575622989880793,0.0,-0.003501398745189954,-0.013721565850487116,8.375120426173943e-05,0.008549637207884597,-0.008078584617210338
2024-08-12,-0.0691978373252814,-0.0056819297806841584,-0.015454945071177839,-0.0019242020222156597,-0.004012699635693395,0.013284933792549802,-0.006594278783204288,-0.0025469906362064476,-0.008355489074980738,-0.0029419789002281815,0.01242397639108983,-0.004469340606513272,0.003607654931666815,-0.0005367851776160171,-0.011563061142594533,-0.015818739921302005,0.011460271717840254,0.02263672547941753,-0.026112713721643144,-0.0038130586546226697,-0.0013494449579807277,-0.006943783997982678,-0.009986014220484618
2024-08-13,0.016052779151412677,0.019047775822533364,0.009564417871146924,0.007856669831691754,0.008541480742868313,0.0009895791980945035,0.00995707792249334,0.00638333094948873,0.010340908644625335,0.017239940659867115,0.007940259395237792,0.00866561558861334,0.016176324889067617,0.0065356011425310445,0.00929599575602591,0.0036946259386969604,0.02704673940453528,0.004714040747108461,0.010824075965830904,0.005431135882328686,0.00726348264322163,0.01701428531395144,0.008019732947107006
2024-08-14,-0.05659163960842306,-0.0037383641044677063,-0.00021677038825929085,-0.0006694592915842401,-0.006072143603969127,-0.00469543289386809,0.005026116420499882,-0.0010149030844410767,0.0,-0.0077073008222312556,0.00047727271241360114,0.0010352065854932757,0.019677134292282572,0.0032910186066952285,-0.004553291863155007,-0.003035752555199278,-0.016370125737681596,0.0024479317335897033,-0.011338204736545121,-0.0002058338099302226,0.00511492698446947,0.008794726142705711,-0.0054953169858046325
2024-08-15,0.08634187469802068,0.017823638634079098,-0.009439859768970438,0.01703743159381732,0.01286158409430338,-0.003373075543404269,0.014810438544785587,0.019428743871647614,0.021038564015432026,0.0019626849858402906,0.03984745014762714,0.024506199834541498,0.026786884500897612,0.010993480153092428,0.012994991929034416,0.027309782145096495,0.0021709168731962603,0.003459568690397319,0.028033547301175687,0.0073582803822584975,0.01835310958936831,0.012267328528599464,0.018715913574898213
2024-08-16,0.0029061834199124448,-0.03686634035994629,0.00788661007893987,0.0021648003034346885,0.006666663750283908,0.014916211816144997,0.019711906601272755,-0.0012457347768705107,0.0007426094443754305,0.0030006731992504587,-0.0032125181822442173,-0.0050464348683347815,0.004266101181503057,0.001490815671728818,-0.003797223190112553,-0.009021680620297068,0.0007218754120357218,0.018251832775068033,6.877957521744804e-05,0.004239601011467142,0.0027034763608917434,-0.0038088430092487746,-0.008679039531014565
2024-08-19,0.0429632798973929,0.016267793247757956,-0.006774056327402023,0.0013615905214863222,0.003942083284859121,0.0020995697748225073,0.00947965534459927,-0.0004990261986775879,-0.004823055741065674,0.006440686083212466,0.018646415495291224,0.003347533694049387,0.011682162261263729,0.003852619391205847,-0.0011331401531756713,-0.0007852039559763657,0.00829748837548161,0.01951792487112458,-0.007987088091478523,0.0020853820804334067,0.006944276087900381,0.004514769249218009,-0.0005728255391108661
2024-08-20,0.01739547197066127,0.01600771387066935,-0.0027356684246665486,-0.004360850278098516,-0.005968253002430091,-0.013310363995021723,-0.013073234641664988,-0.010980574571170965,-0.017334357578362658,0.001486371870115022,-0.01627129038478725,-0.010312379259048376,-0.003779155677236967,-0.0011120769529022745,-0.004125418311968776,0.0035359631078213383,-0.024687110018794534,0.005079145135086227,-0.004650801230926205,-0.0013702818178779053,-0.002028318108421412,-0.001853849888772463,0.005362516485859947
2024-08-21,0.05200665813295391,0.012975017508696673,0.007680508147548615,0.012150910808217397,0.010428226256603557,0.000874413973810606,0.012686606332805939,0.013247504842079927,0.0043625676154941395,0.016407560995107096,0.008270122336008434,0.024108700702926145,0.015806099531935347,0.008033551313802345,0.003624740608110022,0.0061522726376870285,0.024211325728260125,0.008163487297802696,0.02133911847772718,0.022110231818669446,0.01585370131606889,0.007401370431167509,0.009120538343811324
2024-08-22,-0.019413094481526505,0.0,-0.003956309514208778,0.005955990476128159,-0.0023456470362688275,-0.015599813148955644,0.004974235661800552,-0.0002490697013620702,-0.007365337449754095,-0.0012979831955175491,-0.013442599715007608,0.001396459997736077,-0.004979142581539864,-8.655355776965301e-05,-0.005881855193533347,0.004687568909989226,-0.0042981448035694925,-0.00886832473114485,-0.0016388819259676168,0.0034811399474354854,0.0016806935201931772,-0.00016766743528706662,0.0005648816219951946
2024-08-23,0.04166671209631678,0.015553378529036488,0.005210736773726188,0.013229054360830883,0.011912307456954041,0.01939669965969082,0.018881896838885526,0.010088532243401005,0.018455038202433105,0.0040612557241275216,0.03140882735847894,-0.0030878380334674604,0.019599524764564835,0.008728443355354054,0.020240889714812083,0.02709174257742286,0.025899459281249815,0.012254333520576477,0.010326844999217988,0.010010402109007721,0.010945938126739607,0.002290971226325045,0.02786510423520072
2024-08-26,-0.017237563971849723,0.006306326717677502,0.010512714532159295,-0.004610778631028323,-0.0034078984672872847,0.01529657739737722,0.0012592966851181497,0.006658435308770638,0.009340354243032367,-0.0006470491070647011,0.011867292307053523,0.0054953886286257525,-0.004907951511129549,0.005840076302558783,0.009489580217414861,-0.02420423486689982,0.004558138266596901,0.004227458358689429,0.01834451239378687,0.002894887106714261,0.002924214575677375,0.005463714719805779,-0.016516856253698697
2024-08-27,0.0004498095365479404,-0.000895246974353836,-0.0030491973338183653,-0.0028435237816556436,-0.004351878884147342,-0.00024487190181365914,-0.001617119478584117,0.010411420593743559,-0.0048118603935400905,0.006394873813072355,0.000885186221570855,0.001888152374054819,0.00678182427090257,0.008282481521043161,-0.0016349103173453061,-0.04576413679810876,0.008377043933629924,0.008419550939661402,-0.0004653786416192185,0.0024951222863909273,0.0016548672974647793,-0.001968327777520873,-0.04096860540630298
2024-08-28,-0.01101387066905879,0.007168625594868638,-0.00403019841234542,0.006347222263071162,-0.008897847547528315,0.002817742447144056,0.007919261386751808,0.00048497489182075526,-0.004835532100452622,0.003860874957523741,-0.030068503199214947,0.015373974215342256,-0.010206156085541651,0.0010585937705276383,0.00010223663123176685,-0.008369312718730093,-0.007961240675530057,-0.016508583663666254,-0.015495192160843496,0.0008295852511643886,0.004169609505990435,0.004777989404108451,-0.019300434925224708
2024-08-29,0.041477371094671645,0.006227700067469311,0.0011201498792092757,-0.0010055818083142265,-0.01732548415250046,0.013194905858535444,0.017857180183691534,0.01078388483824444,0.006540977393087788,0.0019230129661578221,-0.0009116420669570413,0.00547039543157446,-0.007836671078044422,-0.0002325725883967067,0.004604951656023593,0.01897987713917204,-0.0017445225904629824,0.026046629002663302,0.013374774070454842,0.007655485494995062,0.009401336111290792,-0.0030135168504342724,0.023370307467641904
2024-08-30,-0.015275493406886387,0.011494223011339066,0.006315230098595137,0.014960241254908135,0.022759991198124663,0.001929272137277449,0.005263209775535849,0.014571465966058073,0.007900681864305259,0.012355429628219783,0.010266893710981995,0.010298233308715377,0.006443426908408378,0.011676862916081943,0.005398979859976283,0.019408717263127873,-0.0013982562570366008,0.00394884872372292,0.012598410996867981,0.013985056419332675,0.006907972628054759,0.02429205079451391,0.016288114743707727
2024-09-03,-0.06792249379709148,-0.011363607176242074,-0.013125327381840024,-0.008744655875492446,0.004559058971727037,-0.0478998671860732,-0.027306267986982657,-0.025281888059711544,-0.030795073598455902,-0.020736205422048903,-0.06594408831540677,-0.0039426040775493165,-0.01342407559230463,-0.00878206454791819,-0.030192669476740153,-0.026097927644824326,-0.03920186227764744,-0.020977614883443074,-0.04923983014606981,-0.016512311091157916,-0.01372085075741114,-0.015215185900210315,-0.02524370749921212
2024-09-04,0.007489216093744311,0.0017682538338656961,-0.0018895168220552927,-0.0005934848823102579,0.015023417832931374,0.012893605028338584,-0.001259637084785492,-0.00511448708631812,-0.006739887514836895,-0.004234934522286182,0.006044439786086819,-0.004537583695358727,-0.009629470110280813,-0.001121253672558109,-0.008880067505284583,-0.015766850058559045,-0.003278766094017893,-0.012626795754069442,-0.018832375716143712,-0.007375827256528633,-0.010003983340797551,-0.0028863610217936264,-0.017529929214602724
2024-09-05,-0.02536848010519921,-0.009708725274622965,-0.00407773865882588,-0.0007767019669151498,-0.004779441286315023,-0.01984277284720748,-0.0070270596118959805,-0.003916784409046081,-0.005234584394439135,-0.0007291592802330937,-0.0050465910052561735,-0.004267336992963111,0.004438807696167224,-0.014000449482666988,-0.0067459769290650895,-0.01015139798308684,-0.022099501779009878,0.011098064820639575,-0.014889595619787865,-0.0028354736006198644,-0.010973359953836637,-0.00722368569254217,-0.01136990224871548
2024-09-06,-0.06900748444451921,-0.0013520215738060948,-0.01769321178599026,-0.008320694290209874,-0.0038729729563756754,0.00025453706996869663,0.0039920146999548045,-0.02752530153523025,-0.012278441955754227,-0.006688248055155999,-0.03381669904887141,0.0033116758815803227,-0.008627925012852367,-0.018624177412367993,-0.007853225137867348,-0.0070938803944770035,-0.0365347794820311,-0.030618218408339448,-0.005802413493932512,-0.010638183385669242,-0.003991159350938855,0.002082785481636762,-0.0008183645596647748
2024-09-09,0.019636096296015815,0.0018050588851965532,0.019016962624963663,0.012309280584475113,-0.0001555261309230671,-0.0011456836138923343,0.008494379466005508,0.005307232411837948,0.01223358352754711,0.016894506577787016,0.010000391251614005,0.00436834417360199,0.010613448852043295,0.01363664354051597,0.013798241667492661,0.007363429006966626,-0.02032835234115371,0.007548911332495578,0.015346792007754573,0.013478050707717903,0.010899318637527022,0.008508318087788957,-0.0006034606958751354
2024-09-10,0.0026779306200526154,-0.006306207328547586,0.005149171296632948,-0.0005463874615860842,0.004666326547867694,-0.02153676962479345,-0.007526670990608664,-0.0006285780689357923,-0.00935660073925293,0.006059521932226808,0.00024724380776763866,-0.006282600650612147,-0.011552202642806986,0.0013821749159235175,-0.01044509081845868,0.0020151538692880777,-0.02075033031914597,0.011435181972945019,-0.009295662682635819,0.0024935364220521894,-0.0019820376802058837,0.02184657066277662,0.004831068260023885
2024-09-11,0.13584352370863084,-0.011786183974521136,0.009010707455506806,-0.005285842134303387,0.008670116305608211,0.0087261403363188,-0.004153157244580208,0.005030913738188758,-0.001771096741848055,-0.005105677072060111,0.02202423939522835,0.004571723614858358,0.0014875215381549012,0.0029974584195451293,0.0018124472730240981,0.0011631366557469658,0.014262465085773668,-0.010916194231832765,-0.013179863260932567,-0.0015118277901080557,-0.003097900221467831,-0.0006722866836942343,0.0
2024-09-12,-0.008958686405843519,-0.001834710470362766,0.008317793835259213,0.000778617947672533,0.007367675698652265,0.0032277789555195113,0.00997276231132882,0.0062569060838972845,-0.009264687879431577,0.005091851844358564,0.012348866052512175,0.001549022315559423,0.017186264688798136,0.004794573509743882,-0.0010642937593156043,0.014848641489808356,0.01165129488457417,0.04217582042964518,0.020541615727164952,0.018023672848697547,-7.95605649528408e-05,0.006377852901827241,0.014252002707639155
2024-09-13,-0.007434942579997772,0.010110280256377946,0.01467778207398629,0.004348486775432869,0.0056377916648950865,0.018661603128353743,0.01669654811635124,0.012560639309076471,-0.002188516816275299,-0.0005984186513773304,0.020329918312563366,0.0014500874971832278,0.015853246733123827,0.0031454456396566854,-0.007244758240185778,0.010381784275398154,0.04805405040681343,0.015695977713988896,0.02126567975678717,0.008876272114857864,0.01187348978677405,0.0038237763292710003,0.005078897761529255
2024-09-16,0.02184348432475325,0.011828926409783724,0.016682467175756166,0.007383242879628105,0.015151298910434763,0.00732811270243805,-0.006356983902858548,0.007123431024003812,0.010169381776610864,0.010617101460681289,0.005391310711974295,0.00048284196738457297,0.023203278247102332,0.013011703155469734,0.009658730583030017,0.01747724941395523,-0.03637750480019242,-0.010798740109205007,-0.004387232354179038,0.02664805889460453,0.0028349653047388124,0.009749609975878482,0.02273971112607298
2024-09-17,0.005260150697825372,-0.011690638704860534,0.007823716177372209,-0.003800313709388381,0.003283573416399621,0.021823606276350827,0.01368391455073703,0.010488003330087148,0.01677871263000963,-0.008589516175612988,0.0055959289398030965,0.005596219898794219,-0.006823123853301527,-0.006843411591937909,0.009672606866387934,0.00804085798982035,0.008651300805270656,-0.00037650165426383886,-0.005456218658925538,-0.006477476761974188,0.0009423799795993393,-0.00279641796896668,0.009264187514781641
2024-09-18,-0.03596080057528883,0.0018196852918790363,-0.013155906586589161,-0.049228035279320626,-0.010413561206252808,0.00024528496906239816,0.007012689010659878,-0.00024137196219631285,0.0025235264790099965,-0.007705832599958606,0.018316613294805162,-0.007292372094281352,0.0010102372045006636,-0.00981631089339452,-0.011053816985852949,-5.594776790374123e-05,0.00896680473120659,-0.0009413498168032719,0.005626763307321259,-0.0037523359647348986,0.0,-0.007116381591707799,-0.0029373785911525063
2024-09-19,0.03164336298925918,0.00908267645669203,0.0014620688576092444,0.030617205418809634,0.008869569978551706,0.020125266239196637,0.020194911505668545,0.004104314023666289,0.024206223146811423,0.010783417197755885,0.02777779262490787,-0.0021264506539064865,0.008881584458316105,0.004582145062354659,0.022886905631895216,0.027527495126838497,0.03284397694153762,0.008669407535214724,0.04210370910484662,0.015348514994635076,0.013886561671423658,0.01183025768375745,0.03792968936633945
2024-09-20,-0.03694162980065574,-0.01890190188989016,0.0009036147603580513,-0.01941880831315379,-0.011920886429806932,-0.01828466152728414,-0.017405939560784622,0.0019234711308506736,-0.022310586912507757,0.0009154661444856771,-0.013513607216363854,-0.005931376159951318,-0.025409938967059786,0.005840075987360027,-0.021334113478087557,-0.00441038471105637,-0.04377107405324243,0.017750316828412105,-0.018053766057319454,-0.012797911683330887,-0.021125023768824525,-0.0032390665755227532,-0.006386279493104996
2024-09-23,0.03115198101503469,0.016513805488701738,0.014133035351320045,0.019425359973118894,0.014024906914544166,0.02034063486669213,0.007294060798546331,0.009239336553044764,0.006381862501075419,0.013561957373685818,0.013698726424630658,0.012325152930565242,-0.005337814069934388,0.011548804581523076,-0.004678833705796914,-0.0016291564422984406,-0.008607298874999225,0.00018365578852841402,0.0047163487655519365,0.0075151710303478225,0.006324166803766795,0.008850325230062461,0.0011109542944396367
2024-09-24,0.01972714692273425,0.009927862433271484,0.012121008891180507,0.012935145551484561,-0.0014869092565091835,0.019454792732791493,-0.002586306640226077,0.035667496198033444,0.027094567149989146,-0.002315154278678677,0.07930887673010067,0.010628841436507885,0.003921613636176824,0.004168765640582439,0.02670939588265675,-0.017381766140559085,0.010260643398514624,0.025146850791463837,0.024557444783654958,0.00289042450812671,0.008012589006278992,-0.000811820047830647,-0.009749112486756806
2024-09-25,-0.042891867422025776,-0.009830268876186654,0.00044004976440348287,0.001556244417973307,-0.01057503290522055,-0.012368808092831918,-0.012100121947397846,-0.013431312533475182,-0.011412410258889505,0.00220250787764642,-0.008415441683403135,-0.005641007088554861,-0.011307403190251586,-0.0048816668786336725,-0.012903102904732178,0.00016794562984845385,-0.009765648119432147,-0.01056415360924512,-0.01148640321836103,-0.003672346816794736,-0.0037407937960309834,-0.0009959165143182958,-0.0009604923829675815
2024-09-26,0.09921451732585207,0.02436841064422479,0.01264692456797234,0.013435569291345706,0.008580508199196979,0.013955055290636231,0.015223057377624416,0.037817127079658786,0.035578916207462896,0.0036888395056910994,0.07451863952013182,0.006923134421707999,0.01996238182405441,0.009790147146103934,0.013177263104451997,0.006790866443567634,0.04654827537292139,0.004886039788842167,0.011485801964421505,0.002286305494557217,0.05248764650591231,0.007214389789927056,0.0038056482140012005
2024-09-27,0.009246643600147264,0.0,0.00300537061626982,0.002615546287874304,0.007014688505138089,0.007410733599121588,0.0096518409558346,0.003924187323548045,0.006578997077190563,-0.004574583482928274,-0.010980595097348611,0.003819808540684866,-0.00020389374445528574,-0.004504959188319058,0.0033293326883949703,-0.0010005944997845129,0.018469701997773758,-0.029353420544713682,0.0005330176938267428,0.004096397619866021,7.426882166261528e-05,-0.003125393961471823,-0.0013568987283840706
2024-09-30,-0.013951174896491447,-0.0017621941440399969,-0.008722802577158628,-0.007106242373201788,0.006521750258743353,0.001868408577919034,0.003584806847445998,-0.004802236835637075,-0.008169956871335038,0.002906542552941538,-0.02765883622386267,-0.0018075179404815067,-0.0038744327043889193,-0.005526571722345275,-0.0054960350528310276,-0.0015952033285941969,-0.008882330651786674,-0.00834877493321351,0.001398908892822126,-0.0013909093191515343,-0.015606439761074786,-0.0027696028277043316,0.0007591752709006361
2024-10-01,-0.004117780195229459,-0.0008827279045353631,-0.015339483908580642,-0.0042579389988480765,-0.004417641484102841,0.016433563541393026,-0.013607752369081627,-0.01335429926284748,-0.0016474982788302617,-0.006971297617618055,0.009214869568679562,-0.017249573837037624,0.007369632523327674,-0.00385858477958001,-0.0009386891354901117,-0.006075150889567449,0.010082024322747962,0.012909299747021041,0.015764112317658396,-0.000510597051743833,-0.012984937114513206,-0.0028560042507970174,-0.011739645137274213
2024-10-02,-0.0026504848933608383,-0.007950362307653225,-0.004906742217127724,-0.015012399992061276,-0.016565678613017387,0.010778578571750463,0.01120885926747639,0.0014785151294964827,0.002566925270154119,0.0016565218899549095,0.008733654975585647,-0.0011637151344122687,-0.02235319505375033,0.0017262518689520334,-0.005531692703295232,-0.02603853727518146,0.0018484335291353293,-0.002585982315989943,-0.008250929747273816,-0.011519346125570151,-0.00045908961866114595,-0.006358704808773541,-0.028405230441567397
2024-10-03,0.0025512776059504194,-0.007123793219748764,-0.015241318305023843,-0.0181508145297703,-0.017145647990105983,0.01293260313755984,-0.00937922701932814,-0.010335043671723998,-0.0032918262145117394,-0.0125999027604361,-0.020661116622148534,-0.02300976609475658,-0.003325781600079014,-0.012798467636363053,-0.004303132916130936,0.00034547712274424214,-0.011439068838073774,-0.014814886471572364,-0.001056388131570385,-0.0039002968240322566,-0.021732510372924452,-0.013380504423419315,0.002661524251879932
2024-10-04,0.08249376447235646,0.004484201135267929,-0.00028019879696694616,0.00940780324360202,0.010252707615917789,0.009631386857728463,0.004131585503387436,0.004590333398509117,0.015412854650463492,0.0009969499083484212,0.01567215241657771,-0.0015899612197659563,0.01209591712817737,-0.0033422504917908213,0.019816649328969316,0.005525488081424834,0.005225843538244401,0.002631674923842642,0.0009915147840955374,0.006557230712888051,0.005710458201128477,-0.0048244634209317905,0.001368628318009879
2024-10-07,0.02331296588178633,-0.008035773284277625,0.09523638100365894,-0.0029357020772512454,-0.031354041949095635,-0.02196344247047488,-0.01491523158375574,-0.018277361937777403,-0.01301057842986486,-0.00784805192843474,0.004747804521598509,0.0031850653980198818,-0.017308967389491947,-0.010551390200494892,-0.014056975129043359,-0.01041769850923513,-0.04418867158222872,-0.006749170436250673,0.008650265490901976,-9.361048706191255e-05,0.0013999529543948785,-0.00948025634769789,-0.014082665782478854
2024-10-08,-0.04029864341133371,-0.0027002387323646904,-0.007451584604985406,0.002336872154444114,0.0017199050222589385,-0.015424494437587977,-0.009919974803146214,-0.016988593121247453,-0.025814587879672946,0.014334476271104402,-0.04331575769952423,0.01676749161715918,-0.007338920740091126,0.013383887140530293,-0.013523313777011436,0.010295985633253846,0.0027195095495990973,-0.004529996128689984,-0.030376374619448865,0.009280549495728874,-0.011805754886600517,0.015280880274120667,0.0006722226313911062
2024-10-09,0.01655687971127806,-0.002707549763104833,0.011631834138352781,0.00559535800000921,0.011551930661213294,0.007372078071735233,-0.0068552301731333865,0.013731117060303388,0.003946588637094628,0.012113050793699953,0.005762566571751115,-0.004683853620034206,-0.005069771042004234,0.0002770142072718862,0.0018064765467171728,0.013683348517287808,-0.020922097339697965,-0.00018968013465126,0.025049071371451292,0.004318813438073832,0.0016505118137286612,0.014890233686307264,0.014484169297748206
2024-10-10,0.01020394867957819,0.00452485993173779,0.002038391623512714,-0.0027357460131451905,-0.0050926995111049145,0.009376833407467533,0.0008847832497931307,0.007823515587559227,0.0037437113694955837,0.000469392514432343,0.013709896614957362,0.006176511943179808,-0.002123175921574516,-0.0003195022036912576,0.004137021868956259,0.006325926664576986,0.044321359536172666,0.012706287417165951,-0.006060149328075304,0.0,-0.0007062775316396541,-0.006623293985750012,0.00935281077176775
2024-10-11,-0.009129653117293524,0.008108167827694857,0.006516056849696916,0.013763043656585872,0.0026368506236358336,-0.0052111968868507885,0.005128307084233397,0.002548961618434431,0.002984055639400962,-0.007036794577017114,0.00989090842463125,0.0002923178151632566,0.02531909220299,0.009841997742548347,-0.00919056869096091,0.01941919014891713,-0.008715443858379412,0.016854041671950037,0.006693378972337127,0.00781476422139571,0.007067200339867519,0.006747172805856794,0.014801057747244162
2024-10-14,-0.023720844577506783,0.013404821847044612,0.011621361048407053,0.011420311666330951,0.011602680991452896,-0.009224420207907036,0.016185847562547817,0.003698081100886874,-0.004462606153665338,0.009606381666596553,-0.023385864377017285,0.024157388236757615,-0.0022824265384592257,0.007467604111573767,-0.003731779574730809,0.01367215114613951,-0.0003822639415906881,0.009576309792352244,0.006122074609289374,0.009314004236202766,0.0019492410647954372,0.013641377284246525,0.004807958531959811
2024-10-15,-0.03875510496146317,0.002645547104491941,0.00902169635072858,-0.0029022467411549124,0.009787572893316554,-0.022183793252755324,-0.007964053053993836,-0.02464028366331361,-0.018117223243097613,0.007058257896924491,-0.029357557937016998,0.00884529311562643,-0.007071555175944821,0.0065539169742723224,-0.01466192902906338,0.017271917501254563,-0.023709273128743713,0.01568775435794234,-0.007851367808458853,0.0037275551847382182,0.010661554363192272,0.011427686502620826,0.016445414264154357
2024-10-16,0.026216953348592975,-0.006156605413537575,0.010735381800005106,-0.02251231405808496,0.019082150442020218,-0.005760140260587021,0.028795903583210603,0.006846992266829055,0.007038374225916577,0.005808203054836536,0.014593975057065833,-0.0033939758891079475,0.00502711878196882,0.006802551735679785,-0.0016291166215015584,0.01603503202732659,0.020759860476746717,0.010596266698870371,0.017343757606401278,0.004212110304052441,0.003773030753121631,0.0021618820198801014,0.014597151659632823
2024-10-17,-0.03643771970156773,-0.0044248279525581635,0.006335981923321965,0.01595876531221374,-0.007133422448134197,0.014187739760168405,0.0,-0.0005862005415968596,0.0026444233345424006,-0.010202099432434997,-0.00041696446939076814,-0.012486858643654397,-0.028136564517134866,0.004297647252707204,-0.0035901538916425224,0.0044666843929779265,-0.0034536545084994374,0.004087354837583934,0.024761750531644422,-0.0059984339980461154,0.007671008904271526,-0.0007962217284441797,0.008421587551856069
2024-10-18,0.004964721963119922,-0.0008887772726433596,0.010128577046959908,-0.004717018967099085,0.0065858236661986425,-0.020867182824342967,0.007803087737007441,-0.0017597812960726822,0.000565283511141601,0.016958323461004676,0.004796603543301137,0.0010536596664079134,0.0032165077338843773,0.0008024331060825229,-0.001091737571311091,0.013165964265887453,0.011166758640410723,0.01982310548291255,0.0009489653531480347,-0.0012704070744452567,-0.0032735552441295335,-0.0018504949251517688,0.011908708127553735
2024-10-21,-0.013664143201324142,-0.010676183370508907,-0.0016259976631689543,-0.008834539051138957,-0.01576202067239807,0.0022620018065633296,-0.002693213989992338,-0.002585582383543561,-0.016946167277393398,-0.00868195475243938,-0.004981279520942294,-0.004114861163287853,0.00320672723453419,-0.006352171034048615,-0.019127875689298635,-0.005972501693117249,-0.00913932104427928,-0.0008678052631628796,-0.013460908187882259,-0.004633669080657099,-0.016115325236886857,-0.017020262552534637,-0.006801224454726862
2024-10-22,0.027919983775425594,-0.011690638704860534,-0.003589027905986808,-0.014019767185041832,-0.010877839533500078,-0.0034448816566730045,-0.002193993834361918,0.00023572991334464,-0.0026813981611478743,-0.0036653759658896723,0.012307010867876,-0.001921642622949582,0.012784846918117543,-0.002917080143290063,-0.002562731508906513,-0.028708589659708572,0.01614131323851198,0.019280836420068725,-0.06463368439208661,-0.011136561604142892,-0.017233387860176808,-0.05335950463328032,-0.023928626283061027
2024-10-23,-0.025917640132719577,0.004549563154222724,-0.011350864678953854,-0.022317390002185356,0.00015268682960090096,0.0033376852929587475,0.028247721346091215,-0.005889999142258406,-0.011138788087019402,0.0018588971253798992,-0.012569542789813148,0.0007701064295639881,0.031979909892062786,-0.009378697603678154,-0.0071501320252798095,0.0032801274634246536,0.001134723746228028,-0.016018972141110033,-0.029858980594013262,0.055340231432610354,-0.0025276810564555108,0.003708035727947978,-0.0005912214540019223
2024-10-24,0.012665031395385551,0.002717282132656651,-0.013838754258036934,-0.012954437214690584,-0.013133558102944476,-0.0112866757275365,-0.0001645966652152886,-0.0018958173034973047,-0.0097105934347268,-0.009199276656966848,-0.02253737915720777,-0.014430062991162229,-0.008358797490533365,-0.006220670616140511,-0.004275992455412658,0.01396631744474508,0.00906681397564979,-0.14703859867035307,-0.0022588987633422875,-0.004985908993890509,0.007602068728036038,-0.003115357115816897,0.01013531382040056
2024-10-25,-0.017235972999794402,-0.0063232204111838275,-0.01266693686399989,0.010733679397283202,-0.009130479859466023,-0.0003603821488089576,-0.00707466135637691,-0.011041277671046568,-0.0252991953127778,-0.011117960053958487,-0.005124032941103973,-0.009760840666184545,-0.0014392016027189314,-0.001475335083434004,-0.011187741872020984,-0.0007710969329857154,0.008611104240944911,-0.01685270050248433,0.0009195993194988095,-0.007252261706750418,-0.006208599410012283,-0.007052207626312645,0.0015617957113649439
2024-10-28,0.049513456754031626,0.007272589972760146,0.0007548504485794805,-0.0006274908635670595,0.008746006495036873,-0.015386417465693136,0.012924666342164048,0.007322920689447621,0.008249496511128163,0.01167704965849592,0.0027897815483028943,0.007392790348306644,0.0014412758892887734,0.004728127072630706,0.0025143723685192576,0.014135127943023074,0.011507005333526,-0.001239214063948002,0.04424977490904136,0.007039587116953294,0.0073546424309338665,0.011781521401585948,0.007639845299094006
2024-10-29,-0.015182459660469827,-0.013537748815524053,-0.009300693886442057,-0.004057332870648911,-0.02012689077734031,-0.0067147488100020025,-0.005561914924854583,-0.005601224345878508,-0.012572306598542249,-0.010489535278792927,-0.0034239800636066686,-0.00851272900429334,-0.02775494617305807,-0.0028152204473920195,-0.006156034684898448,0.009701294167758112,-0.020550434856035582,-0.011579752869760984,-0.0035877194052684747,-0.006111240858226452,-0.006751549719723249,-0.004542044311613758,0.004061963561369231
2024-10-30,-0.01169171967417526,0.01189378209416514,-0.008024217819460833,0.007614272192662863,0.014220291012640551,0.005162065308339514,0.012830988406814292,-0.002037513838042293,-0.0028294278953719942,-0.004571139316286943,-0.01288372585039499,-0.0018749673655789056,0.036794110513345135,-0.0026544711956644207,-0.0003440586482694741,0.03591496387400417,0.017984155946349167,-0.0179916878387395,-0.030570548303717193,0.012120853847770618,-0.006718143507096208,0.0007466301773468853,0.06426511272842439
2024-10-31,-0.008270361928694903,0.006329091428056488,-0.007161692730337954,-0.0035136563722699687,-0.07695911843377279,0.005502673135092229,-0.010557180600172855,-0.003362493601046568,0.0008106394441249609,-0.027197138698769385,-0.020665629473658464,-0.016907346414603563,0.1327760389895576,-0.036438540478392234,-0.0034423765991912214,-0.020682834625096236,-0.015090062424920725,-0.03195556179948744,-0.006026580833845219,0.0006118482048391716,-0.009230643559159368,-0.008621690185725894,-0.008326394391017233
2024-11-01,0.03705268976528253,-0.07816712500929068,-0.004250736619610285,-0.004443800459977165,-0.004050634320060809,0.022254570745483315,-0.0009848341165644703,-0.0059043118118272675,-0.008302956433005493,-0.004720641567611983,0.012661043078996626,-0.005028574182099788,0.0041411202692684945,0.002543032661912692,-0.00333904416731845,-0.020596373444164984,0.004857857759315687,-0.003961362068925278,0.012126351939677038,0.004586299070725053,-0.0008030910632350619,-0.002229542424257658,-0.012922985492212824
2024-11-04,0.023717405793812762,-0.005847885022690846,-0.010090376851849103,-0.002620010623731739,0.007625878676717823,0.02795631316770142,0.005750933836390804,-0.007878781569436555,-0.020829031256035413,-0.00028637244582396804,0.014915599304017979,0.0004042805954294071,0.014882535785872397,0.0022085143334560353,-0.027379790937223758,0.0031717331717620034,0.05355171805510772,0.011047238307575702,-0.0066871163835771075,0.0007825818608329094,0.0036170078077448764,0.04589757185964194,-0.0039641601252182745
2024-11-05,-0.007855152724539516,0.005882283942859612,0.0009148265510547926,0.005740282335048086,0.008745333635029384,0.0017360354899842445,0.008821957697312977,0.04667061958298402,-0.001042695829935214,0.009611574210046214,0.015560709020052244,0.0013135011859821688,0.016961194059615492,-0.0074838164613613145,0.014016102962615129,0.0009280289128368313,-0.008824730981978113,0.005244823819976929,0.014095366343128024,0.010600882283495983,-0.0016819050842863392,0.010176258428389984,0.014170950299432494
2024-11-06,-0.032070612788791086,-0.005847885022690846,0.00117496681015683,-0.01272064259749861,0.004834908445984221,-0.04020342338219196,-0.00016184878308800332,-0.015641332446003187,0.00939441726066037,-0.008669203866675135,-0.0025537969114712844,-0.11634707082369389,0.02206394969500214,0.017015156937010056,0.01241623272448944,0.05972304484712532,-0.017450042501330087,-0.03304350959299196,0.15994748716685936,0.03860537279354781,0.008905019601131547,0.006663041549753945,0.06520735785573906
2024-11-07,0.034686130104107926,0.000980436512923566,0.01985473858220632,0.006515713213139929,-0.005475281526368891,0.01877701661683906,-0.05021054459558094,0.026799437844518437,0.011375568341950526,0.006456617359660521,0.036483906902520014,0.038711815792205506,-0.007139214326677079,0.006138786384670913,0.010413159819365969,-0.00024310440018959767,0.027183754695480067,0.015287733653597035,-0.039167823096021404,-0.008733844411880964,0.0017493282900775675,0.008588677124391708,0.00048183023096126654
2024-11-08,0.009106335330857362,0.0009793087954819146,0.0005434334546041697,-0.0016548667093332359,0.005338717230671586,-0.01098762056705449,-0.005286392594326839,-0.027947842208020046,-0.049284301595600044,0.015225823776483516,-0.04569772663533145,0.014511978622114619,-0.017634074151961387,-0.012868765979533792,-0.02324514035611791,0.003921424276020824,-0.021524328095860135,-0.00265716654829784,-0.014456850438249735,0.004635059483784287,-0.0036513164658673603,0.006953249234509018,0.00591910342294355
2024-11-11,0.09569633308681169,0.008806326868469938,0.002939330657005579,-0.0025840330866778727,0.000829700017103363,0.016365846913668713,0.0032572942308630726,-0.0064155391879993084,-0.004732163808349732,0.0020797698381416208,-0.03149270089973255,-0.01159516690536544,0.0048798698624228365,-0.006616138706688646,-0.003868779900628283,-0.005697451884065785,0.010818488309719099,-0.060168686739202615,0.0013851521126528876,0.0037408442662798524,0.0035053460968601513,0.006672160517498638,-0.000923784548436668
2024-11-12,-0.0695990580110204,-0.011639214682495735,-0.008887931291311824,-0.009971658979396336,0.005305834172443236,-0.010108070795016966,-0.023752520513114384,-0.016023024210368275,-0.02658309533797787,-0.008979821388457432,-0.028953122019241606,-0.01951545964975754,-0.006070089519102595,-0.0018622049338272717,-0.01612325672860626,-0.015031250848622446,-0.0774169601540633,-0.017717951522955744,-0.032503585446952865,-0.006956884674908292,-0.02817695588251301,-0.014335152293085685,-0.012532438587705141
2024-11-13,0.05243193336032581,-0.007850770366958582,0.005689115009911427,0.002172495771160632,0.030512985715379637,0.011754905625576795,0.009277049190709707,0.013489052318291339,-0.0011100635305547613,0.006403249581730108,-0.01100935110018808,0.004696323596263152,-0.016227544190420717,0.0014266958671271812,-0.0019138742883901827,-0.002521515542241337,0.01005408389202156,-0.008417531157910219,-0.01098169154530848,-0.0061298196030421526,0.013716719044037262,0.009435247108640743,-0.002323510755056324
2024-11-14,-0.0562899395915607,0.006923728255521233,0.009556108229859861,-0.015124770670412735,-0.008642799988793581,0.006219902527659027,-0.004335793339261151,-0.0038369458541002155,-0.008890951491099641,-0.00916359968621816,0.0034787037154295763,-0.005342075494635723,0.009755239088259815,-0.006027559008890848,-0.010546545989047917,-0.028582848842397923,0.007657064134921399,-0.01333991911303456,-0.03823922841899419,-0.011496016538246279,0.0008102047014235669,0.003020791555035096,-0.017482821110200497
2024-11-15,0.014005848430285406,0.003929283310006859,0.003862368952632478,-0.010904869266696093,-0.01646752364592352,0.021468984563290716,-0.038320903507334636,-0.014805028860190639,-0.012334605016113942,-0.009571558653693302,-0.013172923774660616,-0.036141924074514886,0.019710652007923546,-0.009680457380213281,0.0010901488960457506,-0.008384695397924746,0.0022794104158394557,0.0061455987068483875,0.004782095222187532,0.0008911817223780094,-0.008014894768019643,-0.022579186819466912,-0.012027703599877482
2024-11-18,0.004829472876974217,-0.006849207393789136,0.034026956515524676,0.002933170262219287,-0.0009849307781397698,0.003560229445506602,0.03224052591173665,0.0004886236637207109,0.0040870283862326495,0.002976676092765418,0.019906179640210908,0.005456216098940869,0.0020841105708762075,-0.0011802146387631662,0.006654423212328675,-0.0023841343729770204,-0.021607181339104886,0.03493787486266897,0.001155867575745928,0.009753675468824996,0.00726356265717909,-0.009604380587244776,-0.0019335474805811659
2024-11-19,0.02326260317002804,-0.02561582717106936,0.00033544927911499656,-0.006605603381655278,-0.015609531803040144,0.0018311389243177434,0.021933699967861875,-0.006472007741361585,-0.01288991737082612,-0.006789468786266073,0.01308840853424953,0.026786741383188595,0.0024261795408528908,-0.01005404924458797,-0.012019250858317676,0.0018224366565020578,-0.016272724981484687,0.019357686134628738,-0.017453598349785104,0.0008399792389937044,-0.018959604354346182,-0.004928894855062205,-0.002618962334487218
2024-11-20,0.029121660639453317,0.0455004919313069,-0.0004571712833375541,0.0032486673222087425,0.00851278818052048,0.02707338200381537,0.008928568446535667,0.006022601034641362,0.0064146660178396875,-0.010356105587279507,-0.009519369822792223,-0.001012051403933678,0.017289069220963516,0.013691908702642364,0.00340651167850492,0.004393287885844144,0.0019692045341432873,-0.004400098818938991,0.024122426204027825,0.024296111092990902,0.0017344039683573342,-0.004926243746615211,-0.0007193836523735619
2024-11-21,-0.0052030303658461285,0.02526439502385247,0.0031415937905305835,0.009866384717786225,0.006785796597072125,0.008119131978284289,0.03403674843320714,0.010995691269777286,0.020031811059872506,0.006824628051407933,0.0013727631124091921,0.010580874387151606,0.005778333142944403,0.01095190965768933,0.0038797257279981068,0.009124172089207905,0.023977968942173744,0.007676143646641043,0.012283158196368715,0.004916005274433477,0.011460116187419045,0.03137280161154177,0.012130585775911973
2024-11-22,-0.005505675043823932,0.0019102778056787617,0.008969791456691745,0.01503080943780355,0.01693234880352068,-0.009377767678638849,0.007735381742631997,0.0068882074886009725,0.014505666028004072,0.007723259127380588,-0.0009139802341746606,0.011472384637350785,0.0023657832693531056,-0.000637198222343649,0.012922689741815097,0.012207822940681234,-0.0007676011811659222,0.0013851049672382043,0.01286755370606496,0.004443466992524403,-0.00024454053979539037,0.01299172491241185,0.012198646293251736
2024-11-25,0.014762935839281122,-0.0009534384894187564,0.00644906855658256,0.02640807392097777,0.009699325047524354,-0.026729061789059094,0.047362387499676695,0.013322072375930638,0.009019011925559095,0.006604152073639069,0.015096165006677431,0.000881035488364601,0.004214498321077009,0.0020009181063973536,0.002265455135792349,0.010354465301202875,0.007683383057224269,-0.021208054566298595,0.010005360511968098,0.003612123044131055,0.025601286984178406,0.029384469563116022,0.020238081916423623
2024-11-26,-0.029005372593123413,-0.00858776650984483,0.0024254353990089683,-0.015966109671422535,-0.0014409070695685644,0.00858240810903177,-0.013722183013962996,-0.006987954240399885,-0.02899514397202807,0.0018629949182065175,-0.020279544317784004,0.00044004269862951695,-0.007722079485617539,0.001996991176128615,-0.022840811538385464,-0.011638957054274202,-0.031643157659788534,-0.0049457343804113485,0.0036495079155067778,0.0030331284044111673,-0.01939745398627113,-0.008931416908893652,-0.00678432842496246
2024-11-27,0.011143424684829872,0.010586979139927344,-0.00465970180730535,0.0025901431846653278,0.0036876665607390446,0.005899728097845225,-0.011857673474606978,0.0007155764420183619,0.00224524365148171,0.0012936056381682715,0.006439689839921492,-0.0012096287706355735,-0.012349855304999435,0.001138941927066428,0.01095690817110806,-0.002295060810735383,0.012992078482019664,0.0009523046348529629,0.005000093630900482,-0.004031791966906728,0.0008107291731940247,-0.0055032532709030635,-0.006969513404559868
2024-11-29,-0.002593094976815369,0.01333342014625738,0.0033310088909919155,0.003899548233576855,-0.007028673189737544,0.011279053017361207,-0.004159936460630509,0.0008381311669631852,0.006144765666108665,0.004319664454658589,0.010055030452192026,0.00594585364596778,0.007708159217211019,0.00846607528709642,0.0036126478392795036,0.007387539440252722,0.028371622002528518,-0.002378682281343192,-0.0005169648522634906,0.007367433048291794,0.007452446609979013,0.008731896934083716,0.006075656078112335
2024-12-02,0.03342622042534482,-0.006578949977785076,0.0038583978030570787,0.0009226447355441536,0.014041304230468121,0.014499142904106366,0.002577693649235435,0.0015552795460809232,0.003845322934922457,-0.0012863151979465304,-0.012669931147280322,-0.0009851327098616691,-0.006289429184661355,-0.002820103262887619,0.0006096741226866431,-0.009996384555694404,0.04232799304425794,-0.024558975520993287,0.010860357324905312,-0.016274815879500193,0.012864832006144855,-0.004579879507984774,-0.0037484232669457995
2024-12-03,-0.02003601424812107,-0.0009459030643395039,-0.014837893022994875,-0.004608662270623176,-0.010822884281413425,0.03496026210936254,-0.0036959388749577826,-0.009316810996202296,-0.011491683681388865,-0.0011270379910439665,0.004353925240619727,-0.012161777400154561,0.00427649780746675,-0.0003926789166314171,-0.015478271442270986,-0.007535239920372083,0.0,0.01613321156580305,-0.008889117413787728,-0.0030637258490116004,0.0016670132487217604,-0.0006570547907031044,-0.0019160028735195622
2024-12-04,-0.05922793228763379,-0.008522786308680974,-0.009557339305624635,0.00024474610656599616,-0.017538133691744506,-0.028043234723730714,-0.013387164749099734,-0.0050638773615295785,-0.023250652022453355,0.0027804169429415104,-0.018024103925172952,-0.009538488285011248,-0.01686250623610286,0.002903161236678553,-0.035033452103335416,-0.01071745445875072,-0.031182020362339302,-0.003848996485466105,-0.03658539791900439,-0.00024585389947651137,0.0051513903658733096,-0.008221330355738687,-0.0029668876345001483
2024-12-05,-0.014715958070761204,-0.021967509557837994,-0.016825527151897335,-0.005235850674066289,-0.05748461681930306,-0.023278780023807344,-0.00637560476692256,-0.009452371743414734,-0.015402417045815131,-0.0035361498559726146,-0.005808434314612865,-0.00335952674554596,-0.017498367347695498,-0.023658792933183848,-0.006927430730414241,-8.594957342755727e-05,-0.033949307470449,-0.008210673422873627,-0.02504835158490848,0.0014344242630452975,-0.01048645514219071,-0.01742032714225661,0.006931719381622514
2024-12-06,0.03817994733376917,-0.005859388361585949,-0.005776858207192315,-0.003886063297544151,-0.007645515117175816,-0.01040599230736483,-0.02122403542126583,0.013212750141993412,-0.0047404251009216525,0.009516921662991118,-0.01682649403694203,-0.0008990422040910939,0.001234448636289187,0.0019173036849036151,-0.01317669917119002,-0.002077575522506092,-0.0011714487388260197,0.0009739640259802673,-0.020608853406833605,-0.006057111999141607,0.0005577944593517792,-0.0007268496573060723,-0.0026770161042374285
2024-12-09,0.0447791150828325,0.001964696321473669,-0.010902534678280396,0.0076048378023714225,0.00980571806702435,-0.0024876718969448763,0.004202352281656552,0.0086934561758083,0.017623255266431492,-0.0037549778705785464,0.03945804593731461,0.002361808341416305,-0.01761182948467832,-0.01526355927291756,0.012043406915745347,-0.0111497214054751,0.01680988324036603,0.015081515880633445,0.014098333695375942,-0.01329997594343324,0.010273043678222349,-0.022106018898787827,-0.019626406371028637
2024-12-10,-0.0517964616995098,-0.006862829385897662,-0.00445325877733016,-0.012644337014589113,-0.010230536602705564,0.007027819763732346,-0.005356654280611828,-0.01747658968065402,-0.01287167198397876,-0.009422546793712128,-0.024239765145583014,-0.006507414579392523,-0.018286188906665002,0.005038653861719977,0.004268538295308932,-0.01957550504438277,-0.00730482232784746,-0.005751171721241288,-0.027804559500701487,-0.005842226775496839,-0.011351059394902774,-0.012883594111472552,-0.0174945660700897
2024-12-11,-0.001346499780696897,-0.010858957529745639,-0.00904184657689655,-0.019358761343986397,0.005781316256956881,0.011031239129965398,0.006058600598547237,-0.0018275258588666965,-0.016121348610922404,-0.006435970684058545,0.007733913731842401,-0.008018104113343139,-0.004382723913874398,-0.009622128107048211,-0.015327054685846941,-0.005803570353943299,0.036793265204240866,0.019040617644232816,-0.015082583738640909,0.0017210333394130917,-0.022564128134411998,0.0009150000425581784,0.011762018815693942
2024-12-12,-0.005200298751192767,-0.0029938087072308717,-0.004705896057666359,0.0005566937670682393,0.010102760507621156,0.0034511382948723135,-0.008029313614398292,-0.00451598680814691,-0.005301186801458635,0.013647923015118746,-0.021395353646916915,0.0029600445460604696,0.006236265874623781,-0.004607994672950033,-0.003531675657649669,-0.005998129278334874,-0.004109062473981906,-0.017029350041902203,-0.05078004978135464,0.0018857392711326693,0.01166477319309922,-0.013685024666576284,-0.0051866149431980535
2024-12-13,-0.03416104987202473,-0.009008986936111407,0.004535336663661571,-0.012799078473407999,0.004311188980788527,-0.006989893381872392,0.0032040285721388617,-0.008827913382531194,-0.010174365167633481,0.005586501808464872,-0.011644506494923323,-0.007945609052912528,0.012395231788238537,-0.007297631852365316,-0.00669472495278467,-0.010595967684075558,0.004876098838248355,-0.03224249668932899,-0.046876227155050465,-0.004140711302985989,0.0012094919098466494,-0.00640594061498212,-0.008414029207948537
2024-12-16,0.0016099616316893606,-0.006060619494565045,-0.01786760416321731,-0.010659037856012188,-0.00703991855423558,-0.03150816536188705,-0.009077271357452177,-0.009524851579059801,-0.018355277191473895,-0.007194231199340595,-0.020437648015647736,-0.0028603158427643605,0.0045012587116564085,-0.016080886452748966,-0.01308303596473026,-0.006570628832545111,-0.035460997683312234,-0.0034808677502267127,-0.008702611784605074,-0.004241882708230338,-0.012321785745120883,0.0014540640972415808,0.004460348310819651
2024-12-17,-0.01999183968030549,-0.011178815240634132,-0.006553075992350554,-0.00828759770693377,-0.0013834244375263705,0.0,-0.006446104156449195,0.0007492509257287505,0.011468334485708498,-0.006377282587833322,-0.0029455797299384745,-0.00436044275797054,-0.009858349717436488,0.004436213838720615,0.010176590988127732,-0.004604380892410664,-0.015479955889234676,-0.0069860530271370624,-0.025612084467056873,-0.019148827679899005,-0.004729217793191687,-0.006136395222045454,-0.015703979944556856
2024-12-18,-0.07186070563466285,-0.02980480716876066,-0.03084901463469414,-0.024078046343950055,-0.03705627851084181,-0.02595774975337961,-0.03687902315863556,-0.03132423743929991,-0.010352527192167837,-0.03456960181187552,-0.047020958346892794,-0.01624971328579461,-0.028964640673039277,-0.018433442024574198,-0.008483639907969631,-0.016777494358651723,-0.04559747857833141,-0.05427132878328711,-0.024962791529507977,-0.014319551608796277,-0.006636132367402792,-0.03894834444150419,-0.02846132839416793
2024-12-19,-0.017892657196785344,-0.004237327535860813,-0.007246495077474102,-0.003157513895419961,-0.004495629346954022,-0.007224890091435787,-0.004431802457071976,-0.009920063963731462,-0.026152005078210916,-0.008962411440207374,-0.01214164058353795,0.006794727253735866,0.003728605751910141,-0.00634645956180846,-0.024464988293001033,-0.018426536422320394,-0.016474385565193317,-0.01647186790224775,-0.01848087654518571,-0.00767817977865537,-0.014267999746588766,-0.018011761127445958,-0.014987414671261079
2024-12-20,-0.003036322141148018,0.0,0.006207938278591563,0.010039729067760739,0.007948036261718583,0.013839155497697764,0.02350431454039148,0.0055953144640350505,0.021483482438350965,0.0117181960507311,0.016213306165805408,0.002337926082621067,0.011329807485012111,0.01124899742633989,0.0072630173564753875,0.01506357151986526,0.007956382833000708,0.034035568540731864,0.006909561131019704,0.007824561865430235,0.005773137448563226,0.009025115613660928,0.008470042880532658
2024-12-23,0.006204062071875516,0.0031914518223572497,-0.004881501193352067,0.002391904788992427,-0.001433683262636598,-0.0015297546515343763,-0.009742498939976252,-0.005175990005299003,0.0007512592189260481,0.0033572142283182504,0.010036120317010733,-0.011079914064363372,0.000734688262071792,-0.004666442306446639,0.006938951039475949,-0.003578865046602875,0.008724538475387122,-0.0031346475604765445,0.00025745233770746445,-0.003947671123476382,-0.0004991967597001157,-0.0018237227209031426,-0.0009881547171314287
2024-12-24,0.008856445954998016,0.006362776726861918,0.0084141221641727,0.00424224050830202,0.007896614243267708,0.006482127200604593,0.009838349045119488,0.00481279119647704,0.0030022507069717985,0.0069012196251658775,-0.000764300042870758,0.003774011846573666,0.011378212524584708,0.008145378375422174,0.001486249558875663,0.0026326058694079446,-0.0004117626421160647,0.003930809646721212,0.007031881599718348,0.007662464013205916,0.006908063614413651,0.004871936212246908,0.005478161693990735
2024-12-26,-0.009334210394250309,-0.003161451757999978,-0.003175548609960277,-0.00015847478442654328,0.0005342980699161171,-0.0036300356486878016,-0.0008697526800275357,-0.0001294744047167784,0.0032426059279468955,-0.005732265794650138,-0.0007650835480582652,-0.002114847823632582,0.0018144625074940635,-0.003405579296190564,0.0031030327445371597,-0.0021380877949193078,-0.007828612395279544,-0.00574257359143826,0.010304032557342246,0.0027532115609547603,0.0020665613001500382,-0.0029146806893970423,0.0009078185167836761
2024-12-27,-0.009646650607791574,-0.0021139619451162606,-0.007692605571187117,-0.004436155226080096,-0.006406830127481444,-0.003995810399131994,-0.0033084912199161653,-0.007897414994865959,-0.004723972905587459,-0.006684542274426608,-0.008420471806786622,-0.004003364600041914,-0.013041005389915483,-0.003157972140683807,-0.0028243787129735853,-0.006014444446633238,-0.00872091474673864,-0.006563491382566622,-0.011463258185769765,-0.010285408789166062,-0.007011607515789442,-0.006425369840421635,-0.008277966890937627
2024-12-30,-0.024351670266750114,-0.010593363543801693,-0.014070604829984679,-0.006737036408759667,-0.015045758749323457,-0.008495509129070933,-0.011879750668385092,-0.008873852292789253,-0.014739038834677975,-0.013627172964765233,-0.018013484945116898,-0.007447702876678952,-0.015415615971617225,-0.012577390322205728,-0.012948532919317968,-0.016243204845146075,0.005446116995581285,-0.022198604977506253,-0.012107752401364524,-0.009379469922708439,-0.010716083554467404,-0.01322506502556986,-0.01600861530483566
2024-12-31,-0.0006964636185214923,0.007494649680227949,0.00467624248796672,-0.0005874613827543396,0.0025459200787694147,0.015351618288124813,0.007072091349407117,0.003950054596538521,0.017495006486220488,-0.0008527460895811911,-0.002096214701121313,0.007027278086660482,0.0031686969384043806,0.002418192959189991,0.014894741718802562,-0.007207844664308349,0.024166620594921806,0.005945891187215446,0.012141095133517688,0.0007556173293592483,0.0030228806161423094,0.003483630661551995,-0.0036024378048880035
2025-01-02,-0.009874490074727627,-0.006376121189355377,-0.01727543345126803,-0.02041378609190725,-0.012515823693171724,0.005977558232689972,-0.010884862312022459,-0.01075424224470889,-0.014453112001635238,-0.014467582908112231,-0.005252057264888421,-0.017267938756364787,-0.012263222675497953,-0.01074837898504255,-0.020061874684234038,-0.01150071286372123,-0.008136698226298589,0.030897408381120872,-0.019107046734649025,0.0004885886682890472,-0.033737920644704156,-0.01991600113516412,-0.006453426476033752
2025-01-03,0.03003617484114729,-0.0021389220627170413,0.0021885854251004755,0.009710392058571271,-0.007531316588802128,0.03122452451770119,-0.007099707434292557,-0.009015025459146009,-0.003792586475805715,0.0043304169693336725,-0.004488050639824714,-0.006859876398503606,-0.005831363839504888,-0.0016177198083954236,-0.00013754848851943446,0.011967369349249468,0.03158340326153297,-0.006776194384139345,0.008473016254533006,0.0028413478349298416,-0.009963574245145379,0.010145229424590507,0.0061040091016599796
2025-01-06,0.02733806984587761,0.010717986596184392,-0.0023599049467831756,0.01593829162742888,-0.00018507221690233777,0.014122621587205453,0.017876218941081268,0.006822944801074593,0.008883237534556665,-0.002371423167987774,0.02280559124036241,-0.00496858431753322,0.012298814534372093,-0.0014267491329528204,0.01497890137190172,0.0013546787008305028,0.009542600848257754,-0.008396790698422585,0.04478128287215233,0.005312660636155986,0.007000924293448785,0.0038035685360111593,0.0009723107589603153
2025-01-07,-0.0023283776119940036,0.007423120177180387,0.010909466014768832,-0.007179401915485162,-0.006108875775812317,-0.011252292486121473,0.0015807564164742605,-0.002391744792569428,-0.008553652587222627,0.0002593022592185523,0.004407661290974918,0.0054804352385235955,0.0020561727689820675,0.004940508531614984,0.0005415626150850894,-0.016854450068625404,-0.005513841006361431,0.009790992555477551,0.005471729869846342,-0.004844209121335208,0.006865394009592185,-0.010123784610701847,-0.020980754981848815
2025-01-08,-0.028895510391898527,0.005263096171799431,-0.003771855272171498,0.005463487327783678,-0.004283762739439645,-0.01960560122262678,0.0021040539689265447,-0.00839113446061368,-0.01243329337919008,0.013524086390696244,0.025813001929410495,-0.005935141217457085,0.019958907183841523,0.01219424258449786,-0.011772933525920126,0.016907527928773813,-0.02257430684530526,0.025419194788715238,-0.02556064533537883,0.011328455029127493,-0.0014672078259162502,0.009390061438498298,0.013096312988682746
2025-01-10,-0.009727494364488276,-0.014659691601534686,0.027449486212532737,-0.015182966644399887,-0.027123057628594127,0.020112742735364453,-0.0010498520533416267,-0.023505526209417482,-0.010791201956669827,-0.020676088858042174,-0.01912405499377967,-0.008651040668539944,-0.01078999706352135,-0.013952132205976686,-0.007531029827908209,-0.016510325635590628,0.006077796575812311,-0.000766514052341849,-0.00016921138190728602,-0.002143871812670617,-0.021695919145903297,-0.021864148413394013,-0.014063049132038707
2025-01-13,0.05755236251369,0.011689824593881903,0.029548397739390886,0.01676961390625631,0.02384146329538428,0.07593503353287767,0.04974610575662597,0.02379626675954971,0.03038946327128711,0.016280690457319835,0.011031180915029415,0.023844614645434747,-0.003697585577293161,0.017578131039074796,0.0368377326429592,0.00882630556577757,0.08014501239972094,0.0017900379187270055,0.0399457270228456,0.009953875553737834,0.014313453294334755,0.018051752659214992,0.01724349534381764
2025-01-14,0.012239116076763645,0.0,0.02061365978251506,0.007182373288059374,0.021220669721644603,-0.005340286250832049,0.016018626023283744,0.011420182124919132,0.010335415583793806,0.0018845858312765973,0.0022835912984215945,0.0044417875318107924,0.028391116353732482,0.013905196624789617,0.002129180910084516,0.008729442191569126,0.011931291104356534,0.025274617161732182,-0.009195848345778024,0.010116226216397184,0.015069641906836795,0.016422739146054077,0.015779484074142314
2025-01-15,0.027204960966776826,0.009453847353443123,-0.0034420365434387756,0.004859680372252706,-0.002206644609572872,0.014527842409301828,0.0004927157334142507,0.012752388854705865,0.007984099915585574,0.011329648118067803,0.017280815096828883,0.0059757751139719595,0.004330678456371251,0.0016148285881967261,0.010224387802763912,0.02629020692828732,-0.004421341725227235,0.030129401699430236,0.010923950020688133,0.010960709253843737,0.00892471919272575,0.01548409407452822,0.031222449983883793
2025-01-16,-0.008723133763903324,0.009365309150318302,0.016813360800172816,0.005309394801833678,-0.00018428771320788684,0.009131464861263039,0.011654601935846554,0.005508974945584333,0.011633335351515894,0.010991351774232827,0.0,0.0032078398228216898,0.010779715579262827,0.010537918488344067,0.007229057190254018,-0.00011279078875225945,-0.011102961259472521,0.0067683084797094395,0.0022749644412050074,0.0005103690861538723,0.017266354859608368,0.020868821410024774,0.00365414161799138
2025-01-17,0.033609057059708514,0.0,0.018393762973515804,0.00041832342834213776,0.0007372867257164906,-0.002467901345574397,0.011195761941195537,0.010565926208268017,0.004159780634428678,-0.007233839933930675,0.00474650491521178,0.005329304150620384,0.011909001759083049,0.008115647928823133,0.00874358450462931,0.021327987468133358,0.015718459507704452,0.0004801535891527653,0.009484468009251179,0.010836142140071114,0.005351167981082261,-0.0005363563542511995,0.0034548554072650894
2025-01-21,-0.03528562733773066,0.009278326923610747,0.006167619170828198,0.006167566177636141,0.013814661873702283,-0.034532393972327324,0.012837015706985477,0.012779213604457995,0.013157839011828987,0.015373453214941879,0.0019890261558679345,0.007774630040058073,0.027226293594901252,0.014816564310427882,0.005562800720884331,0.018578538045033843,-0.0011052615798047283,0.01631869895663085,0.004336304640729649,0.017909006772090175,0.026031297660801922,0.02130046424189813,0.020103683767371594
2025-01-22,-0.04040398744529783,-0.007150240574240074,-0.008662951568466526,-0.010233645283155623,-0.012899713163591287,-0.001601623529256413,-0.009664131627402761,-0.010706201464238507,-0.018278047603793368,0.0023229815533494236,-0.03002473537277872,-0.0007013235624874214,-0.004958953636570729,0.00031645274752700736,-0.008362490995346028,-0.005356295024381841,0.02545180589277307,-0.01582056632134521,-0.023826740960901982,-0.009622868422218156,-0.004052923877071346,-0.01045577069783532,-0.004173687621516486
2025-01-23,-0.004986162172812891,0.0051438853418674935,0.02211449229109186,0.014853314964800912,0.015645138375787848,0.018500611258344346,0.026875768555385537,0.007601200518636331,0.015923606567592063,0.005338730349472964,-0.015093363965588802,0.011346344739586511,0.0070458599825427015,-0.00399918283213585,0.0036324608439213257,-0.001655335375051914,0.035971156110314206,0.006477876606904909,-0.000245688458219373,-0.0023353077284662405,0.004964657473755851,0.009420247959565975,0.0016400270734628908
2025-01-24,-0.011581493526925057,-0.0010235295164471303,0.016234605162218196,-0.009515949123641954,-0.003261872694088619,-0.07496844607523112,-0.003583146013562688,-0.01086814895028465,-0.002411364047583242,-0.0035402105738125966,-0.01792212366694268,-0.0070552145558524515,0.025426722923876488,-0.0035841151156531526,0.0,-0.00038275484400573934,-0.02048599011767993,0.00214542562513631,0.0009012068593701184,0.00430526851963009,-0.00566900008430149,-0.002658493538647333,0.009860616118900323
2025-01-27,0.00022556640933468763,0.013319776062902688,-0.008018072554403566,0.022921916693059874,0.027818003747553277,0.007604929864087007,0.007973939996068102,-0.009048452579467625,0.013294611522003397,0.017103211743320523,-0.030150648934235136,0.0207337768448439,-0.013313386747987321,0.000546373640500919,0.016933937895610596,-0.0045940301097388,-0.0077987673053711015,-0.011179676699074048,-0.0016370419508039413,-0.0022892052858668466,0.01229847357117464,0.011162046150118732,-0.009188008239906509
2025-01-28,-0.032439855102297965,-0.00808888350297543,0.0011633832833146673,-0.013322492511732453,-0.01662832719486551,0.016672298908428695,-0.002947270185469919,-0.0043048826200912105,-0.011927596082794922,0.013484985304101249,-0.02263449903027248,-0.012438700971927563,-0.0028672729347818393,-0.009055937893530985,-0.004576166836131934,-0.007087182700639905,0.006788154303744909,-0.005292511053185178,0.03755026189707955,-0.005464593172344379,-0.01029842633997402,0.0,0.0004000737628973017
2025-01-29,0.0044237155985495935,-0.006116307405661825,0.0009481159481872226,-0.002017655138610852,-0.004677125289320627,0.025152486493689397,0.01120099755951598,0.0019652773007754476,-0.008932685432695542,-0.01037995804560421,0.01227690199717446,-0.006239978891693476,-0.019282790072438605,0.006452216242941011,-0.00574639492896456,-0.004297603285072782,0.01774315460587217,0.005804119169277033,0.0025285626568372077,-0.09768891531803281,-0.005121574576976151,-0.010324763338685816,-0.010541403214011869
2025-01-30,-0.007301773023363656,0.0,0.023799951616580106,-0.05401482325727536,0.012832172922486729,-0.0034589033407589342,0.017692472337083487,0.0023535919958308504,-0.06090140649584708,0.02259744236104355,0.009922759552558391,0.020000055085189317,-0.016040054631568768,0.01838838352384875,-0.0223476499576295,0.0120222785365236,-0.0034868206245233235,0.03606648146915559,0.01426656315142072,-0.004090663952173501,0.0030233499604002123,0.014261434305014475,0.01528262895524013
2025-01-31,-0.017045971688192108,-0.003076886852558691,0.000477509438006285,0.017754350342308323,-0.006067041266743067,0.00010851158137570316,-0.013303235963791682,0.0018261821329041972,0.012970183730890206,-0.009187677669672434,-0.021561138410291614,-0.007181956181174454,-0.024890452414303654,-0.0005825669329243555,-0.0055177493234639385,-0.004045168851692038,-0.024142705470620918,-0.008586716137653161,-0.0019427939491065693,-0.007374925165711255,-0.06004079113434213,-0.020216056307752805,-0.007996605825658976
2025-02-03,-0.04442352885177303,-0.016460971457032736,0.008381665500588165,-0.012868064608016483,-0.0003591871778184652,0.002819619413280794,-0.010111859450871785,-0.009375059857265944,-0.04276566475298682,-0.0027180416075021085,0.00027909784736968035,-0.007922741350100737,0.0035952259873774928,0.01813423148263671,0.007926217663429602,-0.01501512321497056,-0.029759731257416044,0.009363368791098337,0.022346755135236762,-0.006489095307623649,-0.0293811994061125,-0.0014519249217155306,-0.010906368413240553
2025-02-04,0.025233148957126694,0.05125524628666778,-0.007099246347273325,-0.003927052108046003,-0.06896546151690752,0.017519317519240296,0.016870453731811397,0.012092515710792728,0.03130012328705445,-0.0026851967001157995,0.01728926948778442,-0.009027694072942238,-0.03474834219427969,0.001298940988333941,0.025425890071291146,0.0025187172578835515,0.04249815603164686,0.005333795971121491,-0.0036555724952874735,-0.003029309970347227,-0.006429053836042975,-0.0001396811039645618,0.0033559503634073007
2025-02-05,-0.03152291747643576,0.01691539196699865,-0.007507246404205192,0.011006332988735323,-0.012538646992826474,-0.046870030174830046,-0.028614989826062254,0.0014285976711196913,-0.015564198483641212,0.0034963486532417765,0.005482575736918127,0.006540334305475515,-0.0001855234147123408,-0.002418568518943065,-0.015976437786980435,0.004950884717637383,-0.014533911322948456,0.03713965358179627,0.01834563909736331,-0.0013766377371703387,0.011683264704532847,0.01926775890985999,0.008306580074299852
2025-02-06,-0.011016289175288185,-0.018590945195386066,-0.015068358142867666,-0.015977830427535533,0.001562872447980146,-0.061998241901857654,-0.02287690228741668,0.00479843546399028,0.02160746578648487,0.0012814091888677659,0.01281346135918704,-0.005917718138440109,0.03452116833755303,0.01538459102559453,0.009871366625420208,0.010148705956070758,-0.04712229453350092,-0.0017793038023381502,-0.00015010811413973535,0.00936532093911513,0.029581613069060042,0.002030288425339588,0.010498289171447794
2025-02-07,-0.020632958321337047,-0.0009971655254380485,-0.05391150635495068,-0.013925635639644218,-0.015603573843346652,-0.0008320700081030363,-0.00032065110714529776,-0.021941170313670155,-0.0049007585460121295,-0.010518841836386184,0.02880223615051425,-0.015758183134929493,0.005920330665391438,-0.012221140548031584,-0.014662368562506023,-0.01254028938277274,0.013590020693246885,-0.0008913681788171868,-0.022072016103561576,-0.009890794875286102,-0.009145841022945578,-0.012732195214766984,-0.015475577786805306
2025-02-10,-0.028822744511694864,0.0019961532480996524,0.00035418660626906906,0.014233891903626006,-0.0023777519620620247,0.03509809464333191,-0.002085336360062473,0.006333916554832619,-0.0002593206261098935,-0.0059012815711391164,0.0062794286263865295,-0.00035582380092291643,-0.022471864747297454,0.01276782815619737,-0.010051002760388728,-0.014166299520265824,0.021601448193490524,0.036128352067226865,0.05581150725246142,-0.003805561889283937,-0.006269502767765056,-0.003910250009868554,-0.015975451873619817
2025-02-11,0.007452870223247476,-0.0009960042140191305,-0.0034132276284600804,-0.009411029097519452,0.0001985988370312164,-0.022069005862767388,0.012216802579725794,0.06845018021275351,0.001555887703947878,0.06216961268228505,-0.022620869924188547,0.01091465872360109,0.015143054281835822,-0.00026030916813502003,0.007647588175064612,-0.003710173170829112,-0.01749897500053521,-0.020878018871103743,0.004217280631483966,-0.005586887975869148,0.006922544790624041,0.00615328402935722,-0.0029415994245983734
2025-02-12,0.011888963550830578,-0.003987988909836426,0.0027786390839141806,0.006667051298595128,-0.015488410298925115,-0.04583916481394856,-0.014451371339069485,0.00343646111475282,-0.009578272656051823,0.0030624585865604015,0.009842925637534083,-0.006219883241210922,-0.018152218266629938,-0.004731593464884387,-0.006935128670433888,-0.022419749616051643,-0.030055720360112947,0.02901744600126932,-0.033017159923840134,-0.017094813495912575,-0.0009573246057205109,-0.016243935511313423,-0.014788803793871041
2025-02-13,0.034595314267380495,0.011010965258376526,0.015498883109340111,0.009327179730385327,-0.005042394493513291,0.0034490116488858913,0.012890669615029715,0.02800881592994009,0.002090919254351453,0.013128437822961248,0.059536359935482785,0.015588010037819844,0.014826852539086,0.005430226937388483,0.00461177451132766,0.028077571996162565,0.011094125512286723,0.020081070968209103,0.014975703332574808,0.03644537859672603,0.027177565062099562,0.015837024542320277,0.020924089461617168
2025-02-14,0.024731995727536038,-0.0029703455971406,0.0030459239980560326,-0.006944437822162586,0.01054115012244794,0.018774829438949592,0.01749923452807023,-0.009518154996575157,0.008607169678136684,-0.002750233856869899,-0.018647458349572044,-0.004883485643881635,0.012265556939942135,-0.00878447124051518,0.006033608239483401,-0.008050346671416353,0.0030268941142175265,-0.02534024805404922,0.01637754699860805,0.0016496748809933237,-0.001441508964278193,-0.011824183195498716,0.0041954864308551
2025-02-18,0.029183602031048528,0.009930537698360054,0.0027836852102511855,0.011342881281980466,0.0,0.00897187319663395,0.007817564444105862,0.012852799934030879,0.027152910151051257,0.005590574543764992,-0.004307142762915328,0.010165763941194728,0.02067003704581105,0.01932169778670567,0.019817608094504502,0.012533690642745343,0.02301017180226661,0.020842294227049418,0.03447769095913089,-0.0016939947086239693,0.012823766191273345,-0.010844472652205672,0.008504197564908278
2025-02-19,0.0010767404674334458,0.002949900734948052,0.00015771691554955503,-0.003756681400426176,-0.016248719428539005,0.0070895328440852,-0.012721163071575892,-0.022533085271151387,-0.020141053761097427,7.510311832814587e-05,-0.018574994905590003,-0.05159036515403159,-0.0022694977362868185,-0.008071656755387902,-0.009204875374425825,-0.02441984496718297,0.00036871682038253084,-0.0021048979289276515,-0.019295331211929723,0.0008012806751576118,-0.020711101622407746,-0.0032295107514781485,-0.02856003723738676
2025-02-20,-0.013864048749006486,0.01862731331292755,-0.008736799669967321,0.0070499880517489455,0.02875213865854631,-0.042357614952686196,0.0029854653340788406,0.005217102124360329,0.017214751704761166,0.0041316420372163876,0.010111464061778541,-0.02256387766927148,-0.019072631827005138,-0.0003678450686860346,0.0014194322204075238,-0.028620860477291843,-0.01879836562547421,0.014342970448104841,0.001287774169564715,-0.012387486363170441,0.00941859751945473,-0.005201250231895771,-0.024078201422822132
2025-02-21,-0.015876771136965395,-0.01347441832052343,-0.0139683204927179,0.000488522348951026,0.01783939611629526,-0.02940447421104242,-0.016763344293203808,-0.014483948398254398,-0.00202056933154815,-0.00991254617898707,-0.0508213861090685,-0.003119399647094623,-0.008919085567038909,-0.008443467130259785,-0.008375421889798451,-0.03201325899837615,-0.0323065247854325,-0.057392341457850216,-0.033726406077779436,-0.008393737196883966,-0.02056137748860576,-0.01557034139350888,-0.02215856596938881
2025-02-24,-0.002093702160096078,0.0009755982682637665,-0.001613457346006486,0.0009763096355732692,-0.011100292706414439,-0.005006482261219802,-0.002389926664036146,0.002081990592737837,-0.011642601427755639,-0.0033244585853291486,0.003515511510234548,-0.0035048142150987394,0.0036844320337710013,0.0011572589425190571,0.00454788148299845,0.0016332738292379467,-0.01630447384093181,-0.0284581069863995,0.0070250787571737305,0.008753378053046879,-0.011062710476671067,-0.00203169117862112,-0.0051412005044962905
2025-02-25,-0.03221026348135392,0.005847966686275408,0.025760243083378986,0.009970759038185673,0.015951211394690912,0.011611506723823606,0.005909597393379817,0.000733456206072125,0.004609636661364602,0.007126182678771187,-0.00943152040820816,0.008416026928747211,0.0,0.019540722587688686,0.004139161494955079,-0.0007135256428499881,0.006708809796695858,-0.02520420591396144,-0.0007342268373768945,0.01382658147543947,0.007575161690209553,0.026638083083145858,-0.007036096454369312
2025-02-26,-0.01134914042063584,-0.010007949437650931,-0.011059847949831725,-0.003380176786214606,0.0077533940673055746,-0.008034598271593696,-0.0028581276020883672,-0.005251815827817974,-0.009686694472918478,0.0029357979273123558,0.032372174086214844,0.0036122989884794787,0.007775821217227419,-0.012706203387042647,-0.01842071562466674,0.001713382515853068,-0.01136795148312153,0.015140805296539828,-0.011096347007781615,0.0005172872959557928,0.0056822834015968215,0.018581965977639614,0.00296253851021544
2025-02-27,0.01857352508709509,-0.002973173695632547,-0.004588361023978527,-0.0013998617464754393,0.0013464141611496672,0.02314229296458281,0.0003185280396724721,-0.0065069829313839644,-0.010810754187429494,0.0026645317840079397,-0.013965762288387196,0.005833509399586045,0.009330648502629213,-0.0027515250592060614,-0.0027558080623836245,-0.017897607877970234,-0.005154830076258277,-0.03350152409155893,0.0017833423881765675,-0.009400692541534528,-0.011822010584914056,-0.011346206233557754,-0.021594216018804957
2025-02-28,-0.024566352532505942,0.005964245350868147,0.011971487522363988,0.013370022417561467,0.012101358761446468,0.018094775869962332,0.0025469805857345484,0.010504175403702076,0.010071570564698318,0.006849389766661718,-0.013628895180900158,0.009501345476723655,0.0017776784454131,0.014708391051018621,0.011054149950113779,0.0016586061547561037,-0.04663202294314539,0.017094038485711005,0.019731455592885583,0.011103185674685934,-0.004046391817305817,0.01901493494174522,0.008934327386134422
2025-03-03,-0.09191225593951591,0.0009883120710472149,-0.017396708922210236,-0.01090604040997345,-0.006667804152297729,-0.037645061460362284,-0.03836976398286118,-0.031096387229842537,-0.0537917862932189,0.00301099375699887,-0.03738833505001393,-0.010878882699119519,-0.01845597586392511,-0.010277242738077397,-0.0445139391015652,-0.026018429024050826,-0.024665739077681548,-0.011204404439108528,-0.0247326327599815,-0.017269708048812227,-0.01324857718238337,-0.013140511897651308,-0.03048803282650492
2025-03-04,0.031594256704552626,-0.016782001268668245,-0.017060949483278964,-0.024687986009575558,-0.021288936919525603,-0.03450026506017767,-0.009933772076908598,-0.014461388041559164,-0.012201771222993374,-0.00759771460818115,-0.01773146443897189,-0.013964241737097538,-0.07250054813066964,-0.0019469547236236062,0.0008175005998543039,-0.01677303741980929,-0.010715733947318729,0.009498799273609748,-0.0340121424027261,-0.03409577604057379,-0.02175080623350001,-0.004064545971887545,-0.020477868956314316
2025-03-05,0.02840893067489847,0.011044149398553804,0.020402888081091586,0.013133881798823355,0.016460913521358922,0.013682202314815095,0.022742515988248613,0.023040219844576715,0.06064005539383577,0.006946242820404125,0.09340969924409381,0.01829788585712433,0.023586718039810828,0.014956109586336863,0.03729389999137189,0.03401021214451028,0.04549394441423771,0.031521994287786015,0.023009768123372742,0.015326071966332178,0.043919817158833085,0.019815198076212237,0.023375654932858314
2025-03-06,0.030588917746634747,0.003972215023081427,-0.001990177298559548,-0.0022974594699739503,0.005976609594943838,0.0039312632431687256,-0.004905260098606257,-0.009058849824264303,-0.008999450499331707,-0.012535814889474861,-0.012578604824693751,0.009969276863503573,-0.015235121263229234,-0.004463471895041593,-0.003936416901571094,-0.0036010816711457005,0.03387716041707001,0.0015964509150647732,-0.0037737328508430368,-0.007644704098898281,0.011219279922424219,-0.0061823044536861715,-0.021552007498699677
2025-03-07,-0.012683136500399095,0.017804080417811896,0.017526591758924015,0.008443070471656267,0.03986178856566425,0.006787643276321864,-0.004929249559359361,-0.007745082723840224,0.00026701821471086795,0.01130529775965261,-0.01963903899655095,0.005605777466548778,0.011409843042925916,0.005598843943648735,0.02094584751305284,-0.03261125556690081,0.016990254991209763,-0.001138428766810029,0.013106886013723784,0.013984350771540921,0.0009533695140351295,0.009831081113014228,-0.06067939416128121
2025-03-10,0.011654042283426147,-0.0029153049988703827,-0.04013789867445228,0.014026334275987429,-0.005344457036406403,-0.00038899793702384944,-0.005284043957009987,-0.01689057368641833,-0.0013350680809148807,-0.013295822760123976,-0.06605318874996424,-0.02653904695493492,-0.04588919057500995,-0.014314080524023609,0.004989522706278393,0.016811783850441353,-0.01034210399916069,-0.03419196486790699,-0.052497648020166654,-0.035857786417471504,-0.006840910778142972,-0.016060738495805915,0.004219242433044057
2025-03-11,-0.0486974251785367,-0.025341177005831605,-0.018537434240110007,-0.03415197828270233,-0.03075782344580691,-0.003501832874880373,-0.004482137830025601,-0.006637997590312583,-0.019518741869323786,-0.024917128225687035,0.03999999549484912,-0.005601971909838466,-0.010420783850778825,-0.01729199995322417,-0.03370800508694349,-0.007946492116487125,-0.0008037618192461293,0.02478158254316587,0.025256430404558383,-0.008984063287315935,-0.010986123464702069,-0.013304167101957698,0.015225465984174624
2025-03-12,0.0019265197555784486,-0.006999952237816687,-0.011506798930289164,-0.01715239217158282,-0.01988151199385968,0.01145369073281377,-0.01617461377412599,-0.010744188345144678,-0.025088432909595393,-0.014977183778513647,0.02508372703767381,-0.004131124123402552,0.025313883827357442,-0.006386720606647356,-0.023931874908236672,0.0005382860687948021,-0.006838310002641124,0.004836693759970423,0.007390361159178793,-0.000759650790080113,-0.02159930307011315,-0.009036395377597928,0.010947523611134713
2025-03-13,-0.005631063890855215,-0.03021138069704077,-0.006109023365902688,-0.006607798603109449,-0.005851345005110531,-0.01145275506604726,-0.006949269096144461,-0.007814640456532462,0.013426486412795757,-0.01594956149714688,0.021750896281705234,-0.004777026127047668,-0.004937750069936908,0.007983574984304465,0.005818093168709293,0.0008609400652193067,0.01498583014986643,0.04629832839614623,-0.009934182169108574,-0.026710595963909456,0.003424087565629952,-0.0220963582216388,-0.009376268773605312
2025-03-14,0.04493367763149503,0.015576141165790425,-0.0031757094838952282,0.015634702957148416,0.01804976032799388,-0.002473356164313323,0.020993367953785258,0.02910161416596968,0.020425122950626706,-0.0005972905955463625,0.03379466710948531,0.006063023128346501,0.02044458048436737,0.0049420326403952775,0.021209061857654143,0.02664169955142448,0.03351948046184261,0.012924405136670591,0.019527621168435427,0.03155457132920714,0.0189475403898256,-0.0009354778928114538,0.027906159265584263
2025-03-17,0.05463230842383493,0.006135000698030746,0.012674626307065395,0.006045673792388628,0.007515875728067778,0.014354713419314269,0.02942159425682722,0.00791278307058274,0.014606230796976982,0.003665987578787444,0.016988225602979856,0.030006232174933922,0.0033067555899604084,0.010559801298022364,0.013486378423814394,0.023625502039742896,0.024324350023050556,0.027681697205724998,-0.019607950808153474,0.008689032374660233,0.0032607450509594127,0.0013751536976425172,0.016254571166756993
2025-03-18,-0.010587289739172556,0.008130122622742153,-0.012854130308084688,0.0011685443761113579,-0.007268522028423319,-0.01711049702363998,0.0,-0.00746465406682606,0.002666087024639996,0.009831534653246043,0.008352518388197616,-0.014992772845416225,0.008918178009672317,0.0008691368764794927,-0.0007985803117339652,-0.0011047973139288736,0.025254496585451758,0.006102537395745289,0.00239387277458758,-0.004533705661439957,-0.002371742181001002,-0.019634709636217607,0.006040516581891309
2025-03-19,0.01261146499341348,-0.008064556787164445,0.0074702767387597735,-0.004557273741394363,-0.0011561235349085708,0.012696403813128754,0.014290383600647827,0.005835132505272123,-0.011167282152898528,0.0016554190951774128,0.014558080561786868,-0.0032173288071154493,0.011145325166824538,-0.0020837927947796597,-0.019043546644523124,0.00411714007694286,0.028308737278384122,0.0037650337097041575,0.009552443086181306,0.004453053873064272,-0.004138367258638809,-0.0018179564745403054,0.019492541522988516
2025-03-20,-0.030947312764978308,-0.012195099224158512,-0.0036734532683526666,-0.011501323108447314,-0.005208276948799884,-0.005816359658466719,-0.0100864801458177,-0.008250555227362177,-0.015595640526282928,-0.008578598144787564,0.006927338125623406,-0.010055813790272983,-0.006271386071888263,-0.0043502324042040685,-0.013168836864424938,-0.013096707682647257,0.014658538679195754,-0.004792709917629034,-0.011827616288100695,-0.006599859887167603,-0.01626884959027408,0.003314108124937043,-0.009912482983833182
2025-03-21,0.006880345541976585,-0.028806558600123044,-0.0043357199250990686,-0.013950889624852914,-0.017064228420248018,-0.0018199043472123533,-0.0017790283910503746,-0.022877964216175606,-0.012018460661161412,-0.0037310316724428194,-0.011056560786166236,-0.01890603077221653,-0.017211678968863553,0.0012669972016710052,-0.01568300653671295,-0.013952636836783161,-0.0193797880001092,-0.008375174939944885,-0.05783779229377495,-0.014047943046183176,-0.004763524862986701,-0.004820996439937608,-0.019436891250222854
2025-03-24,-0.00012874898634007703,0.011652512721508801,0.006171972011517646,0.013919085863839387,0.0017755813964217548,0.0006512168396095586,0.005670826865347145,0.025275898926027773,0.003317760391489566,0.006454181421674088,0.03378901645544907,-0.003982567976705931,0.028021022021367914,0.001658303832830832,0.00573038059175679,0.028635542375818446,-0.007186552199076601,-0.01140209448035101,0.044176718893178535,0.032920069127320595,0.0203195337953066,0.0248197466914315,0.028750707612293702
2025-03-25,0.0015471940347520086,-0.01151829563509088,-0.0009885151063140363,-0.007457308721403932,-0.007877102012366022,-0.023428446608513065,-0.0035445481860512107,-0.008044531704434532,-0.02672922037394143,-0.005621106746380611,0.03364555207359232,-0.007867994329702088,0.0649251252625258,-0.0035722388566122865,-0.029321924075279227,-0.00487072945666478,-0.01628659063109339,0.015591713136154484,0.0012557849641652297,-0.010208687023382956,-0.01097530209562192,-0.004522623228008005,0.000705933253690505
2025-03-26,-0.02510596978132651,0.016949061249819097,0.007163545787977066,0.012806601636561776,0.018459719238242966,0.02145803853413808,0.01374305382609542,0.0005231476898128751,0.007361299830915158,0.00473726975297839,-0.035340377991784466,0.009620458771599782,-0.015108380085413264,0.008700249353343681,0.017322922040058586,-0.01112022309773486,-0.0022075321338376197,-0.003364832415885477,-0.002038114090855858,0.003723084891988915,0.0017003992723159111,0.009555685692391958,-0.016266876274400488
2025-03-27,-0.012810419786938088,0.011458392032481113,-0.0004743591933766833,0.00028124873373780446,0.014616958071570263,0.01748441256272182,-0.004146825733534754,-0.006928941125057708,-0.009555907810072206,0.00114907256491259,-0.03639457273126745,0.006695855492853342,-0.014618382185029977,0.007151760739328994,-0.001548131383145246,0.0029615063447374634,0.013274350216734065,0.02110132747062954,0.0013353157723123843,-0.006165322657302408,-0.031894932472886106,0.0035711712546946384,0.002024799564950497
2025-03-28,-0.03424748534270605,-0.007209013490224292,-0.009657119011987514,-0.012472781633913077,-0.011525179349856307,-0.007566027182004942,-0.022101193191655377,-0.02540812278956739,-0.024971619401888634,-0.012545572124023519,-0.03901933204963581,-0.021744604696077308,-0.02545786113627524,-0.012093047432144788,-0.015926805590814497,-0.013008431895876083,-0.008369764226730969,-0.006406063887384961,-0.043304310870125096,-0.013970870360260568,-0.008490249672154282,-0.017069380905073595,-0.019365118680230053
2025-03-31,-0.002354995743476973,0.006224011137003327,0.009067149287005138,0.012516500259318608,0.011853816910414539,0.009820454653280297,0.030625566858202058,0.008780188657962595,0.016297996418437988,0.016071586011646932,-0.01457579460730285,0.01477507556510238,0.002631152399492187,0.014223242225533506,0.008307294826510159,0.0002719532384647394,-0.008807227464153855,0.004159473864699725,-0.008731441330246392,0.01289003299524527,0.017777317501944223,0.027785250668689754,0.0015454590245747024
2025-04-01,-0.0027769453449908443,0.011340177748087044,0.0010916923705772685,0.008933991018048815,0.006337620462054883,0.018425979257591152,0.009852273992587701,0.002677985797537197,-0.008877535915260748,0.002958356715927035,0.007131466326362412,-0.0023192269297552803,0.005623234705743441,0.0031139217082574167,-0.005113561945486622,0.013448177449645993,-0.007775028231987169,0.00020717251006496795,-0.005650570831464474,0.009645446953578274,-0.00365803713286994,0.003951876758225836,0.017016795818220576
2025-04-02,0.005987123247262582,-0.001019373188726247,0.00514552704044946,0.005680630991039992,-0.0017174147311507237,0.003015500211602795,0.007081082239527525,0.004941371645378112,0.00809019633025887,-0.002399101838529094,0.0018358444267829732,0.015368737902336393,0.015097789387040095,0.005673284977087745,0.00870913431790532,0.01632410707463916,-0.012313396916263208,0.009111612551748305,0.02816301543318911,0.007152598019787959,0.010647168392157402,0.008814379155460239,0.011927264840360108
2025-04-03,-0.07958485746455524,-0.023469422471719015,-0.03986963863386317,-0.023480017002159292,-0.03460139450420563,0.00037574260240091917,-0.04218757708160226,-0.09926898061930833,-0.09830903950067738,-0.01348251580505111,-0.1227747545554656,-0.0276012918027283,-0.09695184995452455,-0.005364541079948659,-0.10672319999518187,-0.01522927874973723,-0.019267065203323108,-0.008208462579554876,-0.10761600385107595,-0.06058797834758611,-0.055580772250271915,-0.0367867306282218,-0.01216163740652132
2025-04-04,-0.12015029774322816,-0.03657263652255405,-0.06966823568105052,-0.034535453689953366,-0.037623824115618154,-0.08502366328743738,-0.08988574262434013,-0.12747139511443528,-0.10362354684986597,-0.04983222479875382,-0.13011055146790673,-0.043557751769666586,-0.02440012851084039,-0.06262576151489274,-0.0812866733950176,-0.029424506609580292,-0.09668708952971572,-0.08586796181625911,-0.05984152673824361,-0.030344756783703186,-0.04654292791768044,-0.025216632988234955,-0.02715231633017945
2025-04-07,-0.0070074213205667535,-0.032537857408845405,-0.0165862216228595,-0.023318800051599253,-0.02942396322233143,-0.014096236075939461,-0.00394333236031319,-0.0229962680311947,-0.02411349255305484,-0.03129073544121952,0.04185263948152729,-0.03295958189920245,-0.025844172383410746,-0.027628117743632497,-0.023801381197994242,-0.023114471597254438,0.005117162439417955,0.01539167475358405,0.01695410170926559,-0.012975696384165625,-0.022390280817150998,-0.027856494323090675,-0.009577909195318313
2025-04-08,-0.12633379244047926,-0.03923777271295836,-0.04048632166320432,-0.0402933457972372,-0.04727579872321941,-0.049555753613299114,-0.000899794766303974,-0.04586348711808663,-0.06213668379616344,-0.02031877087859857,-0.03819563415590921,-0.05458914543169713,-0.04450142537719837,-0.02942288408691962,-0.0595405696708744,-0.01589756584146651,-0.034365753561439005,0.002229061483179473,-0.012289164147783027,-0.028004851239548767,-0.054369121094860584,-0.028809320629854862,-0.008926598818224551
2025-04-09,0.19129238858328512,0.052508827612179454,0.08684282501796692,0.05815262789640263,0.0387182864233766,0.02964797908249328,0.05475502153737599,0.12370758200404097,0.15691597694814097,0.052736636619725274,0.15508414066311516,0.09154827040730651,0.09762655992120939,0.07896850169481007,0.12399024350704235,0.0643521513773333,0.0843585821552908,0.08429718647370543,0.11400455153728584,0.07654703667599749,0.1249181821446077,0.07253342428928566,0.05757422944691171
2025-04-10,-0.09525389295407583,0.0,-0.03019988790285566,-0.01350240246396206,-0.015424053347911748,-0.0075177289746218845,-0.010587492485926941,-0.06924945236966551,-0.08606821036187162,-0.02104818711952361,-0.07083612610184797,-0.021789805435054377,-0.05752760439552018,-0.03159406701909706,-0.09176007627950922,-0.013205273981815369,-0.01944901929258125,0.0449230820186175,-0.05246759301957582,-0.021062043296576904,-0.044418584081006296,-0.0188548908087951,-0.016490544396368656
2025-04-11,0.035825282917754775,0.034368060810781476,0.02659899131941712,0.01860971454641769,0.04634452729737104,0.02901239398841171,0.023127419039575603,0.021331962709365992,0.041773424107660384,0.01191145390708348,0.0637960054833504,0.025077032305197644,0.013852729481138581,0.02303875926080501,0.04692675915346145,0.034548866659431576,0.0665289230424797,0.07911271939943787,0.016447399692471443,0.018819274022794596,0.02232825582600828,0.020793420925154793,0.028525213654421844
2025-04-14,0.012705116052168952,0.022507974524405228,0.01327088011034716,0.015323018186873094,0.014764109677076975,0.005694472410200824,0.01703783540768411,0.0353199229980623,0.01582832234759346,0.014023308610805474,0.011993913386936894,0.004236751307926889,0.0157986103092822,0.009505948139804765,0.009843548697735072,0.02285997122224348,0.029833386787289973,-0.0032745561704017323,-0.0037755528936854743,0.00905041597613554,0.007445587078978688,0.012619854670828268,0.004870081294291229
2025-04-15,-0.05889528352353479,-0.01886784704587885,-0.026707742450578054,-0.016136500380510843,-0.024590196665030595,0.00980533931971217,-0.009786064175356546,-0.008364727307160869,-0.040858729903556656,-0.0018438691593398726,-0.006845265747386753,-0.013473122233035872,-0.014922277125797856,0.011075524322373242,-0.013054765504163512,-0.007714833202842608,-0.007148231106637204,-0.0038327011734216043,-0.0030679566049833795,-0.010175727216483743,-0.018427204675741105,-0.012140026629829492,0.004312444067823495
2025-04-16,-0.02666169022132092,-0.011752196406936033,-0.015001931316444672,-0.00796457186865851,-0.01113448398619632,0.013402569526233421,-0.008375152928769447,-0.020013087346398284,-0.008303221325026477,-0.009320688704418822,-0.0014984486315324785,-0.019726972347732796,-0.012161436520920721,-0.006607972847464727,-0.013403877714634027,-0.01599024129015658,0.02197801205390504,0.025100676992282356,-0.013848782611176724,-0.01043928647585346,-0.011946776007404347,-0.016623201613126914,-0.016276118427996145
2025-04-17,0.006467468891309558,0.015135032649771452,0.00604635204753734,0.016056937287296957,0.006585996087300927,0.01079631545537385,0.009121559619835962,0.015020931377134117,0.024754220252743542,0.011739249389324025,-0.012604882502456394,0.020264581242949387,-0.0004318884802056999,0.009218893478462498,0.014837398126618995,0.0064551874786258345,0.011123605269049097,-0.015549685751346298,0.014226696156320662,0.0024097297325540445,0.016561870068118933,0.006339123048906048,0.0057368728768250055
2025-04-21,0.0020791329718361506,-0.008519568892450757,-0.02023600850820384,-0.010652521052015307,-0.0016885551773324625,0.0030707243863126177,-0.010378365620984598,-0.0004988212799071912,-0.0010656386857226252,-0.030243301756382457,0.00151961977993742,0.0028967278017495435,-0.026361254815203017,-0.01829160271212027,-0.00827910828956413,-0.018553799886337208,-0.0025669419736088495,0.002360320569515517,-0.03466066353534758,-0.027351781115131146,-0.006496873792666058,-0.03323533394458811,-0.03207538844566005
2025-04-22,0.03300641793498693,0.026852893908668074,0.030204206443284143,0.0343134111545047,0.022621553908253267,0.005457233805296502,0.025879623284959186,0.028780514200504204,0.03129437497391341,0.022893237100080066,0.03368756503382442,0.02654368433983878,0.031513445232378645,0.02424247737461349,0.03268208297027431,0.01222505304434196,0.024264704969643613,-0.012135516217104625,0.027655478452937032,0.023891734298876033,0.023943715012170408,0.02997198376684751,0.027330578718734566
2025-04-23,0.01588445652660475,-0.004184208768728825,-0.002336424167155071,-0.02619681793098283,0.0026876617495865673,0.004633242568882201,0.0069249965773738875,0.019728422152063274,0.0,0.004813950180296178,0.03317654827469618,0.01634527388685192,0.005809012755871645,-0.014078014502487912,-0.006191933923820558,0.014949134733255764,0.0032304410254888616,-0.0254858756322347,0.021072702633731843,-0.009279971527283326,0.0004912049841099275,-0.002138663503551186,0.016502357424669434
2025-04-24,0.04547095002450763,0.014706045879178786,0.015524900642422512,0.019794429806547553,0.041649507168498356,0.018579663876451935,0.010479769949253814,0.04741530791427584,0.02620685003216594,0.007228365076484833,0.06933810281276909,0.010282100158931051,0.018823579332487794,0.002944983679416202,0.02544137739513519,0.021892720611266236,0.035062511360308024,0.04797729570910492,0.030018850873607894,0.02176613810155903,0.022586672170279654,0.009630180806182276,0.02032394212134503
2025-04-25,-0.007563977100946473,-0.012422508707361835,-0.006472262661321282,-0.016530474953662,0.0007917255690792491,0.01513571937629754,-0.0038891954552547903,-0.005450443335049293,0.008736667318846258,-0.006383761393227383,-0.007440981631419485,-0.005219317851823946,-0.0058786281555591735,-0.002513713762790637,0.003206624587214657,-0.009445344579491866,0.0069131622762572675,-0.0315976900208953,0.0037297287796291823,-0.020613712959317576,-0.014981343579132611,-0.00843191335665261,-0.00989945914932866
2025-04-28,0.014204063627345498,0.009434185644328075,0.008760584053102205,-0.0030453994500743153,-0.0009888933151459556,0.014910145525912188,0.0014641505006474098,-0.00030451475982473664,-0.0023318794238311735,0.0037373017850905743,-0.002945179841778889,0.0006557604755521584,0.0027454967052573664,-0.000891944418700108,-0.012113023579914284,-0.0030528539059325732,0.014075019591250237,0.0024099888034676553,0.007345322055450243,0.008494764628611762,0.003802415428382888,0.0017487931386623856,-0.006678988492919591
2025-04-29,0.01554215458075392,-0.031152801674777963,0.0054924383601462345,0.00875287719325879,0.03722032098278283,0.0018835909341885504,0.003898672110858481,0.0027409914088869503,0.023372325192550614,0.032966498512482234,-0.001879675426435412,0.01651610570019324,0.0031592204465153984,0.005758761147185654,0.0018733262744228263,0.003897331771634649,0.0240352369524095,-0.020529046307380283,0.018872740181951064,-0.002199628160509004,0.00825547489334899,0.047953135216394216,-0.0001630054764937272
2025-04-30,-0.01530429289483326,-0.013933529310442228,0.0005906311583481205,-0.0035522671509233827,-0.008589381672236551,-0.017796829421953153,0.0030744441727244,0.0021259491658682794,-0.001957573239256827,0.01830622209444077,-0.030669921956104407,0.011734265361646123,-0.04094061135573257,0.005881509674072083,-0.010538913043226739,0.03787199250076223,0.004958507200714335,-0.005286899960709968,0.005051811811822349,-0.0019894619694683646,0.04864675031454091,0.013759252848457582,0.06920720021970661
2025-05-01,0.013151115229034449,-0.013043363234680139,0.003947158141513807,-0.009934928926366049,-0.013862122369473484,0.015949918334182245,0.00048385212200852123,0.0009093912993034525,-0.00196134481953536,0.00473299799374205,0.01054695506369896,-0.007774733482909135,-0.03918566823851111,-0.011429191930271365,0.0017180311916629165,-0.0020993586806931086,0.002302713951603419,-0.022589154520995414,0.002931985774164758,-0.012068331222560236,-0.0008268686411706527,0.002040053396111574,0.004955785683967928
2025-05-02,0.016520609218416915,0.02643157368866622,0.02006171802536616,0.011864449714387382,0.008590339828145943,0.012308612466233049,0.009835627233739208,0.018167986614527898,-0.003603081145599818,0.010925527113004874,0.032683227324469044,0.015542746336595581,0.04442938062854851,0.015400213516871375,0.0012003330196224127,0.024709118227178584,0.0013128041982619632,0.0007767260199220694,0.027146676112628,0.022086317104820452,0.015813187402092588,0.016966417054768534,0.012972375305254191
2025-05-05,-0.03913764607103054,-0.0010729668432049033,-0.019487143026371112,-0.0028584392849714257,0.003677915345029037,0.003970022866831124,-0.003512731613404596,-0.02884753202689927,-0.048323437600582886,-0.0010963325252640876,-0.006648954229564574,0.0011384450313487449,-0.03424964367160144,-0.005407357873994489,-0.037170158393358244,0.011926324218881401,0.0029497902924657815,0.029303395546465882,-0.020167464388230694,-0.0330806225873832,-0.002443580487101138,0.0005005481251469934,0.01119668660518558
2025-05-06,-0.00776668524241142,-0.01396337232466216,-0.016861963473371544,-0.004329256062624576,-0.003278766893211049,0.01309945321819983,0.0006409806141647323,-0.0041341979463477285,-0.005181385885045464,-0.009604150213628926,0.015261056904859904,0.0006317502489283644,0.004065971655570211,-0.012022463322292398,-0.005692964039967441,-0.013261083947397445,-0.004901857701845591,0.029600194126985446,-0.03021003664197064,-0.006070010148235827,-0.015060831541525044,-0.020287940331630838,-0.010368811146194923
2025-05-07,-0.024873897952447654,-0.007625310411850661,-0.011247326665667523,0.008637478608629179,-0.019736787530694633,-0.015735413166082513,0.0004802881133896264,-0.007380046829993048,-0.012152724588437303,0.00664962413026382,-0.023734180604940924,-0.07083346021529036,-0.009673764911543814,0.005838404202013203,-0.005009759831034133,-0.0010093053280345599,0.03645314908479369,-0.011353200551792675,-0.014548512716817341,-0.0006662062780833367,-0.01658066358012067,-0.002666515464648689,-0.005238898093913424
2025-05-08,0.02461643976829686,0.006586202189142298,0.019009264226472977,0.007922624451149218,0.022108130883692123,0.007807764937452388,0.07010239741432778,0.02617703449924269,0.02776795790819886,-0.003656824849267881,0.012425766411642059,0.00665859758025622,0.020445222836739108,0.007939446292762886,0.028951520824830546,0.013284398268685438,0.02186309747246762,-0.021485272508202757,0.002952659345398345,0.019000017398482782,0.017328509074901355,0.00566024152921929,0.009705036478027118
2025-05-09,0.008530696965814766,-0.0054527717627741445,0.005525754090495161,-0.004739371498462597,0.006759382438446204,0.013403678909707617,0.01390977195594334,0.007849139119367576,0.008207882151756385,-0.0028808148201788786,0.010138714114911629,-0.008774300060276907,-0.014470179142137218,-0.0012577914835435466,-0.005068142625448635,0.0005353065345925501,0.013023227858083297,0.02176776897871968,-0.0023378421585782405,-0.010903984754481288,0.007642154486029895,-0.004836405304521341,0.004508067131017146
2025-05-12,0.06283452105838094,0.024122932689236265,0.018736465481941966,0.06469216660211918,0.021101110644186294,0.02402616902883503,0.002507813158159733,0.06739559856684285,0.050881915363119035,0.007163466309584532,0.033016363141269434,0.03976582185308941,0.08222281845531976,0.003888226485960544,0.06587033655381247,0.020688467544440536,0.008570495336356121,-0.0592811888637641,0.04252734137809355,0.04944331241905586,0.05011022405763521,0.015034274209150045,0.010124834628273183
2025-05-13,0.004710019867423698,-0.018201198896113824,-0.009304495603232876,-0.00659969386962167,-0.008266036655840914,0.03957813719868186,-0.0008828093126191927,-0.009260546482387833,-0.006778457146818462,-0.011710058267204948,0.009204887328111866,0.001964652714140813,0.001878485366063165,-0.008252297560589983,-0.005603168993343899,-0.016580424361996915,0.038846826768269116,-0.01398187099561854,-0.009657064521531367,-0.008403790612211415,-0.007617630133652131,-0.003107829368359405,-0.013841930690775772
2025-05-14,-0.012609040723467246,0.001090517992865081,-0.007893688874467508,-0.008894781782883943,0.002083678010619039,-0.020061618765657818,-0.004565648534983091,-0.03370627560510364,-0.01949945573901979,-0.00536781193756819,-0.010387600819592002,-0.024444487803275017,0.048333218109276155,-0.010428938660843157,-0.019390125010798065,-0.005276831958890726,-0.0160677284955969,-0.02816042805289387,-0.01563548040025442,0.016526395919283177,-0.014734367156388983,-0.013116640349146724,-0.008451482087811102
2025-05-15,-0.0124427669038647,0.014161109164455565,0.010829567243561433,0.007534371275237817,0.008884736681459504,0.008892042015111512,0.010356548612453942,-0.0007328548049981842,-0.008949367710265221,0.023026252566772598,-0.015105069356273204,0.020099111320284635,-0.014904509469073068,0.018499033673720744,-0.012675351191387074,0.021884605815090774,0.0293940915323867,0.024249697849916707,-0.014005126045338767,-0.00604473462800692,0.012447382785410355,0.028687797739657572,0.01783560369207282
2025-05-16,-0.0018237220510305407,0.01396355138931793,0.016434665500197676,0.0073676829465596505,0.007494906565601145,0.01797508048516394,0.004685866647931691,0.016720499837018732,0.00969888860260526,0.012426068817103397,-0.011697377738439929,0.020885459872552747,0.011498775108101933,0.007815604879268578,0.023108628420151156,0.020294497381346144,0.015575672621015002,0.0052166409803726665,0.0060627542370488285,0.018191520458066268,0.009021758974966376,0.00790215101222791,0.016379555148345437
2025-05-19,-0.016110108253665767,0.0,-0.005736233418488279,0.0019650716882160246,0.010414709682058154,-0.002164354208782804,0.00291512010743733,-0.0057702891109028265,-0.002649821553039944,0.008761422104860639,0.02051545863087556,-0.004889440246424903,0.006980716839213974,0.005592197199821181,-0.009871203570801623,0.007286314765393431,0.003975946224774596,0.016566938977128354,-0.0029270530026389574,0.0011326138666682972,0.0015777955160982682,-0.0041539597150245244,0.001814896259087595
2025-05-20,0.0013503564787384903,-0.014830583117463436,-0.005985575089202055,0.002179006693357133,0.0,0.0037675306254951746,0.005377173026685833,0.00029015262645293305,-0.010627654390954477,0.003902771759363155,-0.010309146785500323,0.006982072234182901,-0.009506995826021436,-0.0010426214280681023,-0.011152446560324769,-0.008043240460716805,0.005092055788445071,0.02689964736928463,-0.007079952841429926,-0.0044742589885411466,-0.004113409076235697,-0.008010979468251134,-0.009709939221081099
2025-05-21,-0.04855029484288831,-0.012903112469641709,-0.02176525618183489,-0.020927456532416233,-0.009202947542847562,0.016264807125595748,-0.003180367628215608,-0.014940567267575089,-0.03491098504601309,-0.005450133593142947,-0.01015652199842687,-0.01040064267774865,-0.02699456274311074,-0.009459659248913566,-0.03366373521973198,-0.006351789823507481,0.0002815022606263984,0.006500884959561359,-0.028521743967968027,-0.014361798693518724,-0.022409669597162507,-0.01436933400325402,-0.010207321617093479
2025-05-22,0.02657700149229747,-0.002430449086009645,-0.0015943795897898072,0.0009994352884046265,-0.00947435196825519,-0.0049244538924322345,-0.005365253441793505,0.001472616227810919,-0.0027826873475164104,-0.004943505084086253,-0.008155543788239572,-0.017516384373138183,-0.0006165386880543355,0.007683955931997444,-0.003890348207345795,0.008302945178229493,-0.01491296226919514,0.00019016055183862512,-0.009219444973581292,0.009119958823466279,-0.00026965592230221436,-0.002825255722322617,0.004213642833300391
2025-05-23,-0.005695569177768367,-0.007752021949999355,0.0022283882468798755,-0.015252378464308713,-0.02925744252854867,-0.000225014631677789,0.0068521796384608535,-0.005293365423031493,-0.012207902197419518,0.005545685762731178,0.03501332656102907,-0.009508669956503901,-0.010318243773335345,-0.00021790433002966125,-0.003550513443236647,-0.005259585058043581,0.0025706970040226818,0.01899327251564209,-0.019875285832526735,-0.00950508726722099,-0.010160960540171682,-0.0012183658327112878,-0.011062196636189237
2025-05-27,0.020482522315903973,0.02343766411524828,0.017491953374266123,0.02140257012117508,0.030911998139897978,0.02981207225811411,0.01954834072846645,0.023946719194711363,0.0211865272371754,0.016775384277261773,0.015889181901098448,0.029866484716225772,0.01866999640661504,0.019721078647843893,0.032780992170332146,0.010272035540618507,0.02706569600785813,-0.012921377212407381,0.00820346253118287,0.01636087406098019,0.019803680090807685,0.01931864501131475,0.007345407911456769
2025-05-28,-0.012587135866916399,-0.015267250151634548,-0.010198297355307973,-0.01979605738789547,-0.009557731076736964,-0.00010918935376413863,-0.0012781913734941641,-0.017034857213909738,-0.02005538848248556,-0.010283493385356168,-0.018920333429913727,-0.027187907309306092,-0.017298281419645622,-0.011625201213848912,-0.015525195265047365,-0.029885859826795702,-0.0005548834981548012,0.002656070821128287,-0.004936940454113858,-0.008255070296670719,-0.01523234726704803,-0.01277414314773373,-0.028242324991755385
2025-05-29,-0.00964687132148545,0.005537197544897232,0.005188641099304947,0.010632326682504356,0.013245138110391963,-0.015513855767877116,-0.008674653610301286,0.0130709767837347,0.015878662994282422,0.005861254998128951,0.003599950781806305,0.012510008111039417,0.004819935685052901,0.003394455610328251,0.009462076464564761,-0.0037237691560515485,-0.0033304879214415273,-0.006244116900803953,0.0009187974254269982,0.0040579561115241525,0.006874657083444147,0.002875448967961214,0.010589176233435138
2025-05-30,-0.03009214946555039,0.0033038967678675757,0.021012294387044994,-0.010687507195921153,0.0005601775275874132,0.006658368951268034,0.01563618408549594,-0.02581309456987846,-0.012460025170147104,0.005032294141663618,-0.014091643255921271,0.006309117645631357,-0.0029198079756203033,0.007541826668183482,-0.01944097673227918,-0.0016955210481280902,0.0064049320985830605,0.003808187290050835,0.0038553355791848265,0.0008808006495844012,-0.0045818341710233135,0.00860152661845004,-0.0009048258967555567
2025-06-02,-0.012015921380228889,-0.00878158913083349,-0.0007529177257633579,-0.008721110870838156,-0.02304243298508346,0.02491458885336928,0.004530454711191956,-0.010778287606235115,-0.019466394403328313,-0.0017695250125537854,0.043399112595212674,-0.011102460962227001,-0.01275877981071627,-0.006437347788477821,-0.012336875396910751,-0.009419272627207542,0.01798550674143251,0.05424892140272908,0.1009509986262982,-0.004710930923943701,-0.004061399350070882,-0.009392234530949728,-0.006375534121626281
2025-06-03,0.03485205849548856,0.007751930928571404,0.016469531146763527,0.019695844464995504,0.025119950217393106,-0.006991511607274181,0.003382788710516671,0.020581001820658917,0.021691125644468512,0.0010185633906745206,0.0022415652976208733,0.012547915401184051,0.0025423009463840796,0.01560580474290485,0.023144804142893882,0.00725639912385323,0.004349132489397389,-0.004318284374797532,0.015946825814858956,0.009466375821725714,0.009243460527186054,0.0065271509327107236,0.005923004796283271
2025-06-04,0.04718480238144207,-0.003296816446418216,-0.0108722788277279,0.00011179749916112591,-0.004115164169339658,-0.0074739739640367064,0.002668912954746361,0.007562375561199097,0.017632202613756753,0.00610341452231733,0.015407549941728549,0.010566162333194518,-0.0006339421513262833,0.007335436938875173,0.00556550826474056,0.0073870849883739265,-0.0035183548603101578,-0.0010842183024091234,-0.0037605727627921803,-0.0038128621132444973,0.005028243665830434,0.012466532761756355,0.004302734123903695
2025-06-05,-0.01775546987292098,-0.0033074495366552936,-0.014239290796853155,-0.00565089429757748,0.004695692684500763,0.0070936700584700585,-0.0025216453119200066,-0.007947132826230274,-0.0035360587021212586,-0.0004119517412081164,0.02031328920529285,-0.013037284107533909,-0.00401791278843211,-0.007408690166423759,-0.007320131729903423,0.0008550912261333643,-0.005464403649336647,-0.01392906250054593,-0.025521129965978884,0.007034176862606323,-0.0059859882865815894,-0.011981809170165891,-0.0015406396218112794
2025-06-06,0.02029337292860478,0.007743355489807646,0.012888291089425685,0.012097764134664235,0.004486831202683783,-0.0015170715968324533,0.0061797492103461416,0.010681030165006877,0.013129866716314886,0.00048706322995784035,-0.005037300258708299,0.005754683559702656,0.005307928158679864,0.005209866115909678,0.016906444198518722,0.0023273115395006094,-0.04395617865192636,-0.03944219332387089,0.023747298738884037,0.008731343959164084,0.012043930573599537,-0.0011176089535013256,-0.0032373098716563797
2025-06-09,0.04128355869708433,0.007683856656186094,0.0005002714922335283,-0.0012788194653494678,0.009305739136517444,0.0077057863917346925,0.005164641815581517,0.00660490070106623,0.029422032846847967,-0.002658614720950192,0.02073308665453788,0.01690486972989569,0.013727679009777782,-0.0011421928330025422,0.034312053825294564,0.0057315269096265276,-0.006034437570585749,0.01757055488490833,0.007896708604133496,0.0009674767087233249,0.007637657083349847,0.0013148217304173038,0.004493945582345171
2025-06-10,0.03049760883905006,0.0065359927720873845,0.007001875840385585,0.002505086094478859,0.01456758374674516,-0.00775459447785265,-0.0063878973648234805,0.02289298064887224,0.04457307011181966,0.011338519170382089,-0.003542886265009204,0.014450302910664847,-0.007916709341469375,0.007179596036001712,0.03590970551097983,-0.0002704613127815225,-0.014744034627923286,-0.013513440024606638,0.01754680556968946,0.003306366390352977,0.01392564302762711,0.007766358058233669,-0.0033835718987899055
2025-06-11,0.01370723932159379,-0.008658038308926308,0.0011707221910692844,-0.01521466524241788,-0.0016358082519398742,0.03375666011021439,0.007267731982099068,-0.010691420352547998,-0.0006514508471737734,-0.005308819927334896,-0.027968723266485473,-0.012605642429459718,-0.011339749920683428,-0.014761671944184207,0.008913825345715498,-0.015297727077940415,0.01672534007832338,0.014269373669056673,-0.060555116119971,-0.020431868346505788,-0.017646092028100302,-0.00997986737958323,-0.015013190487978889
2025-06-12,-0.03995084470637,0.008733654625248555,0.0037916272031375264,0.011220791495224924,0.0040051077299123605,-0.014804660027508354,0.006243649395879958,-0.013832743085644306,-0.017601102086550968,0.011233963555680848,0.004145371947756882,0.000510691013482889,0.0014869677785005475,0.004247301395347014,-0.01619763028642418,0.01243940859409931,-0.0017317024616794185,0.04895882332436918,0.01126954661109214,0.0005174638553167021,-0.008671817284257477,-0.0026039518931536554,0.016888705111605784
2025-06-13,-0.0218284214817428,-0.01515158927880933,-0.010272609095340113,-0.026207249623691697,-0.014143282037836769,0.06501124058696317,-0.0012408964643978448,-0.02293980852043287,-0.007962792427256504,-0.02487563040629459,-0.005828185300257416,-0.029092725104592154,-0.026723364673979177,-0.009669931985817115,-0.0004990106442485098,-0.01840288702220172,0.03382477832467323,0.03540782813532295,0.02929503198333938,-0.018223575469577646,-0.051146929417731246,-0.05704655085155563,-0.017926344507733005
2025-06-16,0.00395249718954549,0.009890088054199886,0.0002140151949663327,0.010135131188195645,0.029979810692841502,0.008105617517069952,0.024299328590957625,0.016599339961489656,0.02240805569001081,0.007304981942918731,0.023693287539671593,0.008542516934811895,0.015036169161197988,0.0013306278609714894,0.018635646747626744,0.0005901737709963495,0.006991035769034815,0.0037995614407333456,-0.0020505005573777657,0.0047731744989443214,0.02577603393959893,-0.0003572894680771155,0.0015724835804489246
2025-06-17,-0.02083329633582609,-0.01305776208381848,-0.012052897553856412,-0.013944789873979957,-0.012321356178424336,0.017272201848637536,0.00026950130708125464,-0.012356487791778337,-0.03696435809847076,-0.01563159102328404,-0.012884773524666548,-0.02228315560055316,-0.013954689765736328,-0.01221617172042766,-0.02662522670953893,-0.0025793125298153585,0.004165588017194022,0.006882386110103056,0.004356064618542765,-0.016415107979928067,-0.013756416268598248,-0.014087496127674126,-0.008193672964334042
2025-06-18,-0.004858484580576694,-0.0022049663577702328,-0.0060278157680804245,-0.00011503720303140952,0.00940150810228535,-0.02117492530997711,-0.0012127412102008739,-0.004170607230188583,-0.031929373173605,-0.004285476057593329,-0.004592641618450077,-0.0018658242048076312,0.004136620166109051,-0.0047731612301381565,-0.01594234352742485,-0.004802555308172307,0.007743340606966909,-0.004442906701401905,0.03256960914880613,-0.0006439651944992741,0.006509135846550329,0.0013292244145284293,-0.003474364258749807
2025-06-20,-0.0461279723830994,-0.008839810014879101,-0.017720914601995652,0.008911581347066377,0.007164625029035365,0.0004985275320887883,-0.005396574934058207,-0.010170359402111862,-0.025964886583419333,0.003881256267809219,-0.023312271504267734,-0.010739627599898882,-0.006287760068423798,-0.006191500384038817,-0.005115839731584582,-0.00105802421535095,-0.002744252504603084,-0.0005149716775524338,-0.014899326678593283,0.003382848875600697,0.003972727401144516,0.006124087138448253,-0.008522566960853073
2025-06-23,0.02047293333058553,0.011148196936176857,0.009907602017842132,0.022224955068284036,0.008002831100676788,-0.03816268626148289,0.009766729242624228,0.01239031740622698,-0.03206051383129194,0.018068397895794508,0.017901408704027455,0.0009499987222363337,0.0056730819275598865,0.008533346330096725,-0.017140985256690278,0.025528872972851113,-0.00825530379909123,0.021123125125434017,0.013596085083045883,0.00984707257482098,0.033680035636273864,0.030794727368264718,0.019926451105820364
2025-06-24,0.04081642615126091,0.012128039927906231,0.028625798907484956,-0.0013936926766344726,0.005292885680725057,-0.0191649831147096,-0.01544884393710988,0.018059789725328734,0.02456267404797985,0.003346500456525403,0.026135950027609933,0.013015098896148825,0.010848311009359346,0.00741708450325218,0.017265492352325662,0.0007427101660986146,-0.013873441574092316,-0.02304065276348466,0.017541101663737235,0.0037625599228414686,0.01379847936356815,0.0055850679273514725,0.01317821153281673
2025-06-25,0.003323399348811762,-0.014161257983424158,0.003558623422932561,-0.014123899760106973,-0.0040364801424338514,-0.034642982336612005,-0.00068213233556913,-0.0032254235903778072,-0.025790045694187858,-0.001424246049427924,-0.009521512701427759,-0.006557799470716108,-0.004078020307925034,-0.006390956185986285,-0.01457223254671447,-0.03249632564555316,-0.0019695226151812406,-0.0005164122324989862,7.800460820694965e-05,-0.013568537832174155,-0.005444227585807426,-0.005988008443067794,-0.03720520085896939
2025-06-26,0.05581310556518049,0.01767952920948135,0.003546228152082609,-0.0036806965524486257,0.004229017032516547,-0.007768088616544877,0.014473058303415165,0.01897344853044669,0.012304119726677332,-0.01204673124694633,0.06849310865804226,-0.004176366150907107,0.00237065868988684,0.009257014166559996,0.016005544484083423,0.011676044787268136,-0.008176045741062565,0.019462597892881073,0.018719342961750485,0.004335344767275817,0.004591184324868047,-0.005092889550614044,0.009110898549413493
2025-06-27,0.01882367396937945,-0.0021715380286436714,-0.0022969698070360867,-0.0018185139653701388,-0.01017718194569095,0.0033079366121333553,0.0012111680982249684,-0.0057735886277267,-0.005524735859667618,0.01595440433836459,-0.013270446670542002,0.005817036244927465,0.01849057217167971,-0.0014426120598172165,0.004623212450866276,0.01736786193560924,0.0039795784259666345,-0.041054243315245764,0.006277995663837466,0.009379168753213207,0.0032519515380462494,0.011261747788433807,0.020314408981442655
2025-06-30,-0.03510414903149106,0.0,-0.001027059907286576,-0.0009110475348769187,-0.005672836140681814,0.011100208438290071,0.001881956155143305,-0.004210136916335316,-0.019259193528555985,0.007440691046353365,-0.011853228492931467,-0.010759746635864764,-0.011399511099602577,0.011621531479664604,-0.013806022458272116,-0.0019816647682463495,0.03284240575121622,0.026427069656830726,-0.01023827113861664,-0.005068493173301047,-0.0035041232066068684,-0.006826399101041769,-0.005187071823425038
2025-07-01,0.003670221376826266,0.030467873030972203,0.018553595163596448,0.031971374445225687,0.03191304519982152,0.0053259101629845595,0.007782059654757978,0.0416970201106901,0.050981773848501444,0.011765025052390188,0.01614769861853138,0.02093805530488746,0.05594699421298133,0.016134554710139026,0.05772552844399015,0.01588468452814329,0.008223839262917476,0.009783732451855931,0.03527878344181934,0.07588220818418923,0.023384513437037624,0.03477400797201069,0.014761152336688399
2025-07-02,0.08092198496551184,0.023231360713946936,0.016919569759449082,0.01297749363021139,0.014858298367554035,0.014704508588216703,0.02516312219436201,0.02099361297781921,0.03233919102703098,-0.0005501958382657657,0.039046567729890125,0.02050874824032034,0.01900903838254875,0.0008810176430682493,0.022222234282825326,0.0017751322780479306,0.028004279877907434,0.02090769204905918,0.03541872746477992,-0.003994991685198013,0.01872688767834818,-0.007852524637765312,0.003929190787764991
2025-07-03,-0.011472224013513221,-0.00619182336296642,0.0053047701163753125,-0.0010356454906084167,-0.0001702091318289689,0.00852423178291728,0.0015585992097122414,0.01055525600403806,-0.009397838803792191,0.00598258418113673,0.0006554428038043625,-0.003914839794114,0.0007938125942772434,-0.0033321222633954095,-0.008791582337488002,-0.001396180794796642,-0.014281932543414144,-0.0026639666144486762,-0.007129626938461975,0.0017331205026669405,-0.0026140335848121588,0.004226829423378264,0.0019945748121443785
2025-07-07,-0.025442633528121372,0.005191943853844139,-0.009662820626370472,-0.016044650870860377,-0.005448611131403824,0.005705217596404966,-0.0070020812047223435,-0.010037961598462597,-0.034434289935321494,-0.008427916144394865,-0.014628803311910299,-0.017424254445075116,-0.011104481211127948,-0.012595173526999015,-0.020641807938353463,-0.0028679845757006994,0.011269138031129389,0.004340549028500673,-0.006672970711315895,-0.005042195684341166,-0.023841767944727477,-0.021779622413633848,0.0028547920657602255
2025-07-08,0.07206111729463971,0.01446271167501556,0.01152169897389288,0.010759867259368061,0.005992039862111387,0.02027520046556619,-0.001697692233327719,0.020416488458045334,0.05749637400335894,-0.01059674677967326,0.025260464927302273,0.015733177970675305,0.0146380162652191,0.0007665871357018794,0.048904948804177506,0.005033436367157806,-0.010082243374053612,-0.0423869355817601,0.020299390061935485,0.007452740052674711,0.016888989429287404,-0.000837440966563574,-0.002059910772956197
2025-07-09,0.008117232071435776,-0.002036562541561704,0.006464865219391713,0.007023594385465071,-0.013955041361939036,0.01678327645670552,-0.003270189443786098,0.014368180781329842,0.02684096241728673,-0.0025659568830694868,-0.01469649272812712,0.004857014905226054,0.01501984444993787,0.002808864496388619,0.017896353471736237,0.014183712629433964,0.00026795207467600335,0.019788171972850988,-0.00021469073357172075,0.0064604148647064985,0.006643422385543607,0.016011535729709925,0.013135675792256496
2025-07-10,0.04915944264329353,0.0030612456283944933,-0.0004758620594189633,0.006048422787703345,0.007939267714750287,-0.030278442334784383,-0.017978846711245056,0.00781042097895801,0.013069746503529878,-0.005294379700860663,0.03553408034592653,0.0009144035400217021,0.020443837873119763,-0.001973405673763584,0.0074029175481264975,-0.004655821185596043,-0.036977531593105906,0.01753193668609687,0.02584114300211393,0.015484168727670111,0.0074455980548020495,0.0008248465708093899,0.002889368567954964
2025-07-11,-0.044297793668647056,-0.017294089149514913,-0.007242427431908394,-0.013107266868958578,-0.0015411330266402734,0.02589798012295108,-0.016838114204662302,-0.008406632426165572,-0.022494166012475558,0.0006371117416075212,-0.018004595237275822,-0.008744473004356323,0.0,-0.003253047554939714,-0.011788124325528893,-0.004217168323659037,0.014190321046854137,0.00585483067637349,-0.006349962682504762,-0.00646592683201197,-0.01486520440748218,-0.016769406705235412,-0.006390237188186432
2025-07-14,0.012538877252086245,-0.0041408440014641945,-0.004007222293045842,-0.009659194271255389,-0.0018864404154510517,-0.008448463543136775,-0.006252655421582598,-0.008345457684367563,-0.043993321564970156,0.004757330178493779,-0.015746298901730182,-0.01737994873126547,-0.00553328669484876,-6.400510028647943e-05,-0.023392642256287455,0.005017729156580275,-0.010973782661995335,0.01147503361177482,-0.005828478711023766,-0.012190420300377425,-0.008013540650979034,-0.004133818703160097,0.003457231782902692
2025-07-15,-0.025741131023417796,-0.01871097945524236,-0.014270952330211806,-0.01812137987274476,-0.01030937119980746,-0.01550159318132549,-0.013951617680397876,-0.010419505404486107,-0.00920347321651438,-0.012675782961324655,-0.02990333776270382,-0.013131417305397908,-0.02283193394380867,-0.017534879386020052,-0.009517801768071599,-0.02903581001623634,-0.004160965432476571,-0.05705347914885062,-0.022533198722000658,-0.018240845425670615,-0.017789723418250025,-0.015820013991336035,-0.031007998692973326
2025-07-16,0.005570144080736306,0.0021187169320520116,0.008163185896267189,0.005643991814103577,0.011979231863691764,-0.03441088202088327,0.012345803284639745,-0.001754981014494672,0.005359006501883146,0.010912574208707282,-0.0031730922753830937,0.007739284587772621,0.007068563862878241,-0.0019323149422720842,-0.0003203663214006447,-0.0037563498652474214,-0.010584951599928782,0.019180403547590874,-0.004263516948915802,0.014473228919302361,0.011199570023896488,0.0023890417325598268,-0.0035937200677863546
2025-07-17,0.07569919279556303,0.005285419885179277,0.015883024476870178,0.01470427483259984,-0.003774241965939007,-0.008747324670939083,0.0026033457716232444,0.006761438067867553,0.011371741377087297,0.0048187094079865656,0.010913979361892201,0.01091345721079362,-0.007408891631609071,0.0035241889879591426,0.014098041427634156,0.012318119814531903,-0.00703838329942974,-0.007869991728808534,0.021481919235947,-0.00162908675508322,0.0038937022557572476,0.00011764123420654471,0.009170438446595819
2025-07-18,0.017560171597541974,0.0031544230892224245,0.00589276002762773,-0.012168153596083253,-0.0037885408357509753,0.00915136212660883,-0.0016398657342125977,0.014775011180852449,-0.004216418914035791,-0.0009666414123811196,0.007647410510935648,0.012928314600305635,-0.010999783998754786,0.008064401664300336,-0.0014217997977065133,0.02158793502572731,0.027502182410809928,0.0034488405223205287,-0.0008526494149722064,-0.012015429290959445,-0.012842598300700891,0.0005002116384815736,0.01364951049930374
2025-07-21,0.0010379483758891084,-0.013626700903719646,-0.005384207082700598,0.002295589055902436,0.0027657806991221445,-0.01770487666542664,-0.0006845846500861397,0.005294512450305655,0.0017643935958251422,-0.002381356514777444,0.008705288444656567,0.0032893752654565844,0.020059651493635977,0.01165563649265633,-0.008859277537798915,-0.0031327237140006403,-0.019591536830879885,0.0286990962415421,0.010808562931086785,0.007907534772901403,-8.732619575302358e-05,0.0036168455176908143,-0.005963864489003656
2025-07-22,0.07893719250902209,0.029755639784032395,0.01501443233867894,0.014859580319545262,0.02913294972563385,0.00802287690295067,0.010273900895011234,0.020934869694525515,0.04473396085091852,0.009100780407076181,0.013498639794981226,0.009049353176973085,0.025116760082079193,0.0033798627329830744,0.04405434095265792,0.013705963394750942,0.0104136928353451,0.030738458750392716,0.011396475963568742,0.01936529832947409,0.0076844128672381995,-0.003603811089704423,0.010452431240503435
2025-07-23,-0.053459886621888164,0.012383816369576861,-0.0008052094169777035,-0.01106402984711008,-0.0013401019374993384,0.021696456457246382,0.0020339470589676445,-0.01238076710637992,0.023937962271745716,-0.00757727931132679,-0.0209606431788526,0.006758367295620182,0.027540394782823885,-0.004300659910033255,0.027671674989115713,0.006602629943361027,0.035654510136112316,-0.004538135541218957,0.0085552930841013,0.005017408641760257,0.010485236725769953,0.008439518043237504,0.004966808968708936
2025-07-24,0.06840972640761422,-0.005096847475040023,-0.0022490829969893378,-0.006735015906525144,-0.011237706113236268,-0.0022409655252083605,-0.010554721999687211,-0.023243614059158202,-0.17451433281132334,0.0049535834879783636,-0.00579852012796056,-0.020397746112758686,0.012938922007840192,0.003191559809824218,-0.0969951378993148,0.011639937228818065,0.005648155768715135,0.0014653048690818071,-0.024620718088458782,-0.001890332379148929,-0.013635303434384016,-0.0079606172487513,0.008583813775368654
2025-07-25,-0.005226868756458836,-0.002049166522380963,0.006796295911733807,-0.003698474911196903,0.0010176824884644553,-0.0021390144950653722,0.004239559388196756,0.012967954390253889,0.01755094126971346,0.007115474608443195,0.00695376309722695,0.009884145535220323,0.0160584818291154,0.0029693562930734885,0.054530578229301074,0.007378009624456006,-0.013104940583720026,0.06893186114492589,0.031110761724660874,0.002913682340974333,0.008085573322651252,-0.0003233393669445084,0.012563490582147674
2025-07-28,-0.107117334569234,-0.011293431674991528,-0.012297920921909067,-0.01929230475881083,-0.005592122535183264,-0.008253009913854692,-0.01402706821301114,-0.009370511201153287,0.007839961973784781,-0.006476492227482922,-0.024504304708144353,-0.018269490302991187,-0.0032328485996676593,-0.011482607515379106,-0.017653555015061717,-0.016816555340132266,-0.012466172623705418,-0.03178702931264832,-0.00898296707881896,-0.011378534958831787,-0.0170763193372655,-0.011584885336260564,-0.01717439442512647
2025-07-29,-0.04239659426529507,0.003115029751832976,-0.0012518144100598372,-0.011986772397235668,0.0017039638133984347,0.025721553072650227,0.0066298653586496226,-0.010125251621561193,-0.020614548589078074,-0.039260771842844044,-0.012788282035157583,-0.005848796307125426,-0.019098984910237204,0.008663849566926896,-0.006361303161899534,0.007015510453253659,0.015916707867835944,0.00518381358758746,-0.02684746802944271,-0.0054853873223932315,-0.015267135981053115,0.002409672414233288,0.014105479378335506
2025-07-30,-0.03784914148241503,-0.013457509020313063,-0.017141496150693825,-0.022348637691162465,-0.011738618560886427,-0.023917449672516633,-0.012348939146026972,-0.028263761634301665,-0.05003969702213473,0.014418587672577754,-0.09461026199266764,-0.040379835073812265,-0.014878808037807612,-0.011198021688977211,-0.05809863039041063,-0.007932134066673813,-0.021339901305502895,-0.026254078512712997,0.01642488090295613,-0.022801075193059406,-0.05328353521683027,-0.014808456944053638,-0.004198216154447043
2025-07-31,-0.015096648520456557,-0.018887681350348684,-0.0077550194401933,-0.0038593710963065186,-0.0142881768721842,0.0020509785186719753,0.0020838546097963206,-0.004155193358717946,-0.026337783202768583,-0.005206587313457689,0.02810429398960057,-0.01031059495533071,-0.1284728459774288,-0.012804901262080892,-0.01563294458212261,-0.0007649000608929146,-0.006072414965211714,-0.0033703741753945415,0.0008395271129073567,-0.023585164350264254,-0.007058748129980641,-0.003313365535139501,0.0069656710154315515
2025-08-01,0.0007370274283156064,-0.00534768901053162,-0.021293735796603208,-0.011622970645883357,-0.0020956413981566557,-0.01368101038866043,-0.013309363721099254,-0.02725994801740128,-0.06440524234677425,-0.002865243082594837,-0.005218808906948591,-0.021821816932510174,-0.007060414873112597,-0.0018467387518629197,-0.07785261912792396,0.005183705848267106,-0.019161200504243303,0.007890552519709493,-0.03075424564249285,-0.01207743035498332,-0.010047374925892583,0.037868619418252036,0.00098286247090007
2025-08-04,0.009720184814705268,0.010752792706197445,0.020337321444616085,0.009226753496306861,0.008225330023640343,0.022826539363957066,0.010538183546601632,0.013868894447276903,-0.009178683731429715,0.01252834244718981,0.009742617401342635,0.009643085283453479,-0.007541388521106085,0.01739181298083481,-0.04717322811757718,0.04232864278401283,0.00566243363802843,0.045214970771698004,-0.012187399117165376,0.0087247417020484,0.005361887606601279,0.012929120931976179,0.025132809856341254
2025-08-05,-0.00452163850464482,-0.0021277325020364612,0.017392510758950763,0.004899817093877434,-0.05745528349038109,-0.009930586683754461,0.0054225424830947055,0.02383292357438882,0.03659102455132057,0.00832446956875299,-0.00964861464044775,0.006699969167376585,0.0010855025243836636,0.005220434115139172,0.02121805523347131,0.008600101163255047,0.004504507508809263,0.027820237267645043,0.01803190007418931,0.00222702251842799,0.009714286529231009,0.012189130919660673,0.004683353531128587
2025-08-06,-0.013919522238707294,0.0031983164763069727,-0.011727543578859523,-0.003270433583730914,-0.032228336661559,-0.030414060872390625,-0.015765342573332286,-0.02479311733758205,-0.04825726733610336,0.008668711515137373,-0.0042466708052338875,-0.06315489209421954,0.004771225033530557,0.003490504093223823,-0.046748867363494706,-0.015572097194313184,-0.13312777350565586,0.01011279014116151,-0.0066689982619487775,-0.0066662217293796955,-0.0032068927937798364,-0.003862620826374674,-0.005579862033653349
2025-08-07,0.041010493824819916,0.024442135799231934,-0.0016950431207349848,0.014198716298144731,0.02835405784065248,-0.07797559206180005,-0.0016860573018678826,0.0011297512852195268,0.014554132880910897,0.0036457436871903948,0.02358248646778871,-0.029171722148923607,0.036909110075129536,-0.004348035834949582,0.012512650403430303,0.0037789957065321733,0.024248246096381543,0.016931895758249382,-0.005269923969670076,0.013734107503042381,0.00416360183142106,-0.00228104904488724,0.0018113324755333338
2025-08-08,0.07736233360808709,0.003111884075369442,0.0006236641004220278,0.00476472145213136,0.00037002527955221076,-0.023887030728366954,-0.001970425258733033,-0.005784406445895063,-0.01804734697957966,0.011491218522597046,0.026225415149899955,-0.010431286316266442,-0.01019993048676937,0.0063694494872870155,-0.022124702689144127,0.017691167132548813,0.009469750198431548,-0.0013028998947344217,0.0086362654918819,0.008057055753217801,0.007821219590376405,0.006372741781496716,0.01566815758811546
2025-08-11,0.06995226078220029,-0.003102230294318331,-0.01658917319438402,0.005913094581672551,-0.007399132866646729,0.02125813310418101,0.02185867188825119,-0.008088497271187656,-0.016493877672089652,0.0023087788870048698,-0.009792130749601946,-0.0015733678659590744,-0.008201810188354641,-0.0043182342157481735,-0.01467589408062564,-0.01798916812861584,0.01626008029231829,-0.0015947098243063174,-0.009066115753972759,0.0009672826513413835,0.0026355269086235644,0.0068719068463161115,-0.004467396539565405
2025-08-12,-0.034422918789901,0.013485342563886116,0.018735627605457772,0.016587019487366073,-0.002981816555728045,0.0032676191352853934,-0.01973505056974867,0.029041532469221476,0.040249015659648446,0.011407690103452772,0.0166425878798222,0.017018608554456804,0.02544534431870904,0.00605906799675715,0.039925472611451074,0.02583639266620663,-0.04030759199553258,0.0008711596891244344,0.026938780643025684,0.011901220348239816,0.02093508277323819,0.009898975387086839,0.02331380493293822
2025-08-13,0.0473197374970995,0.01740021452457574,0.017077582652270218,0.02725135197838191,0.025981192969825484,0.04246079231017519,0.018302237820516654,0.028638925768852408,0.055734909004220734,0.018834645212759682,0.01399762949568184,0.03052384331149871,0.005789856394306403,0.005071402038540729,0.05291423665979811,0.00755564570226408,0.032702730159292814,-0.005367793084562589,0.031181501547310697,0.009197757362940706,0.03558617458486024,0.0299926378493518,0.012847225152985864
2025-08-14,-0.002938649571364471,-0.11871230541951916,-0.006933875162133285,-0.009307123801873152,-0.02277277266656108,-0.013307233467385826,-0.006359635430424837,-0.005000750024265477,0.01963340999046803,-0.006564300697108116,-0.01076286769597945,-0.011878040897482789,-0.01809211989089221,0.00420493089848839,0.0071792788089888315,-0.012224347316533213,-0.0034151443879162358,-0.001166873504781285,-0.01021663416525087,-0.021265887762080937,-0.005949234873434794,-0.00883890965156564,-0.006945690134530391
2025-08-15,0.009333166328240772,-0.0034245878067259428,-0.005852889791951088,-0.01676424487130601,0.00391503520896852,0.013330352047698613,-0.0015306420028144974,-0.0073349837687290975,-0.00042788920128422614,0.003035926247228815,0.0018922871833519928,0.0015215375983390622,-0.014736774563604671,0.005129606085076954,0.0013131599483489076,-0.0047672837239741694,0.011526680271555012,0.012412373786095499,0.007343310308582929,-0.015774632826540902,-0.001339786238427454,-0.0010417379245810654,-0.005049465078947657
2025-08-18,0.010950238411290059,-0.02863673860741489,-0.007987182883588018,-0.014475333045085637,-0.01857014966870074,-0.01688019919508965,0.007385561873619606,0.0015052843632077373,-0.00513695534418579,-0.002670676397094174,-0.014400459626320639,-0.0077483852064874625,0.005579554269718123,-0.0032703638922145783,-0.008055452951614028,-0.0110731626263193,-0.0052357644408213,-0.004759978334860193,-0.005226734464980676,0.003567433185301283,-0.007424017891143664,-0.015230476000458237,-0.005966503573238913
2025-08-19,-0.0305692075318581,0.005896234301674852,0.007218691177828251,0.01764875143211131,0.005487205581288013,-0.005328554545897202,0.0015216426949296036,0.008061199462779278,0.012478460746378373,0.012782149545852883,-0.00694608882733716,0.007962036350244839,0.009816456846387878,0.002946740013630933,0.016430475751673335,0.008178074506089095,-0.001857510016105235,-0.023478121333730617,0.008710955785961039,0.021328108323633854,0.017031601675221886,0.025303001244301626,0.010211001701250222
2025-08-20,-0.030167666412430294,0.004689106749446115,0.007408019955373213,0.002281902630106414,-0.0001880730556413912,0.01702385302933984,0.007734842918424523,0.009487654520231592,0.023374310573035517,0.006380817967715391,-0.003617909409512454,0.0042533527810302285,-0.006551250825251986,0.0050841153014140605,0.028056548649464386,-0.011780943381572428,0.00651359805138263,0.02404259632748529,-0.016722812090361527,-0.0006557076575439691,-0.007088397027372517,-0.0021742372272249844,-0.022401388063981065
2025-08-21,0.010496642238544629,0.009335018740241452,0.003933585449152233,0.001081538749049038,-0.00790508519068489,0.010886164172646096,0.00027425634418842826,0.0009398568425551534,-0.016195896159345358,-0.008442110440095685,0.009924965409718434,0.00030246507261222355,0.021697563561351885,-0.003420748604537227,0.00253036251170502,0.0002331146408274254,0.004930665819965707,0.015797243273380834,-0.0015333928712697453,0.061730390462024776,-0.004372632061529713,-0.008906885852497992,0.006986266532120089
2025-08-22,0.03040287475068837,0.006936369059417302,0.0196918426919781,0.014896474255696068,0.019351140851775694,0.0017369012156596142,0.0053438878971447945,0.037156210533760836,0.05994089783556911,0.0023668788634623183,0.03739202730268443,0.02797540836389767,0.017905459221988274,0.0019972026253081143,0.05949153722192735,0.011902036095906343,-0.00184003355818263,0.00970169442049218,0.03267007351446605,0.011361887892273437,0.02419997249269512,0.02492708447634251,0.014291535942836386
2025-08-25,-0.0006146985001774796,-0.020665761827323825,-0.01713986088799624,-0.015294095510546724,-0.013400368416910724,-0.00393028183042643,0.0031345343489346256,-0.004655907772544099,-0.007566694447681099,-0.01892651857349914,0.009473206138982615,-0.012356610159984238,0.01022712243745616,-0.007930883779323716,-0.006097593283209135,-0.005576693411176725,0.017818829857234375,0.0046630155178737365,0.010951291391257945,-0.002397295637675989,-0.018640033851232696,-0.01590108167139459,-0.007181881663089973
2025-08-26,0.0029522915170037134,-0.009378791639622519,-0.000679827754247686,-0.014507559110211399,-0.006602581132173824,0.00533832062186268,0.004619718617138835,0.004417693979739568,-0.007223110956702916,0.0030896056553388895,0.0151064427268357,-0.006255719512488933,-0.012350782955545037,0.008517419396733672,-0.007887819136569107,0.020744303958600385,0.0051313416570648585,0.01870600354117946,-0.01069896536239301,-0.002874267131502184,0.003834590061901455,-0.0014715200020951613,0.0031002903086723155
2025-08-27,0.07543248250019818,0.007100543714561258,0.0021089743316464737,0.00023095338990919423,-0.006646391223831927,-0.00323213480544271,0.014741764371904775,0.006856526381096684,0.0,0.004154541751095531,-0.01082301457439483,0.0008993334462330527,-0.00840502701132162,0.0016392087292598223,-0.005653752677085677,-0.0006481397830430113,0.005705820501304082,-0.0005522632873885547,0.016086605163382783,-0.004394536553274486,-0.003908824918332887,0.0025652941551308484,-0.0001717822658197088
2025-08-28,-0.03147816970185924,0.0047004175584117736,0.0014596043540537895,-0.012582287021188132,-0.004587970404098529,0.011117564196678087,-0.00946286065639046,-0.0025695860996288733,-0.006871551523915609,-0.004850727592638271,0.011397403853877996,0.004791823290400066,0.012197618234679464,-0.001160186324072332,-0.0074626258070257245,-0.007054524302516296,0.013735259018958557,0.008012295902166455,-0.003525599814848124,0.02828782517028694,-0.00811546368258087,-0.0033207732086225628,3.4425716221253566e-05
2025-08-29,0.0,0.009356853996009384,-0.0030845540570620944,0.0033316798934215353,0.010946792442840803,-0.00778836121542037,-0.0017492136588657115,-0.0038851337686334197,0.016928184955262493,-0.00709622584383196,0.0006761606069578541,0.006110389945380268,0.014705849883622557,-0.008005754123709297,0.00877191836241642,0.00671256274708365,-0.016200211479533322,0.019597117420697696,-0.007142831336338973,0.006046736360923344,8.98912470774782e-05,-0.0009557274406679639,0.0
2025-09-02,-0.06335370221692016,-0.0243338849013911,-0.0065281259311189554,-0.013632293982238308,-0.02631589040905935,0.009234722239201743,-0.0012160856277450005,-0.014690603586002826,-0.008932093272711716,-0.008121636511259966,0.012162145967635318,-0.014220139524202868,-0.010265725156309302,-0.008676643085882119,-0.009050559154551885,0.001315872390390771,-0.0044911020240635535,0.019623708007316942,-0.01566610825075876,-0.0069278953688731715,-0.014744288371666081,-0.013421447671781661,0.004567902968440007
2025-09-03,0.007166203262623627,-0.008313532004550428,-0.0031144293565500414,-0.009324760630827766,-0.017822113395708716,-0.03042440957141135,-0.020698106068182898,-0.002902604828322497,-0.019664178214163663,-0.005676956079409545,0.028259731452760173,-0.012622007514332623,-0.020337605720618268,-0.004977571575701778,-0.02954876368788395,-0.00840396383890718,-0.016842057763876372,-0.005800219330119316,-0.008128144012874206,-0.016262426007399133,-0.0036498449226685103,0.005846103314789186,-0.01517998740493387
2025-09-04,-0.010485609290348252,0.0,-0.004497305069721569,0.0013789474206236108,0.005383807314258915,-0.0069599662308802435,0.00359170900540029,0.02090765349186996,-0.0008357233247268114,0.0062584280849697915,-0.0030295788827779946,-0.0027394101667536086,0.0029063901019164007,0.004486682481923632,0.0020299334934312796,0.01271273332001055,-0.002141351676158143,-0.003857954970377442,-0.0018595103807577118,0.01779933599724548,0.004121242452999052,0.007575025971687355,0.014858512870005836
2025-09-05,0.028636318010145656,0.009486867729175952,-0.00037946686634060534,0.006166490093230337,0.010313411500876501,0.0035637633244498534,-0.004817599459981059,0.008684426475271012,0.02467588215686467,-0.005019286048262739,0.00586072339472854,0.007630044183605023,0.00786589988652775,-0.006075458258881117,0.014364683215914109,0.005929308019985591,-0.005211507523765646,0.01722759113205652,0.016006624004526904,0.016288266246601735,0.0031009887503379296,0.01818044764491611,0.008483552612550849
2025-09-08,0.005641431137612063,-0.0096386573648376,-0.00327738684146639,0.001904183994843267,0.0003925707690437541,0.00023671595330032602,0.008990342869462209,-0.0010281325715593148,-0.021224503200296008,0.006543342541321273,0.0069054075732251086,0.002120412395241189,-0.026288716971975323,0.010883561668201924,-0.008170009344789175,0.00714698614272713,0.01085949853414192,-0.005513910446119374,-0.022001918469760517,-0.019614125060758658,0.01409344040684335,0.0075180879718947935,0.01390729740725205
2025-09-09,-0.11487797908967379,-0.0036496375518442203,-0.006126388191978638,-0.00890857387088373,-0.0107928259848179,0.0018936480861280192,-0.006168674190040857,-0.01273472346744986,0.0066722632628144485,-0.017032746760602513,-0.05936556034787299,-0.01662397538261262,-0.011178982968174211,-0.0025072796351582882,-0.004393186519178527,-0.020523497772340527,-0.012891355910067848,0.0022442048683031235,-0.020830313583687476,-0.008613931150968535,-0.019277253056196098,-0.036910515092038576,-0.021645309738882457
2025-09-10,0.010195580157351447,0.004884107080971978,0.0012537147710514063,-0.012883429156524628,-0.006744560189439142,0.026458665871442077,-0.009930991964748004,-0.0084689905379427,-0.012841769025920047,-0.005800728828804114,0.0225564497638171,-0.009067130485657215,-0.008745843766352013,-0.001563042473542775,0.0001840031617528215,0.004086501444525492,0.03886819150913157,0.0330610443493502,0.006098240957823187,-0.004764729998268269,-0.005485564310097946,-0.01087513601379253,0.006804727226888518
2025-09-11,0.023595146207643802,0.012150577117748806,0.02441737118436338,0.02318952023253762,0.02097062592055199,-0.008860754275751503,0.01685707827022509,0.024835615704656533,0.04993705772849455,0.02151688139610708,0.023172807516357752,0.02900126649911705,0.0012911383418634514,0.02303790010314022,0.0196690624668987,0.02333273321313012,0.008081377899052944,0.015555374888040152,0.01318028753959144,0.01868106189993357,0.028038358491921267,0.031417000880300305,0.024521876661319775
2025-09-12,0.017884822165631364,-0.006002405042642045,-0.0057720412318141845,-0.017205711167512128,0.0013692353044794103,-0.005805252266908201,0.017810602228722994,-0.0089753621847114,0.0007993948501787695,-0.008221698848890346,-0.026132315534447725,-0.011002219239786726,-0.01160534712442951,-0.0032052188184996666,-0.004507006175165751,-0.02417919726010398,-0.0008907454689582872,-0.005022103617784546,-0.01669559238340379,-0.008662415150995528,-0.009925881950186066,-0.023272168481251354,-0.02224412014990662
2025-09-15,0.06659635008345877,0.0,-0.011269995736168936,-0.004829436298494305,-0.025004926617577805,-0.0032697894102838854,-0.05680439354345079,-0.002328841139456417,-0.034744501486287827,-0.007373122467755344,0.02057232741492876,-0.01904909562938939,-0.009132471768114048,-0.011015665410833764,-0.04780871959196609,-0.007761456188190907,0.01188696163536096,0.0013880178417235989,0.00155639086228887,-0.009770934516621366,-0.011470360069434804,-0.008386690322201962,-0.0030853953367352416
2025-09-16,-0.001233932400775739,0.013285033244350153,-0.015784584001796387,0.008371175050039259,-0.0036063611890002623,-0.004569456338526234,-0.002711588413586652,0.0007780389600202664,0.012825830627488877,-0.021854778275153697,-0.007449521424428229,0.002330171973016215,0.014702751770138578,-0.011033576189577121,0.0013313579805127596,-0.0021601183454774686,-0.006754612065887677,-0.00428433440224163,0.009606403846886824,-0.0016051842637340163,-0.009958889047925967,-0.010865815069425078,-0.007040219638791423
2025-09-17,-0.009636791643362841,-0.013110855098504515,0.019933448152715583,-0.007760209152241404,-0.013874939263549435,-0.009063083290651086,0.010875954672520116,-0.00505364215045645,0.0024510040384579934,0.00492293530410759,-0.004635698796015442,-0.018288846935257785,0.015138233561911463,0.017795477287106953,0.016524074027149283,-0.0001148530917224333,0.010053093618144215,-0.004175978969828353,-0.0009095338884947957,0.002884597431721758,-0.0023993645430145927,-0.008465488107487706,0.0009934698889322302
2025-09-18,0.009605834384891931,0.003623190884822769,0.006262184465203102,0.0006062662590446966,0.003262638237189419,-0.0010688910255609585,0.0002831214174430219,0.01719179357828904,-0.017522309158132465,-0.0019972579879884433,-0.0035485487959235895,0.0064729921588218,0.003621824016523778,-0.0080439738007958,-0.015508172398694509,0.017566387125150573,0.0017565732299662518,-0.004702092351336784,-0.059523720574449546,0.008864549571142355,0.008510568030986487,-0.0018560242761888057,0.021659482713274558
2025-09-19,0.011244217524291722,-0.006016948665584554,-0.00786458894104447,-0.003999008546229366,-0.00995938994107981,0.011771586280257873,0.002830303836152126,0.0,-0.025715577187367278,0.0024546017188833424,0.00022260629579351487,-0.0034510195767987195,-0.014434420081270272,0.006323490900206119,-0.012905829075976372,-0.0029498066885303986,-0.007013628564071284,0.04341166371850225,-0.007446085825148829,-0.012525718058659763,0.0036690714696947513,-0.00789565433197248,-0.002645879394237216
2025-09-22,-0.017839760730648857,-0.0012105567208776646,-0.009167747832673823,-0.0071786362509072,-0.00041062253743606725,0.006463753541986472,-0.015664619023228132,0.002048655671182509,-0.013622892580728796,0.006064398405883242,0.004895304807517542,-0.02093495033733983,-0.005815214359176535,-0.0026094978852354567,-0.017496403564258634,0.002036919159770889,-0.016185929062495275,0.024473801211759794,0.01035249981729458,0.006768220880967846,0.0006398046499387355,-0.0011245289441615958,0.003693925187328917
2025-09-23,-0.0032345481315688707,-0.019393952711740492,-0.03794916136057647,0.0007355249061873348,-0.0034915267459559862,0.017515221316735996,-0.003870964607724181,-0.01009446325483232,-0.013379211761315624,-0.004792322515010827,0.004428768519406212,0.0030546742149843986,0.004549419513602659,0.004562885098839731,-0.014285854858704705,-0.007163148006341102,0.016153205290782013,0.011347407348946126,0.004306591074085153,0.004701343864367047,-0.029683055867455344,-0.005657877687569757,-0.004349471938741356
2025-09-24,0.01822274088323006,-0.01359694285622537,-0.015546945047500982,-0.006735365225848278,0.0041221458755582585,0.05175572393563277,0.0018709584028753223,-0.021427658430074437,0.011810873677024603,0.004476816687581708,-0.16953273282585235,0.0024042473261804975,-0.002587931877806926,-0.012105680345306458,0.01985313646226694,-0.013958689651347944,0.057697984394605495,-0.014172772008152257,0.008428200076321612,0.007533488860516524,-0.007153667257604135,-0.004325867402732775,-0.012702075300799365
2025-09-25,0.03983819756606266,-0.0012533364326990926,-0.02387258412115978,-0.02163726469014038,-0.005131370646714872,-0.021167497197764784,-0.0363453056833537,-0.01662046742708856,-0.04020739318025057,0.000936315992415393,-0.061852816830408774,-0.03581709648948328,-0.02010810032183552,-0.0007382397834914123,-0.046525168636606606,0.002076428930659402,-0.03172835878759095,0.0023960878751920767,-0.01202336948419691,-0.01012442560994542,-0.014789479434550334,-0.008339178075891573,0.0032335089474018197
2025-09-26,0.03854755344846161,0.010037750854918315,0.003762580886706779,0.012853534901568597,0.02083763764933244,0.02697583309519791,0.015056479737199036,0.021864316756072144,0.03423417071817503,0.01403183213518333,0.011601594084513778,0.006965194244041184,0.0,0.0013298263887460138,0.009595830141760464,0.009341223725442438,0.015234306265815567,0.018883764021887295,0.025007435585795657,0.013183764470612536,-0.002598158710303111,0.005321895316493075,0.015368492728027094
2025-09-29,-0.01384792183398631,0.011180232628866138,0.013869059328179612,-0.002052720407965336,0.00242516031714457,-0.01758374211751257,-0.004699479212967539,0.011289063882757189,-0.0030488679263539487,0.007047981590503127,0.038321617200567815,0.010610058923967047,0.016769709395475507,0.00438431374901338,-0.007482416996587582,0.012236489592793331,-0.017553862162782763,-0.008328410896454974,-0.014841061868282046,0.001481913059276918,0.0035695661290489067,0.00295411205983398,0.012462682680356663
2025-09-30,-0.06675866667327646,0.004913908419931223,0.008281575657368423,0.01090874313521395,0.01653226539122521,-0.008949318085123337,-0.0020657797264498345,0.011163123853858536,0.00174756323964953,0.0034809504353245924,0.056573449018363364,0.009514475070766304,0.006944409448901068,-0.0031270428085026225,-0.0008148987585580025,0.014535209697964735,-0.0005763748036511362,-0.0027206570167618294,-0.0007380504015130906,0.007675541130752972,0.010478909188507135,0.009739818136638156,0.015180395420413939
2025-10-01,0.04181054414880325,0.001222494734199886,-0.008230901805660884,0.0019734401233435506,0.0009917789290398993,-0.03645493715517689,-0.09108388765604847,0.004107830674295432,0.00523328190975203,-0.015153733257128543,-0.0033147072549294387,-0.009424803017410222,-0.0032328017638296735,-0.0172420383604861,-0.012642844520944774,-0.01621512026440608,-0.024798070496010016,0.01945205314287657,-0.00029532449133851113,-0.014132975566339412,-0.009704200823663411,-0.014555550316158072,-0.019439396035241918
2025-10-02,0.037173102266389035,0.004884107080971978,0.007071114721086902,0.001169053087170413,0.0001980366323319771,0.03945389672248112,0.03286150293544865,0.035412933975619065,0.027765792492938646,0.01590597079389644,-0.00562810717697837,0.009022315215462484,0.008648735589119827,0.0057196994745853935,0.01879397031217489,0.01259562235702183,0.027794024405346285,0.005584646549574579,0.026811600797168156,0.003676975186694076,0.004130995031042417,0.007854167255400446,0.0057352805372499205
2025-10-03,0.00696250953030364,-0.006075436066265039,0.0032150083874784574,0.0046719032738724575,-0.004556239428228803,0.0027827604074841528,-0.0018899724658248962,-0.015680858102644746,0.005487572024805321,0.009452642404169653,0.020581355543998203,0.010892551268028683,0.011146717524743721,-0.005857614384799259,0.002837978738340796,0.010989703879491941,-0.006616643959841628,0.004975102213816696,-0.007049433998048471,-0.005101124288831249,-0.0008609565636402694,0.007851098412043234,0.0043840544385687075
2025-10-06,0.04318751396504128,-0.013447343136838819,-0.0019153018110924513,-0.004221696304676392,-0.012338262793474275,0.021866996287444262,0.014675735960587355,0.013798186547993918,-0.016792576046419705,0.011388643350220828,0.016385244823736267,-0.010935974913815705,-0.02734778235646107,0.0038994334657798113,-0.01596923485514179,0.0021108300861070184,0.023457761786972453,0.01899606742509441,-0.017748480172795622,-0.007504416920166235,-0.008714069877341801,-0.02795718937883318,-9.848260107081508e-05
2025-10-07,-0.01629902204530609,-0.013630839592806754,-0.0002214778870182066,-0.008479285069845077,-0.021962564816064734,-0.0009775985537259224,0.020373242360812505,-0.02400398926217473,-0.03928281137285505,-0.002681132050153079,0.00917652276716896,-0.007804973175197127,0.0013077418737796886,0.003884352962783,0.009244043771845067,-0.0102183257712255,0.0019807787889551953,-0.017625184856364773,0.0015488226119924065,-0.011177333751889007,-0.017581117936662394,0.0002670963372872759,-0.012374003522310772
2025-10-08,0.012813398397411913,0.0012561806272850529,-0.008527523689480843,0.0036561720414549637,0.00329632570369065,-0.013917549210775815,-0.03810401842248923,-0.006465483443808262,0.004444457886531028,0.008459182914969388,0.05308432805625607,0.004588742325355,0.015672668473233564,-0.005400020543449235,-0.008955918675599972,0.010641526334070672,-0.0175091370389161,0.016676305774342204,0.015022098058426137,0.012966014839354445,-0.0010815953199947437,0.001691463152650341,0.01173143172144897
2025-10-09,0.05245942176784579,-0.01882038936103403,-0.021855802048275974,-0.007100489533085175,-0.0190965562102825,-0.02293528391410571,-0.005704362189109857,-0.006762708331705558,-0.02300877714096239,-0.03131340217550116,0.010735239506833194,-0.01876024130865883,-0.005143694555188372,-0.020669862900212665,-0.020948903188495405,-0.0039289120701549995,-0.03880431397263939,-0.036085933225247,0.002394023644600729,-0.008861538892115273,-0.019588516387265442,-0.012886362493523928,-0.005025855422528758
2025-10-10,-0.06880820224694029,0.014066504898479604,-0.0214304526825031,-0.013307711890570673,-0.014234835391421341,-0.0143325344498193,-0.014661257789211235,-0.053186070158691034,-0.06476451073524003,-0.0016878012499438322,-0.056107238292756545,-0.009975039333552815,-0.015725972098586505,-0.009472624049658984,-0.05789795545641063,-0.002256189340943404,-0.09240426301425386,-0.0008215192864983178,-0.032713338299357186,-0.021950046886379693,-0.011244914257686034,-0.0012303595945027945,-0.004852903530449204
2025-10-13,0.07211204255858905,0.0063051741005737405,0.014703608688961589,-0.007436676409703247,-0.0010618309754338862,0.009961027879643813,0.013585557845175567,0.030529188375741034,0.03728813920734719,-0.006836125684291039,0.04647757484389481,0.009235941824653038,-0.000875395012141178,0.006213917460250018,0.030282788159715412,0.00985163200139616,0.021087272854371175,0.05003520784386439,0.024841040227634004,0.0048367947368550546,0.003858640072045061,-0.0019530609989297787,0.004379018248017452
2025-10-14,-0.0010380483063279211,0.015037501716517188,0.0043702516005881265,0.01676287471389304,0.011479668296066725,-0.01677794521793563,0.0,0.021461452083769927,0.023342645885463087,0.0103987826393106,-0.01893405688653116,0.026123139219801583,0.022343885077715786,0.005715606785436478,0.00842872449713794,0.0285619710924081,-0.03355911585241822,0.012751795962995027,0.01124322316224946,0.014488575398954984,0.016589029454466164,0.009362876431455724,0.02087528369173164
2025-10-15,0.01995023090866921,-0.006172843823554208,-0.017519167259966606,-0.003434771505821721,-0.0006306024704626489,-0.014873876519780782,-0.012126955598620537,0.012245409496165705,0.01277381543604883,0.0024541327801119728,-0.0026304603319361464,0.004216005704500203,0.005785223791916261,-0.01704950754989576,0.0021432120335520555,-0.026931396283708442,-0.0053422916231296025,0.0335762016598129,-0.012634389801669088,-0.005266588303860731,-0.009353268525884473,-0.007575834844650187,-0.019315964145884323
2025-10-16,-0.0292380322735174,0.011180232628866138,-0.016432915067514875,-0.0015039307391824241,0.010725542247903785,-0.028324083646661502,-0.01469878380564471,-0.005093555650277359,-0.01351355250035291,-0.011253369726757056,-0.0002396713352530444,0.010818616639213463,-0.006391052764951222,-0.01590541197597506,-0.019247136166487766,-0.02349966283910787,-0.012084584588537783,0.05011741936938585,-0.029979469772615674,-0.020558175835405312,0.014564200073446498,-0.0038171571803609083,-0.0226657834889038
2025-10-17,-0.026760494946354574,0.0012284025358284545,7.898712565168609e-05,0.000627573484721422,0.005618095539253964,0.00590237707508301,0.006557341658577354,0.018430741355632385,-0.00045668631444462093,0.022651816423746585,-0.012470043114329421,0.018370652340843563,-0.001286432209117283,0.014969475755022277,0.007195595758137996,0.002018741012875358,-0.0037377209869235983,-0.07632015874920273,-0.006633613722633158,-0.009788615594182759,0.005543972886556059,-0.002172183687310425,-0.0029706609092596814
2025-10-20,0.03666177405140303,0.0,0.003988995780453752,0.00508038220089535,0.007862449393085225,0.005029241271166329,0.009446363338251773,0.017343289252929717,-0.011877532032022353,0.012357765951793276,0.0245263762943293,0.013960750362858931,0.028123597088502317,0.0014859006142409203,-0.012340290146590327,0.0027023599989086655,0.00886769157267353,0.045389380406340774,0.03665214551937912,0.012541200231462213,0.005907133382310192,0.0015118507639080292,0.000406192996220911
2025-10-21,-0.049927250258152034,-0.00122689541439025,0.0019668607713205777,0.02046804329285057,0.012933696728852695,-0.00762529183785543,-0.00016133993280131875,0.0022236234954553513,0.005547811064438468,-0.007067254228085407,-0.02085786139215773,0.005724063637854382,-0.004385074261264332,-0.0032775570500287454,-0.008987215393438608,0.0078775331985812,-0.013184587069362985,-0.09031499485629269,0.02862157000105303,0.010928643642543978,0.021630633873158,0.02173663344549448,0.007107468304680786
2025-10-22,-0.0007664017295654357,0.0,-0.006124659653724329,0.09484488086230236,0.008309691423193932,0.031696394219958846,0.018557272677790282,-0.017502896959716963,-0.002298811438751769,-0.007872314021890148,-0.01282994778571267,-0.002922788496406925,0.005662844330013961,-0.00035544364135930984,-0.00022118605415655246,-0.015078380073922593,0.015758849129363206,0.007993395309699336,-0.02754065251159521,0.0029309633879406327,-0.021268287706963207,-0.013680578179472325,-0.013106194290692597
2025-10-23,0.06672522595097607,0.011056517652308528,0.007031425110161749,0.04043796675428468,-0.0010049800391807029,0.011637346590003927,0.005703397466281901,0.019821982522594706,0.12949307314863145,-0.0035507846597541137,0.011034844139150346,0.014655942870288596,0.023983273204329247,0.000355570026464358,0.03561946110709546,-0.0050602475213453735,0.0,0.021836506852794813,0.01317241850328199,0.02165365589056467,0.013116580278320855,-0.006171103671163913,-0.005482415617273251
2025-10-24,0.08504507775327874,-0.010935607910408374,-7.838386151992616e-05,-0.025177264795079313,0.0026156856619659052,-0.0052915598411188425,0.0028355569266849123,-0.0034444770852226636,0.012239856703001317,0.00803588699793334,0.0033955803595679956,0.0021289342440453662,-0.004684309564799594,-0.009065049897497235,0.016663155326887225,0.0030354764246149912,0.01112976391981002,-0.062310074624150835,0.001805599494183019,-0.03952918585429144,0.0,0.006782197259188161,0.002328285889126258
2025-10-27,-0.08907595829611559,0.015970426072239752,0.0033344446724374865,-0.006167641690779102,0.00040131556987965666,-0.0009251629369262382,0.004241339160151902,0.004567332615757147,0.03708188502493148,0.008945510740939078,-0.006526444884986882,-0.009406863081100947,-0.013914581534392956,-0.002645689422360542,0.03151925918957765,-0.007066679062962544,-0.01400928811806057,-0.05685504825726817,0.03936567487345166,0.008690106864150726,0.01884049178879499,0.006227546699682396,-0.0024936511304033404
2025-10-28,0.004676196808351296,0.009673525369174651,-0.005200174562207116,-0.007203409912102332,-0.015245736277719968,-0.0033568550558843446,-0.007351861012471872,0.006389757418134856,-0.013602877287299808,-0.04086371289534607,0.0017030668102482327,-0.0062798494819253925,-0.0219960843822683,-0.004721024133742979,-0.03014874426835179,0.0,-0.0060893724861853515,0.009029594752422154,0.05431473051916802,-0.0021779609581613624,-0.001327635828942686,0.054659715216148985,0.0019862835355783925
2025-10-29,0.011584649897379506,-0.041916099178725186,-0.023935892522965796,-0.016576387037190776,-0.026685727469082043,-0.022648082205570574,-0.004097007616555737,0.0031745938246270367,-0.020488509547401335,-0.04029365679935348,0.024775337838941258,-0.024660837731595553,-0.06153201319677826,-0.02419141744020037,-0.01890367943134541,0.0001295550877287166,-0.024846824654481625,0.004159329941380907,0.016053517127892603,-0.04612934191389284,-0.058683804007278795,-0.024601496382723353,0.008134186279790567
2025-10-30,0.0009201629477173512,-0.018750112546604414,-0.014818324606804878,-0.001532586598184782,-0.010255217528821192,-0.015924014551452537,-0.023734185602189206,-0.008398242933404743,-0.04263883907311672,-0.0014370397626213283,-0.010902910912390484,-0.0023703350780150956,-0.12661089872690467,-0.004860941112738826,-0.03232707037509075,-0.00632150909936946,-0.032809769994543325,0.033136715933626215,-0.030369620426865418,-0.002491581820875166,-0.01694742306528607,0.0062764498267620095,-0.016849228640957836
2025-10-31,0.0034733071614883038,0.0063695344469425486,-0.008460780093694997,-0.005911404866649206,-0.006132442769320345,0.00579650560236411,-0.004213999848100336,0.002209354858815571,0.0021008046482942078,-0.002722756088338607,-0.0007189455171137116,-0.00253446307857097,0.0002587936196023488,-0.027005673749272097,0.026991206851215255,0.0001304625171576479,-0.009382778913659129,-0.016279875691972423,0.0020702685918687624,-0.0020392139584207714,0.0030785182428656466,-0.008508204827402555,-0.0017239768916488263
2025-11-03,-0.0173062686856974,-0.005063396697589706,-0.01331460353758085,-0.003544963511140753,0.002340468694513209,0.013446983455771111,0.010091245369278523,0.015420785556059524,-0.025995668563449925,0.004095284593568449,-0.012470043114329421,-0.01413374158060876,-0.04425458952294825,-0.014630565195840939,-0.0032313952794600365,0.010112579571253777,-0.0069217464773561055,0.008027650765377814,-0.012862538953519742,-0.0008684745792321147,-0.02854229544398601,0.00202951169362775,-0.003281542056074782
2025-11-04,-0.08370463553902896,0.0012722655480559286,0.00589072529677126,0.0006886235696439424,0.015283481386311859,0.0016585701663838215,0.007089868137970301,0.08849806342437172,-0.02755047206400696,0.004699873207997696,-0.042739231482370355,-0.009503873935391427,-0.010018857316441476,0.013974436769795373,-0.03955054631806498,0.0096237221947304,-0.02604554000778425,-0.03332515936640845,-0.02585742415391956,0.008027080349007898,-0.0004212157875536082,-0.007695971640819144,0.012857400256001572
2025-11-05,0.03968345061506828,0.02541308174018031,-0.013332255190678377,0.0007453388799385507,0.022161618455375454,0.005913643507881927,0.01871990341739327,0.04952330693605367,0.007967937228273048,0.0010437072328648433,0.020040584849888576,0.040819656433921825,-0.006564572749198638,0.0006938398786302535,-0.01057596066975941,-0.023430245781838166,-0.012429359337565615,0.03460060362192685,0.006653422297524747,0.009941176693204268,0.01401188347209592,-0.0210217026413253,-0.024498806987630406
2025-11-06,-0.00761201154948965,0.01858727149136019,0.08936692008869818,-0.01472602412015489,-0.010431493569144412,-0.04232815908084153,-0.00816698967170082,-0.012112054576827402,-0.024154617822763513,-0.022670072032688893,-0.03879628572424987,-0.017968793777773717,0.006057224228411817,-0.0069579202578954336,-0.03616101747123268,-0.0037339125424520336,-0.04958046111362635,0.011025486260076267,-0.004061985194270701,-0.0051728030517359525,-0.011220887807634083,-0.0062839918404443695,0.004209044236375581
2025-11-07,0.06486971547654807,0.0182481877592211,0.003670766062615849,0.012329190624107644,0.012401821941084634,0.007120902075262947,0.015835318154507227,0.016602888724031928,0.0031504957103589692,0.012131516427698719,0.030013044655105903,-0.013524227864290195,0.042692806825239016,0.012496481917596336,0.015101384113339389,0.003797144463417501,0.026484788146165616,0.010420406880525368,-0.0024194512553391556,0.01241858915730587,0.011348224966802434,0.01948094815880097,0.003492835365084268
2025-11-10,0.06585711875293421,0.007168463633361766,-0.005043380779922391,-0.0027576590132573076,-0.05247037837685875,0.009996459976709282,0.021979703968894038,0.011055276120515156,-0.008524052995491194,0.009487351919297948,0.028635999718972904,0.012580697140156971,-0.004461743067321944,0.0003805117379007683,-0.0058111470525608055,0.01003873244179232,0.012118814018387436,0.05840026300892176,-0.01143376960833642,0.0008476541620625611,0.004082090153796791,0.007025959224838729,0.021024364852526345
2025-11-11,0.0028963249039910544,0.003558721252798991,0.014704301581957235,0.004147837177992608,0.018099584846445138,0.010018112383249456,0.0024404758129066284,0.003976084583729778,0.009502172247237706,0.01349775719649915,0.002930371175970725,0.04029928283425965,0.015027586146475702,0.01421527007711676,0.024549857493943117,0.005885573160703705,-0.006952487184714862,0.019148028181684262,0.009673357137266692,0.011458808973435097,-0.0002086011393915843,0.0073858717559047715,0.007717506882208847
2025-11-12,0.06199456805493897,-0.005910169442395863,-0.0025933534235433875,-0.0017211190766019957,-0.016507964107262962,0.012786772475053665,0.011564389895791782,0.009653523916723472,-0.005826920081903997,-0.003777850418962725,0.01801804161515408,0.0015312250216170664,-0.008571522164027234,0.005414275327293661,-0.011638405897352544,-0.009010385167624868,-0.009723866712578966,0.034685964223916566,0.03013050342994239,-0.012708124607352711,0.016473772312521007,-0.0010431799732300018,-3.3906988968879226e-05
2025-11-13,0.03852424444597813,0.020214044532449016,0.005658711316589571,0.013792422397050697,0.031633189511804716,-0.004955657464676744,-0.00421207662756784,-0.004657975467323383,0.04192970774229843,0.0035241608505225397,-0.030375562229636333,0.030882197966203284,-0.007335541635374199,-0.0007458159888872329,0.05102730805609279,-0.020624245136075636,0.0035349932758113045,-0.03599431981318468,-0.017320310111956005,-0.006735243142533376,0.006359651902303698,-0.01705738217540831,-0.03727679785683924
2025-11-14,0.004975193844867443,-0.011654925023871776,-0.014028836187672478,-0.019840277678245477,-0.007092058385651634,0.01443386685460335,-0.0030209867199428864,-0.021921297014853902,-0.007788910429002427,-0.012978253266144213,-0.009373483699772533,-0.02298680939015041,-0.0020573163908520486,-0.012248073975393736,-0.004833043396459069,-0.009449732465019012,0.01956944263883309,-0.021399925222144844,0.013510657433459805,-0.009392651920954509,-0.011008067550387524,-0.01736429580891552,-0.01235513985572756
2025-11-17,0.02223371866070134,-0.003537833314022798,-0.024099729391492408,-0.01243422688072715,-0.0016807105091334318,-0.0511522880497558,-0.032121195361290766,-0.02669344687551012,-0.05494985284313281,-0.012065724643742781,-0.028884470631701187,-0.01138441156051706,-0.01767063042687589,-0.013085004126619615,-0.038410627920293816,-0.010847636861486598,-0.05873313359973675,-0.00808678885042502,0.006022431470338763,-0.002788780058874729,-0.01721108114521941,-0.016165932165595365,-0.0017820990875971887
2025-11-18,0.03135096225567224,0.0011834327460897853,-0.0036745458469662484,-0.011888096548169025,0.0002104119825920847,0.005452936511697759,0.009705672480208705,0.001293600167605602,0.008306494442109846,0.000821974301695283,0.025641013011420632,0.013357866316930922,0.004360906923772445,-0.0074907179381341615,0.004132251023474254,0.005440904369067745,0.006525272305509366,-0.005626232371434781,-0.0010761994589479906,-0.00020336888903360606,-0.00566288138859905,-0.009118437268176072,0.006391109607091439
2025-11-19,0.03534059891296337,-0.0047281355539167125,0.004322674439416252,-0.00171856017236105,0.0008414708748132327,-0.029705458676803964,0.002790655691257804,-0.021188637471703076,-0.024714103401666576,0.022802801960744246,0.031250033016550605,-0.01318178578460183,-0.012483196295812182,-0.003665068799099225,-0.022405185901308244,0.006136190059438329,-0.007293350243285146,0.010508154384002877,0.00047132507990754746,-0.011798822592183456,-0.005062248710116624,0.018373945235031997,0.008372737354053417
2025-11-20,-0.07367914552972943,-0.00712589553088816,-0.008529111953243684,-0.014426602879946349,0.0071474646145535115,-0.011813959031856558,-0.004638268405195767,-0.020063303073198147,-0.016893359429996035,0.0009177687441617177,-0.03927267735097684,-0.008751615101991739,-0.02170923241460232,-0.011350433180439712,-0.004910949972228074,0.0003017399411020527,-0.023265384391292665,-0.06296441334690894,-0.009287933719275054,-0.013535128534521323,0.009116002916422339,-0.00536724914617881,0.006121666405518367
2025-11-21,0.0034358290598246466,0.016746422831687147,0.02501100458913985,0.026805665762862363,0.04090996394469393,0.009641419712636212,0.018018107462940858,0.038254322778072725,0.05966590167511554,0.020363777942328243,0.006055952706410128,0.04476459280299849,0.058146083954226935,0.010354666228915566,0.05287887622035914,0.010351780833860902,0.010029273591150023,0.01817086950903235,0.03498642231897686,0.02937179807825485,0.03676472088811655,0.027590592156232274,0.0065041865065820215
2025-11-24,-0.008046607674976669,-0.0035294141170660875,-0.003069651118564831,-0.01683675865865919,-0.020854077842421104,-0.011204613209714664,0.0018309153977729142,-0.0018163435600749844,0.014864826609028547,0.00647772365145638,0.023074970648342186,0.0,-0.0021237282459320994,-0.012283596488486759,0.012500048651881368,0.00233758743311685,-0.02358287254697633,0.03641151292863465,0.008533046297123814,5.081518587801703e-05,-0.015602764285382431,0.002788749003106439,-0.0022234719988193374
2025-11-25,0.08094584761063817,0.004722457784009926,0.009159004290970829,0.017304177391286757,0.01126353651060552,0.0002575721373931916,0.0059397760682255996,0.008058184628348064,0.029738204974472326,0.017336286434480597,0.006864510937150126,0.02594504840543066,0.04096843335418909,0.00044143507827665296,0.0363755473818288,0.022064531088613615,0.023728723714939948,-0.003004733242484736,0.01692159872086929,0.019967541381351372,0.02511316621776638,0.013757474778235634,0.01925557013196255
2025-11-26,0.013172690516465968,0.012926074384771002,0.00011587966762016677,0.010147147972428883,0.00506278605117183,0.009397566948770475,0.009084006686937096,0.017019216704161177,0.03060333697885742,0.0055948869765320985,0.026296563352202096,0.008381593764782647,0.005877866746119009,0.00012255832308660786,0.029993689225586095,0.0073956512505837235,0.004139115509971925,0.052313365486841734,0.01843193290016676,0.011080187991763246,0.002911664377018841,0.0021595842719548397,0.008062287118501432
2025-11-28,0.024269220842207284,0.003533515822423894,0.008070732734382524,0.0008709123872108204,-0.0020149756946576947,0.0036983809007518076,0.01230300580047694,0.013506528137769092,0.012309019549279432,0.0006183072658152433,0.019691532113439214,-0.004299299216897423,0.0030487621079351435,0.005932885549785993,0.011771952546713482,0.0011888194767222249,0.009480562212582644,0.0023199628181613807,0.002262353664643335,0.002850285166019706,0.0015016690138511812,0.0008737511096423844,0.007320036871666602
2025-12-01,-0.012770343268057704,0.002347476259531245,-0.0007278451223795557,0.0009283761385692202,-0.00608149740688646,0.01397729481409904,-0.01114573254465101,0.003520288319867948,-0.0004193278466518846,-0.008358875210643602,0.002094019378394707,-0.003022548790466595,-0.007345555758457967,-0.00775007909667047,0.0062998974683616815,-0.011503684588545005,0.019191464759442,0.012123917771815984,0.0075866325710618465,-0.004067205710693855,-0.001799269789481861,-0.006401288467110411,-0.0181335486655666
2025-12-02,-0.0014805984962081853,-0.016393476286335695,-0.01567889061210248,-0.0017968625330958554,-0.012645204803948928,-0.010401133501503845,-0.014126916006557244,-0.009772038455660215,0.0008390075125173091,-0.007219602714364948,-0.002321746958482973,-0.01053837714751893,-0.0341924786496941,0.004052693216882286,-0.0029215467071976864,-0.011800153866968643,-0.02323710621685049,-0.014701038660340116,0.0024269385967476964,-0.05259795795461375,0.0039054188854366068,-0.011713304446461903,-0.006886992370105149
2025-12-03,-0.012876509165202887,0.007142844942065629,0.01394253220846764,0.025163477323879357,0.007643007170471838,0.004052202023513196,-0.004573195361613824,0.0035425573687442036,-0.004191107561649088,-0.02421668472274252,0.03630427334410058,-0.020717631510904888,0.03619572313291419,0.004566754911054849,-0.03662617440844518,0.01296073991201152,-0.006972919986951598,-0.00917337295536591,0.02247188755423224,0.02804467384912579,0.010872849674209872,0.0051852565571361975,0.009487921633045904
2025-12-04,-0.05810734609959589,-0.016548498105524723,0.004877999210362471,-0.0035879378034203713,0.0014349681440231077,0.01185526674838333,0.015160995971072344,0.004034289447770734,-0.03745788866746036,0.0003407113778859383,0.0017966374477256242,-0.009386355488220977,-0.0022948092821697408,-0.013246910679878265,-0.06235061357615601,0.00472512370418654,0.0045852534058348215,0.011935333290507666,-0.013174757141753868,-0.006668326759319276,-0.006611436777210766,-0.011407753554181221,0.003622770320452773
2025-12-05,0.05078061580755322,-0.0024037144185308223,-0.003554857591548277,0.02497710593868674,0.0036847208842067936,-0.029290818770693394,-0.004374855823480073,0.017327942960886578,0.003935150092434947,-0.01788829497068578,0.013225662960383966,0.010377513896089985,-0.0017888896008512178,-0.010304086895448372,0.004402149036334624,0.009033732214041024,-0.02033194107478753,-0.010582078205284673,-0.01901067261675382,0.009408495149104246,0.0035760197936292037,-0.006738895741954853,0.004154570335711316
2025-12-08,0.016055549886533793,-0.0060241015924407115,-0.09451837020268594,-0.022416753519926558,-0.026922269445681546,-0.007960987463820346,-0.013787836224045336,0.0017279596481030168,-0.004355307691957466,-0.00978104626893117,-0.004424759580016313,-0.02709144960244625,-0.014081010409745964,-0.025502325604713105,-0.02468272446606401,-0.003475349805247885,0.00127055339640747,-0.008467031521676383,-0.0009406589925222697,-0.008514743203571595,-0.006532649671844526,-0.017951941161360452,0.0030861733417868464
2025-12-09,0.016430844771119446,-0.016969731050347825,-0.022410429912553376,-0.013518912204058209,-0.017606371034363688,-0.007248356765598873,0.011522332484096953,0.0007393038868908075,0.010936157249868295,-0.015010597373339873,-0.004444425092522075,-0.012545833018110408,-0.02414940305815627,0.0025681459360324954,0.011825778963802991,-0.016377513699895374,0.007191186994614851,0.05719100453738424,-0.00728186525421759,-0.017226445848823824,-0.009365439755009919,-0.018310733590617523,-0.016025416190535102
2025-12-10,0.0303196034987836,0.011097440296720773,0.02578433019556514,0.024054721570021975,0.019202064948156128,-0.007952966287170127,-0.011239196478993296,0.008618586464578915,0.06404142842098781,0.016423927251608017,0.03683034613606462,0.01317009070422559,0.04097911764873019,0.005891731461081795,0.05726987642866255,0.018627290239166427,-0.002519843800530608,0.0032948199111157983,0.03914243030992415,0.047673255489178334,0.010157954528135393,0.01597430237982267,0.019688027959579246
2025-12-11,0.010359384524570858,0.015853711290549244,0.029656475217336498,0.025748007182530674,0.030144451757990298,0.03377585934664107,0.014439282796374409,0.012939485905523851,-0.00040662860772611165,0.015070667807464133,0.03573735322003424,-0.03272673291680084,-0.0017893469560933406,0.02704491866032921,-0.0026531160562236478,0.01390736713972407,0.06063156299873396,0.053177889757887176,0.01363126832958983,0.013226665872885235,0.023098508248422744,0.009286700780923862,0.008423978329801685
2025-12-12,-0.010768603595866066,-0.01200481180018298,-0.0029950995607055386,0.0051746043383142926,0.03454585322705528,0.0067378043919876784,0.0012115098201261887,-0.013497283080531552,-0.024816922631307414,0.0086864459911975,-0.015173570234251255,0.0001581341034879724,-0.01306012642876464,0.032085253795157476,-0.015961042836365347,-0.006059364177455562,0.04049225200448081,-0.012874653092373567,-0.008765131712281882,-0.0011202343474223664,0.007590406629898849,-0.0018523278607246452,-0.011127032968295203
2025-12-15,-0.003917438040809573,0.0024300969394628336,0.008271626175473834,0.005969222545741726,0.013160520300590006,-0.005556322922461665,-0.003630015359901817,-0.007818222489838766,-0.0216937473059301,-0.009446227228647519,0.002954909592707944,0.014384983206199742,0.0015567633728907904,0.0018018915826483184,-0.02365397554063986,0.008961370626846099,-0.051507004239728205,0.015793783152458163,-0.018714762153719477,0.003238034293282288,0.0017385234597089294,-0.0007301126587770934,0.002500439487839845
2025-12-16,-0.008697655197338783,0.00848472059457106,-0.01126484088860047,-0.003103120054460562,0.003489622847675067,-0.015237963984281011,-0.006071562101393035,-0.003939914372071196,-0.026012874481417425,-0.0032643597597369345,0.00042081696216555997,0.00638933557914001,0.0002591084987382253,0.015635851481139218,-0.008306445371243032,-0.006925519957938997,-0.05631549469789843,-0.016651680141701597,0.0014811426642089565,-0.004010130729324879,-0.00019300885368178644,-0.001765977643426675,-0.015740717942266613
2025-12-17,0.02777134259064251,0.006009621372584206,0.017048467347417384,0.004041137309664267,0.005989200980153875,0.018826540248027213,0.014508325073749884,0.0037083357256095795,0.010070079192362691,0.009093461661914937,0.005889767442273985,0.016104123765368072,0.002071921317794434,-0.002762645424556398,0.01814804404077952,-0.016648433159956788,0.024296773052218112,0.014485388383694398,-0.009675737231343184,-0.0065304668384070785,0.0001930461132908512,0.00024410455624335192,-0.02260206788745356
2025-12-18,0.042832658725437955,-0.0035841757995611623,-0.010674521709179152,-0.003372014567008419,0.007297844923606744,-0.009112789012137856,0.007978249860679743,-0.002216818918123087,-0.001300345205704767,0.003932909155410336,0.002091125946954042,-0.003200345609881472,-0.002326143111209489,-0.007932037087926669,-0.015996312693599135,0.013521600010615309,-0.0029131049293473765,-0.001106125166177474,-0.017798241423912953,0.008402145355976831,-0.007809515845981885,-0.007897723034060222,0.010265914070273885
2025-12-19,0.03843974725016319,-0.005995209452409278,-0.015548632453175726,-0.011405850126561812,-0.008007589299387496,0.005236848675412409,-0.009707225562318622,0.018513962329627986,0.00954859476418135,0.002548260989258866,0.025667785170598867,0.01169039049616405,-0.009326369130741696,0.005823577416067538,0.0006966132877199716,0.010456142627178533,-0.006677759097571956,0.01962960741403541,0.00836342726243089,-0.005930475535283364,-0.0022350333491714114,-0.013830763844791982,0.012242540470319696
2025-12-22,-0.0034273907845732143,0.0036187635703632814,0.02008664113453751,-0.0006624529937716561,0.005573697372770026,-0.016137234411726098,0.01176276270293597,0.005332084940938175,0.006878750158025193,0.014378376352330635,0.03031541390830328,0.01216375621765664,0.027458070910787225,0.004935585753910399,0.011835737125833301,-0.002255720086109747,0.021848718914768694,0.035442718235810355,0.032108010324465086,0.018390653296909143,0.006719892685157491,0.0092875288939116,3.428222176560247e-05
2025-12-23,0.009079649839486281,-0.006009525565082274,-4.08170531359664e-05,0.0010495148951801259,-0.001720170229259299,0.009169672686504482,0.0008944404566877395,-0.0106075471365501,-0.022203291904737688,-0.009873611756439638,0.024881552004454965,-0.0030043074140205794,0.004326783368829634,0.003754330709578202,-0.021788981183821554,0.009912855371198903,-0.0012334608471452624,0.0035279412921049857,-0.0034700950767234673,0.0013556026264418541,-0.006771793164063733,0.0006485112618683786,0.003288982492269943
2025-12-24,0.01233802584268906,-0.001209268047766554,0.004371354211239353,0.0027040359078562837,0.0007659030353774909,-0.007294622587265431,0.0026805803074341217,0.0007309545742253398,0.006986974252342293,0.0031729320397755334,0.000385302939531984,0.008286712246218908,-0.002280651871961581,-0.0004704268335119499,0.005158191596970951,0.006825567175556602,-0.0020585735569087493,-0.004940591430817043,0.010996368226341424,0.0024174045357894247,0.008571218363743416,0.004011752327763851,0.0027319211332677007
2025-12-26,0.010100289343844215,0.007263910367605764,0.006426985260524765,0.0045676103718155225,0.0074611762354368505,-0.0015470262755956643,0.0016337530039689518,0.004626269239917491,0.009974092145343727,0.0006401581205577322,0.021571762023185448,0.008218837589589745,0.01320791277389377,-0.0003060047650867981,0.008864132824350834,0.002907576855356586,0.0028878678769186372,0.010025704697971705,0.005196840222871479,0.0076207313162754975,0.0074359859934909345,0.0002766974286694257,0.0019070823886768729
2025-12-29,-0.036197563411444755,0.015625053891719975,0.0017379154336514269,0.0006025607556585655,0.009494880965035257,0.0025824054401528684,0.0031138956711702637,-0.008967495286703042,0.0025761235970278573,-0.0008655829465035181,-0.029411879748895697,0.004298325516914003,-0.000751989351394533,0.0041669725958104475,0.004624203177311159,-0.011999811075984024,-0.010283840651782006,-0.05643783414827197,-0.005230057443421088,-0.0006701813594179873,-0.0006710497458831677,-0.0006453228167656588,-0.007409953767338551
2025-12-30,-0.01777567711536432,-0.007100485213972996,0.0039136663868932775,0.0027923251807444593,0.0015049356628591415,-0.009272494354915062,-0.004138859032766118,-0.005135766734610803,0.006852236529528932,-0.0039166980019454956,-0.0013597491852326282,0.0025087511397203777,-0.0032614366076614276,0.004266800341199417,0.004833250236047082,-0.009179839557203917,0.0037406121295324724,0.020538986253848757,-0.004109198031181038,-0.002442821915551563,-0.005467643940216149,0.002859474113055649,-0.010752676870303901
2025-12-31,-0.004013766545394093,-0.005959575556837904,-0.007234157743692293,-0.006988536115967836,-0.005071335600767224,0.005329528884499002,-0.005046897188266453,-0.011799404428374904,-0.005529678210276057,-0.007410824165319352,-0.012059805803766643,-0.007949332700351697,-0.008557730037520916,-0.004598753190460991,-0.008245653727142366,-0.013873453554204218,-0.0024844480631281973,-0.019732949899045504,-0.006880255114446898,-0.009747514066026364,-0.011766915723692595,-0.006530578243869822,-0.012669511721667637
2026-01-02,0.017604648051244176,0.008393255002276279,0.02136769314066833,0.00307895426331517,0.007173775714835795,0.03607447769713801,0.010890819213684289,0.01666668267877447,0.03806687356936167,0.0004571091161886809,0.02244527090679882,0.009496963730654118,0.02183280372283547,0.006378997660836605,0.025173213083931723,0.018918838301817287,0.03860526001658271,0.013720496560532203,0.03856295512001262,0.023711424622060884,0.01844619118864843,0.011758175527871506,0.026049857510920926
2026-01-05,0.015285345883985446,0.005945308958255291,0.013454692552641756,-0.010414377429037946,0.010496743312545798,0.0016224180811219568,0.0013281108136580233,0.027893259196750897,0.02595788682465039,0.0020559927709056236,0.047756623881685556,-0.015728320230369075,0.00670815775180178,0.00929842299332062,0.027033216385339953,0.011915972750185633,-0.005995223297819319,0.022821603991556083,-0.007496994642363308,4.742126734069707e-05,0.008241529911069856,0.013299290569501965,0.013736751831255667
2026-01-06,0.08225538045923364,0.013002451939932769,0.01780639382697724,0.008308340418587967,0.007234271162687156,-0.01009229350666141,0.02240247733110956,0.034039614453542644,0.024899715387017185,0.031727363387783925,0.03197942349085081,0.028524528059275855,0.011845931062443471,0.009374213938290632,0.013380175807989891,0.006604387795154043,0.011660652549663642,0.0547667846782085,0.007256295569229465,0.0027944291141652755,0.004087081153955507,0.02375060161307241,0.010718945052034634
2026-01-07,0.02162504226633466,-0.019836712591037253,0.013585828290376911,-0.00829479389511767,-0.014180519272471992,-0.024669667564454656,-0.011964999274241217,-0.004834170066766785,-0.02821327055714873,-0.010238322797633481,-0.011576135778234908,-0.02279658701488818,-0.03512183989336426,-0.006908263797757996,-0.02792217797646568,-0.032805090481052734,0.005564308175238564,-0.01089740547173157,-0.026808416651568967,-0.02319100323345924,-0.016471059910546093,-0.02552256639291528,-0.025779646762673636
2026-01-08,-0.020177036105520796,0.03214284968681791,-0.002482169583298499,0.03041051582506027,0.024285541051455972,0.0495550579065569,0.02334404618629149,0.003932340210561103,0.04516137395077369,0.011125599084551796,-0.023063113976918403,0.019019326781633206,0.06370072345312505,0.012783883797975237,0.06078820392982909,0.020910650108654893,0.04664035366347408,-0.01036946460689736,0.01862747316678126,0.034186028616914,0.013474499313709254,0.029027414001898233,0.02399698154347485
2026-01-09,0.0188238628757067,-0.002306678564907405,0.009570479954122524,0.012794305875924783,0.014408097937434583,0.015615205220062656,-0.02124312280782059,0.00944694793422829,0.015817835509271738,-3.669646871573562e-05,0.04260413695055387,0.007582284094460379,0.029942925712075352,0.009984314458278964,0.022460118434021847,0.04475704651465273,-0.018882188471883055,0.019646361752932995,-0.024481704616132305,0.025575081029605595,0.020038009279660596,0.03592056513977049,0.0417543408534331
2026-01-12,0.049848093618410694,-0.004624391874775258,0.012589172573425067,-0.0022823800621718515,-0.00269680471999012,-0.021912710721760043,-0.002330786917206784,-0.008673858953936908,0.0064564651501211046,-0.002686505919696325,0.03856368102866026,-0.0020260051256388856,-0.022611937315869635,-0.0010133432081438354,-0.010470087389373495,-0.00443982228574169,-0.010007726325200084,0.03642536955596354,0.013433464440592457,-0.009710551399995104,0.005958458070807859,0.01231323565823672,-0.006417954197318387
2026-01-13,0.044587551697661265,0.01626019647255217,-0.0032204911735028707,-0.0012768352586883802,0.0005408055384266142,0.02574575939234669,0.005256270080236769,0.008289345847050988,0.0018868265747165047,0.009372734528104276,0.010730758355305126,0.009425740367734914,0.004721438225593566,-0.0016454875073688147,0.009750991450566016,0.003013348112542946,0.019051390481813923,0.014783958474455572,0.021148416499737754,0.006583127886199636,-0.004257351362567441,-0.00458566342065847,0.004586320166287239
2026-01-14,0.003787870905988644,0.00799997084824322,0.004019814430098245,0.003462495884379191,0.009549460326662373,0.0263063523226299,0.015831602564059688,-0.02055269975630747,0.06440678343807105,0.007713650900763369,0.017020494154238897,0.008188506100260895,0.006578877065597899,-0.006592867979330341,0.06842006415370583,-0.04356246347412274,0.05455929422076822,-0.00418737910233169,0.016579985327157987,0.005991463902193184,0.009108656839145413,-0.004606874939995564,-0.0403807113035658
2026-01-15,-0.02123348611962972,0.0013605238061842329,-0.0047521342460292715,0.0037158737585121226,-0.0024985812266480334,0.01822443963361442,0.008006795414961854,0.011657618333302588,-0.011323406370616462,0.007545855506400745,-0.003986690321300834,0.009261994327726564,0.019141076656713718,0.0001363761488131221,-0.02153846410405058,0.006643469845946104,-0.002170746047737815,0.0005256990485620339,0.014510503465045899,0.009092482464262197,0.013816058506178619,0.005023196493953996,0.010821560856626444
2026-01-16,-0.061802315894701754,-0.07291656701182592,0.005827468050983775,-0.002274171756366239,0.0033995238736594935,0.0017320083564755784,-0.012198646679269953,-0.012214650483558742,-0.013242675708147411,-0.002376469384686497,-0.0208472083347927,0.01200039517335183,-0.007100361136793354,-0.002454365917419099,0.0005895473182995215,0.016725337548443076,-0.044597525658269466,-0.0007881006351128095,-0.002288435012871348,-0.0028383638878979323,0.0013627846954096245,0.004773528600004795,0.014119477968027372
2026-01-20,0.05826789695399848,0.005617892755267473,-0.03494934232630864,-0.0341372596194196,-0.012660509544601628,0.01925080416180447,-0.010626024103242093,-0.013532499149810917,-0.03590857170326145,-0.014689453732340318,0.023164695711524352,-0.011439729440055335,-0.03898499417140433,-0.01323584668811073,-0.04026713288564976,-0.031856970171956434,0.0258064720691471,0.04223633770203272,0.0005734869989810765,-0.01906656880920432,-0.01097811258985082,-0.030377492079124657,-0.032094691689147914
2026-01-21,0.04358417686450111,0.02987615913247499,0.019095138787075472,0.020086635905913752,0.009933185518445464,0.038905296135455014,0.037445550708682385,0.026017063118631167,0.06884875226786868,0.02512817077688312,0.008490114452614828,0.0062094786659681045,0.027124375874596707,0.014313771276492027,0.060581316026737,0.01623075624154846,0.02293744597574321,-0.0002522316399317104,0.032895820738320536,0.013311194383217595,0.03238233648999955,0.026948431135212392,0.009657419766525122
2026-01-22,0.0458736185492552,0.0087264718489386,0.003534714672612571,0.0003766387439005925,0.006616628435650362,-0.028630593918915648,0.0011192001930664386,0.009451422218249572,-0.0028159051016933834,0.005788677264386033,-0.028557341158179872,0.012061741887315014,-0.022201462068917044,0.014316741285416823,-0.005403338909897193,0.017047665430101056,0.018444878670865306,0.023378996389148865,0.00022192764341277815,-0.005636358490630933,0.012173547719325217,-0.01594124464628477,0.014246870409340806
2026-01-23,0.006318946538223624,0.03530505337030365,-0.01018774449036175,0.008013290759404379,0.019008679729308087,0.035302036817467464,0.001956410722607549,0.007992592443638591,-0.002823926429354695,0.0014920620836480492,0.026508129783226142,0.014828233120083079,0.02868070568646086,0.013306593547182555,-0.010671285939895858,-0.0039720148457509374,0.022372148947013226,0.02153009118073057,0.0076551454504030225,0.030307175787650964,-0.014221806697498063,-0.006017840514603745,-0.010551659134996338
2026-01-26,0.0012664383085529973,0.005645894935013107,0.004859177376822066,0.004695135065569067,-0.002614997848147449,-0.007902092188701304,0.01297067364806015,0.0013594710790698628,-0.002477837135038574,0.006278809987712686,0.012580675141541375,0.010924305473467788,-0.0009293318219976143,0.007662170041865091,-0.002549528776643606,0.0035722132583946298,-0.015977772614177765,0.012951514453700685,-0.021965287442428538,-0.01579476159828841,0.0032060350001439364,-0.0005450892712656197,0.0010997842471249797
2026-01-27,0.023346537471770512,0.004266811781706181,-0.013327152297621603,-0.0072752559198623334,-0.0034960297793483752,0.0009818931304983458,0.005094341119086243,0.00927584495085787,-0.013129892286159461,0.0014806512659033544,0.02779140268303948,-0.011076588178233426,-0.01860475340049561,-0.00439531487893019,-0.008454534498786526,-0.003912250334367151,0.003882817828124052,0.008576936832666249,-0.022965200712355305,0.008069181968108241,-0.021038744278709554,-0.006459490952547942,-0.0057589416396799376
2026-01-28,-0.05072614452791113,-0.011851609436619004,-0.012465230103200109,-0.011073070507749083,-0.013155463859454097,0.015587546670116081,0.0006850403948677197,0.00044834420275585707,-0.0010787113955210703,-0.009257750208042093,0.012088475171295743,-0.01434220215932358,-0.016824599357960657,-0.0033773140846317107,0.0007931815153066069,0.0015093579342218,-0.010548557510277501,0.03897627216858468,-0.0023044756893376706,-0.026875907932516485,0.033369678817775084,0.01017110153881351,0.0035490215603959374
2026-01-29,-0.01969297777085577,-0.00678885480927649,0.0005079507607155254,0.0027587096332164496,0.005510012730109759,0.009230435353011934,0.010814252039204941,-0.0006720995385762762,-0.02231817651628687,0.004867534089417536,0.023573722654114837,-0.0354767383168767,-0.06001445979970743,0.0077519559747327715,-0.010303187401189629,0.004767575284400971,-0.0035535798868455704,-0.03804472056629293,0.03886137264711764,0.011947968667830322,0.022376323844354395,0.014244851188168317,-0.0008674516296641732
2026-01-30,-0.055727686605088755,0.008202382710177147,0.06437000159676143,0.0007012609802816705,0.005303305331559649,-0.0085079043720242,-0.014084272640230378,-0.015246657274421538,0.014359218043173527,-0.00296998908317192,-0.07523414980079646,0.0030171755871155614,0.0338461541581665,0.004329701587624912,-0.019019009145086807,-0.0021122144785721275,-0.019258292026397394,-0.1148664287436666,-0.012172704732591688,0.010626175094747836,-0.007553059109667748,0.00016928738505606056,0.003572953131189438
2026-02-02,-0.0334055880928662,-0.011299445205634862,-0.005541305792358675,0.008517006777675862,-0.003165224287836388,-0.03636175530025465,0.005494428976706267,0.011611920467994308,0.04827589169067781,0.0058867295823448185,0.008799577197797781,-0.0008593623080773716,0.009176573265214483,0.006980784313989963,0.025510135541423562,0.003650631174272778,-0.008363602706615403,0.004450396896997111,0.01823088493062297,0.005257292793769075,0.0071780560891527845,0.004849916991288783,0.01790114479742999
2026-02-03,0.03462071288160917,0.026742819557913577,0.02572043395250523,-0.0014430510079079806,0.08961028167634888,0.029608232470723417,0.02513653668204552,0.019581290380007887,0.055748001792998325,-0.004336259292447742,0.06435157301217065,0.009032171289380164,0.03366920769799053,0.007410440517668038,0.06368166993479485,0.013280814614085923,0.03813710999910502,0.038015067410057446,0.030614510716083787,0.003128942643486843,0.026275096839355916,0.00920418449802396,0.016638306581880702
2026-02-04,-0.011603372114592392,0.0810329745620395,0.03104765017408595,0.03377579505767159,0.04921479303919796,0.023783815720849644,0.0010662062167898778,0.055850075821475054,0.06264354399918082,0.02032426036042967,-0.04345128188170588,0.05555556773551662,0.06252968303153139,0.021053971672932326,0.06828799777230676,0.012292070117995824,0.01801486772387273,-0.002475662085727137,0.018498607160501113,0.035781037325896214,0.053798533998514975,0.025775843849538127,0.001543290441675449
2026-02-05,-0.07221624684610617,-0.03665570765717052,-0.010781844366017257,-0.001294400634236248,0.021293004027850282,-0.0356916281388624,-0.0352769756206488,-0.04495089086346549,-0.05555564009724834,-0.003366095971801153,-0.04267703568353742,-0.01157618112720038,-0.007160425567236839,-0.028817137119732994,-0.056392159277481424,-0.00032777677570483554,-0.03678001720102497,-0.07120241331946686,-0.01816262391568102,-0.002323044876353708,-0.012147730680333146,-0.021333124938139658,-0.0023434914189075506
2026-02-06,0.044031151490858456,0.02971353323998982,-0.001340403239246113,-0.007102959637603434,0.0042303428798715625,0.014454666474071232,0.0017938554251726302,0.02298592851244674,0.03856209133476973,0.01093346470114942,0.024484886089696678,0.0189295093343671,0.049808496735696206,-0.02490807172768439,0.02264277186839103,0.028392638144421722,0.030259352984139287,0.06256337545864521,0.03399459982024644,0.029968510476310772,0.01679806118369309,0.0026036075594515484,0.041704140842983684
2026-02-09,0.014629354362846403,0.004982362286917175,0.011479224185660941,-0.010704357364906159,0.0027078514477865134,0.02482731639033231,0.014049556787755657,0.007917856699708903,0.009440007605772793,-0.007474280081113283,0.04845894173972476,0.004811531341875064,0.019750875599793938,0.018070688773942134,0.006715160037136236,0.008304284018790575,0.033566448674010374,0.046912924585565285,0.0012445730502379515,-0.000627933818311055,0.008536824561965028,-0.0038123987358119615,0.011120798968881518
2026-02-10,0.016891867199824384,0.0024788718757746686,0.015364708431361729,0.006386484782131996,0.016654189540114217,0.014430084789467834,0.008150107790368288,0.04946925227381316,0.047381400183804434,0.03976961520474909,-0.0055023311163668875,0.02101622496283584,0.010526406058792626,0.009138042918249711,0.03948073033382116,0.01779422545807341,0.01894457716843778,0.006626282115373083,-0.005645327006781109,0.012860732195421276,0.012148365830306762,0.011231231773859651,0.009318111809652585
2026-02-11,0.04075698510252379,0.03214507455430038,0.008150898691282382,0.011066245399342423,-0.006198488770846278,0.006437563502940558,0.014820777753735248,0.04248431243164652,0.011904859731589834,0.01311651748903131,0.034777213267220386,0.0027359414011425276,0.024791565617746203,0.015200504802996617,0.03139089140164586,-0.06561115330136758,0.033864469999860036,0.025261280892407534,0.012656881956720323,0.011456733480411874,0.014635133250120003,0.006362316583155225,-0.03205509354814018
2026-02-12,-0.09405458413436829,-0.006987397127732331,-0.005594703983807459,0.014368851958085571,-0.009206812318007351,-0.02857729279647836,-0.016064875412629798,-0.040752951315449315,-0.03970595827196832,-0.009421746868750747,-0.052245663636322104,0.0588540418959107,-0.0004065708996697781,0.011443508430258209,-0.02841766250871669,-0.002387945544169212,-0.0439947900011699,-0.05200637043357614,-0.028855088264155393,0.002167228079654304,0.004044898132028019,0.015341822200796162,0.006692149233497702
2026-02-13,0.04668728336712036,0.007036564397593148,-0.04034301088866754,0.0012783025057157005,0.008543137532504463,0.010676923704266983,0.01241394248357608,0.015982182314369764,-0.004900451277875639,-0.005055018053635951,0.012894859395830016,0.01840484409248755,-0.0014236171489726557,0.017214413101074966,-0.0029422053694685424,0.028466518827239495,-0.004030929573699549,0.06501858552396356,-0.02955352076725104,0.005018780395765754,-0.0016721655323372886,-0.009957111722424639,0.017799464911016916
2026-02-17,0.015449305097939625,-0.010580954298176959,-0.007328153783090485,-0.007201090909580987,-0.010997116640381055,-0.009190802348495786,0.006930701076165224,0.012942947977500951,-0.032933246295605456,0.015476041764739268,-0.027848521839423657,-0.0031325814121666573,-0.0010182500500587333,0.0025364359589323815,-0.02829373512676825,-0.01816265130952832,-0.019224358560591237,-0.02774246195031138,0.0022376398106052076,-0.02411595973763092,-0.01644588801913871,-0.002575197980634214,-0.07761332139769828
2026-02-18,0.01361596104610241,0.0006053177733345017,0.016925334244890067,0.005247050560294841,-0.0036064758417869713,0.021644105056779717,0.013765587515470301,0.009435914255403688,0.005092352357465524,-0.003982800684029786,0.023899187603902083,0.0026589537488814763,-0.011620866167380561,0.006345625431583679,-0.0001785654812505033,-0.007201603041578131,0.01237972342643645,0.0194588240567648,0.004900901298465543,-0.005574701521015357,-0.007199255090571399,-0.0059248487796956795,-0.009463352044191131
2026-02-19,-0.01641160266891295,-0.0012099835416519156,-0.005913822068209562,-0.009262498435133826,-0.004222571498519678,0.03798785532300952,0.005614340364646253,-0.021616341354376067,-0.006016424747759097,-0.005254571411217435,0.00031976296245472824,-0.016152277008305127,-0.0334157649560779,0.009953001303709463,-0.011434739034096641,0.020658013694569544,0.024456481925013707,0.005694039022300146,-0.024384998023849525,-0.00033468569277483873,-0.031189077442245305,-0.022282457622247676,0.011658377190149505
2026-02-20,5.928091431384175e-05,0.01938230485666881,0.0016385461430818982,0.017148678943815776,0.007572322417691568,-0.022923758334164934,-0.009218334754361512,0.003383762633760945,-0.027715816595122678,0.010498295169993233,0.028288169232649985,-0.0028180372913304552,0.00021343549880481483,0.013058331860371641,0.024218273641928745,0.015605615048245092,-0.024204224359006155,-0.0260765032247825,-0.00016657877377224128,-0.0072818186203151836,0.02420268762665123,0.008444992552327779,0.008056723811137756
2026-02-23,0.05403166906492762,0.0017825043187109646,0.007361835229004132,-0.0015234646425273946,0.00916881578881834,-0.017802100317587888,0.0019655761974550767,-0.006546323173681645,-0.00720843998520726,0.00496456290278946,0.018806523689736787,0.010443587281943056,-0.04303237502765467,0.00338352594288982,-0.00017632176113091536,-0.0034113802931686754,-0.023785308395767313,0.017358571754790608,-0.006444023276483635,-0.04915480466160238,-0.00932583267191922,0.010093461098102718,0.018015622326329916
2026-02-24,0.052444730331843825,-0.00790830270923315,-0.01334506412298353,0.004221399920801394,-0.009234466513038164,0.006914765487998631,0.01974889498161625,0.019768379723333895,0.024752530991839716,0.00814603335464037,0.035545276121109026,-0.0015807182765086303,-0.008781786462546237,0.011662232124232785,0.029297531268718036,0.019382621178930748,-0.008353624342610555,-0.0012878478738891364,-0.020687817497385796,0.014808266303566686,0.001595556408688692,0.0012627544229522059,0.0228450757165386
2026-02-25,0.04838626137726876,-0.014334707586786122,0.0029698945063310056,-0.023600904376920195,-0.00736620072477101,0.0003121345177994339,-0.003847556044890843,-0.00646182296309139,-0.03317234007010961,-0.00532198926163141,0.013848046148410509,-0.02715876868071465,-0.008178123657093805,0.008472217449362107,-0.026920402034911417,-0.033809295902676784,-0.053001041056073506,0.006124655176041216,0.0018841375875240374,0.008868829531310407,-0.0193548450626454,-0.020508248408274032,-0.03888143824737744
2026-02-26,-0.05585344183137575,-0.011880380393931578,-0.01452009581878655,0.0007780100526981748,0.00908690358699027,0.010609502363264633,0.014806211669029956,-0.007686183290124826,-0.003997393977939523,0.00078298502078189,-0.006393531046537282,0.013270085786744934,-0.012139187381530303,-0.019202373040461684,-0.007929613514862988,0.007678818977703283,0.006671616072803976,0.020985157075628313,0.0007408322231055031,0.003940838645736688,0.002924007804215867,0.009097113623671937,0.011324593371362157
2026-02-27,-0.03385060254551853,0.003938613186056372,-0.002027277809882211,0.017673880962469912,0.007504017448858313,0.024495645601605442,0.01649326676871654,-0.006156892344385101,0.03993233875212554,0.0051832423866220445,-0.004387224947953516,0.015937723103436108,0.009737937273194275,0.019197200773990897,0.021669637394328145,-0.002785754399710294,0.025036838764037395,0.019847893477122458,0.007231882231423459,0.0013371353900231142,-0.0017007557252591843,0.005797578642784629,0.003268772420846444
2026-03-02,-0.0027425100473013053,-0.005781458215126878,0.0027568385456580025,-0.00702826532033618,-0.007619828080426494,0.047819988952020775,0.0072553809743654,-0.0040128799089473866,-0.004230371667235278,-0.0158587138196411,0.00308470283939255,-0.017998359230865124,-0.015154946815354564,0.002479978687929485,0.01847620431213537,-0.015375866287140494,-0.0118534728682268,-0.009769233359066654,0.020861653920558387,-0.0040061826484917296,-0.033016986260703374,-0.01572736532237118,-0.01225803315231333
2026-03-03,-0.07548545279075802,-0.020353262670123495,-0.012263518430376985,-0.022208510905936785,-0.018367980680988216,0.019175468157826225,-0.019746645483838643,-0.027598797949881515,0.004575168810786012,-0.01647664268714122,-0.03983022388394741,-0.019690382208824242,-0.019585038783985986,-0.015039100717974985,0.005701438712174767,-0.01288030659807693,-0.02653578382690913,-0.07745007723372976,-0.01755554191779185,0.0009082476126760497,-0.00855695527059952,-0.02041566978872722,-0.020248325436692527
2026-03-04,0.02197540097901185,-0.027347773385577145,0.004248480365617535,-0.013178779573213228,-0.006441759425646065,-0.014957727437224233,-0.011782496113990848,-0.003936098016108391,0.05204948109097507,-0.0019431938099890855,0.005490287026707064,-0.01225370208891563,0.01260406269243819,-0.004963338121166672,0.06373472733152852,0.005816128316309399,-0.0287527877827225,0.007171865431798707,-0.007497199819141098,0.004882875480165971,-0.00406162242465935,-0.0033253011158449475,-0.013399893720006495
2026-03-05,-0.02625495561501545,-0.0477332799201271,0.007840992161599614,-0.01853630853560806,-0.024081476946341107,0.057969605574894834,-0.018077081368185755,-0.028286144245115885,0.042671671573877745,-0.036759777606631294,-0.049598033507748274,-0.03593818976706109,-0.029826124092714235,-0.018289643174312364,0.06395341267993881,-0.041886145751720893,0.010380596730613645,-0.027477611335702257,-0.02254773731973636,-0.027219910319109086,-0.04953269015617001,-0.03514832467935136,-0.02956277313910749
2026-03-06,-0.01000422845638893,-0.009384339396838248,-0.015089578895498668,-0.022260884185748342,-0.010914312265760784,0.045134603573729226,0.004830997145706339,-0.03125002744494987,-0.013048699592399404,-0.014777193617497963,-0.05266520808838171,-0.021358396165942595,-0.04308902006918203,-0.010855813620044619,0.01867039412478455,-0.03624405696185573,0.001141541455070616,0.0017227349860227115,-0.019465487474171428,-0.016355777830836304,-0.04621446651571115,-0.016604566918710373,-0.04261407381753335
2026-03-09,0.044858039752271095,-0.022643206610806987,0.008156322571914565,-0.017646448350687294,-0.0022388784882776402,-0.04093975268847028,0.01741175181972965,-0.00044183891566229594,0.03094950476505276,-0.002936076435454904,0.019036440052648596,-0.008268793897083127,-0.028838741771644805,-0.002310560487819857,-0.004321262974495421,0.004147575191548736,0.03181291263997932,0.005761480936247176,0.004266637270436302,0.001258312636290393,0.014526784381036384,0.010670568734434172,-0.000510082158944547
2026-03-10,-0.017868725430152055,-0.00472810534470558,0.002623883363142676,-0.012296703003344844,-0.005930467162497566,-0.008915691307424645,-0.02541516512600217,0.016136119785265857,-0.01224134336421634,-0.001667380594833734,0.031575512831397035,-0.004237466424698466,0.018233931607864795,-0.011744665893612893,-0.018108291900755802,-0.00813035271042073,-0.01634472032574208,0.01658691121235001,0.005664710745814983,-0.0066427224559287845,-0.022170947510279593,-0.00920823034971352,-0.008493349522840976
2026-03-11,0.008766654391895612,0.009501226490704173,0.009341562168324158,0.0014916783965126523,-0.008223136516476992,0.0915946786019548,0.03040235471807251,0.0004350147730971532,0.014163519671561486,-0.015601113429058788,-0.013782121792672575,-0.056691764964036384,-0.011000302817606111,0.010937467255722533,0.02682519815941964,-0.016377468173453424,0.10083083365318335,-0.02262407918401932,0.00809712552089037,0.0056931433831781675,-0.016721706361700117,-0.02297703642519522,-0.01985298548269654
2026-03-12,-0.024464265957916842,-0.0510587919487937,0.04605842954084771,-0.020336882822954316,0.0029262921319126445,0.13210692051263506,0.014243871936431063,-0.014133449643702889,0.09339542788223087,-0.004007257081985349,-0.037861563772794704,0.018771931479031556,-0.0778581826240452,0.018398962422514265,0.10331005560595607,-0.01710215334116716,0.07581478606978598,-0.014886817692468135,-0.03573717111213848,-0.03836829265668529,-0.032186815693024284,-0.01561621491107501,-0.010465103719115243
2026-03-13,-0.03220483671884189,0.005950889916876534,-0.008606341009428697,-0.0014033200799052903,0.008105058816124,-0.0472793249896899,-0.006771070458530204,-0.009704435966141012,-0.02554559059318806,-0.006198164661742278,-0.04779596921490259,-0.005713596183589242,0.044880651544952244,0.007157352655099869,-0.027310636206599348,-0.006163011010640429,-0.06536991860877617,-0.042802262791458934,-0.013218998745035848,0.00803609015088469,0.01151593771260373,0.006547017691736157,0.006102974972402864
2026-03-16,0.026671748509867532,0.0007393759434315417,0.00409749655492897,0.006909782721952418,-0.001447178628546264,-0.05587717681193938,-0.002146220667358145,0.011135793604349242,-0.016930583299136215,-0.0039026575985887657,0.027492033782011926,0.006895537418232234,0.007785344731347621,0.007065881564569221,-0.01687419890215791,0.002672457235388004,-0.055953605218117985,0.005566712010452779,-0.004526417512162206,0.0020978752577320847,0.015310616099640795,0.009162634801747283,0.0019967845996891054
2026-03-17,0.02388581429387515,0.0027093974095517837,-0.010409568258259672,-0.004885084238801185,-0.005475049500333173,0.007847554731428952,0.0127783985553791,0.003083786886229234,0.025277806713533302,0.0007710293393345946,0.002761917596032948,0.016978131646013805,-0.003995801008525701,-0.006755042369220865,0.0016881552340153316,-0.004800990573009201,0.041922633924583064,0.007713895429565687,-0.004055630476437977,0.004745333822958386,0.004349992807151537,-0.0062285158870774016,-0.0018424810588454354
2026-03-18,-0.0029462311888261983,-0.021125034764036488,-0.016529685079128664,-0.0376365896027433,-0.030116510708756095,0.02790172737231944,-0.008869584813137155,-0.033816469191163545,0.021132372226568163,-0.03943645401731555,-0.04544668266206153,-0.04166658098017484,-0.03985021713823245,-0.01109193040210621,0.05617981338411515,-0.02502998803841705,-0.03642032247056792,-0.040525829724794016,-0.005676212247402557,-0.030328316615563566,-0.03002892120104972,-0.026754005555900906,-0.028629694247149007
2026-03-19,-0.015497829691306308,-0.02910926837233252,0.009700756637057939,-0.010202197045624084,-0.015191956649481142,-0.009232299053845705,-0.016007016912141347,-0.010909079888287598,-0.005306379963903596,-0.011991955265686194,-0.03300273989000768,-0.0026351499777788057,-0.052924793820752436,0.002517506398125091,-0.008377608765204547,-0.000792326741318572,-0.05687543213788793,-0.0688943489650391,0.004901956115821449,-0.024018678708998653,-0.023814299313519083,-0.005574707685741198,-0.003257396712973315
2026-03-20,-0.04018126033295588,-0.010596897159695251,-0.01105048376518758,-0.0112277168499052,-0.03271747149713622,-0.0052563814413485455,-0.009478729276046538,-0.0248162395126591,-0.02240600088694844,-0.008581457248497237,-0.02853412380449072,-0.01638852504293775,-0.007058843311114837,-0.0033686682187578088,-0.016762763554444948,-0.011947836290066571,-0.09961838059323425,-0.034274188253074156,-0.02080885631657481,-0.008121745853344353,-0.01179094053886276,-0.0220698149767653,0.0053691815937408904
2026-03-23,0.06930442532286585,0.028213146492610308,-0.008362740134775004,0.022834342976046695,0.02103052514822079,-0.037790233153185526,0.005560707570383183,0.040056577561478734,-0.01664390320068765,0.018130061299334033,0.054712932994547936,0.022665782033778337,0.053317570038543316,-0.020690383320542516,-0.025231764786242228,0.030141575256759312,0.020771541951872807,0.0244258593601705,0.012864112743332656,0.03122376417298156,0.049989651903382226,0.03432947322306146,0.02070439545600422
2026-03-24,0.05669603876547358,-0.005843477169260369,0.02723754091025765,0.006551825594491856,0.014761368587625778,0.056082529684261084,0.036265354764097424,0.026959673896914893,0.06298555186922972,0.012867127261877886,0.02803062078854457,-0.003375786871186892,0.01631046998669583,0.00374438419471268,0.06352313657862885,-0.0024412714793096146,0.046511633489355386,0.008966812191135265,0.013198965571709076,0.021237964341690896,0.01312702033419888,-0.0007963078354952247,0.011184730764548956
2026-03-25,0.024455044979989182,0.0362891923639459,0.013414834373919549,0.028447517804309763,0.027571082366708355,0.009375973156487749,0.017994532235266147,0.022060433365379994,0.034194723878612,0.01531252357330315,0.010800340435556999,0.04138437468336931,0.009131236180224933,0.026050310112680553,0.015524188176946119,0.022978843946211525,0.039285681244973336,0.025247304574961493,0.014931759645844922,-0.0006557564807481153,0.03161871238909497,0.026299002990978204,0.010611196559499492
2026-03-26,-0.03798442597463314,-0.016769363694943196,0.010617458955049841,-0.01242373149685172,-0.018271632944488525,0.03473570821428096,0.008533488934397093,-0.006691166181635899,-0.003785943042115769,-0.01597531428613097,-0.022070366701166355,0.006222561797713855,-0.00877439456806317,0.006398012047148072,0.006866121131954506,-0.015795116964570477,-0.04543721021661873,-0.021276504200340995,0.005085603035824837,-0.0035620539603661294,-0.012934747451659678,-0.007454579919623616,-0.011093319366662358
2026-03-27,0.02836674318750898,-0.03135193515657364,-0.0033428191993929435,-0.004391225468117876,-0.006203856758536852,0.029345323420901792,-0.008944813101434801,-0.016514497035550857,0.03420317543279028,-0.01089873102710015,0.007343706078774881,-0.001967613128861734,-0.019363779481161414,-0.008819538417955464,0.03512611433945878,-0.015807355088955366,0.0,0.027576462567248106,-0.01590260877154559,-0.001646295145961596,-0.014148710369112472,-0.013080897222042864,-0.019059045883403347
2026-03-30,-0.012426845560002509,-0.013205573518037528,-0.0021561779696542827,0.0022052046290701455,-0.020921287868242544,0.0084279728566794,0.011708767027286626,-0.02297834332050952,0.025722715137606045,0.004285065003031052,-0.028271748190524137,-0.0007042201037774642,-0.012693915178463966,0.01657442565602185,0.023990146528944933,0.004606465608062882,0.0,0.009990287116615537,0.008447040482491452,-0.01512367936103487,0.0,0.0016805480597652522,0.020959229214034814
2026-03-31,0.013034585736139581,0.04303340814852086,-0.003669999931112611,0.026940308666618007,0.018611137917345033,-0.056395431474921764,0.009162212973527373,0.035730378807640406,-0.005254338138761749,0.013448172709991546,0.0755718007492383,0.022407062555143797,0.020000017900311473,-0.007010423415375278,-0.022092814592622134,0.026343816537592435,0.0200000184966993,0.049747756629121564,0.029904432590515784,0.015212415758956155,0.029474070128398866,0.014719781858397507,0.020079313299007362
2026-04-01,-0.005904281969917435,0.023899306335613213,0.0025981096186327157,0.0024322608379707678,0.021316133331765075,-0.01432520388074987,0.0011944862120973898,0.008952080278009422,-0.023049299057701256,0.013232103846995802,0.04117053482647792,0.00027560301241380536,-0.0011205243738181547,-0.0038930155511832654,-0.047790443690230555,0.017394699203053143,0.04078438999503886,0.05117787412435937,0.02732106086410946,-0.0044764856757524285,-0.0038360486638353564,0.01606617314319747,0.028755110391430083
2026-04-02,-0.0021291862317081023,-0.018918892272764665,0.01423480219757245,-0.009416508416143832,-0.00662573266322497,0.015549356611542109,0.01968742859394812,-0.015797515302382714,0.017449094114992736,-0.019514704401460414,0.0029411609996341515,-0.001929112283889034,-0.024396987617360977,0.017759136552023547,0.0376743415321219,-0.002905088945093892,-0.013941273072322291,0.0022849307038816935,-0.007253045736813735,-0.03223363901104426,-0.03033715962410144,-0.023641318599535333,-0.0008924883452132715
2026-04-06,-0.02841261618151958,-0.0030052024297381186,0.0019418052585755685,-0.012363683663226155,-0.004002045151005995,0.007770868680104126,-0.01415859164987876,0.001978939206035868,-0.02028987772534241,0.01040562086705199,-0.005376378325607445,-0.008283800732177493,0.004024080780104189,-0.006227620015749835,-0.012311471691570208,0.002176860873124742,0.012991981171110112,-0.010697067793718706,-0.016641582367664,0.00459747923306475,0.006005334432642284,-0.005062921743387183,0.006252780229633936
2026-04-07,0.002889710658492417,-0.019341943850929466,-0.005881883739616067,-0.01092416817385422,-0.007868738735071656,0.02137732534761172,0.012818911712771053,-0.0008778914847339392,0.02095660391702392,-0.017863214434321595,-0.004750263699522139,-0.025755273436227855,-0.011165162549471641,-0.009770384495540352,0.020859823913163433,-0.0067672247166862265,-0.005280981257644091,0.016130466192960435,0.021640438851879162,-0.009201559843453277,-0.015597901968097072,-0.007680474875470189,-0.013421862424278452
2026-04-08,0.02253209898244868,0.08529710807218582,0.01443264496130281,0.04662683519427069,0.0479243698611882,-0.056959089895036286,-0.016055343719516002,0.050955461368404675,-0.05143692324723825,0.042896474344538804,0.07142860296557596,0.054158211564333314,0.07324840186665416,0.011908940464799178,-0.07525545011352264,0.05035082676304525,0.009480405090186661,0.030527721807276365,0.05136793676743845,0.037049792163144746,0.08049690054990655,0.0691491107461808,0.05301403920516212
2026-04-09,-0.028685762575179297,-0.014396993808159952,0.0038097951489712845,-0.008556215976854298,0.01239937499045185,-0.053741338782910986,-0.004764083577922018,-0.008986476499236895,-0.03156822406348281,-0.0038025212975092426,0.020737219759663583,-0.00867562789525489,-0.007823147144079168,0.005634521807006632,-0.02627335980527823,0.0018258793019356734,-0.050713707868226376,0.007278836076330952,0.010100941396989915,-0.013883005012419902,-0.006970224762679611,0.00017870372375261567,0.001503901421633369
2026-04-10,0.007484753296758351,-0.014367828002823102,0.003257800652467724,-0.015246584408028507,-0.009225375960370874,0.01625065225650113,0.003231214080107403,-0.0035848310508841408,0.025499432024008284,0.0030095361313922098,0.02031627001804237,-0.008341269983604405,-0.007612712994353621,-0.0002980559720310305,0.02006375663197546,0.009640310091176607,-0.020182042179046955,0.015881045281287864,0.011521744678583579,-0.0083605479379264,0.00574297917731581,0.001131770722434089,0.008395421739752384
2026-04-13,0.06789909623163193,-0.004859058719496212,-0.00020086968142518646,0.006193038676914897,0.02103068523150342,0.0029673483153969116,-0.0038171951399665893,-0.0021164767793254713,0.028197990500208547,0.006988938426419011,0.0033921616263383747,-0.011307254118463783,0.004109546717222301,0.011368389566151604,0.02428111397420807,0.005953764678168438,-0.008885334571758774,-0.03639377143013611,0.019073731164954477,0.019866218898818788,-0.0009063153180315364,-0.005147065599606981,0.0056517483333864416
2026-04-14,0.023890478639509993,0.0012207201249878619,-0.006763697098402521,-0.007954841012597358,-0.001415155272421198,-0.022353704343426095,-0.00670589488693063,-0.009968147441167585,-0.023684880355404392,-0.0075218686382799715,0.0035278372066271935,0.012412883786286244,-0.0030013548405500856,-0.018118513629884148,-0.029929843146336066,-0.00706761726472227,-0.024449884085501083,0.024034398170479143,0.0019506829164435135,-0.0026130821365099033,0.0028121892470598375,-0.002332661312141715,-0.0009760126866185104
2026-04-15,-0.023596356259906526,-0.00999760470356792,-0.004787181401504137,-0.016505828819977197,-0.011809128830455595,0.01555142376770502,-0.01965032542369749,-0.013281992936208908,-0.00817159910158105,-0.010105093238570673,0.008514422075658334,-0.014602609146858958,-0.0008210739308384118,-0.003422438196756028,-0.0016382506158725274,-0.02197210169760644,-0.008771976419413074,-0.052472768597440766,-0.0023152060842495104,-0.013623509699982828,-0.02551113277121453,-0.014268626047895583,-0.01889774846798864
2026-04-16,0.16312434344242877,-0.01034477813599044,0.006876526464261401,-0.010474259305067513,0.009719577368489496,0.032282054132219073,-0.0019675548981646918,0.014980411361955603,0.027806331834471232,-0.0042163323827637544,-0.006113543340343308,0.007409502644520005,-0.008764675404458133,0.00257061638784295,0.029536473905961813,-0.014523415540565687,0.0421407903432105,0.003273234770669209,0.011867109032024148,0.0026560396399470942,0.04121803213318964,0.013684420212747073,-0.018781057778104127
2026-04-17,-0.08287725794564438,0.04380290854931457,-0.018268091306158363,0.03734875481700728,0.017516202009549176,-0.09646373603087566,-0.010103610040026356,0.012834350266023309,-0.10821642621219363,0.020688551492239693,0.028266027294581164,0.05301132366261263,0.025974062508486773,-0.014001851925910636,-0.11980343577725827,0.02309295707705905,-0.006469886806976577,0.027246164230121828,0.02095376765259327,0.027791198992510147,0.023983554165779575,0.03662923996686884,0.020750116363506876
2026-04-20,-0.014766129078423895,-0.006914548353812999,0.014872676483008496,-0.0020870847904838064,-0.006978970342607527,0.028931492710476903,-0.0006222955800988528,-0.0073918078435420975,0.03286527121111349,0.0032022771946906836,-0.0004273288742842052,-0.01897723853332578,-0.006463899218306146,0.012026939355749056,0.034857383023615185,0.00856886786733102,-0.01872199532736263,-0.014248945366106436,0.03262367526280774,9.371750793496503e-05,-0.00104476258343833,-0.004688109460220469,0.010489919549208304
2026-04-21,0.018426305925909325,-0.01320546421537383,-0.004626033197529855,-0.015454258127587939,-0.010463776289685311,0.04631696450808187,0.0007472387766243038,-0.006170190847924917,0.041881909919327276,-0.017556581920003977,-0.03719012767589758,-0.027135962947885894,-0.03930606988764751,-0.006644628478293391,0.04141152649800728,-0.02049893956532378,0.003732887900363746,-0.04824094038941695,0.02867599658651132,-0.01349513610688613,-0.033208480391645145,-0.027098580442273312,-0.01373937588729135
2026-04-22,-0.021167194002594925,-0.020194546547806724,0.006716968843977433,-0.014221713255697654,-0.010890256509984542,0.009479947276076706,-0.012445411661096362,-0.01562830439320828,0.013051510653976583,-0.007052160361767701,0.041290581080668076,-0.017260398622879092,-0.05953710622501385,-0.0004446100205899306,0.008120972898355117,-0.0062653205748720575,0.013223165236460721,0.023330191895089225,0.029799116513187007,-0.025127066392910735,0.006761661801131913,0.0016138869985817816,-0.0020983626596190463
2026-04-23,-0.005560730854215157,-0.015644421936733766,0.023217343022152503,0.002274756819601098,0.007180533785636989,0.025559250672949396,0.0035285841682779484,0.008481891080556192,-0.00721474371433195,0.009370591462830369,-0.12620805713455896,-0.003231698840325703,0.00630058871676531,0.027172396705454016,-0.01777780037487864,0.013510362161842426,-0.009787946296145988,-0.0070630268143715425,-0.006114079316404175,0.047651559356923556,-0.012357845201204087,0.007489202119881799,0.008962216681607016
2026-04-24,-0.0249041732875821,-0.017406604059327813,-0.006224253747380226,-0.011527216678056784,-0.028517121834754078,-0.03710475813502845,0.0021349008263309432,-0.0008626350708551556,0.0033740272443416597,-0.007220514101596076,-0.006994207465173541,0.0028192275731613314,-0.02653547654302424,0.004408941623071261,-0.0120192058828259,-0.0058007566703260904,-0.011532107034027406,0.08679993398090202,0.006292550478748993,-0.009999116361477989,-0.004442843032810839,0.0001185245195896023,-0.0021865591709578913
2026-04-27,0.05947005471299627,0.0025673286197802625,0.002054639928702695,-0.0031420816918841243,-0.004076919280155189,0.02232691669857223,-0.004761891500474569,0.0077704186733595915,-0.014485272979776975,-0.005974237414080541,-0.00786238016077534,-0.0021084764050526283,0.0,0.0008818420175602526,0.016459012102552517,-0.009019952069502568,-0.03250008008010741,-0.038276658352987436,0.0033132983132708738,-0.0015502606256169171,0.004553802319378075,-0.004738057799510198,-0.0025677989764046893
2026-04-28,-0.06329874110478162,-0.01306015934119742,0.00320791143325061,0.009152807117999151,0.0058948768760171966,-0.010677064891808419,-0.006043780452409275,-0.029128354073991836,-0.002362149055319396,-0.0034344166358046824,-0.03896319203697862,-0.0030991174132800614,0.04196022123367116,-0.0009006095351312693,0.006477131426984695,0.007035731483537866,-0.0012918780624434634,-0.053239130380247746,0.047023275933214315,0.047285216414121756,-0.02375344601712126,-0.0351978295381975,0.00048057888197572396
2026-04-29,0.021294797761667983,-0.03087703123858032,-0.0028020592772041164,-0.02126261264182361,-0.01855769382271799,0.03654651346970361,0.00544719794320514,-0.01566292692425586,0.040515596924919794,-0.03876991080550607,-0.021989292922153014,-0.026564899163080913,-0.012933527483573237,-0.010935030849725691,0.025321734271561924,-0.0019380235270751722,-0.00689953819737954,-0.020837152404126758,-0.012083035654950613,-0.029381339756467506,-0.027767458585075233,-0.019798255303695167,0.015851169889220307
2026-04-30,0.03049033232192566,0.018473941773947455,-0.008099278001243548,0.006014060201077198,0.013103281802549827,-0.020350251598748814,0.020662654766911537,0.023307930158511292,0.0237674252512865,0.015548952945902306,0.014930557211468853,0.019015800055599774,-0.09410367537576014,-0.007073293780645029,0.017874254796577116,0.010149377125795889,0.010421208824416217,0.03233895450326796,0.01304017018134318,-0.012034271304660615,0.03639310027761167,0.011829414830625273,0.019116495815408197
2026-05-01,-0.014336479363837973,-0.007623556382795882,0.003399534434281204,-0.005490131416228339,0.0040930642965755215,-0.012157713634144751,-0.001975084179224762,0.012702651578123447,-0.004939524378467786,-0.004182650548705702,-0.02128761704579185,0.008689526266003389,0.04404993886073805,0.013529105206277592,0.005227884696701768,-0.007398263859049403,-0.005156905058779637,-0.022234177440907055,0.0033290031600781145,0.02159761284694417,-0.009124361667497194,-0.011224729839917402,-0.014648462287113473
2026-05-04,-0.016453512483422417,-0.02225165140548835,-0.009034473361159812,-0.015763872841926263,-0.006522144434846555,0.026082012132744747,0.010389641409792816,-0.01794997247535568,0.007197893401437616,-0.015105398719487573,-0.017329791175471954,-0.010168112445832045,-0.01763220889483752,-0.028291849594233365,0.014001850031917451,-0.018226477699459842,-0.007775371642240403,-0.002669889573214901,-0.0010174952887721522,0.0,-0.03190401197780379,-0.023616424199529584,-0.03228840403172806
2026-05-05,0.02165822719819266,0.01977779227301535,0.018702802610586655,0.009410342328154853,-0.06269484244860102,0.017078320791734214,0.02705346095143213,0.08434277628587639,0.005421272290521362,0.008059770057969429,0.037970158415146615,0.009701794033079247,0.021153841809512075,0.013656196882532612,0.022619751338531557,0.004657702785833662,0.012625134261529114,0.0062771437817992215,0.027722472211210825,0.021324438218966346,0.0223866192243527,0.006344756634526272,0.013172588324432688
2026-05-06,-0.011343821050528002,0.06827843567408087,-0.012239619879097052,0.0290794777581862,0.033093972446248676,-0.06466730127829001,-0.025387461343377105,0.016856247544392522,-0.05637254925378499,0.022394785199711942,0.0556518211027619,0.17182429380343445,0.05210286916699536,0.0031581169837993084,-0.05504116658730307,0.015476087543252026,0.012897640597312465,0.055866387557571784,0.009264432763176789,0.018454443940752352,0.04811574384433337,0.03574866567340562,0.014442019062027578
2026-05-07,0.029801165919517647,-0.007212236480113932,-0.01738783286413237,-0.006899467875273624,-0.010000018228013219,-0.009018003988884638,-0.03301938602304999,-0.034152183746787634,-0.030649315566154134,-0.026080104680536897,-0.004598418958282502,-0.05631248422562174,-0.013126334264945916,-0.015980168947553053,-0.026810050461762325,-0.024354922504758902,-0.0275890951447062,-0.01398783859574737,-0.03210661068703491,-0.014945779420700411,-0.02331204747458704,-0.010567625497126754,-0.022960966191722387
2026-05-08,0.026065003399668996,0.0002506030536322257,0.0014238193167248614,-0.012203254829584176,0.0018832326079960549,-0.03083923978007863,0.02605281875751775,0.028949506305083306,-0.012057906949659136,-0.009082000114268296,0.017158907177548643,0.03565034909248488,-0.0015117083713204194,-0.0013972059736603315,0.003495968803894467,-0.016836249534713743,-0.0314272993503919,0.026610278179855396,0.003528936591822296,0.005191774335385313,0.006242520842333121,-0.010586731322282161,-0.018031990969690548
2026-05-11,0.03179054062687969,0.006761828618831567,0.03077076919334809,-0.00911257314236602,-0.013670516298863511,0.08224660968799813,0.020954196681487902,0.016479104732679106,0.05126114416944372,-0.012272800234049641,0.044120017762012465,-0.02837754589302499,-0.01695413564470305,0.02279171741596242,0.024665581923759117,-0.007452914918180342,-0.018026084526814867,0.035705072897388446,0.019780186974804437,-0.013669339489538856,-0.00872361762851881,-0.013004276906254941,-0.003595074246192431
2026-05-12,-0.021286797823100945,-0.024378154633789895,-0.002955651810522042,-0.011788665823860955,-0.0025987979411643547,0.04747749425700176,-0.002897667913934421,-0.000790834071877744,0.017285868952487737,0.002389441998205788,0.0257883278386859,-0.0035555430026208423,0.012319057474463602,-0.0010507248296294236,0.01060781465544225,-0.008259650816436759,0.027535483747745948,-0.008121252063827744,-0.009353401856201704,-0.007087376399074752,-0.014543764598540787,-0.003581723783887547,-0.011920800070394533
2026-05-13,-0.02228488929831074,-0.003059706096091297,0.008563917658302334,-0.008556606082495977,-0.019454570430998408,-0.03750288329723772,0.00920215057993734,0.012267477550352623,-0.014963159826746786,-0.008263843876114452,0.017113580599249723,-0.012616308102248452,-0.02707641629381019,0.01863577007184869,-0.007670452997053823,-0.007485241107819451,0.01741853394314341,-0.006099129973470063,0.010921091566070462,-0.007865414759007483,-0.008648250223312615,-0.01681757596432898,-0.017148090756475387
2026-05-14,-0.04896981973881931,-0.013043358837703356,-0.020672773465650218,0.0023308850688299465,0.0030114856265519574,-0.020159370019916967,-0.0005998227194715655,-0.01094595754270955,-0.0015448296682771812,-0.0029644554654987276,-0.015187755324215235,-0.017940131719877628,-0.011882439572452275,-0.003136838208554038,-0.006373835418282958,-0.0027047050531983086,-0.004389802558266709,-0.022108278787120628,0.002195093529471004,0.00861516431653242,0.004361811062970844,0.009270705068524787,0.0020032076764631146
2026-05-15,-0.056096353182290004,-0.049235624207778605,-0.014973154921157472,-0.018226381535218272,-0.025079428070407528,0.022617762703221134,-0.013085252901488764,-0.021627081466584985,-0.000773609929709651,-0.005062685552703283,-0.04732386066737582,-0.039295573789726035,-0.04240503870433676,-0.010827745090523533,0.024430242185937923,-0.028805823149257614,-0.04056440551169793,-0.062494643616458845,-0.025037588670372757,-0.03643802872808255,-0.030966709290846328,-0.029367847068740183,-0.02639132636396424
2026-05-18,-0.02572340722180888,0.021804395833449508,-0.007007921713704124,0.004033059459446653,0.010869546309355105,-0.00015963200994706384,-0.013745333846144958,-0.013587470311403282,-0.004903088083360263,0.006421127839447038,-0.03983487256533047,0.008207875632359585,0.004626561133599605,0.009385368198294941,-0.012390150430702573,-0.005155162252490908,-0.016084555527506428,0.007243785144043002,-0.0023786626354568297,-0.006554106321863484,0.009937640589151586,0.00893034151717198,-0.005600510420474603
2026-05-19,-0.03835220002277162,-0.021339109444390658,-0.005250503410544893,-0.01644993865593769,-0.012365504726995047,0.021082873447886508,-0.02577698670806927,-0.042763223883732215,-0.02126553987365809,-0.013964163195159918,-0.02975208565206766,-0.02320214685993016,-0.03355266153474701,-0.009376323289614685,-0.014703821140073625,-0.041617152336701824,-0.00046706107980021283,-0.04333186511946596,-0.02097319844416845,-0.03569227189178181,-0.01890802759872623,-0.012319233320473355,-0.02579519977436362
2026-05-20,0.007159885739455252,0.03815753187594706,-0.008842528500707325,0.02631927816159263,0.030847305478948872,-0.03566397328368809,-0.0024053125848888524,0.014819665324807385,-0.038950860094503104,0.011842302708713781,0.03696762483588589,0.03389364626507119,0.05105515143591188,0.0011065544841828423,-0.023822558949631145,0.017516147585413533,0.021495299250993583,0.02188603661982036,0.017769412382820482,0.04941682210743892,0.026450395497216617,0.02892500750405924,0.014645938031584205
2026-05-21,-0.0018214204473094853,0.01076402684763389,0.0034579660054099293,0.003663407128629226,-0.008097199386131626,-0.01305757013661113,0.0030456664216298446,-0.002116436554421841,-0.009925539644120795,0.006193685863066234,0.02365701518192931,0.011017090535538676,0.020077755932345287,0.01555369541827667,-0.017110864278017557,-0.007398927951243306,0.013863269541157575,0.008753120125361669,0.00341205573596004,0.002579551169478833,0.02145795645590809,0.005329772975352087,-0.004482382510992977
2026-05-22,0.009888247256153448,-0.0031169264309720557,-0.002481100746531184,0.004782956054446563,0.002839405470468348,8.211291982207491e-05,0.006578842121847561,0.020572705104587863,0.002784758459953629,0.012550980100399789,-0.005135614201550731,0.0003986223627452379,0.008151541058374567,0.00596693254488212,-0.005136955090431328,-0.0027695752536510687,0.02597993076342009,-0.00636938710185142,0.024553934967911584,0.010058056015906924,0.010785021748663581,0.00175018667732596,-0.003479057971675137
2026-05-26,0.0181256550888389,0.014851589678620325,0.0004490391961466944,0.0008768691514646765,0.0007078924949530663,-0.02087097452093445,-0.005907447327003101,0.02784707671038844,-0.020272185917030505,0.003592254067400935,0.038231912237153054,0.007837434216840355,0.021412547372865243,-0.005042755057145798,-0.010183516903860546,0.04557493377501198,0.004886744079656946,0.03688211227806182,0.03573273259453247,0.011856755421063792,0.016329571859525327,0.007020877071759024,0.03180511191665025
2026-05-27,0.015913887797659676,0.018485190264007967,-0.013363231809218612,0.004505579053996511,-0.0007073917376508865,-0.023665701128147698,0.010115061562504524,-0.03639311860245131,-0.022392254326561112,0.03284426055667544,-0.011342403564526204,0.014893863079814551,0.01439299528060034,-0.01378720074340356,-0.019417568868866253,0.023995828122215235,0.048629462126862366,-0.037000393009106736,0.025718973453797034,-0.002197060508804083,0.030491106451087102,-0.004112516695705337,0.02494974581306053
2026-05-28,-0.006479925110291607,0.0058944023457419,-0.007279636169722936,0.004111540931525992,-0.0047778495374671826,0.00137534400079109,0.008887253510609039,0.0010491684632478737,0.008118304726899561,-0.008873495411577115,0.03520353416965971,0.013376615873762043,0.027760631154412962,-0.01159741909451073,0.010048768843096134,0.0013056697616902202,0.014333902294696443,0.009325768338503071,0.011482158754825722,0.0006880491534142497,-0.00017716320696281596,-0.015582107733088657,0.003990573382327556
2026-05-29,0.0005670713730814292,-0.010955385529505701,-0.017733070441551924,-0.013090906024360138,-0.027916137466893254,-0.035622348249346736,-0.028784163979686417,0.014881442831473413,-0.019465467076137055,-0.01633039546518611,-0.0024290568186356998,-0.0253748026539663,0.004501934164307553,-0.008546179639506546,-0.024871932259988516,0.011301616876763232,-0.0066500353683961455,0.014598500443684603,0.0028078122980976783,0.003529909206865245,0.0010633036378766558,-0.004260423004941005,0.022294645495748
2026-06-01,-0.029985201720852728,-0.028078340653697298,0.0009690904987029736,-0.022568651960363062,-0.014136167072466121,0.008455778913063039,-0.005377706205120902,-0.017141588046499012,0.027851901687037106,-0.021601559586354346,0.02024048966193348,-0.02353716069743461,0.006572898645882175,-0.0005625932165304048,0.01788967196171809,-0.01695896461058166,-0.02384935999673754,-0.014752716976405567,0.005960036368397592,0.012607880735861388,-0.00805457205461202,-0.029555023628173194,-0.004807138464996585
2026-06-02,0.0037398248979585436,0.018022792037985846,0.001434226258275828,0.010033426874539453,0.0009310580218397924,0.0015887009466077906,-0.001416040937726737,0.022483705005941212,0.0008647910245949131,0.023116596041327986,0.06980898814493752,-0.013735600914336565,0.004155659022039071,-0.003015606423965367,0.0025319574382247634,0.010455957839104135,-0.0012859274215009098,0.012108282945458626,0.027714768992906258,0.014255446983474807,0.014009095763904744,-0.00630798227868512,0.000994456863994797
2026-06-03,-0.019968551330654893,-0.01379845181467354,0.010669825816151723,-0.0009613313465425266,-0.017116244020855653,0.027493736065080432,0.002965118972404923,-0.014179992944911568,0.01958525230379271,-0.0023024000200613237,-0.015058561130304349,0.004369256926821663,-0.01271064518958076,0.023512371958030576,-0.00014852883732607847,0.01078126329524709,0.0,-0.018538783091217814,-0.0028242990326766693,-0.0019570804543361797,-0.019799357628257352,0.011911199676287954,0.012276468141031893
2026-06-04,-0.015979658749718295,-0.0063358565822924096,0.002054867541599892,-0.01693498399586668,-0.0024607604648780868,0.007890215719476457,-0.004370209733706165,-0.0066709442783393635,-0.017231590933915575,-0.0052411578949383975,-0.013448373936164382,-0.004486106894170172,0.014371220410154706,0.0029249862301261587,-0.016641938725559302,-0.003926990414050646,-0.017167366164289044,0.008002250259407262,0.017653998578212704,0.001336986521913719,0.005117138917754227,0.012142086334646418,-0.007851364193818489
2026-06-05,-0.06163590618592074,0.013018154296873918,-0.0017677375467216594,0.012593735970086506,0.004174536099520232,-0.03429200407031252,-0.005551342515424773,-0.016789039956214724,-0.02356997256573745,0.014312194795622402,-0.09068740232286265,-0.0030042151597866606,-0.007969311625114606,0.000886774836664328,-0.025385253385478923,-0.008659567781499122,-0.028820954515564656,-0.07957170645132017,-0.030082342518984784,-0.008322586621120842,0.016434456256001928,0.017361398142614615,-0.005935121949322664
2026-06-08,-0.03602674860628574,-0.008130123378686571,-0.019762747410909,-0.013983721279376304,-0.005668903986586038,-0.03559788392680374,-0.015188782611535223,0.002988309119724031,0.006770627375572769,-0.0021708892306765426,0.008521382233791508,-0.0056156829425560995,-0.022314759396077855,-0.011773944178161355,-0.0010852960991662997,-0.03794526452577307,-0.03866909259002771,-0.0072209562307736785,-0.0038916813552253293,-0.015214081602519358,-0.008084365969123875,-0.01883388438032263,-0.04051456238944018
2026-06-09,0.01968757041283986,0.026705526794590817,0.02243740270529626,0.04143525351707367,0.029646537659144823,-0.007948757778445281,-0.011204826781444854,0.0014896485083999433,-0.028654965349420358,0.02731052552430291,0.0053199722827488305,0.043801581211980745,0.03834445219359739,0.027235399650947123,-0.012261384302140521,0.03297954061424835,-0.004677197289352342,-0.004545923559283627,0.0036307199216523145,0.03600239142363404,0.03082918637678178,0.03672166877241834,0.03340985774206029
2026-06-10,-0.03645516121800818,-0.01699732522773334,-0.02286379752593526,-0.02058361595562519,0.009966766145033779,0.006262657281532746,-0.007332429567415533,-0.04249897821771864,0.03070445061197491,-0.028172733393214133,-0.033774253852375646,-0.020453842271253797,-0.06652988666886339,-0.012471170287678968,0.023727282505058067,-0.03386624304528785,-0.06860906695071345,-0.05855495118164289,-0.01505977012420634,-0.04702418849566259,-0.029133682213290824,-0.021381345827955034,-0.022688198119583114
2026-06-11,0.08042379788778553,0.04584751873598414,0.005822598804052337,0.017171717668369002,0.02960529996587158,-0.024711742775127554,0.005371982335104164,0.039502963090697785,-0.017815482837295504,0.02583756441887264,0.06862104003721448,0.04418699108448898,0.09733127622451843,0.01233412576563997,-0.025786642805110116,0.022916656760899157,0.06407671429456774,0.05195648463622393,0.04155846138485875,0.03581979731583185,0.046649492242288426,0.04271003198813794,0.02757908475625337
2026-06-12,0.07415460893239545,0.01703406784489525,0.012584500704579726,0.003149638727862669,0.011359581749708081,0.02740244873191111,0.017098654094807708,0.030315916586948655,0.00654176759684999,0.006751944365900542,0.031203000324407926,0.009805108987215094,0.03433478621605657,0.015772847426416048,0.01748853371172543,0.020847492017177727,0.07586535656204796,0.02705201138385549,0.020889338533008006,0.017067721934527436,0.009303111336534053,0.0012937376072716944,0.022413429245290217
2026-06-15,-0.008919166111914234,0.012561695278458629,0.004758180350932895,0.003579308819468885,0.006493491665683804,-0.023565925008367072,-0.005647583253703625,0.0058018950662455104,-0.018316122839378113,0.011943758080097844,0.02514241315606336,0.0011499213232355476,0.006638986966961857,-0.003991806329206038,-0.019820387362781355,0.020023175344043187,-0.007492290537357005,0.05557222638865911,-0.026393878049130626,0.014246068218559005,0.01835096797152236,0.009265702969033285,0.022759785861570014
2026-06-16,-0.01651861093519491,0.007540689348128016,-0.00876449612367769,0.013139743859980957,0.014646866328902775,-0.012254502834837977,0.015321710373109365,-0.010300740405512765,-0.008125196330556528,0.02247522447823025,0.00028528361837332206,-0.006508507914577022,-0.006595201510091853,-0.006347315205326942,-0.011216399054904791,0.024928190280884444,-0.03685612374931879,0.024952721049822157,-0.0009256091489727725,-0.0017829346414115488,-0.00724098415984975,0.006869909283461206,0.026758522036825827
2026-06-17,0.0027090298391951873,-0.015692893860059565,0.004527903790091381,-0.014636774870797176,-0.0080769000592541,0.00246235206477996,0.006504526771483166,-0.0018734161115911974,-0.013956320625751917,-0.01756306877113567,-0.015538180797733392,-0.02312132122398536,0.00027663335077598994,-0.0044773997495340945,-0.01246204882700963,-0.02069346358649693,0.03780542529432651,-0.025544133702934957,-0.025011471608389124,-0.0012633785278429732,-0.02909247598528153,-0.026795716563411398,-0.019978016762345785
2026-06-18,-0.03728381091560429,0.007603669928175405,-0.0054658190946953455,-0.005452943592026527,0.0,-0.027586180914916603,0.015768312813158714,-0.00500518854556653,-0.023692270609698807,0.00022298951586319227,-0.005502488118658944,0.014144080280793947,0.018252111653424663,-0.007172471706839434,-0.028150785752174445,0.03052032916546521,0.01732560576112485,-0.01779120313514937,-0.034718945088291764,-0.00104680380408817,0.009475864891970165,0.022275420547611224,0.02720304228723247
2026-06-22,-0.022825092128444413,-0.009737158053122252,0.010349322510598391,-0.007562409536940318,0.008315976475338438,0.006509271845618558,0.0034355351701651493,0.010060732956486795,-0.029624951808532973,0.0008174837421772718,0.007716953288936512,-0.010036551879683109,0.0019011970604794204,0.008903603845914931,-0.025803259354348795,0.0012477342663237412,-0.03930129404028504,-0.019173298060512933,0.004511278006817054,0.021875794312166796,0.005665934060797406,-0.01212635306325005,0.005118294624654851
2026-06-23,-0.04282345146032129,-0.0061454571016047455,-0.002331101692847115,0.0024130258174270836,0.03934707072258581,-0.013803075520526287,0.0031702424766730797,-0.031541902879867245,-0.014939925651927366,-0.002524662824039625,-0.06949854180240123,-0.016326503141462334,-0.008945464699702588,-0.008612182357668363,-0.01572116978216631,-0.009346144762899189,-0.03409090909090906,-0.03889988533587996,-0.021638784327602023,-0.005127534737005446,-0.010258969602285561,0.018933357965984055,-0.017411940873589327
2026-06-24,-0.014268565479466089,0.03165960367759091,-0.013170535963461516,0.033510679255232656,0.00810047519641488,0.009004516331592827,0.012387682984486892,-0.015641612727837706,-0.031322130966025874,0.02840022622946381,-0.039751625745389374,0.014991336639097907,0.04759292668945525,0.006773859623652179,-0.025694382923440617,0.020589902471492616,-0.018352912454044135,-0.038838849382736074,0.003714050061672136,0.02156081361071127,0.027867471424458667,0.03168167290570145,0.027416570873931345
2026-06-25,-0.04592798602763881,0.02757136854815956,0.004305148882267629,0.00894884848366262,0.006395574356929723,0.023280682183699497,0.01910364146727872,-0.0001451191750914127,-0.0023825634107375038,0.01777119515818848,0.015523939209236337,-0.009890544400499413,0.018799008689979413,0.01270056880889725,-0.004989285226688622,0.019979891617782908,0.04170656310781884,0.013930190596960879,0.0347996365579184,0.013621989284141156,0.011737489448144789,0.01786089601427099,0.018484061407248564
2026-06-26,-0.0521092232860042,0.003966379174220602,-0.007644703073107051,0.0069862164618534894,0.006843747780479026,0.001990708138589703,0.012251877995864024,-0.004209066893967717,-0.009211816414337326,0.008712594534488582,-0.005573233572728431,0.016915245233000364,-0.0066633477313164935,-0.005093124604215626,-0.00196996884575229,-0.020478884588784996,0.029912546351732683,0.008180405753706044,-0.036602559083500075,0.0019080290383450826,0.006862685883617159,0.014716358552832487,-0.005176145749166583
2026-06-29,-0.029768106345430922,-0.002091583648688,-0.023182967505620433,-0.014719995289097842,0.0037223084332191902,-0.0028382187043400897,0.009077712884605571,-0.010785552265331178,-0.038567531733647686,-0.017803588583230168,-0.013290651164938105,0.001964656566820322,-0.013673798517144675,-0.01647361207517284,-0.03786110274320653,-0.05653674375800133,0.0026810266104120295,-0.01685213599700397,-0.04670942450309945,-0.01614576322086725,-0.018906132930280206,0.0006683565531968583,-0.024185055751539064
2026-06-30,0.04093430086821703,0.00954814638124124,0.08044957491498805,-0.005939296504927527,0.006127034935415665,0.0271347719502657,0.01583302848224699,-0.0007367144972203477,-0.02005729292715963,3.581926715101602e-05,0.020610205867483078,0.03555557151245914,-0.0034005713839939666,0.015418915772785757,-0.018090226515071972,-0.007793782770353808,-0.05570409849602509,-0.011744813613331684,-0.02311202602278617,0.002650977904451013,0.0031428018320556195,5.819116107352862e-05,-0.028997364424868
2026-07-01,0.007776072437607029,0.006689827768131984,0.05158389343848491,0.004742825709214138,-0.010416702441187864,-0.0009237012823721802,-0.013578916369756944,0.020863995907062005,-0.012426899502220201,-0.0008613841821647483,-0.03752584621068378,0.024362538190309868,0.006299298233853223,0.028153598984235417,-0.0013295650002682624,0.004404373376968529,0.005191066551703649,-0.0010706660901876885,-0.016745210898042928,-0.0014688857869258332,0.010883031557158418,0.005024314494707971,6.777932544022036e-05
2026-07-02,-0.003821312944326194,0.03116406608485156,0.025424310378914905,0.02360228157144806,0.026558723211030477,0.02200441602776171,0.027052937335823035,0.010399423576262112,0.025536584766711057,0.017925747465255215,0.0072691178228327935,0.033025265000409476,0.011737134556063511,0.024533828226590337,0.014834531239279913,0.03483868271313506,-0.007981224525029917,0.04008574836929446,0.007898802364129986,0.0011348055342852437,0.02218414861962037,0.018581186942670636,0.027658204773786776
2026-07-06,-0.012983140591126152,-0.008444466266548267,-0.01696431155806033,-0.005569925326215253,-0.006941156797083847,0.02406366398116333,0.006876367340431955,0.00814811820686634,-0.01371346446297561,0.0012705247309141576,0.0004920278320295068,-0.012644699568592932,-0.005413826896587426,-0.01119567215537387,-0.007308806255276745,0.00980949296032052,0.00236635808779484,0.011953780114009493,0.014360127605641315,-0.007598646439055279,-0.010292841061304792,-0.009504114660305096,0.005442038298775653
2026-07-07,-0.0357249526926231,-0.003809928674298635,-0.012335678751836276,-0.010178188312983005,-0.0046068121121589645,0.015371077901435992,0.004167188088812557,-0.010209202875079426,0.04793272098193113,-0.0022557967210060648,-0.027377019840377992,-0.011356709558238975,-0.01710731586337111,-0.004236750482507157,0.030772078468625397,-0.01838751647026904,-0.002832835933799349,-0.031975551931358814,0.01563058247865512,-0.016878909867025338,-0.03079650429968961,-0.01967748124875701,-0.016205152193913386
2026-07-08,0.002790269713457194,-0.05624294544196551,-0.02720861539126429,-0.03894138248407264,-0.03782317001707547,0.018096313290910215,-0.018098039257161247,-0.018909799148220885,0.013617339206668522,-0.03165180118726196,-0.03084443175449858,-0.0353171126112779,-0.03296419531095718,-0.01961984955767815,0.02051286612319947,-0.04067859669541962,-0.0222538447929429,-0.019566632011189466,-0.0032539156587906293,-0.0341651781030331,-0.049409460157222695,-0.03415526940751412,-0.04438143815951601
2026-07-09,-0.007420054704254553,0.0178784093276958,-0.0030328353714722533,0.00709092852423332,0.011776407513679477,-0.025636619788088955,-0.01549659158819805,-0.0159159293228589,-0.01825697574860019,-0.003976347429251348,0.052695646402558305,-0.00519386432010438,0.013907923567811897,-0.003998738303310434,-0.005922495980955955,0.0033334205657034044,0.004842633574675181,0.017274716372122523,-0.019410596606016517,0.0001336486607839138,0.014700743407270123,0.004416525039605768,0.007467062958436799
2026-07-10,-0.01845503154477235,0.011241232442229299,0.012438710832723965,0.010309923887872996,0.011311420655312654,0.02543411041347099,0.02170286987459069,-0.0008161544458017422,0.01859649144186326,0.004688125059589376,0.016355515101373674,-0.012733987209275655,0.020172109516766623,0.00804857692579719,0.017331656715925625,0.010176447775246844,0.03662651705454634,0.0050627681158823545,0.022899029898522327,0.019065431309044145,0.006898966062065304,0.005903065251178896,0.02258163713295347
2026-07-13,-0.002062690439790904,-0.017369225167704783,0.008112685492887017,-0.009146883879812107,-0.0063219046791933575,0.03421146079115678,0.004551789014865859,-0.01499841938631219,0.04615917256755209,-0.008967924891445711,-0.025195036067143017,-0.031342710478987845,-0.024518864244471583,-0.010815586687669354,0.03496006841174615,-0.014487988668825058,0.03719196785439238,-0.022982444105599353,0.024761424126832354,-0.012720215097096421,-0.02500859338570982,-0.015030296880303329,-0.008365806965841438
2026-07-14,0.023531274846403827,0.008248897446043735,-0.00847793625326887,-0.013062019994113161,-0.013703125826198925,-0.01430696621121419,-0.013477301807206854,0.011382493654056969,-0.001975734513835481,-0.0077248705402492845,0.03301648547881797,-0.005725703247836389,-0.013513496604212083,-0.002900438606331157,0.003943754267438537,0.007728234664140077,0.028238506642591865,0.017722834346161287,0.004978556489739772,-0.00044277916959789554,0.007203179552076611,-0.0014287532737613517,-0.0030397799837970085
2026-07-15,-0.031145647660042464,0.014492829654709327,-0.019071448134539093,-0.0023543653316018265,0.005623560697661789,-0.011494241780431347,-0.005417601288280838,0.005142755969821167,-0.020125316453359354,0.001853568118628468,-0.013430388779999913,0.008571037971641493,0.006575431371637075,-0.01605612154135949,-0.009393678984682796,-0.0077211775221929235,0.004359214435120107,0.0048548918433410915,0.0115732465523386,0.009301940798249086,0.005668854002889523,0.011537353117683224,-0.009524230502571895
2026-07-16,-0.04232803326694978,0.033179676498599875,0.012257843554732029,0.039989749430746846,0.038651392240793614,0.007129512645453584,0.02605100164438201,-0.004226730876579876,-0.01346805065379908,0.020203483645062414,-0.03952763324849273,0.03040766152920993,0.03075652594052114,0.01281713216384972,-0.0034482692171087237,0.01336678896290655,-0.022135425721191315,-0.04600351019449167,-0.005066057216949416,0.027121884750405334,0.02922560725707246,0.01760512621773902,0.015080817590042983
2026-07-17,0.011049721286962466,-0.020071380479981027,-0.005617455614832845,-0.016251599831861196,-0.006967596778439389,0.02325971114461267,0.007501389938775693,0.007446578681185478,0.021160435852428217,-0.010445776257918982,-0.0030737756310551534,0.007731939251534703,-0.008185836177526551,-0.014440957506168695,0.023702372977826514,-0.024855588780170357,-0.017754172822373904,-0.012440933866721071,0.003988638556921442,-0.004144530805588298,-0.011122369938177057,-0.02016921249493764,-0.017514551616435337
2026-07-20,-0.021361167884834664,-0.01615840282563774,0.0034165813622473173,-0.012779796339187688,-0.0073353382757551655,0.017707115492823,-0.005956518022729895,0.003400159138549297,0.015040164779906995,-0.015320869704599227,0.007022950323925858,-0.011892587486816875,-0.03487753388095072,-0.0022796813171130914,0.02636476634893703,-0.01594417111434787,0.012652539415451525,-0.005574063129701878,-0.02480873632579117,-0.019908244315549717,-0.014144535719278095,-0.023300772605634346,-0.026740222523255697
2026-07-21,0.003553348639456777,0.004857693827980958,-0.000809055828555838,-0.01648147008498968,0.004819251185017581,-0.004936468658692905,0.0018438384755909976,0.02239413345213226,0.003292636726285769,-0.016564235215161704,0.06412655892250485,-0.013070979043798947,0.0027585958801250587,-0.013709580011217581,0.007574501787738219,-0.011361531991411877,-0.01963411588815467,0.03688340139372026,0.010661313151225649,-0.0009630344918247769,8.645574825894009e-05,-0.0158837961629118,-0.013790895091488564
2026-07-22,-0.009863478091797218,-0.0052946499085445575,0.002058049601590062,0.012391688264798972,-0.0031974249294648427,0.03570269650135316,0.01828836680997359,0.006124405083978379,0.025598989855174725,0.010143802240558442,0.03900253473700688,0.012326183919225686,0.0478679881774311,0.0072074916590398885,0.018467068773889483,0.006083928026714869,0.03686852064663726,0.035247046827049155,0.011578031661987787,-8.76572975435641e-05,0.014519063967543211,0.004553159073473756,0.0039024605807180812
2026-07-23,-0.004597644105267862,-0.013422736452944117,-0.009124550353798444,-0.015728039144995765,-0.0019245964742879984,-0.005025515377874767,0.002823961711089895,-0.016041289984966012,-0.01120001550995553,-0.01401375212061029,-0.023076923076923106,-0.04443005752286988,-0.0047256882559024715,-0.004619888489933555,-0.009627709279407592,-0.006882561697590495,-0.021949077477118717,-0.010757123501276333,0.022255193454153943,0.025022969428927233,-0.031007746361574773,-0.029289476248195667,-0.01043804209705479
2026-07-24,-0.017620435578310834,0.044804123842347776,0.012164825404594515,0.03672672549730449,0.02587174334032194,-0.012942928039702206,0.005294001234259271,0.002183330128349592,-0.03430420877679963,0.0213193928679285,-0.01417325237604572,0.029415831599387765,0.11210768675412663,0.011771257467359186,-0.022683103151319828,0.023277865023037414,0.0008976009783978611,-0.016152905519659977,0.02658098206239612,0.08760156489030169,0.019780210732277315,0.022444844813135578,0.017349929349865345
2026-07-27,0.011580338256202749,0.015716241317828228,-0.017759454230496408,0.013238121164683037,0.013001225263935323,-0.042296333884843995,-0.01871151204522803,0.016412648147789533,-0.036528138541014776,0.009786064680232576,0.0019169768291869005,0.006057401497024939,0.005929783522361731,-0.010267885452726166,-0.028183065331651602,0.02221237064432735,0.001793763089501077,0.0030046206379306106,0.0012118397750702226,-0.007940580515379825,0.02129312095737146,0.030739074173694148,0.01712542297882913
2026-07-28,-0.025994118050728487,0.03205121022562274,0.0009228913242269599,0.03741645171615238,0.03432816884872758,0.0262147018242207,0.01564277901015032,0.005787297358085697,0.0034782369425179205,0.042449660278569334,-0.017219416614076666,0.037303644204191855,0.03961328731707625,0.00820477770521788,-0.006823531067036925,0.020348484903540243,0.033124429993902194,-0.020862353128821343,0.07165333036029287,0.0034473605928175832,0.004558090528067327,0.08250071290023708,0.013814258089761333
2026-07-29,0.0063626154825733305,-0.018205160739487636,0.004848840295582413,-0.011766179131511123,-0.015697472183954342,0.03603972927950916,0.017538079582907207,-0.018967037132884723,0.05545929319259679,0.0028279191509619217,-0.026768295384810403,0.004794918024201511,-0.0328872861681917,-1.9526377530554306e-05,0.03899005711739156,-0.024003279649394305,-0.019930636308199468,-0.001966787488545063,-0.036141880430651474,-0.01504506687228635,-0.060331066144917234,-0.029327879098759668,-0.015602190467740251
2026-07-30,0.03407099557772475,-0.015052328233053025,0.02015164106008749,0.04594956877601142,-0.008049757444778871,-0.012406801306672488,-0.012926826486862941,0.005358300782864811,-0.011822629508225768,-0.015368402120331526,0.057509532450647605,-0.0018836355853062425,0.011960592332890041,-0.004949434379877715,-0.000826692765734216,-0.05206609778675997,0.006631282624451007,0.04839065002930387,0.0039841402039726415,-0.0032072638273642484,0.0017884036726116825,0.002791605791532481,-0.04466060902817792
2026-07-31,-0.001019045044201028,-0.005980122308957836,-0.017688199009571415,-0.029115677074622925,-0.006277771189074466,-0.004611527397799464,-0.11898366684450046,-0.0132526606765615,0.006646744707804908,-0.00612154176808144,-0.01276793152786626,-0.0032712899502889137,-0.05376591459931368,-0.05949197732201139,0.027134450284509226,-0.027518523650769122,-0.028546315567097413,-0.021407652190380433,0.0009726112343959592,-0.0112215279335931,-0.013478507469866341,-0.011570511401843842,-0.009843535056272334
2026-08-03,0.00909554318578465,0.02540104957770395,-0.006612676286635311,0.014964978333785739,0.003852088936270759,-0.055036352071132,-0.03392200323000094,0.031240938689157227,-0.01320577810361201,0.006483405112241103,0.016126429894752103,0.017167389414229683,0.015184889702870352,0.004347961607779949,-0.023518125180388205,0.032619942351303166,-0.014014528098081125,0.017714262311211648,0.01550775429228679,0.02135535339328687,0.03157800854622139,0.03922547680799893,0.055925760181854134
2026-08-04,0.01777441350033304,0.02433727767365479,0.006042155386497328,0.00597898162384336,-0.02148887381774367,-0.0016060846597717449,0.029852749721583027,0.011678854287688667,0.014720683929116962,0.013277107217910311,0.05751105746717999,0.0038470780783015357,0.020747944668424445,0.00870008200338046,0.00808319872885388,0.024987474865177273,0.04126545807282933,0.024745698580369124,0.048836534848591295,0.017483768583678838,0.0332427410345002,0.0207497809860957,0.005324597434321898
2026-08-05,-0.016388043055245993,0.012940190190251721,0.0012894197476518432,0.013156312307569973,-0.004078373443341721,-0.011853410424230382,0.004597059463601116,0.031064236336361795,-0.021760598176616353,0.008229096742679243,0.031054921888833853,0.08876252144087182,-0.0014181463645227543,0.013226220607082562,-0.03403702978890499,-0.00440792462928441,0.030823460641090872,0.06712369349522573,0.0025543047278746567,0.002074581364292616,0.011290241120063493,0.022429902905130694,0.00585758605169362
2026-08-06,0.055368579887415725,-0.014450235152522528,0.01636794588018886,-0.009055600173561551,-0.005670237872364536,0.0001714304713096304,-0.023007430291572928,-0.022528280726509142,0.021233546313474738,-0.0070410542509894425,-0.017437658093612307,-0.03996816912982537,-0.04071007652721115,-0.0019142768602642413,0.04082670899557117,-0.027269148851197578,0.0021358068084769144,0.010931007558552919,-0.0099730302532135,-0.01273391524264822,-0.016536504616675773,-0.01693351147166089,-0.01792375503387622
2026-08-07,0.04536758510984518,0.016999514626132584,0.011736425900501057,0.01833430730656338,0.005068926673265528,-0.020388977326769808,-0.0003903402913844056,-0.010968485314035048,-0.031683192401479654,0.006032674889596468,0.021120598928729084,0.015848566404785824,0.025906741176756176,-0.00026519301397265327,-0.03011066671015883,0.01911640543706472,-0.01705028278517795,0.07161157905163762,0.0023161944221048447,0.013016848842420936,0.02185044081906362,0.0173628923621032,0.010865306523906382
2026-08-10,0.0007627648772028373,-0.015670691918011403,0.015620848260737397,0.006603533988602139,-0.013711588315925338,0.06235250234487322,-0.004685614055269793,-0.006457497491398456,0.04226317437699212,-0.0027002121365931053,0.012783673578526722,-0.00931427474028168,-0.005771991043698965,0.0050614373687274394,0.05135093514886502,0.001768150905985033,0.017779698911860153,0.03788275524702578,0.007262518553675212,-0.005038308474730191,-0.029416707860565383,-0.018986918168750422,0.0022831101719060776
2026-08-11,-0.014099580892103614,0.006155808612628766,0.0036667042302169772,0.0077374978390063465,0.005113476119295912,-0.030293084884497223,-0.0032693252526205807,0.02077005955075517,0.02223675398638858,0.0008087587597200852,-0.023259102821750588,-0.0010576606153942514,0.011127193429852689,-0.003919121420456029,0.0212290426497741,0.007515339163665535,-0.015764761086901058,-0.0004264037828666245,-0.009686367162235143,0.010520089011898826,0.005888468006655545,0.0047145892016215996,0.008586386761358922
2026-08-12,-0.007885005161165082,-0.017721522087410846,-0.016940901605944303,0.007233112000647024,-0.012082690657517547,0.01876059288587717,-0.009052709989979979,-0.0008305208235329653,-0.022072950995331686,-0.0217827077281747,0.005082016264889244,-0.013529429716222396,-0.015789479999472,-0.02262859071762824,-0.01844330594497079,-0.01764573123050739,-0.02164502128757917,0.005374914348574622,-0.0005148543561414032,-0.0043506784331772685,-0.013429796305155839,-0.011580037835185464,-0.025747985671447426
2026-08-13,0.01667445418974678,-0.003865932579671605,0.00476857846721801,-0.005634469343725579,-0.0033795029169736424,-0.02466458764116186,0.003442316748208274,-0.0018701720352327644,-0.00686945151370999,-0.0077936392171769064,-0.03452758375470255,0.002504461398856961,-0.00048615927793338454,-0.0025655245914076863,-0.006369353263166677,0.0015811254956401566,-0.036283171724924235,-0.030974140876292466,0.0017659798780016445,0.0028870907940523605,0.001134423076295743,0.0037478506797321565,-0.008361419005146198
2026-08-14,0.0434549230119925,-0.007546454512946998,0.011292263456047946,-0.00599967379917643,-0.0017761832390318366,0.01588663290165626,0.011742977627552609,0.01498951541164284,0.023385955169647588,-0.000543055124734737,-0.0050875947623745255,0.0014275844642797075,0.0020415673202109907,0.009493909166624848,0.02179480401278555,0.005819056987997007,-0.00780532924400601,0.03126368336410912,-0.012413253431055926,-0.006107730558206348,-0.005404015762582648,-0.00677634000143823,0.01614302091265718
2026-08-17,-0.015864770474852685,-0.010862443460063376,-0.02624855434863882,-0.012910039549342112,-0.010352618202331798,-0.004395640397688139,-0.008737565339053122,-0.02181035948851706,0.008690125710755447,-0.0009778314005127742,0.028425318850525905,-0.027916351456423127,-0.011782114314131231,-0.01742136588065002,0.015213328239697566,-0.016918250621154485,-0.017584500572998985,0.02182403074730699,0.014019519401773373,-0.009824622470687494,-0.005871511395685092,-0.025424677342665403,-0.013652503913175962
2026-08-18,-0.00955294221076941,0.007248036542145231,0.007877503656713136,0.006171485654263398,0.00800911638883317,0.01647140823155846,0.024996698215265845,-0.02977568904505823,-0.004786213420015173,0.015081219972949755,-0.03012573327488366,-0.010143001496789705,-0.005216072857120224,0.009234094259244374,0.009269313938587986,-0.02942488650412267,-0.004239291310809468,-0.03615053691023584,-0.031135361824912722,-0.010554603929561868,-0.005553639538556143,-0.013429770485567594,-0.023368686473597466
2026-08-19,0.011830246296458347,0.03467072326349374,-3.301047146497815e-05,0.030667901073571313,0.015404583311252606,-0.005847014454554378,0.008471261322263723,0.006267496429638086,0.01795445987377753,0.02007141113281241,0.04176713895978179,0.028765454704378968,0.025218530723362775,0.005055235150174697,0.011173931834343565,0.024330182707899217,0.051561030466331426,0.07846177151026579,-0.05848062684229993,0.010427489326925166,0.009839558854480401,0.024097078266579475,0.017117592493877565
2026-08-20,-0.0006702140207682783,0.007586923010366453,-0.009531081844215028,-0.0026206997911970564,-0.00015968642060415483,0.056125025151938956,0.011327482335049766,-0.008734173062433515,0.03622043530835817,-0.014494727965949195,0.03082942532513,0.0007199994872841842,-0.017048240124872382,0.00033257139737075114,0.030881041102571727,-0.019158633388565938,0.05038240496161195,0.02046688384516071,-0.033207403647227185,-0.013245842612027547,-0.012991535738476778,-0.018891896843850398,-0.020376310582586488
2026-08-21,0.06751618893926015,0.016314569398673484,0.01588259496060096,0.005638354420138603,0.015652440936690493,0.031026326570869234,0.02932291101874185,-0.0009388592539069096,-0.01671735713615463,0.0005328758371110354,0.07638307144292611,0.010672735293950852,0.0279980438807379,0.013048292384859383,-0.008370081948657626,0.01837143874357894,0.04539612199679377,0.0308681329976217,0.01309884069875955,0.012942762298195243,0.010583375899799075,0.001386785839019078,0.019839638123124503
2026-08-24,-0.012146635205333767,-0.013994647514987024,0.0037364277550115954,-0.00010893852275017935,0.013052338863000834,-0.0027777823564608672,0.01247095487136951,-0.01200037314896285,-0.028129775060450668,0.018996577107406543,0.014870849663315422,0.018153758916198637,-0.010846004934557563,0.005045385802398439,-0.024536198077538596,-0.003383681892073276,-0.016796388774069415,0.001975872118088917,0.004145608039213933,-0.015467338530661734,-0.0035201435021802174,0.0004039777544559975,-0.00036228843797958543
